4/4/2026 11:54:15 AM | Debut Mise en ligne différentielle (Site):
4/4/2026 11:54:32 AM | Listing terminé :
4/4/2026 11:54:32 AM | 

4/4/2026 11:54:32 AM | * Tchat-- -- --Folder create
4/4/2026 11:54:32 AM | * Tchat/widgets-- -- --Folder create
4/4/2026 11:54:32 AM | * Tchat/templates-- -- --Folder create
4/4/2026 11:54:32 AM | * Tchat/stickers-- -- --Folder create
4/4/2026 11:54:32 AM | * Tchat/stickers/Stickers-- -- --Folder create
4/4/2026 11:54:32 AM | * Tchat/stickers/Deutsch-- -- --Folder create
4/4/2026 11:54:32 AM | * Tchat/splash-- -- --Folder create
4/4/2026 11:54:32 AM | * Tchat/lang-- -- --Folder create
4/4/2026 11:54:33 AM | * Tchat/install-- -- --Folder create
4/4/2026 11:54:33 AM | * Tchat/incl-- -- --Folder create
4/4/2026 11:54:33 AM | * Tchat/img-- -- --Folder create
4/4/2026 11:54:33 AM | * Tchat/backgrounds-- -- --Folder create
4/4/2026 11:54:33 AM | * Tchat/avatars-- -- --Folder create
4/4/2026 11:54:33 AM | * Tchat/attachments-- -- --Folder create
4/4/2026 11:54:33 AM | * Tchat/app-- -- --Folder create
4/4/2026 11:54:33 AM | * Tchat/admin-- -- --Folder create
4/4/2026 11:54:33 AM | * Tchat/admin/font-- -- --Folder create
4/4/2026 11:54:33 AM | * Planetes-- -- --Folder create
4/4/2026 11:54:33 AM | * Partenaires-- -- --Folder create
4/4/2026 11:54:33 AM | * Paiement-- -- --Folder create
4/4/2026 11:54:33 AM | * Online-- -- --Folder create
4/4/2026 11:54:33 AM | * Online/Templates-- -- --Folder create
4/4/2026 11:54:33 AM | * Methodes-- -- --Folder create
4/4/2026 11:54:33 AM | * Mail-- -- --Folder create
4/4/2026 11:54:33 AM | * Magie-- -- --Folder create
4/4/2026 11:54:33 AM | * Gratuite-- -- --Folder create
4/4/2026 11:54:33 AM | * Dons-- -- --Folder create
4/4/2026 11:54:33 AM | * Domicile-- -- --Folder create
4/4/2026 11:54:33 AM | * Coaching-- -- --Folder create
4/4/2026 11:54:33 AM | * Chat-- -- --Folder create
4/4/2026 11:54:33 AM | * CGU-- -- --Folder create
4/4/2026 11:54:33 AM | * Cartomancie-- -- --Folder create
4/4/2026 11:54:33 AM | * Cartomancie/Tarots-- -- --Folder create
4/4/2026 11:54:33 AM | * Cartomancie/Belline-- -- --Folder create
4/4/2026 11:54:33 AM | * Cartomancie/32-cartes-- -- --Folder create
4/4/2026 11:54:33 AM | * Cartomancie/32-cartes/Trefle-- -- --Folder create
4/4/2026 11:54:33 AM | * Cartomancie/32-cartes/Pique-- -- --Folder create
4/4/2026 11:54:33 AM | * Cartomancie/32-cartes/Coeur-- -- --Folder create
4/4/2026 11:54:33 AM | * Cartomancie/32-cartes/Carreau-- -- --Folder create
4/4/2026 11:54:33 AM | * Admin-- -- --Folder create
4/4/2026 11:54:33 AM | * Admin/sounds-- -- --Folder create
4/4/2026 11:54:33 AM | * Backup-- -- --Folder create
4/4/2026 11:54:33 AM | * Templates-- -- --Folder create
4/4/2026 11:54:33 AM | * Backup/.htaccess-- -- --33
4/4/2026 11:54:33 AM | * .htaccess-- -- --0
4/4/2026 11:54:33 AM | * Admin/status.css-- -- --0
4/4/2026 11:54:33 AM | * Cartomancie/32-cartes/Carreau/07(var).js-- -- --171
4/4/2026 11:54:33 AM | * Cartomancie/32-cartes/Carreau/07.css-- -- --1196
4/4/2026 11:54:33 AM | * Backup/Cartomancie/32-cartes/Carreau/07.dat-- -- --278281
4/4/2026 11:54:33 AM | * Cartomancie/32-cartes/Carreau/07.php-- -- --29582
4/4/2026 11:54:33 AM | * Cartomancie/32-cartes/Carreau/08(var).js-- -- --171
4/4/2026 11:54:33 AM | * Cartomancie/32-cartes/Carreau/08.css-- -- --1197
4/4/2026 11:54:33 AM | * Backup/Cartomancie/32-cartes/Carreau/08.dat-- -- --279141
4/4/2026 11:54:33 AM | * Cartomancie/32-cartes/Carreau/08.php-- -- --30450
4/4/2026 11:54:33 AM | * Cartomancie/32-cartes/Carreau/09(var).js-- -- --171
4/4/2026 11:54:33 AM | * Cartomancie/32-cartes/Carreau/09.css-- -- --1196
4/4/2026 11:54:33 AM | * Backup/Cartomancie/32-cartes/Carreau/09.dat-- -- --277924
4/4/2026 11:54:33 AM | * Cartomancie/32-cartes/Carreau/09.php-- -- --29236
4/4/2026 11:54:33 AM | * Cartomancie/32-cartes/Carreau/10(var).js-- -- --171
4/4/2026 11:54:33 AM | * Cartomancie/32-cartes/Carreau/10.css-- -- --1196
4/4/2026 11:54:33 AM | * Backup/Cartomancie/32-cartes/Carreau/10.dat-- -- --278597
4/4/2026 11:54:33 AM | * Cartomancie/32-cartes/Carreau/10.php-- -- --29851
4/4/2026 11:54:33 AM | * Cartomancie/32-cartes/Carreau/11-Valet(var).js-- -- --171
4/4/2026 11:54:33 AM | * Cartomancie/32-cartes/Carreau/11-Valet.css-- -- --1196
4/4/2026 11:54:33 AM | * Backup/Cartomancie/32-cartes/Carreau/11-Valet.dat-- -- --278789
4/4/2026 11:54:33 AM | * Cartomancie/32-cartes/Carreau/11-Valet.php-- -- --30108
4/4/2026 11:54:33 AM | * Cartomancie/32-cartes/Carreau/12-Dame(var).js-- -- --171
4/4/2026 11:54:33 AM | * Cartomancie/32-cartes/Carreau/12-Dame.css-- -- --1196
4/4/2026 11:54:33 AM | * Backup/Cartomancie/32-cartes/Carreau/12-Dame.dat-- -- --278131
4/4/2026 11:54:33 AM | * Cartomancie/32-cartes/Carreau/12-Dame.php-- -- --29762
4/4/2026 11:54:33 AM | * Cartomancie/32-cartes/Carreau/13-Roi(var).js-- -- --171
4/4/2026 11:54:33 AM | * Cartomancie/32-cartes/Carreau/13-Roi.css-- -- --1196
4/4/2026 11:54:33 AM | * Backup/Cartomancie/32-cartes/Carreau/13-Roi.dat-- -- --278529
4/4/2026 11:54:33 AM | * Cartomancie/32-cartes/Carreau/13-Roi.php-- -- --29842
4/4/2026 11:54:33 AM | * Cartomancie/32-cartes/Carreau/14-As(var).js-- -- --171
4/4/2026 11:54:33 AM | * Cartomancie/32-cartes/Carreau/14-As.css-- -- --1196
4/4/2026 11:54:33 AM | * Backup/Cartomancie/32-cartes/Carreau/14-As.dat-- -- --278053
4/4/2026 11:54:33 AM | * Cartomancie/32-cartes/Carreau/14-As.php-- -- --29678
4/4/2026 11:54:33 AM | * Cartomancie/32-cartes/Coeur/07(var).js-- -- --171
4/4/2026 11:54:33 AM | * Cartomancie/32-cartes/Coeur/07.css-- -- --1196
4/4/2026 11:54:33 AM | * Backup/Cartomancie/32-cartes/Coeur/07.dat-- -- --278016
4/4/2026 11:54:33 AM | * Cartomancie/32-cartes/Coeur/07.php-- -- --29611
4/4/2026 11:54:33 AM | * Cartomancie/32-cartes/Coeur/08(var).js-- -- --171
4/4/2026 11:54:33 AM | * Cartomancie/32-cartes/Coeur/08.css-- -- --1196
4/4/2026 11:54:33 AM | * Backup/Cartomancie/32-cartes/Coeur/08.dat-- -- --277888
4/4/2026 11:54:33 AM | * Cartomancie/32-cartes/Coeur/08.php-- -- --29464
4/4/2026 11:54:33 AM | * Cartomancie/32-cartes/Coeur/09(var).js-- -- --171
4/4/2026 11:54:33 AM | * Cartomancie/32-cartes/Coeur/09.css-- -- --1196
4/4/2026 11:54:33 AM | * Backup/Cartomancie/32-cartes/Coeur/09.dat-- -- --277934
4/4/2026 11:54:33 AM | * Cartomancie/32-cartes/Coeur/09.php-- -- --29510
4/4/2026 11:54:33 AM | * Cartomancie/32-cartes/Coeur/10(var).js-- -- --171
4/4/2026 11:54:33 AM | * Cartomancie/32-cartes/Coeur/10.css-- -- --1211
4/4/2026 11:54:33 AM | * Backup/Cartomancie/32-cartes/Coeur/10.dat-- -- --284190
4/4/2026 11:54:33 AM | * Cartomancie/32-cartes/Coeur/10.php-- -- --30181
4/4/2026 11:54:33 AM | * Cartomancie/32-cartes/Coeur/11-Valet(var).js-- -- --171
4/4/2026 11:54:33 AM | * Cartomancie/32-cartes/Coeur/11-Valet.css-- -- --1196
4/4/2026 11:54:33 AM | * Backup/Cartomancie/32-cartes/Coeur/11-Valet.dat-- -- --278426
4/4/2026 11:54:33 AM | * Cartomancie/32-cartes/Coeur/11-Valet.php-- -- --30020
4/4/2026 11:54:33 AM | * Cartomancie/32-cartes/Coeur/12-Dame(var).js-- -- --171
4/4/2026 11:54:33 AM | * Cartomancie/32-cartes/Coeur/12-Dame.css-- -- --1196
4/4/2026 11:54:33 AM | * Backup/Cartomancie/32-cartes/Coeur/12-Dame.dat-- -- --278040
4/4/2026 11:54:33 AM | * Cartomancie/32-cartes/Coeur/12-Dame.php-- -- --29631
4/4/2026 11:54:33 AM | * Cartomancie/32-cartes/Coeur/13-Roi(var).js-- -- --103
4/4/2026 11:54:33 AM | * Cartomancie/32-cartes/Coeur/13-Roi.css-- -- --1143
4/4/2026 11:54:33 AM | * Backup/Cartomancie/32-cartes/Coeur/13-Roi.dat-- -- --255761
4/4/2026 11:54:33 AM | * Cartomancie/32-cartes/Coeur/13-Roi.php-- -- --30023
4/4/2026 11:54:33 AM | * Cartomancie/32-cartes/Coeur/14-As(var).js-- -- --103
4/4/2026 11:54:33 AM | * Cartomancie/32-cartes/Coeur/14-As.css-- -- --1143
4/4/2026 11:54:33 AM | * Backup/Cartomancie/32-cartes/Coeur/14-As.dat-- -- --255143
4/4/2026 11:54:33 AM | * Cartomancie/32-cartes/Coeur/14-As.php-- -- --29419
4/4/2026 11:54:33 AM | * Cartomancie/32-cartes/Pique/07(var).js-- -- --239
4/4/2026 11:54:33 AM | * Cartomancie/32-cartes/Pique/07.css-- -- --1249
4/4/2026 11:54:33 AM | * Backup/Cartomancie/32-cartes/Pique/07.dat-- -- --299062
4/4/2026 11:54:33 AM | * Cartomancie/32-cartes/Pique/07.php-- -- --29663
4/4/2026 11:54:33 AM | * Cartomancie/32-cartes/Pique/08(var).js-- -- --171
4/4/2026 11:54:33 AM | * Cartomancie/32-cartes/Pique/08.css-- -- --1196
4/4/2026 11:54:33 AM | * Backup/Cartomancie/32-cartes/Pique/08.dat-- -- --280498
4/4/2026 11:54:33 AM | * Cartomancie/32-cartes/Pique/08.php-- -- --30254
4/4/2026 11:54:33 AM | * Cartomancie/32-cartes/Pique/09(var).js-- -- --171
4/4/2026 11:54:33 AM | * Cartomancie/32-cartes/Pique/09.css-- -- --1196
4/4/2026 11:54:33 AM | * Backup/Cartomancie/32-cartes/Pique/09.dat-- -- --278155
4/4/2026 11:54:33 AM | * Cartomancie/32-cartes/Pique/09.php-- -- --29808
4/4/2026 11:54:33 AM | * Cartomancie/32-cartes/Pique/10(var).js-- -- --171
4/4/2026 11:54:33 AM | * Cartomancie/32-cartes/Pique/10.css-- -- --1196
4/4/2026 11:54:33 AM | * Backup/Cartomancie/32-cartes/Pique/10.dat-- -- --277860
4/4/2026 11:54:33 AM | * Cartomancie/32-cartes/Pique/10.php-- -- --29483
4/4/2026 11:54:33 AM | * Cartomancie/32-cartes/Pique/11-Valet(var).js-- -- --171
4/4/2026 11:54:33 AM | * Cartomancie/32-cartes/Pique/11-Valet.css-- -- --1197
4/4/2026 11:54:33 AM | * Backup/Cartomancie/32-cartes/Pique/11-Valet.dat-- -- --277994
4/4/2026 11:54:33 AM | * Cartomancie/32-cartes/Pique/11-Valet.php-- -- --29634
4/4/2026 11:54:33 AM | * Cartomancie/32-cartes/Pique/12-Dame(var).js-- -- --171
4/4/2026 11:54:33 AM | * Cartomancie/32-cartes/Pique/12-Dame.css-- -- --1197
4/4/2026 11:54:33 AM | * Backup/Cartomancie/32-cartes/Pique/12-Dame.dat-- -- --278155
4/4/2026 11:54:33 AM | * Cartomancie/32-cartes/Pique/12-Dame.php-- -- --29792
4/4/2026 11:54:33 AM | * Cartomancie/32-cartes/Pique/13-Roi(var).js-- -- --171
4/4/2026 11:54:33 AM | * Cartomancie/32-cartes/Pique/13-Roi.css-- -- --1196
4/4/2026 11:54:33 AM | * Backup/Cartomancie/32-cartes/Pique/13-Roi.dat-- -- --278372
4/4/2026 11:54:33 AM | * Cartomancie/32-cartes/Pique/13-Roi.php-- -- --30003
4/4/2026 11:54:33 AM | * Cartomancie/32-cartes/Pique/14-As(var).js-- -- --103
4/4/2026 11:54:33 AM | * Cartomancie/32-cartes/Pique/14-As.css-- -- --1143
4/4/2026 11:54:33 AM | * Backup/Cartomancie/32-cartes/Pique/14-As.dat-- -- --255367
4/4/2026 11:54:33 AM | * Cartomancie/32-cartes/Pique/14-As.php-- -- --29627
4/4/2026 11:54:33 AM | * Cartomancie/32-cartes/Trefle/07(var).js-- -- --171
4/4/2026 11:54:33 AM | * Cartomancie/32-cartes/Trefle/07.css-- -- --1274
4/4/2026 11:54:33 AM | * Backup/Cartomancie/32-cartes/Trefle/07.dat-- -- --278735
4/4/2026 11:54:33 AM | * Cartomancie/32-cartes/Trefle/07.php-- -- --30287
4/4/2026 11:54:33 AM | * Cartomancie/32-cartes/Trefle/08(var).js-- -- --171
4/4/2026 11:54:33 AM | * Cartomancie/32-cartes/Trefle/08.css-- -- --1273
4/4/2026 11:54:33 AM | * Backup/Cartomancie/32-cartes/Trefle/08.dat-- -- --278756
4/4/2026 11:54:33 AM | * Cartomancie/32-cartes/Trefle/08.php-- -- --30300
4/4/2026 11:54:33 AM | * Cartomancie/32-cartes/Trefle/09(var).js-- -- --171
4/4/2026 11:54:33 AM | * Cartomancie/32-cartes/Trefle/09.css-- -- --1274
4/4/2026 11:54:33 AM | * Backup/Cartomancie/32-cartes/Trefle/09.dat-- -- --278133
4/4/2026 11:54:33 AM | * Cartomancie/32-cartes/Trefle/09.php-- -- --29676
4/4/2026 11:54:33 AM | * Cartomancie/32-cartes/Trefle/10(var).js-- -- --171
4/4/2026 11:54:33 AM | * Cartomancie/32-cartes/Trefle/10.css-- -- --1274
4/4/2026 11:54:33 AM | * Backup/Cartomancie/32-cartes/Trefle/10.dat-- -- --278206
4/4/2026 11:54:33 AM | * Cartomancie/32-cartes/Trefle/10.php-- -- --29749
4/4/2026 11:54:33 AM | * Cartomancie/32-cartes/Trefle/11-Valet(var).js-- -- --171
4/4/2026 11:54:33 AM | * Cartomancie/32-cartes/Trefle/11-Valet.css-- -- --1273
4/4/2026 11:54:33 AM | * Backup/Cartomancie/32-cartes/Trefle/11-Valet.dat-- -- --278271
4/4/2026 11:54:33 AM | * Cartomancie/32-cartes/Trefle/11-Valet.php-- -- --29832
4/4/2026 11:54:33 AM | * Cartomancie/32-cartes/Trefle/12-Dame(var).js-- -- --171
4/4/2026 11:54:33 AM | * Cartomancie/32-cartes/Trefle/12-Dame.css-- -- --1273
4/4/2026 11:54:33 AM | * Backup/Cartomancie/32-cartes/Trefle/12-Dame.dat-- -- --278100
4/4/2026 11:54:33 AM | * Cartomancie/32-cartes/Trefle/12-Dame.php-- -- --29659
4/4/2026 11:54:33 AM | * Cartomancie/32-cartes/Trefle/13-Roi(var).js-- -- --171
4/4/2026 11:54:33 AM | * Cartomancie/32-cartes/Trefle/13-Roi.css-- -- --1274
4/4/2026 11:54:33 AM | * Backup/Cartomancie/32-cartes/Trefle/13-Roi.dat-- -- --277820
4/4/2026 11:54:33 AM | * Cartomancie/32-cartes/Trefle/13-Roi.php-- -- --29375
4/4/2026 11:54:33 AM | * Cartomancie/32-cartes/Trefle/14-As(var).js-- -- --171
4/4/2026 11:54:33 AM | * Cartomancie/32-cartes/Trefle/14-As.css-- -- --1273
4/4/2026 11:54:33 AM | * Backup/Cartomancie/32-cartes/Trefle/14-As.dat-- -- --278041
4/4/2026 11:54:33 AM | * Cartomancie/32-cartes/Trefle/14-As.php-- -- --29594
4/4/2026 11:54:33 AM | * Cartomancie/32-cartes/Accueil(var).js-- -- --171
4/4/2026 11:54:33 AM | * Cartomancie/32-cartes/Accueil.css-- -- --5807
4/4/2026 11:54:33 AM | * Backup/Cartomancie/32-cartes/Accueil.dat-- -- --1365976
4/4/2026 11:54:33 AM | * Cartomancie/32-cartes/Accueil.php-- -- --50702
4/4/2026 11:54:33 AM | * Cartomancie/Belline/01-Bleu(var).js-- -- --171
4/4/2026 11:54:33 AM | * Cartomancie/Belline/01-Bleu.css-- -- --1273
4/4/2026 11:54:33 AM | * Backup/Cartomancie/Belline/01-Bleu.dat-- -- --279693
4/4/2026 11:54:33 AM | * Cartomancie/Belline/01-Bleu.php-- -- --29193
4/4/2026 11:54:33 AM | * Cartomancie/Belline/02-Destinee(var).js-- -- --171
4/4/2026 11:54:33 AM | * Cartomancie/Belline/02-Destinee.css-- -- --1273
4/4/2026 11:54:33 AM | * Backup/Cartomancie/Belline/02-Destinee.dat-- -- --280017
4/4/2026 11:54:33 AM | * Cartomancie/Belline/02-Destinee.php-- -- --29529
4/4/2026 11:54:33 AM | * Cartomancie/Belline/03-Homme(var).js-- -- --171
4/4/2026 11:54:33 AM | * Cartomancie/Belline/03-Homme.css-- -- --1273
4/4/2026 11:54:33 AM | * Backup/Cartomancie/Belline/03-Homme.dat-- -- --280189
4/4/2026 11:54:33 AM | * Cartomancie/Belline/03-Homme.php-- -- --29678
4/4/2026 11:54:33 AM | * Cartomancie/Belline/04-Femme(var).js-- -- --171
4/4/2026 11:54:33 AM | * Cartomancie/Belline/04-Femme.css-- -- --1273
4/4/2026 11:54:33 AM | * Backup/Cartomancie/Belline/04-Femme.dat-- -- --279786
4/4/2026 11:54:33 AM | * Cartomancie/Belline/04-Femme.php-- -- --29271
4/4/2026 11:54:33 AM | * Cartomancie/Belline/05-Nativite(var).js-- -- --171
4/4/2026 11:54:33 AM | * Cartomancie/Belline/05-Nativite.css-- -- --1273
4/4/2026 11:54:33 AM | * Backup/Cartomancie/Belline/05-Nativite.dat-- -- --280021
4/4/2026 11:54:33 AM | * Cartomancie/Belline/05-Nativite.php-- -- --29540
4/4/2026 11:54:33 AM | * Cartomancie/Belline/06-Reussite(var).js-- -- --171
4/4/2026 11:54:33 AM | * Cartomancie/Belline/06-Reussite.css-- -- --1273
4/4/2026 11:54:33 AM | * Backup/Cartomancie/Belline/06-Reussite.dat-- -- --280215
4/4/2026 11:54:33 AM | * Cartomancie/Belline/06-Reussite.php-- -- --29734
4/4/2026 11:54:33 AM | * Cartomancie/Belline/07-Elevation(var).js-- -- --171
4/4/2026 11:54:33 AM | * Cartomancie/Belline/07-Elevation.css-- -- --1273
4/4/2026 11:54:33 AM | * Backup/Cartomancie/Belline/07-Elevation.dat-- -- --280173
4/4/2026 11:54:33 AM | * Cartomancie/Belline/07-Elevation.php-- -- --29673
4/4/2026 11:54:33 AM | * Cartomancie/Belline/08-Honneurs(var).js-- -- --171
4/4/2026 11:54:33 AM | * Cartomancie/Belline/08-Honneurs.css-- -- --1274
4/4/2026 11:54:33 AM | * Backup/Cartomancie/Belline/08-Honneurs.dat-- -- --280123
4/4/2026 11:54:33 AM | * Cartomancie/Belline/08-Honneurs.php-- -- --29667
4/4/2026 11:54:33 AM | * Cartomancie/Belline/09-Pensee(var).js-- -- --171
4/4/2026 11:54:33 AM | * Cartomancie/Belline/09-Pensee.css-- -- --1273
4/4/2026 11:54:33 AM | * Backup/Cartomancie/Belline/09-Pensee.dat-- -- --280248
4/4/2026 11:54:33 AM | * Cartomancie/Belline/09-Pensee.php-- -- --29751
4/4/2026 11:54:33 AM | * Cartomancie/Belline/10-Campagne(var).js-- -- --171
4/4/2026 11:54:33 AM | * Cartomancie/Belline/10-Campagne.css-- -- --1273
4/4/2026 11:54:33 AM | * Backup/Cartomancie/Belline/10-Campagne.dat-- -- --280087
4/4/2026 11:54:33 AM | * Cartomancie/Belline/10-Campagne.php-- -- --29641
4/4/2026 11:54:33 AM | * Cartomancie/Belline/11-Presents(var).js-- -- --171
4/4/2026 11:54:33 AM | * Cartomancie/Belline/11-Presents.css-- -- --1274
4/4/2026 11:54:33 AM | * Backup/Cartomancie/Belline/11-Presents.dat-- -- --280116
4/4/2026 11:54:33 AM | * Cartomancie/Belline/11-Presents.php-- -- --29663
4/4/2026 11:54:33 AM | * Cartomancie/Belline/12-Trahison(var).js-- -- --171
4/4/2026 11:54:33 AM | * Cartomancie/Belline/12-Trahison.css-- -- --1273
4/4/2026 11:54:33 AM | * Backup/Cartomancie/Belline/12-Trahison.dat-- -- --280133
4/4/2026 11:54:33 AM | * Cartomancie/Belline/12-Trahison.php-- -- --29669
4/4/2026 11:54:33 AM | * Cartomancie/Belline/13-Depart(var).js-- -- --171
4/4/2026 11:54:33 AM | * Cartomancie/Belline/13-Depart.css-- -- --1273
4/4/2026 11:54:33 AM | * Backup/Cartomancie/Belline/13-Depart.dat-- -- --280015
4/4/2026 11:54:33 AM | * Cartomancie/Belline/13-Depart.php-- -- --29538
4/4/2026 11:54:33 AM | * Cartomancie/Belline/14-Inconstance(var).js-- -- --171
4/4/2026 11:54:33 AM | * Cartomancie/Belline/14-Inconstance.css-- -- --1274
4/4/2026 11:54:33 AM | * Backup/Cartomancie/Belline/14-Inconstance.dat-- -- --280352
4/4/2026 11:54:33 AM | * Cartomancie/Belline/14-Inconstance.php-- -- --29901
4/4/2026 11:54:33 AM | * Cartomancie/Belline/15-Decouverte(var).js-- -- --171
4/4/2026 11:54:33 AM | * Cartomancie/Belline/15-Decouverte.css-- -- --1274
4/4/2026 11:54:33 AM | * Backup/Cartomancie/Belline/15-Decouverte.dat-- -- --280661
4/4/2026 11:54:33 AM | * Cartomancie/Belline/15-Decouverte.php-- -- --30217
4/4/2026 11:54:33 AM | * Cartomancie/Belline/16-Eau(var).js-- -- --171
4/4/2026 11:54:33 AM | * Cartomancie/Belline/16-Eau.css-- -- --1273
4/4/2026 11:54:33 AM | * Backup/Cartomancie/Belline/16-Eau.dat-- -- --280153
4/4/2026 11:54:33 AM | * Cartomancie/Belline/16-Eau.php-- -- --29670
4/4/2026 11:54:33 AM | * Cartomancie/Belline/17-Penates(var).js-- -- --171
4/4/2026 11:54:33 AM | * Cartomancie/Belline/17-Penates.css-- -- --1273
4/4/2026 11:54:33 AM | * Backup/Cartomancie/Belline/17-Penates.dat-- -- --280325
4/4/2026 11:54:33 AM | * Cartomancie/Belline/17-Penates.php-- -- --29850
4/4/2026 11:54:33 AM | * Cartomancie/Belline/18-Maladie(var).js-- -- --171
4/4/2026 11:54:33 AM | * Cartomancie/Belline/18-Maladie.css-- -- --1273
4/4/2026 11:54:33 AM | * Backup/Cartomancie/Belline/18-Maladie.dat-- -- --279996
4/4/2026 11:54:33 AM | * Cartomancie/Belline/18-Maladie.php-- -- --29521
4/4/2026 11:54:33 AM | * Cartomancie/Belline/19-Changement(var).js-- -- --171
4/4/2026 11:54:33 AM | * Cartomancie/Belline/19-Changement.css-- -- --1273
4/4/2026 11:54:33 AM | * Backup/Cartomancie/Belline/19-Changement.dat-- -- --280261
4/4/2026 11:54:33 AM | * Cartomancie/Belline/19-Changement.php-- -- --29809
4/4/2026 11:54:33 AM | * Cartomancie/Belline/20-Argent(var).js-- -- --171
4/4/2026 11:54:33 AM | * Cartomancie/Belline/20-Argent.css-- -- --1273
4/4/2026 11:54:33 AM | * Backup/Cartomancie/Belline/20-Argent.dat-- -- --279856
4/4/2026 11:54:33 AM | * Cartomancie/Belline/20-Argent.php-- -- --29396
4/4/2026 11:54:33 AM | * Cartomancie/Belline/21-Intelligence(var).js-- -- --171
4/4/2026 11:54:33 AM | * Cartomancie/Belline/21-Intelligence.css-- -- --1273
4/4/2026 11:54:33 AM | * Backup/Cartomancie/Belline/21-Intelligence.dat-- -- --280317
4/4/2026 11:54:33 AM | * Cartomancie/Belline/21-Intelligence.php-- -- --29869
4/4/2026 11:54:33 AM | * Cartomancie/Belline/22-Vol(var).js-- -- --171
4/4/2026 11:54:33 AM | * Cartomancie/Belline/22-Vol.css-- -- --1273
4/4/2026 11:54:33 AM | * Backup/Cartomancie/Belline/22-Vol.dat-- -- --279598
4/4/2026 11:54:33 AM | * Cartomancie/Belline/22-Vol.php-- -- --29556
4/4/2026 11:54:33 AM | * Cartomancie/Belline/23-Entreprises(var).js-- -- --171
4/4/2026 11:54:33 AM | * Cartomancie/Belline/23-Entreprises.css-- -- --1273
4/4/2026 11:54:33 AM | * Backup/Cartomancie/Belline/23-Entreprises.dat-- -- --280021
4/4/2026 11:54:33 AM | * Cartomancie/Belline/23-Entreprises.php-- -- --29580
4/4/2026 11:54:33 AM | * Cartomancie/Belline/24-Trafic(var).js-- -- --171
4/4/2026 11:54:33 AM | * Cartomancie/Belline/24-Trafic.css-- -- --1273
4/4/2026 11:54:33 AM | * Backup/Cartomancie/Belline/24-Trafic.dat-- -- --279984
4/4/2026 11:54:33 AM | * Cartomancie/Belline/24-Trafic.php-- -- --29524
4/4/2026 11:54:33 AM | * Cartomancie/Belline/25-Nouvelle(var).js-- -- --171
4/4/2026 11:54:33 AM | * Cartomancie/Belline/25-Nouvelle.css-- -- --1273
4/4/2026 11:54:33 AM | * Backup/Cartomancie/Belline/25-Nouvelle.dat-- -- --279686
4/4/2026 11:54:33 AM | * Cartomancie/Belline/25-Nouvelle.php-- -- --29239
4/4/2026 11:54:33 AM | * Cartomancie/Belline/26-Plaisirs(var).js-- -- --171
4/4/2026 11:54:33 AM | * Cartomancie/Belline/26-Plaisirs.css-- -- --1274
4/4/2026 11:54:33 AM | * Backup/Cartomancie/Belline/26-Plaisirs.dat-- -- --279889
4/4/2026 11:54:33 AM | * Cartomancie/Belline/26-Plaisirs.php-- -- --29441
4/4/2026 11:54:33 AM | * Cartomancie/Belline/27-Paix(var).js-- -- --171
4/4/2026 11:54:33 AM | * Cartomancie/Belline/27-Paix.css-- -- --1273
4/4/2026 11:54:33 AM | * Backup/Cartomancie/Belline/27-Paix.dat-- -- --280373
4/4/2026 11:54:33 AM | * Cartomancie/Belline/27-Paix.php-- -- --29918
4/4/2026 11:54:33 AM | * Cartomancie/Belline/28-Union(var).js-- -- --171
4/4/2026 11:54:33 AM | * Cartomancie/Belline/28-Union.css-- -- --1273
4/4/2026 11:54:33 AM | * Backup/Cartomancie/Belline/28-Union.dat-- -- --279866
4/4/2026 11:54:33 AM | * Cartomancie/Belline/28-Union.php-- -- --29383
4/4/2026 11:54:33 AM | * Cartomancie/Belline/29-Famille(var).js-- -- --171
4/4/2026 11:54:33 AM | * Cartomancie/Belline/29-Famille.css-- -- --1273
4/4/2026 11:54:33 AM | * Backup/Cartomancie/Belline/29-Famille.dat-- -- --279977
4/4/2026 11:54:33 AM | * Cartomancie/Belline/29-Famille.php-- -- --29528
4/4/2026 11:54:33 AM | * Cartomancie/Belline/30-Amor(var).js-- -- --171
4/4/2026 11:54:33 AM | * Cartomancie/Belline/30-Amor.css-- -- --1274
4/4/2026 11:54:33 AM | * Backup/Cartomancie/Belline/30-Amor.dat-- -- --279966
4/4/2026 11:54:33 AM | * Cartomancie/Belline/30-Amor.php-- -- --29509
4/4/2026 11:54:33 AM | * Cartomancie/Belline/31-Table(var).js-- -- --171
4/4/2026 11:54:33 AM | * Cartomancie/Belline/31-Table.css-- -- --1273
4/4/2026 11:54:33 AM | * Backup/Cartomancie/Belline/31-Table.dat-- -- --279950
4/4/2026 11:54:33 AM | * Cartomancie/Belline/31-Table.php-- -- --29497
4/4/2026 11:54:33 AM | * Cartomancie/Belline/32-Passions(var).js-- -- --171
4/4/2026 11:54:33 AM | * Cartomancie/Belline/32-Passions.css-- -- --1274
4/4/2026 11:54:33 AM | * Backup/Cartomancie/Belline/32-Passions.dat-- -- --280354
4/4/2026 11:54:33 AM | * Cartomancie/Belline/32-Passions.php-- -- --29906
4/4/2026 11:54:33 AM | * Cartomancie/Belline/33-Mechancete(var).js-- -- --239
4/4/2026 11:54:33 AM | * Cartomancie/Belline/33-Mechancete.css-- -- --1327
4/4/2026 11:54:33 AM | * Backup/Cartomancie/Belline/33-Mechancete.dat-- -- --300813
4/4/2026 11:54:33 AM | * Cartomancie/Belline/33-Mechancete.php-- -- --29447
4/4/2026 11:54:33 AM | * Cartomancie/Belline/34-Proces(var).js-- -- --171
4/4/2026 11:54:33 AM | * Cartomancie/Belline/34-Proces.css-- -- --1274
4/4/2026 11:54:33 AM | * Backup/Cartomancie/Belline/34-Proces.dat-- -- --279916
4/4/2026 11:54:33 AM | * Cartomancie/Belline/34-Proces.php-- -- --29464
4/4/2026 11:54:33 AM | * Cartomancie/Belline/35-Despotisme(var).js-- -- --171
4/4/2026 11:54:33 AM | * Cartomancie/Belline/35-Despotisme.css-- -- --1274
4/4/2026 11:54:33 AM | * Backup/Cartomancie/Belline/35-Despotisme.dat-- -- --280074
4/4/2026 11:54:33 AM | * Cartomancie/Belline/35-Despotisme.php-- -- --29621
4/4/2026 11:54:33 AM | * Cartomancie/Belline/36-Ennemis(var).js-- -- --171
4/4/2026 11:54:33 AM | * Cartomancie/Belline/36-Ennemis.css-- -- --1273
4/4/2026 11:54:33 AM | * Backup/Cartomancie/Belline/36-Ennemis.dat-- -- --280092
4/4/2026 11:54:33 AM | * Cartomancie/Belline/36-Ennemis.php-- -- --29556
4/4/2026 11:54:33 AM | * Cartomancie/Belline/37-Pourparlers(var).js-- -- --171
4/4/2026 11:54:33 AM | * Cartomancie/Belline/37-Pourparlers.css-- -- --1274
4/4/2026 11:54:33 AM | * Backup/Cartomancie/Belline/37-Pourparlers.dat-- -- --280078
4/4/2026 11:54:33 AM | * Cartomancie/Belline/37-Pourparlers.php-- -- --29636
4/4/2026 11:54:33 AM | * Cartomancie/Belline/38-Feu(var).js-- -- --171
4/4/2026 11:54:33 AM | * Cartomancie/Belline/38-Feu.css-- -- --1273
4/4/2026 11:54:33 AM | * Backup/Cartomancie/Belline/38-Feu.dat-- -- --280003
4/4/2026 11:54:33 AM | * Cartomancie/Belline/38-Feu.php-- -- --29546
4/4/2026 11:54:33 AM | * Cartomancie/Belline/39-Accident(var).js-- -- --171
4/4/2026 11:54:33 AM | * Cartomancie/Belline/39-Accident.css-- -- --1273
4/4/2026 11:54:33 AM | * Backup/Cartomancie/Belline/39-Accident.dat-- -- --280155
4/4/2026 11:54:33 AM | * Cartomancie/Belline/39-Accident.php-- -- --29691
4/4/2026 11:54:33 AM | * Cartomancie/Belline/40-Appui(var).js-- -- --171
4/4/2026 11:54:33 AM | * Cartomancie/Belline/40-Appui.css-- -- --1274
4/4/2026 11:54:33 AM | * Backup/Cartomancie/Belline/40-Appui.dat-- -- --279932
4/4/2026 11:54:33 AM | * Cartomancie/Belline/40-Appui.php-- -- --29478
4/4/2026 11:54:33 AM | * Cartomancie/Belline/41-Beaute(var).js-- -- --171
4/4/2026 11:54:33 AM | * Cartomancie/Belline/41-Beaute.css-- -- --1273
4/4/2026 11:54:33 AM | * Backup/Cartomancie/Belline/41-Beaute.dat-- -- --279670
4/4/2026 11:54:33 AM | * Cartomancie/Belline/41-Beaute.php-- -- --29634
4/4/2026 11:54:33 AM | * Cartomancie/Belline/42-Heritage(var).js-- -- --171
4/4/2026 11:54:33 AM | * Cartomancie/Belline/42-Heritage.css-- -- --1273
4/4/2026 11:54:33 AM | * Backup/Cartomancie/Belline/42-Heritage.dat-- -- --280032
4/4/2026 11:54:33 AM | * Cartomancie/Belline/42-Heritage.php-- -- --29576
4/4/2026 11:54:33 AM | * Cartomancie/Belline/43-Sagesse(var).js-- -- --171
4/4/2026 11:54:33 AM | * Cartomancie/Belline/43-Sagesse.css-- -- --1273
4/4/2026 11:54:33 AM | * Backup/Cartomancie/Belline/43-Sagesse.dat-- -- --280024
4/4/2026 11:54:33 AM | * Cartomancie/Belline/43-Sagesse.php-- -- --29566
4/4/2026 11:54:33 AM | * Cartomancie/Belline/44-Renommee(var).js-- -- --171
4/4/2026 11:54:33 AM | * Cartomancie/Belline/44-Renommee.css-- -- --1273
4/4/2026 11:54:33 AM | * Backup/Cartomancie/Belline/44-Renommee.dat-- -- --280035
4/4/2026 11:54:33 AM | * Cartomancie/Belline/44-Renommee.php-- -- --29579
4/4/2026 11:54:33 AM | * Cartomancie/Belline/45-Hasard(var).js-- -- --171
4/4/2026 11:54:33 AM | * Cartomancie/Belline/45-Hasard.css-- -- --1273
4/4/2026 11:54:33 AM | * Backup/Cartomancie/Belline/45-Hasard.dat-- -- --280019
4/4/2026 11:54:33 AM | * Cartomancie/Belline/45-Hasard.php-- -- --29559
4/4/2026 11:54:33 AM | * Cartomancie/Belline/46-Bonheur(var).js-- -- --171
4/4/2026 11:54:33 AM | * Cartomancie/Belline/46-Bonheur.css-- -- --1273
4/4/2026 11:54:33 AM | * Backup/Cartomancie/Belline/46-Bonheur.dat-- -- --279880
4/4/2026 11:54:33 AM | * Cartomancie/Belline/46-Bonheur.php-- -- --29422
4/4/2026 11:54:33 AM | * Cartomancie/Belline/47-Infortune(var).js-- -- --171
4/4/2026 11:54:33 AM | * Cartomancie/Belline/47-Infortune.css-- -- --1273
4/4/2026 11:54:33 AM | * Backup/Cartomancie/Belline/47-Infortune.dat-- -- --280286
4/4/2026 11:54:33 AM | * Cartomancie/Belline/47-Infortune.php-- -- --29832
4/4/2026 11:54:34 AM | * Cartomancie/Belline/48-Sterilite(var).js-- -- --171
4/4/2026 11:54:34 AM | * Cartomancie/Belline/48-Sterilite.css-- -- --1274
4/4/2026 11:54:34 AM | * Backup/Cartomancie/Belline/48-Sterilite.dat-- -- --279996
4/4/2026 11:54:34 AM | * Cartomancie/Belline/48-Sterilite.php-- -- --29541
4/4/2026 11:54:34 AM | * Cartomancie/Belline/49-Fatalite(var).js-- -- --171
4/4/2026 11:54:34 AM | * Cartomancie/Belline/49-Fatalite.css-- -- --1274
4/4/2026 11:54:34 AM | * Backup/Cartomancie/Belline/49-Fatalite.dat-- -- --280191
4/4/2026 11:54:34 AM | * Cartomancie/Belline/49-Fatalite.php-- -- --29733
4/4/2026 11:54:34 AM | * Cartomancie/Belline/50-Grace(var).js-- -- --171
4/4/2026 11:54:34 AM | * Cartomancie/Belline/50-Grace.css-- -- --1273
4/4/2026 11:54:34 AM | * Backup/Cartomancie/Belline/50-Grace.dat-- -- --280220
4/4/2026 11:54:34 AM | * Cartomancie/Belline/50-Grace.php-- -- --29741
4/4/2026 11:54:34 AM | * Cartomancie/Belline/51-Ruine(var).js-- -- --171
4/4/2026 11:54:34 AM | * Cartomancie/Belline/51-Ruine.css-- -- --1273
4/4/2026 11:54:34 AM | * Backup/Cartomancie/Belline/51-Ruine.dat-- -- --280618
4/4/2026 11:54:34 AM | * Cartomancie/Belline/51-Ruine.php-- -- --30044
4/4/2026 11:54:34 AM | * Cartomancie/Belline/52-Retard(var).js-- -- --171
4/4/2026 11:54:34 AM | * Cartomancie/Belline/52-Retard.css-- -- --1273
4/4/2026 11:54:34 AM | * Backup/Cartomancie/Belline/52-Retard.dat-- -- --279648
4/4/2026 11:54:34 AM | * Cartomancie/Belline/52-Retard.php-- -- --29180
4/4/2026 11:54:34 AM | * Cartomancie/Belline/53-Cloitre(var).js-- -- --171
4/4/2026 11:54:34 AM | * Cartomancie/Belline/53-Cloitre.css-- -- --1273
4/4/2026 11:54:34 AM | * Backup/Cartomancie/Belline/53-Cloitre.dat-- -- --280155
4/4/2026 11:54:34 AM | * Cartomancie/Belline/53-Cloitre.php-- -- --29680
4/4/2026 11:54:34 AM | * Cartomancie/Belline/Accueil(var).js-- -- --171
4/4/2026 11:54:34 AM | * Cartomancie/Belline/Accueil.css-- -- --8991
4/4/2026 11:54:34 AM | * Backup/Cartomancie/Belline/Accueil.dat-- -- --2233201
4/4/2026 11:54:34 AM | * Cartomancie/Belline/Accueil.php-- -- --64168
4/4/2026 11:54:34 AM | * Cartomancie/Tarots/01-Fou(var).js-- -- --171
4/4/2026 11:54:34 AM | * Cartomancie/Tarots/01-Fou.css-- -- --1196
4/4/2026 11:54:34 AM | * Backup/Cartomancie/Tarots/01-Fou.dat-- -- --280330
4/4/2026 11:54:34 AM | * Cartomancie/Tarots/01-Fou.php-- -- --29928
4/4/2026 11:54:34 AM | * Cartomancie/Tarots/02-Bateleur(var).js-- -- --171
4/4/2026 11:54:34 AM | * Cartomancie/Tarots/02-Bateleur.css-- -- --1196
4/4/2026 11:54:34 AM | * Backup/Cartomancie/Tarots/02-Bateleur.dat-- -- --279915
4/4/2026 11:54:34 AM | * Cartomancie/Tarots/02-Bateleur.php-- -- --29516
4/4/2026 11:54:34 AM | * Cartomancie/Tarots/03-Papesse(var).js-- -- --171
4/4/2026 11:54:34 AM | * Cartomancie/Tarots/03-Papesse.css-- -- --1196
4/4/2026 11:54:34 AM | * Backup/Cartomancie/Tarots/03-Papesse.dat-- -- --280145
4/4/2026 11:54:34 AM | * Cartomancie/Tarots/03-Papesse.php-- -- --29742
4/4/2026 11:54:34 AM | * Cartomancie/Tarots/04-Imperatrice(var).js-- -- --171
4/4/2026 11:54:34 AM | * Cartomancie/Tarots/04-Imperatrice.css-- -- --1196
4/4/2026 11:54:34 AM | * Backup/Cartomancie/Tarots/04-Imperatrice.dat-- -- --280660
4/4/2026 11:54:34 AM | * Cartomancie/Tarots/04-Imperatrice.php-- -- --30274
4/4/2026 11:54:34 AM | * Cartomancie/Tarots/05-Empereur(var).js-- -- --171
4/4/2026 11:54:34 AM | * Cartomancie/Tarots/05-Empereur.css-- -- --1196
4/4/2026 11:54:34 AM | * Backup/Cartomancie/Tarots/05-Empereur.dat-- -- --280259
4/4/2026 11:54:34 AM | * Cartomancie/Tarots/05-Empereur.php-- -- --29867
4/4/2026 11:54:34 AM | * Cartomancie/Tarots/06-Pape(var).js-- -- --171
4/4/2026 11:54:34 AM | * Cartomancie/Tarots/06-Pape.css-- -- --1196
4/4/2026 11:54:34 AM | * Backup/Cartomancie/Tarots/06-Pape.dat-- -- --280455
4/4/2026 11:54:34 AM | * Cartomancie/Tarots/06-Pape.php-- -- --30038
4/4/2026 11:54:34 AM | * Cartomancie/Tarots/07-Amoureux(var).js-- -- --171
4/4/2026 11:54:34 AM | * Cartomancie/Tarots/07-Amoureux.css-- -- --1273
4/4/2026 11:54:34 AM | * Backup/Cartomancie/Tarots/07-Amoureux.dat-- -- --280352
4/4/2026 11:54:34 AM | * Cartomancie/Tarots/07-Amoureux.php-- -- --29863
4/4/2026 11:54:34 AM | * Cartomancie/Tarots/08-Chariot(var).js-- -- --171
4/4/2026 11:54:34 AM | * Cartomancie/Tarots/08-Chariot.css-- -- --1273
4/4/2026 11:54:34 AM | * Backup/Cartomancie/Tarots/08-Chariot.dat-- -- --280845
4/4/2026 11:54:34 AM | * Cartomancie/Tarots/08-Chariot.php-- -- --30284
4/4/2026 11:54:34 AM | * Cartomancie/Tarots/09-Justice(var).js-- -- --171
4/4/2026 11:54:34 AM | * Cartomancie/Tarots/09-Justice.css-- -- --1273
4/4/2026 11:54:34 AM | * Backup/Cartomancie/Tarots/09-Justice.dat-- -- --280743
4/4/2026 11:54:34 AM | * Cartomancie/Tarots/09-Justice.php-- -- --30260
4/4/2026 11:54:34 AM | * Cartomancie/Tarots/10-Hermite(var).js-- -- --171
4/4/2026 11:54:34 AM | * Cartomancie/Tarots/10-Hermite.css-- -- --1273
4/4/2026 11:54:34 AM | * Backup/Cartomancie/Tarots/10-Hermite.dat-- -- --280755
4/4/2026 11:54:34 AM | * Cartomancie/Tarots/10-Hermite.php-- -- --30255
4/4/2026 11:54:34 AM | * Cartomancie/Tarots/11-Roue(var).js-- -- --171
4/4/2026 11:54:34 AM | * Cartomancie/Tarots/11-Roue.css-- -- --1273
4/4/2026 11:54:34 AM | * Backup/Cartomancie/Tarots/11-Roue.dat-- -- --280331
4/4/2026 11:54:34 AM | * Cartomancie/Tarots/11-Roue.php-- -- --29826
4/4/2026 11:54:34 AM | * Cartomancie/Tarots/12-Force(var).js-- -- --171
4/4/2026 11:54:34 AM | * Cartomancie/Tarots/12-Force.css-- -- --1273
4/4/2026 11:54:34 AM | * Backup/Cartomancie/Tarots/12-Force.dat-- -- --280199
4/4/2026 11:54:34 AM | * Cartomancie/Tarots/12-Force.php-- -- --29695
4/4/2026 11:54:34 AM | * Cartomancie/Tarots/13-Pendu(var).js-- -- --171
4/4/2026 11:54:34 AM | * Cartomancie/Tarots/13-Pendu.css-- -- --1273
4/4/2026 11:54:34 AM | * Backup/Cartomancie/Tarots/13-Pendu.dat-- -- --280055
4/4/2026 11:54:34 AM | * Cartomancie/Tarots/13-Pendu.php-- -- --29947
4/4/2026 11:54:34 AM | * Cartomancie/Tarots/14-Mort(var).js-- -- --171
4/4/2026 11:54:34 AM | * Cartomancie/Tarots/14-Mort.css-- -- --1273
4/4/2026 11:54:34 AM | * Backup/Cartomancie/Tarots/14-Mort.dat-- -- --280242
4/4/2026 11:54:34 AM | * Cartomancie/Tarots/14-Mort.php-- -- --29745
4/4/2026 11:54:34 AM | * Cartomancie/Tarots/15-Temperance(var).js-- -- --171
4/4/2026 11:54:34 AM | * Cartomancie/Tarots/15-Temperance.css-- -- --1273
4/4/2026 11:54:34 AM | * Backup/Cartomancie/Tarots/15-Temperance.dat-- -- --279933
4/4/2026 11:54:34 AM | * Cartomancie/Tarots/15-Temperance.php-- -- --29880
4/4/2026 11:54:34 AM | * Cartomancie/Tarots/16-Diable(var).js-- -- --171
4/4/2026 11:54:34 AM | * Cartomancie/Tarots/16-Diable.css-- -- --1273
4/4/2026 11:54:34 AM | * Backup/Cartomancie/Tarots/16-Diable.dat-- -- --280388
4/4/2026 11:54:34 AM | * Cartomancie/Tarots/16-Diable.php-- -- --29886
4/4/2026 11:54:34 AM | * Cartomancie/Tarots/16-Maison-Dieu(var).js-- -- --171
4/4/2026 11:54:34 AM | * Cartomancie/Tarots/16-Maison-Dieu.css-- -- --1273
4/4/2026 11:54:34 AM | * Backup/Cartomancie/Tarots/16-Maison-Dieu.dat-- -- --280531
4/4/2026 11:54:34 AM | * Cartomancie/Tarots/16-Maison-Dieu.php-- -- --30039
4/4/2026 11:54:34 AM | * Cartomancie/Tarots/17-Etoile(var).js-- -- --171
4/4/2026 11:54:34 AM | * Cartomancie/Tarots/17-Etoile.css-- -- --1273
4/4/2026 11:54:34 AM | * Backup/Cartomancie/Tarots/17-Etoile.dat-- -- --280238
4/4/2026 11:54:34 AM | * Cartomancie/Tarots/17-Etoile.php-- -- --29744
4/4/2026 11:54:34 AM | * Cartomancie/Tarots/18-Lune(var).js-- -- --171
4/4/2026 11:54:34 AM | * Cartomancie/Tarots/18-Lune.css-- -- --1273
4/4/2026 11:54:34 AM | * Backup/Cartomancie/Tarots/18-Lune.dat-- -- --280665
4/4/2026 11:54:34 AM | * Cartomancie/Tarots/18-Lune.php-- -- --30159
4/4/2026 11:54:34 AM | * Cartomancie/Tarots/19-Soleil(var).js-- -- --171
4/4/2026 11:54:34 AM | * Cartomancie/Tarots/19-Soleil.css-- -- --1273
4/4/2026 11:54:34 AM | * Backup/Cartomancie/Tarots/19-Soleil.dat-- -- --280509
4/4/2026 11:54:34 AM | * Cartomancie/Tarots/19-Soleil.php-- -- --30007
4/4/2026 11:54:34 AM | * Cartomancie/Tarots/20-Jugement(var).js-- -- --171
4/4/2026 11:54:34 AM | * Cartomancie/Tarots/20-Jugement.css-- -- --1273
4/4/2026 11:54:34 AM | * Backup/Cartomancie/Tarots/20-Jugement.dat-- -- --280381
4/4/2026 11:54:34 AM | * Cartomancie/Tarots/20-Jugement.php-- -- --29883
4/4/2026 11:54:34 AM | * Cartomancie/Tarots/21-Monde(var).js-- -- --171
4/4/2026 11:54:34 AM | * Cartomancie/Tarots/21-Monde.css-- -- --1273
4/4/2026 11:54:34 AM | * Backup/Cartomancie/Tarots/21-Monde.dat-- -- --280328
4/4/2026 11:54:34 AM | * Cartomancie/Tarots/21-Monde.php-- -- --29824
4/4/2026 11:54:34 AM | * Cartomancie/Tarots/Accueil(var).js-- -- --171
4/4/2026 11:54:34 AM | * Cartomancie/Tarots/Accueil.css-- -- --3694
4/4/2026 11:54:34 AM | * Backup/Cartomancie/Tarots/Accueil.dat-- -- --918596
4/4/2026 11:54:34 AM | * Cartomancie/Tarots/Accueil.php-- -- --41723
4/4/2026 11:54:34 AM | * CGU/CGU(var).js-- -- --171
4/4/2026 11:54:34 AM | * CGU/CGU.css-- -- --847
4/4/2026 11:54:34 AM | * Backup/CGU/CGU.dat-- -- --197760
4/4/2026 11:54:34 AM | * CGU/CGU.php-- -- --35465
4/4/2026 11:54:34 AM | * Chat/Echec(var).js-- -- --171
4/4/2026 11:54:34 AM | * Chat/Echec.css-- -- --940
4/4/2026 11:54:34 AM | * Backup/Chat/Echec.dat-- -- --219252
4/4/2026 11:54:34 AM | * Chat/Echec.php-- -- --27574
4/4/2026 11:54:34 AM | * Chat/Envoi(var).js-- -- --171
4/4/2026 11:54:34 AM | * Chat/Envoi.css-- -- --862
4/4/2026 11:54:34 AM | * Backup/Chat/Envoi.dat-- -- --192002
4/4/2026 11:54:34 AM | * Chat/Envoi.php-- -- --27341
4/4/2026 11:54:34 AM | * Chat/Formulaire(var).js-- -- --1103
4/4/2026 11:54:34 AM | * Chat/Formulaire(var).php-- -- --4015
4/4/2026 11:54:34 AM | * Chat/Formulaire.css-- -- --4727
4/4/2026 11:54:34 AM | * Backup/Chat/Formulaire.dat-- -- --1028667
4/4/2026 11:54:34 AM | * Chat/Formulaire.php-- -- --57941
4/4/2026 11:54:34 AM | * Coaching/Echec(var).js-- -- --103
4/4/2026 11:54:34 AM | * Coaching/Echec.css-- -- --886
4/4/2026 11:54:34 AM | * Backup/Coaching/Echec.dat-- -- --194590
4/4/2026 11:54:34 AM | * Coaching/Echec.php-- -- --27578
4/4/2026 11:54:34 AM | * Coaching/Envoi(var).js-- -- --103
4/4/2026 11:54:34 AM | * Coaching/Envoi.css-- -- --809
4/4/2026 11:54:34 AM | * Backup/Coaching/Envoi.dat-- -- --167155
4/4/2026 11:54:34 AM | * Coaching/Envoi.php-- -- --27368
4/4/2026 11:54:34 AM | * Coaching/Formulaire(var).js-- -- --1111
4/4/2026 11:54:34 AM | * Coaching/Formulaire(var).php-- -- --2415
4/4/2026 11:54:34 AM | * Coaching/Formulaire.css-- -- --4726
4/4/2026 11:54:34 AM | * Backup/Coaching/Formulaire.dat-- -- --1009377
4/4/2026 11:54:34 AM | * Coaching/Formulaire.php-- -- --58359
4/4/2026 11:54:34 AM | * Domicile/Echec(var).js-- -- --171
4/4/2026 11:54:34 AM | * Domicile/Echec.css-- -- --939
4/4/2026 11:54:34 AM | * Backup/Domicile/Echec.dat-- -- --219255
4/4/2026 11:54:34 AM | * Domicile/Echec.php-- -- --27610
4/4/2026 11:54:34 AM | * Domicile/Envoi(var).js-- -- --171
4/4/2026 11:54:34 AM | * Domicile/Envoi.css-- -- --862
4/4/2026 11:54:34 AM | * Backup/Domicile/Envoi.dat-- -- --191866
4/4/2026 11:54:34 AM | * Domicile/Envoi.php-- -- --27358
4/4/2026 11:54:34 AM | * Domicile/Formulaire(var).js-- -- --1111
4/4/2026 11:54:34 AM | * Domicile/Formulaire(var).php-- -- --3500
4/4/2026 11:54:34 AM | * Domicile/Formulaire.css-- -- --4727
4/4/2026 11:54:34 AM | * Backup/Domicile/Formulaire.dat-- -- --1021999
4/4/2026 11:54:34 AM | * Domicile/Formulaire.php-- -- --58067
4/4/2026 11:54:34 AM | * Dons/Dons(var).js-- -- --171
4/4/2026 11:54:34 AM | * Dons/Dons.css-- -- --1594
4/4/2026 11:54:34 AM | * Backup/Dons/Dons.dat-- -- --359556
4/4/2026 11:54:34 AM | * Dons/Dons.php-- -- --32508
4/4/2026 11:54:34 AM | * Gratuite/Echec(var).js-- -- --171
4/4/2026 11:54:34 AM | * Gratuite/Echec.css-- -- --939
4/4/2026 11:54:34 AM | * Backup/Gratuite/Echec.dat-- -- --217170
4/4/2026 11:54:34 AM | * Gratuite/Echec.php-- -- --27584
4/4/2026 11:54:34 AM | * Gratuite/Envoi(var).js-- -- --171
4/4/2026 11:54:34 AM | * Gratuite/Envoi.css-- -- --862
4/4/2026 11:54:34 AM | * Backup/Gratuite/Envoi.dat-- -- --191863
4/4/2026 11:54:34 AM | * Gratuite/Envoi.php-- -- --26940
4/4/2026 11:54:34 AM | * Gratuite/Formulaire(var).js-- -- --1147
4/4/2026 11:54:34 AM | * Gratuite/Formulaire(var).php-- -- --3811
4/4/2026 11:54:34 AM | * Gratuite/Formulaire.css-- -- --5261
4/4/2026 11:54:34 AM | * Backup/Gratuite/Formulaire.dat-- -- --1081990
4/4/2026 11:54:34 AM | * Gratuite/Formulaire.php-- -- --59250
4/4/2026 11:54:34 AM | * Magie/Echec(var).js-- -- --171
4/4/2026 11:54:34 AM | * Magie/Echec.css-- -- --939
4/4/2026 11:54:34 AM | * Backup/Magie/Echec.dat-- -- --217239
4/4/2026 11:54:34 AM | * Magie/Echec.php-- -- --27628
4/4/2026 11:54:34 AM | * Magie/Envoi(var).js-- -- --171
4/4/2026 11:54:34 AM | * Magie/Envoi.css-- -- --862
4/4/2026 11:54:34 AM | * Backup/Magie/Envoi.dat-- -- --189954
4/4/2026 11:54:34 AM | * Magie/Envoi.php-- -- --27411
4/4/2026 11:54:34 AM | * Magie/Formulaire(var).js-- -- --1133
4/4/2026 11:54:34 AM | * Magie/Formulaire(var).php-- -- --5375
4/4/2026 11:54:34 AM | * Magie/Formulaire.css-- -- --4882
4/4/2026 11:54:34 AM | * Backup/Magie/Formulaire.dat-- -- --1097395
4/4/2026 11:54:34 AM | * Magie/Formulaire.php-- -- --62278
4/4/2026 11:54:34 AM | * Mail/Echec(var).js-- -- --103
4/4/2026 11:54:34 AM | * Mail/Echec.css-- -- --887
4/4/2026 11:54:34 AM | * Backup/Mail/Echec.dat-- -- --194461
4/4/2026 11:54:34 AM | * Mail/Echec.php-- -- --27563
4/4/2026 11:54:34 AM | * Mail/Envoi(var).js-- -- --103
4/4/2026 11:54:34 AM | * Mail/Envoi.css-- -- --809
4/4/2026 11:54:34 AM | * Backup/Mail/Envoi.dat-- -- --167207
4/4/2026 11:54:34 AM | * Mail/Envoi.php-- -- --27436
4/4/2026 11:54:34 AM | * Mail/Formulaire(var).js-- -- --1103
4/4/2026 11:54:34 AM | * Mail/Formulaire(var).php-- -- --2242
4/4/2026 11:54:34 AM | * Mail/Formulaire.css-- -- --4265
4/4/2026 11:54:34 AM | * Backup/Mail/Formulaire.dat-- -- --808951
4/4/2026 11:54:34 AM | * Mail/Formulaire.php-- -- --49787
4/4/2026 11:54:34 AM | * Methodes/Accueil(var).js-- -- --171
4/4/2026 11:54:34 AM | * Methodes/Accueil.css-- -- --1721
4/4/2026 11:54:34 AM | * Backup/Methodes/Accueil.dat-- -- --450636
4/4/2026 11:54:34 AM | * Methodes/Accueil.php-- -- --42460
4/4/2026 11:54:34 AM | * Methodes/Croix(var).js-- -- --171
4/4/2026 11:54:34 AM | * Methodes/Croix.css-- -- --3694
4/4/2026 11:54:34 AM | * Backup/Methodes/Croix.dat-- -- --950386
4/4/2026 11:54:34 AM | * Methodes/Croix.php-- -- --51064
4/4/2026 11:54:34 AM | * Methodes/Ligne(var).js-- -- --171
4/4/2026 11:54:34 AM | * Methodes/Ligne.css-- -- --3890
4/4/2026 11:54:34 AM | * Backup/Methodes/Ligne.dat-- -- --995393
4/4/2026 11:54:34 AM | * Methodes/Ligne.php-- -- --59015
4/4/2026 11:54:34 AM | * Methodes/Pyramide(var).js-- -- --171
4/4/2026 11:54:34 AM | * Methodes/Pyramide.css-- -- --2041
4/4/2026 11:54:34 AM | * Backup/Methodes/Pyramide.dat-- -- --486425
4/4/2026 11:54:34 AM | * Methodes/Pyramide.php-- -- --44965
4/4/2026 11:54:34 AM | * Paiement/Paiement_accepte(var).js-- -- --171
4/4/2026 11:54:34 AM | * Paiement/Paiement_accepte.css-- -- --862
4/4/2026 11:54:34 AM | * Backup/Paiement/Paiement_accepte.dat-- -- --189904
4/4/2026 11:54:34 AM | * Paiement/Paiement_accepte.php-- -- --27499
4/4/2026 11:54:34 AM | * Paiement/Paiement_avorte(var).js-- -- --171
4/4/2026 11:54:34 AM | * Paiement/Paiement_avorte.css-- -- --862
4/4/2026 11:54:34 AM | * Backup/Paiement/Paiement_avorte.dat-- -- --189697
4/4/2026 11:54:34 AM | * Paiement/Paiement_avorte.php-- -- --27090
4/4/2026 11:54:34 AM | * Partenaires/Partenaires(var).js-- -- --103
4/4/2026 11:54:34 AM | * Partenaires/Partenaires.css-- -- --902
4/4/2026 11:54:34 AM | * Backup/Partenaires/Partenaires.dat-- -- --222619
4/4/2026 11:54:34 AM | * Partenaires/Partenaires.php-- -- --28055
4/4/2026 11:54:34 AM | * Planetes/Accueil(var).js-- -- --171
4/4/2026 11:54:34 AM | * Planetes/Accueil.css-- -- --3106
4/4/2026 11:54:34 AM | * Backup/Planetes/Accueil.dat-- -- --814120
4/4/2026 11:54:34 AM | * Planetes/Accueil.php-- -- --40615
4/4/2026 11:54:34 AM | * Planetes/Jupiter(var).js-- -- --171
4/4/2026 11:54:34 AM | * Planetes/Jupiter.css-- -- --1182
4/4/2026 11:54:34 AM | * Backup/Planetes/Jupiter.dat-- -- --280198
4/4/2026 11:54:34 AM | * Planetes/Jupiter.php-- -- --30272
4/4/2026 11:54:34 AM | * Planetes/Lune(var).js-- -- --239
4/4/2026 11:54:34 AM | * Planetes/Lune.css-- -- --1236
4/4/2026 11:54:34 AM | * Backup/Planetes/Lune.dat-- -- --301796
4/4/2026 11:54:34 AM | * Planetes/Lune.php-- -- --30751
4/4/2026 11:54:34 AM | * Planetes/Mars(var).js-- -- --239
4/4/2026 11:54:34 AM | * Planetes/Mars.css-- -- --1236
4/4/2026 11:54:34 AM | * Backup/Planetes/Mars.dat-- -- --301352
4/4/2026 11:54:34 AM | * Planetes/Mars.php-- -- --30402
4/4/2026 11:54:34 AM | * Planetes/Mercure(var).js-- -- --239
4/4/2026 11:54:34 AM | * Planetes/Mercure.css-- -- --1236
4/4/2026 11:54:34 AM | * Backup/Planetes/Mercure.dat-- -- --302239
4/4/2026 11:54:34 AM | * Planetes/Mercure.php-- -- --31183
4/4/2026 11:54:34 AM | * Planetes/Neptune(var).js-- -- --239
4/4/2026 11:54:34 AM | * Planetes/Neptune.css-- -- --1236
4/4/2026 11:54:34 AM | * Backup/Planetes/Neptune.dat-- -- --301420
4/4/2026 11:54:34 AM | * Planetes/Neptune.php-- -- --30476
4/4/2026 11:54:34 AM | * Planetes/Pluton(var).js-- -- --239
4/4/2026 11:54:34 AM | * Planetes/Pluton.css-- -- --1236
4/4/2026 11:54:34 AM | * Backup/Planetes/Pluton.dat-- -- --301354
4/4/2026 11:54:34 AM | * Planetes/Pluton.php-- -- --30408
4/4/2026 11:54:34 AM | * Planetes/Saturne(var).js-- -- --239
4/4/2026 11:54:34 AM | * Planetes/Saturne.css-- -- --1250
4/4/2026 11:54:34 AM | * Backup/Planetes/Saturne.dat-- -- --305158
4/4/2026 11:54:34 AM | * Planetes/Saturne.php-- -- --30447
4/4/2026 11:54:34 AM | * Planetes/Soleil(var).js-- -- --239
4/4/2026 11:54:34 AM | * Planetes/Soleil.css-- -- --1251
4/4/2026 11:54:34 AM | * Backup/Planetes/Soleil.dat-- -- --304900
4/4/2026 11:54:35 AM | * Planetes/Soleil.php-- -- --30120
4/4/2026 11:54:35 AM | * Planetes/Uranus(var).js-- -- --239
4/4/2026 11:54:35 AM | * Planetes/Uranus.css-- -- --1251
4/4/2026 11:54:35 AM | * Backup/Planetes/Uranus.dat-- -- --304561
4/4/2026 11:54:35 AM | * Planetes/Uranus.php-- -- --29834
4/4/2026 11:54:35 AM | * Planetes/Venus(var).js-- -- --239
4/4/2026 11:54:35 AM | * Planetes/Venus.css-- -- --1251
4/4/2026 11:54:35 AM | * Backup/Planetes/Venus.dat-- -- --305202
4/4/2026 11:54:35 AM | * Planetes/Venus.php-- -- --30481
4/4/2026 11:54:35 AM | * Tchat/errors.txt-- -- --0
4/4/2026 11:54:35 AM | * index(var).js-- -- --171
4/4/2026 11:54:35 AM | * index.css-- -- --1265
4/4/2026 11:54:35 AM | * Backup/index.dat-- -- --310406
4/4/2026 11:54:35 AM | * index.php-- -- --38128
4/4/2026 11:54:35 AM | * Templates/Base.css-- -- --4479
4/4/2026 11:54:35 AM | * Templates/Base.php-- -- --25666
4/4/2026 11:54:35 AM | * Backup/Templates/Base.tdat-- -- --1009340
4/4/2026 11:54:35 AM | * sitemap.xml-- -- --27422
4/4/2026 11:54:35 AM | * robots.txt-- -- --39
4/4/2026 11:54:35 AM | * Backup/Belline net.ope-- -- --3598
4/4/2026 11:54:54 AM | Debut Mise en ligne complete (Site):
4/4/2026 11:55:18 AM | Listing terminé :
4/4/2026 11:55:18 AM | 

4/4/2026 11:55:18 AM | * Files/Fonts-- -- --Folder create
4/4/2026 11:55:18 AM | * Files/Other-- -- --Folder create
4/4/2026 11:55:18 AM | * Tchat-- -- --Folder create
4/4/2026 11:55:18 AM | * Tchat/widgets-- -- --Folder create
4/4/2026 11:55:18 AM | * Tchat/templates-- -- --Folder create
4/4/2026 11:55:18 AM | * Tchat/stickers-- -- --Folder create
4/4/2026 11:55:18 AM | * Tchat/stickers/Stickers-- -- --Folder create
4/4/2026 11:55:18 AM | * Tchat/stickers/Deutsch-- -- --Folder create
4/4/2026 11:55:18 AM | * Tchat/splash-- -- --Folder create
4/4/2026 11:55:18 AM | * Tchat/lang-- -- --Folder create
4/4/2026 11:55:18 AM | * Tchat/install-- -- --Folder create
4/4/2026 11:55:18 AM | * Tchat/incl-- -- --Folder create
4/4/2026 11:55:18 AM | * Tchat/img-- -- --Folder create
4/4/2026 11:55:18 AM | * Tchat/backgrounds-- -- --Folder create
4/4/2026 11:55:18 AM | * Tchat/avatars-- -- --Folder create
4/4/2026 11:55:18 AM | * Tchat/attachments-- -- --Folder create
4/4/2026 11:55:18 AM | * Tchat/app-- -- --Folder create
4/4/2026 11:55:18 AM | * Tchat/admin-- -- --Folder create
4/4/2026 11:55:18 AM | * Tchat/admin/font-- -- --Folder create
4/4/2026 11:55:18 AM | * Planetes-- -- --Folder create
4/4/2026 11:55:18 AM | * Partenaires-- -- --Folder create
4/4/2026 11:55:18 AM | * Paiement-- -- --Folder create
4/4/2026 11:55:18 AM | * Online-- -- --Folder create
4/4/2026 11:55:18 AM | * Online/Templates-- -- --Folder create
4/4/2026 11:55:18 AM | * Methodes-- -- --Folder create
4/4/2026 11:55:18 AM | * Mail-- -- --Folder create
4/4/2026 11:55:18 AM | * Magie-- -- --Folder create
4/4/2026 11:55:18 AM | * Gratuite-- -- --Folder create
4/4/2026 11:55:18 AM | * Dons-- -- --Folder create
4/4/2026 11:55:18 AM | * Domicile-- -- --Folder create
4/4/2026 11:55:18 AM | * Coaching-- -- --Folder create
4/4/2026 11:55:18 AM | * Chat-- -- --Folder create
4/4/2026 11:55:18 AM | * CGU-- -- --Folder create
4/4/2026 11:55:18 AM | * Cartomancie-- -- --Folder create
4/4/2026 11:55:18 AM | * Cartomancie/Tarots-- -- --Folder create
4/4/2026 11:55:18 AM | * Cartomancie/Belline-- -- --Folder create
4/4/2026 11:55:18 AM | * Cartomancie/32-cartes-- -- --Folder create
4/4/2026 11:55:18 AM | * Cartomancie/32-cartes/Trefle-- -- --Folder create
4/4/2026 11:55:18 AM | * Cartomancie/32-cartes/Pique-- -- --Folder create
4/4/2026 11:55:18 AM | * Cartomancie/32-cartes/Coeur-- -- --Folder create
4/4/2026 11:55:18 AM | * Cartomancie/32-cartes/Carreau-- -- --Folder create
4/4/2026 11:55:18 AM | * Admin-- -- --Folder create
4/4/2026 11:55:18 AM | * Admin/sounds-- -- --Folder create
4/4/2026 11:55:18 AM | * WEFiles-- -- --Folder create
4/4/2026 11:55:18 AM | * WEFiles/Xml-- -- --Folder create
4/4/2026 11:55:18 AM | * WEFiles/Server-- -- --Folder create
4/4/2026 11:55:18 AM | * WEFiles/Server/language-- -- --Folder create
4/4/2026 11:55:18 AM | * WEFiles/Server/DB-- -- --Folder create
4/4/2026 11:55:18 AM | * WEFiles/Server/DB/DBTools-- -- --Folder create
4/4/2026 11:55:18 AM | * WEFiles/Server/class-- -- --Folder create
4/4/2026 11:55:18 AM | * WEFiles/Other-- -- --Folder create
4/4/2026 11:55:18 AM | * WEFiles/Image-- -- --Folder create
4/4/2026 11:55:18 AM | * WEFiles/Font-- -- --Folder create
4/4/2026 11:55:18 AM | * WEFiles/EG-- -- --Folder create
4/4/2026 11:55:18 AM | * WEFiles/Css-- -- --Folder create
4/4/2026 11:55:18 AM | * WEFiles/Css/v02-- -- --Folder create
4/4/2026 11:55:18 AM | * WEFiles/Css/v01-- -- --Folder create
4/4/2026 11:55:18 AM | * WEFiles/Client-- -- --Folder create
4/4/2026 11:55:18 AM | * WEFiles/Client/jQuery-- -- --Folder create
4/4/2026 11:55:18 AM | * WEFiles/Client/jQuery/Plugins-- -- --Folder create
4/4/2026 11:55:18 AM | * WEFiles/Client/Common-- -- --Folder create
4/4/2026 11:55:18 AM | * Templates-- -- --Folder create
4/4/2026 11:55:18 AM | * Files-- -- --Folder create
4/4/2026 11:55:18 AM | * Files/Video-- -- --Folder create
4/4/2026 11:55:18 AM | * Files/Other-- -- --Folder create
4/4/2026 11:55:18 AM | * Files/Media-- -- --Folder create
4/4/2026 11:55:18 AM | * Files/Image-- -- --Folder create
4/4/2026 11:55:18 AM | * Files/Fonts-- -- --Folder create
4/4/2026 11:55:18 AM | * Files/Flash-- -- --Folder create
4/4/2026 11:55:18 AM | * Files/Audio-- -- --Folder create
4/4/2026 11:55:18 AM | * Data-- -- --Folder create
4/4/2026 11:55:18 AM | * Backup-- -- --Folder create
4/4/2026 11:55:18 AM | * Common-- -- --Folder create
4/4/2026 11:55:18 AM | * Files/Image/32 cartes-- -- --Folder create
4/4/2026 11:55:18 AM | * Files/Image/32 cartes/Carreau-- -- --Folder create
4/4/2026 11:55:18 AM | * Files/Image/Accueil-- -- --Folder create
4/4/2026 11:55:18 AM | * WEFiles/Image/WEImage-- -- --Folder create
4/4/2026 11:55:18 AM | * Files/Image/32 cartes/Coeur-- -- --Folder create
4/4/2026 11:55:18 AM | * Files/Image/32 cartes/Pique-- -- --Folder create
4/4/2026 11:55:18 AM | * Files/Image/32 cartes/Trefle-- -- --Folder create
4/4/2026 11:55:18 AM | * Files/Image/Belline-- -- --Folder create
4/4/2026 11:55:18 AM | * Files/Image/Tarot-- -- --Folder create
4/4/2026 11:55:18 AM | * WEFiles/Image/Skin-- -- --Folder create
4/4/2026 11:55:18 AM | * Files/Image/Planetes-- -- --Folder create
4/4/2026 11:55:18 AM | * Files\Other-- -- --Folder create
4/4/2026 11:55:18 AM | * Files\Fonts-- -- --Folder create
4/4/2026 11:55:18 AM | * Backup/.htaccess-- -- --33
4/4/2026 11:55:18 AM | * Data/.htaccess-- -- --13
4/4/2026 11:55:18 AM | * WEFiles/Client/Common/oe.min.js-- -- --16317
4/4/2026 11:55:18 AM | * WEFiles/Client/jQuery/Plugins/jquery.form.js-- -- --11659
4/4/2026 11:55:18 AM | * WEFiles/Client/jQuery/Plugins/jquery.ui.core.js-- -- --19590
4/4/2026 11:55:18 AM | * WEFiles/Client/jQuery/Plugins/jquery.ui.effects.js-- -- --25199
4/4/2026 11:55:18 AM | * WEFiles/Client/jQuery/1.10.2.js-- -- --93107
4/4/2026 11:55:18 AM | * WEFiles/Client/jQuery/migrate.js-- -- --7202
4/4/2026 11:55:18 AM | * WEFiles/Client/OEDB.js-- -- --1856
4/4/2026 11:55:18 AM | * WEFiles/Client/OEDBClasses.js-- -- --2280
4/4/2026 11:55:18 AM | * WEFiles/Client/opentip-jquery.min.js-- -- --44974
4/4/2026 11:55:18 AM | * WEFiles/Css/v01/openElement.css-- -- --5851
4/4/2026 11:55:18 AM | * WEFiles/Css/v02/openElement.css-- -- --6102
4/4/2026 11:55:18 AM | * WEFiles/Css/v02/openElement.int.css-- -- --6177
4/4/2026 11:55:18 AM | * WEFiles/Css/ie7.css-- -- --833
4/4/2026 11:55:18 AM | * WEFiles/Css/opentip.css-- -- --9211
4/4/2026 11:55:18 AM | * WEFiles/Image/Code.png-- -- --831
4/4/2026 11:55:18 AM | * WEFiles/Image/delete.png-- -- --1465
4/4/2026 11:55:18 AM | * WEFiles/Image/empty.png-- -- --184
4/4/2026 11:55:18 AM | * WEFiles/Image/information2.png-- -- --3246
4/4/2026 11:55:18 AM | * WEFiles/Image/loading.gif-- -- --1924
4/4/2026 11:55:18 AM | * WEFiles/Image/Loading2.gif-- -- --4941
4/4/2026 11:55:18 AM | * WEFiles/Image/mask.png-- -- --213
4/4/2026 11:55:18 AM | * WEFiles/Image/ModalBackgound.png-- -- --27145
4/4/2026 11:55:18 AM | * WEFiles/Image/ModalPopupBlock.png-- -- --268
4/4/2026 11:55:18 AM | * WEFiles/Image/ServerError.png-- -- --2602
4/4/2026 11:55:18 AM | * WEFiles/Image/warning.png-- -- --816
4/4/2026 11:55:18 AM | * WEFiles/Image/WEW3C.png-- -- --1882
4/4/2026 11:55:18 AM | * WEFiles/Server/class/class-phpmailer.php-- -- --65668
4/4/2026 11:55:18 AM | * WEFiles/Server/class/class-smtp.php-- -- --32456
4/4/2026 11:55:18 AM | * WEFiles/Server/DB/DBTools/OEDataContainers.php-- -- --57685
4/4/2026 11:55:18 AM | * WEFiles/Server/DB/DBTools/OEDBRequest.php-- -- --36412
4/4/2026 11:55:18 AM | * WEFiles/Server/DB/DBTools/OEDynUtils.php-- -- --15107
4/4/2026 11:55:18 AM | * WEFiles/Server/DB/.htaccess-- -- --13
4/4/2026 11:55:18 AM | * WEFiles/Server/DB/OEDB.php-- -- --28741
4/4/2026 11:55:18 AM | * WEFiles/Server/DB/OEDBClasses.php-- -- --84483
4/4/2026 11:55:18 AM | * WEFiles/Server/DB/sqllogin.php-- -- --1479
4/4/2026 11:55:18 AM | * WEFiles/Server/language/phpmailer.lang-en.php-- -- --1188
4/4/2026 11:55:18 AM | * WEFiles/Server/language/phpmailer.lang-fr.php-- -- --1297
4/4/2026 11:55:18 AM | * WEFiles/Server/openElement.php-- -- --13870
4/4/2026 11:55:18 AM | * WEFiles/Server/VarText.php-- -- --4496
4/4/2026 11:55:18 AM | * .htaccess-- -- --0
4/4/2026 11:55:18 AM | * Admin/sounds/enter.mp3-- -- --55725
4/4/2026 11:55:18 AM | * Admin/sounds/leave.mp3-- -- --8808
4/4/2026 11:55:18 AM | * Admin/index.php-- -- --1690
4/4/2026 11:55:18 AM | * Admin/status.css-- -- --0
4/4/2026 11:55:18 AM | * Admin/status.js-- -- --3855
4/4/2026 11:55:18 AM | * Admin/status.txt-- -- --10
4/4/2026 11:55:18 AM | * Admin/track.js-- -- --1774
4/4/2026 11:55:18 AM | * Admin/track.php-- -- --1499
4/4/2026 11:55:18 AM | * Admin/tracking.json-- -- --240
4/4/2026 11:55:18 AM | * Cartomancie/32-cartes/Carreau/07(var).js-- -- --171
4/4/2026 11:55:18 AM | * Cartomancie/32-cartes/Carreau/07.css-- -- --1196
4/4/2026 11:55:18 AM | * WEFiles/Client/WEDisableRightClick-v21.js-- -- --358
4/4/2026 11:55:18 AM | * Files/Image/32 cartes/Carreau/10 - 7 de carreau.png-- -- --1787
4/4/2026 11:55:18 AM | * Files/Image/Accueil/Gauche.png-- -- --3698
4/4/2026 11:55:18 AM | * WEFiles/Image/WEImage/Gauche-WEa3238f4d67.png-- -- --3021
4/4/2026 11:55:18 AM | * Files/Image/Accueil/Accueil.png-- -- --5098
4/4/2026 11:55:18 AM | * WEFiles/Image/WEImage/Accueil-WEf21b83eca9.png-- -- --4859
4/4/2026 11:55:18 AM | * Files/Image/Accueil/Droite.png-- -- --3765
4/4/2026 11:55:18 AM | * WEFiles/Image/WEImage/Droite-WE518c84efb2.png-- -- --2975
4/4/2026 11:55:18 AM | * Files/Image/Accueil/Boutton jaune.png-- -- --92447
4/4/2026 11:55:18 AM | * WEFiles/Image/WEImage/Boutton jaune-WE6bfa2bde55.png-- -- --3244
4/4/2026 11:55:18 AM | * WEFiles/Image/WEImage/Boutton jaune-WEffb6971bb7.png-- -- --3244
4/4/2026 11:55:18 AM | * WEFiles/Image/WEImage/Boutton jaune-WEd455aa7eda.png-- -- --3244
4/4/2026 11:55:18 AM | * WEFiles/Image/WEImage/Boutton jaune-WEe44e1035c5.png-- -- --3244
4/4/2026 11:55:18 AM | * WEFiles/Image/WEImage/Boutton jaune-WE86a40d28ea.png-- -- --3244
4/4/2026 11:55:18 AM | * WEFiles/Image/WEImage/Boutton jaune-WEc2e5636060.png-- -- --3244
4/4/2026 11:55:18 AM | * WEFiles/Image/WEImage/Boutton jaune-WE7c7323bef4.png-- -- --3244
4/4/2026 11:55:18 AM | * WEFiles/Image/WEImage/Boutton jaune-WE4a31ad1669.png-- -- --3244
4/4/2026 11:55:18 AM | * WEFiles/Image/WEImage/Boutton jaune-WEfbbd66bdb6.png-- -- --3244
4/4/2026 11:55:18 AM | * Files/Image/Accueil/Bougies.png-- -- --57289
4/4/2026 11:55:18 AM | * WEFiles/Image/WEImage/Bougies-WEfc5b3ec259.png-- -- --6247
4/4/2026 11:55:18 AM | * WEFiles/Image/WEImage/Boutton jaune-WEb2ebd8dcb7.png-- -- --3244
4/4/2026 11:55:18 AM | * Files/Image/Accueil/Logo.png-- -- --347614
4/4/2026 11:55:18 AM | * WEFiles/Image/WEImage/Logo-WE739e82f5b8.png-- -- --334190
4/4/2026 11:55:18 AM | * Backup/Cartomancie/32-cartes/Carreau/07.dat-- -- --278281
4/4/2026 11:55:18 AM | * Cartomancie/32-cartes/Carreau/07.php-- -- --29605
4/4/2026 11:55:18 AM | * Cartomancie/32-cartes/Carreau/08(var).js-- -- --171
4/4/2026 11:55:18 AM | * Cartomancie/32-cartes/Carreau/08.css-- -- --1197
4/4/2026 11:55:18 AM | * Files/Image/32 cartes/Carreau/11 - 8 de carreau.png-- -- --1919
4/4/2026 11:55:18 AM | * Backup/Cartomancie/32-cartes/Carreau/08.dat-- -- --279141
4/4/2026 11:55:18 AM | * Cartomancie/32-cartes/Carreau/08.php-- -- --30473
4/4/2026 11:55:18 AM | * Cartomancie/32-cartes/Carreau/09(var).js-- -- --171
4/4/2026 11:55:18 AM | * Cartomancie/32-cartes/Carreau/09.css-- -- --1196
4/4/2026 11:55:18 AM | * Files/Image/32 cartes/Carreau/12 - 9 de carreau.png-- -- --2089
4/4/2026 11:55:18 AM | * Backup/Cartomancie/32-cartes/Carreau/09.dat-- -- --277924
4/4/2026 11:55:18 AM | * Cartomancie/32-cartes/Carreau/09.php-- -- --29259
4/4/2026 11:55:18 AM | * Cartomancie/32-cartes/Carreau/10(var).js-- -- --171
4/4/2026 11:55:18 AM | * Cartomancie/32-cartes/Carreau/10.css-- -- --1196
4/4/2026 11:55:18 AM | * Files/Image/32 cartes/Carreau/13 - 10 de carreau.png-- -- --2277
4/4/2026 11:55:18 AM | * Backup/Cartomancie/32-cartes/Carreau/10.dat-- -- --278597
4/4/2026 11:55:18 AM | * Cartomancie/32-cartes/Carreau/10.php-- -- --29874
4/4/2026 11:55:18 AM | * Cartomancie/32-cartes/Carreau/11-Valet(var).js-- -- --171
4/4/2026 11:55:18 AM | * Cartomancie/32-cartes/Carreau/11-Valet.css-- -- --1196
4/4/2026 11:55:18 AM | * Files/Image/32 cartes/Carreau/14 - Valet de carreau.png-- -- --14292
4/4/2026 11:55:18 AM | * Backup/Cartomancie/32-cartes/Carreau/11-Valet.dat-- -- --278789
4/4/2026 11:55:18 AM | * Cartomancie/32-cartes/Carreau/11-Valet.php-- -- --30131
4/4/2026 11:55:18 AM | * Cartomancie/32-cartes/Carreau/12-Dame(var).js-- -- --171
4/4/2026 11:55:18 AM | * Cartomancie/32-cartes/Carreau/12-Dame.css-- -- --1196
4/4/2026 11:55:18 AM | * Files/Image/32 cartes/Carreau/15 - Dame de carreau.png-- -- --14559
4/4/2026 11:55:18 AM | * Backup/Cartomancie/32-cartes/Carreau/12-Dame.dat-- -- --278131
4/4/2026 11:55:18 AM | * Cartomancie/32-cartes/Carreau/12-Dame.php-- -- --29785
4/4/2026 11:55:18 AM | * Cartomancie/32-cartes/Carreau/13-Roi(var).js-- -- --171
4/4/2026 11:55:18 AM | * Cartomancie/32-cartes/Carreau/13-Roi.css-- -- --1196
4/4/2026 11:55:18 AM | * Files/Image/32 cartes/Carreau/16 - Roi de carreau.png-- -- --15499
4/4/2026 11:55:18 AM | * Backup/Cartomancie/32-cartes/Carreau/13-Roi.dat-- -- --278529
4/4/2026 11:55:18 AM | * Cartomancie/32-cartes/Carreau/13-Roi.php-- -- --29865
4/4/2026 11:55:18 AM | * Cartomancie/32-cartes/Carreau/14-As(var).js-- -- --171
4/4/2026 11:55:18 AM | * Cartomancie/32-cartes/Carreau/14-As.css-- -- --1196
4/4/2026 11:55:18 AM | * Files/Image/32 cartes/Carreau/9 - As de carreau.png-- -- --871
4/4/2026 11:55:18 AM | * Backup/Cartomancie/32-cartes/Carreau/14-As.dat-- -- --278053
4/4/2026 11:55:18 AM | * Cartomancie/32-cartes/Carreau/14-As.php-- -- --29701
4/4/2026 11:55:18 AM | * Cartomancie/32-cartes/Coeur/07(var).js-- -- --171
4/4/2026 11:55:18 AM | * Cartomancie/32-cartes/Coeur/07.css-- -- --1196
4/4/2026 11:55:18 AM | * Files/Image/32 cartes/Coeur/18 - 7 de coeur.png-- -- --2061
4/4/2026 11:55:18 AM | * Backup/Cartomancie/32-cartes/Coeur/07.dat-- -- --278016
4/4/2026 11:55:18 AM | * Cartomancie/32-cartes/Coeur/07.php-- -- --29634
4/4/2026 11:55:18 AM | * Cartomancie/32-cartes/Coeur/08(var).js-- -- --171
4/4/2026 11:55:18 AM | * Cartomancie/32-cartes/Coeur/08.css-- -- --1196
4/4/2026 11:55:18 AM | * Files/Image/32 cartes/Coeur/19 - 8 de coeur.png-- -- --2250
4/4/2026 11:55:18 AM | * Backup/Cartomancie/32-cartes/Coeur/08.dat-- -- --277888
4/4/2026 11:55:18 AM | * Cartomancie/32-cartes/Coeur/08.php-- -- --29487
4/4/2026 11:55:18 AM | * Cartomancie/32-cartes/Coeur/09(var).js-- -- --171
4/4/2026 11:55:18 AM | * Cartomancie/32-cartes/Coeur/09.css-- -- --1196
4/4/2026 11:55:18 AM | * Files/Image/32 cartes/Coeur/20 - 9 de coeur.png-- -- --2390
4/4/2026 11:55:18 AM | * Backup/Cartomancie/32-cartes/Coeur/09.dat-- -- --277934
4/4/2026 11:55:18 AM | * Cartomancie/32-cartes/Coeur/09.php-- -- --29533
4/4/2026 11:55:18 AM | * Cartomancie/32-cartes/Coeur/10(var).js-- -- --171
4/4/2026 11:55:18 AM | * Cartomancie/32-cartes/Coeur/10.css-- -- --1211
4/4/2026 11:55:18 AM | * Files/Image/32 cartes/Coeur/21 - 10 de coeur.png-- -- --20434
4/4/2026 11:55:18 AM | * WEFiles/Image/WEImage/21 - 10 de coeur-WE3a9a1e9adb.png-- -- --4594
4/4/2026 11:55:18 AM | * Backup/Cartomancie/32-cartes/Coeur/10.dat-- -- --284190
4/4/2026 11:55:18 AM | * Cartomancie/32-cartes/Coeur/10.php-- -- --30204
4/4/2026 11:55:18 AM | * Cartomancie/32-cartes/Coeur/11-Valet(var).js-- -- --171
4/4/2026 11:55:18 AM | * Cartomancie/32-cartes/Coeur/11-Valet.css-- -- --1196
4/4/2026 11:55:18 AM | * Files/Image/32 cartes/Coeur/22 - Valet de coeur.png-- -- --14869
4/4/2026 11:55:18 AM | * Backup/Cartomancie/32-cartes/Coeur/11-Valet.dat-- -- --278426
4/4/2026 11:55:18 AM | * Cartomancie/32-cartes/Coeur/11-Valet.php-- -- --30043
4/4/2026 11:55:18 AM | * Cartomancie/32-cartes/Coeur/12-Dame(var).js-- -- --171
4/4/2026 11:55:18 AM | * Cartomancie/32-cartes/Coeur/12-Dame.css-- -- --1196
4/4/2026 11:55:18 AM | * Files/Image/32 cartes/Coeur/23 - Dame de coeur.png-- -- --16161
4/4/2026 11:55:18 AM | * Backup/Cartomancie/32-cartes/Coeur/12-Dame.dat-- -- --278040
4/4/2026 11:55:18 AM | * Cartomancie/32-cartes/Coeur/12-Dame.php-- -- --29654
4/4/2026 11:55:18 AM | * Cartomancie/32-cartes/Coeur/13-Roi(var).js-- -- --103
4/4/2026 11:55:18 AM | * Cartomancie/32-cartes/Coeur/13-Roi.css-- -- --1143
4/4/2026 11:55:18 AM | * Files/Image/32 cartes/Coeur/24 - Roi de coeur.png-- -- --14906
4/4/2026 11:55:18 AM | * Backup/Cartomancie/32-cartes/Coeur/13-Roi.dat-- -- --255761
4/4/2026 11:55:18 AM | * Cartomancie/32-cartes/Coeur/13-Roi.php-- -- --30046
4/4/2026 11:55:18 AM | * Cartomancie/32-cartes/Coeur/14-As(var).js-- -- --103
4/4/2026 11:55:18 AM | * Cartomancie/32-cartes/Coeur/14-As.css-- -- --1143
4/4/2026 11:55:18 AM | * Files/Image/32 cartes/Coeur/17 - As de coeur.png-- -- --1016
4/4/2026 11:55:18 AM | * Backup/Cartomancie/32-cartes/Coeur/14-As.dat-- -- --255143
4/4/2026 11:55:18 AM | * Cartomancie/32-cartes/Coeur/14-As.php-- -- --29442
4/4/2026 11:55:18 AM | * Cartomancie/32-cartes/Pique/07(var).js-- -- --239
4/4/2026 11:55:18 AM | * Cartomancie/32-cartes/Pique/07.css-- -- --1249
4/4/2026 11:55:18 AM | * Files/Image/32 cartes/Pique/2 - 7 de pique.png-- -- --1824
4/4/2026 11:55:18 AM | * Backup/Cartomancie/32-cartes/Pique/07.dat-- -- --299062
4/4/2026 11:55:18 AM | * Cartomancie/32-cartes/Pique/07.php-- -- --29686
4/4/2026 11:55:18 AM | * Cartomancie/32-cartes/Pique/08(var).js-- -- --171
4/4/2026 11:55:18 AM | * Cartomancie/32-cartes/Pique/08.css-- -- --1196
4/4/2026 11:55:18 AM | * Files/Image/32 cartes/Pique/02 - 8 de pique.jpg-- -- --29933
4/4/2026 11:55:18 AM | * WEFiles/Image/WEImage/02 - 8 de pique-WE886f33726b.jpg-- -- --10180
4/4/2026 11:55:18 AM | * Backup/Cartomancie/32-cartes/Pique/08.dat-- -- --280498
4/4/2026 11:55:18 AM | * Cartomancie/32-cartes/Pique/08.php-- -- --30277
4/4/2026 11:55:18 AM | * Cartomancie/32-cartes/Pique/09(var).js-- -- --171
4/4/2026 11:55:18 AM | * Cartomancie/32-cartes/Pique/09.css-- -- --1196
4/4/2026 11:55:18 AM | * Files/Image/32 cartes/Pique/4 - 9 de pique.png-- -- --2134
4/4/2026 11:55:18 AM | * Backup/Cartomancie/32-cartes/Pique/09.dat-- -- --278155
4/4/2026 11:55:18 AM | * Cartomancie/32-cartes/Pique/09.php-- -- --29831
4/4/2026 11:55:18 AM | * Cartomancie/32-cartes/Pique/10(var).js-- -- --171
4/4/2026 11:55:18 AM | * Cartomancie/32-cartes/Pique/10.css-- -- --1196
4/4/2026 11:55:18 AM | * Files/Image/32 cartes/Pique/5 - 10 de pique.png-- -- --2356
4/4/2026 11:55:18 AM | * Backup/Cartomancie/32-cartes/Pique/10.dat-- -- --277860
4/4/2026 11:55:18 AM | * Cartomancie/32-cartes/Pique/10.php-- -- --29506
4/4/2026 11:55:18 AM | * Cartomancie/32-cartes/Pique/11-Valet(var).js-- -- --171
4/4/2026 11:55:18 AM | * Cartomancie/32-cartes/Pique/11-Valet.css-- -- --1197
4/4/2026 11:55:18 AM | * Files/Image/32 cartes/Pique/6 - Valet de pique.png-- -- --15773
4/4/2026 11:55:18 AM | * Backup/Cartomancie/32-cartes/Pique/11-Valet.dat-- -- --277994
4/4/2026 11:55:18 AM | * Cartomancie/32-cartes/Pique/11-Valet.php-- -- --29657
4/4/2026 11:55:18 AM | * Cartomancie/32-cartes/Pique/12-Dame(var).js-- -- --171
4/4/2026 11:55:18 AM | * Cartomancie/32-cartes/Pique/12-Dame.css-- -- --1197
4/4/2026 11:55:18 AM | * Files/Image/32 cartes/Pique/7 - Dame de pique.png-- -- --14987
4/4/2026 11:55:18 AM | * Backup/Cartomancie/32-cartes/Pique/12-Dame.dat-- -- --278155
4/4/2026 11:55:18 AM | * Cartomancie/32-cartes/Pique/12-Dame.php-- -- --29815
4/4/2026 11:55:18 AM | * Cartomancie/32-cartes/Pique/13-Roi(var).js-- -- --171
4/4/2026 11:55:18 AM | * Cartomancie/32-cartes/Pique/13-Roi.css-- -- --1196
4/4/2026 11:55:18 AM | * Files/Image/32 cartes/Pique/8 - Roi de pique.png-- -- --15329
4/4/2026 11:55:18 AM | * Backup/Cartomancie/32-cartes/Pique/13-Roi.dat-- -- --278372
4/4/2026 11:55:18 AM | * Cartomancie/32-cartes/Pique/13-Roi.php-- -- --30026
4/4/2026 11:55:18 AM | * Cartomancie/32-cartes/Pique/14-As(var).js-- -- --103
4/4/2026 11:55:18 AM | * Cartomancie/32-cartes/Pique/14-As.css-- -- --1143
4/4/2026 11:55:18 AM | * Files/Image/32 cartes/Pique/1 - As de pique.png-- -- --863
4/4/2026 11:55:18 AM | * Backup/Cartomancie/32-cartes/Pique/14-As.dat-- -- --255367
4/4/2026 11:55:18 AM | * Cartomancie/32-cartes/Pique/14-As.php-- -- --29650
4/4/2026 11:55:18 AM | * Cartomancie/32-cartes/Trefle/07(var).js-- -- --171
4/4/2026 11:55:18 AM | * Cartomancie/32-cartes/Trefle/07.css-- -- --1274
4/4/2026 11:55:18 AM | * Files/Image/32 cartes/Trefle/26 - 7 de trefle.png-- -- --1992
4/4/2026 11:55:18 AM | * Backup/Cartomancie/32-cartes/Trefle/07.dat-- -- --278735
4/4/2026 11:55:18 AM | * Cartomancie/32-cartes/Trefle/07.php-- -- --30310
4/4/2026 11:55:18 AM | * Cartomancie/32-cartes/Trefle/08(var).js-- -- --171
4/4/2026 11:55:18 AM | * Cartomancie/32-cartes/Trefle/08.css-- -- --1273
4/4/2026 11:55:18 AM | * Files/Image/32 cartes/Trefle/27 - 8 de trefle.png-- -- --2198
4/4/2026 11:55:18 AM | * Backup/Cartomancie/32-cartes/Trefle/08.dat-- -- --278756
4/4/2026 11:55:18 AM | * Cartomancie/32-cartes/Trefle/08.php-- -- --30323
4/4/2026 11:55:18 AM | * Cartomancie/32-cartes/Trefle/09(var).js-- -- --171
4/4/2026 11:55:18 AM | * Cartomancie/32-cartes/Trefle/09.css-- -- --1274
4/4/2026 11:55:18 AM | * Files/Image/32 cartes/Trefle/28 - 9 de trefle.png-- -- --2378
4/4/2026 11:55:18 AM | * Backup/Cartomancie/32-cartes/Trefle/09.dat-- -- --278133
4/4/2026 11:55:18 AM | * Cartomancie/32-cartes/Trefle/09.php-- -- --29699
4/4/2026 11:55:18 AM | * Cartomancie/32-cartes/Trefle/10(var).js-- -- --171
4/4/2026 11:55:18 AM | * Cartomancie/32-cartes/Trefle/10.css-- -- --1274
4/4/2026 11:55:18 AM | * Files/Image/32 cartes/Trefle/29 - 10 de trefle.png-- -- --2604
4/4/2026 11:55:18 AM | * Backup/Cartomancie/32-cartes/Trefle/10.dat-- -- --278206
4/4/2026 11:55:18 AM | * Cartomancie/32-cartes/Trefle/10.php-- -- --29772
4/4/2026 11:55:18 AM | * Cartomancie/32-cartes/Trefle/11-Valet(var).js-- -- --171
4/4/2026 11:55:18 AM | * Cartomancie/32-cartes/Trefle/11-Valet.css-- -- --1273
4/4/2026 11:55:18 AM | * Files/Image/32 cartes/Trefle/30 - Valet de trefle.png-- -- --16252
4/4/2026 11:55:18 AM | * Backup/Cartomancie/32-cartes/Trefle/11-Valet.dat-- -- --278271
4/4/2026 11:55:18 AM | * Cartomancie/32-cartes/Trefle/11-Valet.php-- -- --29855
4/4/2026 11:55:18 AM | * Cartomancie/32-cartes/Trefle/12-Dame(var).js-- -- --171
4/4/2026 11:55:18 AM | * Cartomancie/32-cartes/Trefle/12-Dame.css-- -- --1273
4/4/2026 11:55:18 AM | * Files/Image/32 cartes/Trefle/31 - Dame de trefle.png-- -- --15728
4/4/2026 11:55:18 AM | * Backup/Cartomancie/32-cartes/Trefle/12-Dame.dat-- -- --278100
4/4/2026 11:55:18 AM | * Cartomancie/32-cartes/Trefle/12-Dame.php-- -- --29682
4/4/2026 11:55:18 AM | * Cartomancie/32-cartes/Trefle/13-Roi(var).js-- -- --171
4/4/2026 11:55:18 AM | * Cartomancie/32-cartes/Trefle/13-Roi.css-- -- --1274
4/4/2026 11:55:18 AM | * Files/Image/32 cartes/Trefle/32 - Roi de trefle.png-- -- --16738
4/4/2026 11:55:18 AM | * Backup/Cartomancie/32-cartes/Trefle/13-Roi.dat-- -- --277820
4/4/2026 11:55:18 AM | * Cartomancie/32-cartes/Trefle/13-Roi.php-- -- --29398
4/4/2026 11:55:18 AM | * Cartomancie/32-cartes/Trefle/14-As(var).js-- -- --171
4/4/2026 11:55:18 AM | * Cartomancie/32-cartes/Trefle/14-As.css-- -- --1273
4/4/2026 11:55:18 AM | * Files/Image/32 cartes/Trefle/25 - As de trefle.png-- -- --854
4/4/2026 11:55:18 AM | * Backup/Cartomancie/32-cartes/Trefle/14-As.dat-- -- --278041
4/4/2026 11:55:18 AM | * Cartomancie/32-cartes/Trefle/14-As.php-- -- --29617
4/4/2026 11:55:18 AM | * Cartomancie/32-cartes/Accueil(var).js-- -- --171
4/4/2026 11:55:18 AM | * Cartomancie/32-cartes/Accueil.css-- -- --5807
4/4/2026 11:55:18 AM | * Files/Image/Accueil/32 cartes.png-- -- --62535
4/4/2026 11:55:18 AM | * WEFiles/Image/WEImage/32 cartes-WEeb54e05e63.png-- -- --47641
4/4/2026 11:55:18 AM | * WEFiles/Image/WEImage/02 - 8 de pique-WE877cd49c42.jpg-- -- --9718
4/4/2026 11:55:18 AM | * WEFiles/Image/WEImage/21 - 10 de coeur-WEb9ec81dca5.png-- -- --4594
4/4/2026 11:55:18 AM | * Backup/Cartomancie/32-cartes/Accueil.dat-- -- --1365976
4/4/2026 11:55:18 AM | * Cartomancie/32-cartes/Accueil.php-- -- --50725
4/4/2026 11:55:18 AM | * Cartomancie/Belline/01-Bleu(var).js-- -- --171
4/4/2026 11:55:18 AM | * Cartomancie/Belline/01-Bleu.css-- -- --1273
4/4/2026 11:55:18 AM | * Files/Image/Belline/0-carte-bleue.jpg-- -- --34479
4/4/2026 11:55:18 AM | * WEFiles/Image/WEImage/0-carte-bleue-WEdb043cfb4d.jpg-- -- --16621
4/4/2026 11:55:18 AM | * Backup/Cartomancie/Belline/01-Bleu.dat-- -- --279693
4/4/2026 11:55:18 AM | * Cartomancie/Belline/01-Bleu.php-- -- --29216
4/4/2026 11:55:18 AM | * Cartomancie/Belline/02-Destinee(var).js-- -- --171
4/4/2026 11:55:18 AM | * Cartomancie/Belline/02-Destinee.css-- -- --1273
4/4/2026 11:55:18 AM | * Files/Image/Belline/1-la-destinee.jpg-- -- --43957
4/4/2026 11:55:18 AM | * WEFiles/Image/WEImage/1-la-destinee-WE7b70f51a31.jpg-- -- --21266
4/4/2026 11:55:18 AM | * Backup/Cartomancie/Belline/02-Destinee.dat-- -- --280017
4/4/2026 11:55:18 AM | * Cartomancie/Belline/02-Destinee.php-- -- --29552
4/4/2026 11:55:18 AM | * Cartomancie/Belline/03-Homme(var).js-- -- --171
4/4/2026 11:55:18 AM | * Cartomancie/Belline/03-Homme.css-- -- --1273
4/4/2026 11:55:18 AM | * Files/Image/Belline/2-etoile-homme.jpg-- -- --49995
4/4/2026 11:55:18 AM | * WEFiles/Image/WEImage/2-etoile-homme-WE7df2104ac0.jpg-- -- --23876
4/4/2026 11:55:18 AM | * Backup/Cartomancie/Belline/03-Homme.dat-- -- --280189
4/4/2026 11:55:18 AM | * Cartomancie/Belline/03-Homme.php-- -- --29701
4/4/2026 11:55:18 AM | * Cartomancie/Belline/04-Femme(var).js-- -- --171
4/4/2026 11:55:18 AM | * Cartomancie/Belline/04-Femme.css-- -- --1273
4/4/2026 11:55:18 AM | * Files/Image/Belline/3-etoile-femme.jpg-- -- --45028
4/4/2026 11:55:18 AM | * WEFiles/Image/WEImage/3-etoile-femme-WE0df16acbeb.jpg-- -- --22055
4/4/2026 11:55:18 AM | * Backup/Cartomancie/Belline/04-Femme.dat-- -- --279786
4/4/2026 11:55:18 AM | * Cartomancie/Belline/04-Femme.php-- -- --29294
4/4/2026 11:55:18 AM | * Cartomancie/Belline/05-Nativite(var).js-- -- --171
4/4/2026 11:55:18 AM | * Cartomancie/Belline/05-Nativite.css-- -- --1273
4/4/2026 11:55:18 AM | * Files/Image/Belline/4-nativite.jpg-- -- --43627
4/4/2026 11:55:18 AM | * WEFiles/Image/WEImage/4-nativite-WE7a14e2eed5.jpg-- -- --21299
4/4/2026 11:55:18 AM | * Backup/Cartomancie/Belline/05-Nativite.dat-- -- --280021
4/4/2026 11:55:18 AM | * Cartomancie/Belline/05-Nativite.php-- -- --29563
4/4/2026 11:55:18 AM | * Cartomancie/Belline/06-Reussite(var).js-- -- --171
4/4/2026 11:55:18 AM | * Cartomancie/Belline/06-Reussite.css-- -- --1273
4/4/2026 11:55:18 AM | * Files/Image/Belline/5-reussite.jpg-- -- --45667
4/4/2026 11:55:18 AM | * WEFiles/Image/WEImage/5-reussite-WE066ee1c1af.jpg-- -- --22099
4/4/2026 11:55:18 AM | * Backup/Cartomancie/Belline/06-Reussite.dat-- -- --280215
4/4/2026 11:55:18 AM | * Cartomancie/Belline/06-Reussite.php-- -- --29757
4/4/2026 11:55:18 AM | * Cartomancie/Belline/07-Elevation(var).js-- -- --171
4/4/2026 11:55:18 AM | * Cartomancie/Belline/07-Elevation.css-- -- --1273
4/4/2026 11:55:18 AM | * Files/Image/Belline/6-elevation.jpg-- -- --47880
4/4/2026 11:55:18 AM | * WEFiles/Image/WEImage/6-elevation-WEf642687925.jpg-- -- --22680
4/4/2026 11:55:18 AM | * Backup/Cartomancie/Belline/07-Elevation.dat-- -- --280173
4/4/2026 11:55:18 AM | * Cartomancie/Belline/07-Elevation.php-- -- --29696
4/4/2026 11:55:18 AM | * Cartomancie/Belline/08-Honneurs(var).js-- -- --171
4/4/2026 11:55:18 AM | * Cartomancie/Belline/08-Honneurs.css-- -- --1274
4/4/2026 11:55:18 AM | * Files/Image/Belline/7-honneurs.jpg-- -- --47239
4/4/2026 11:55:18 AM | * WEFiles/Image/WEImage/7-honneurs-WEb6c29fd13a.jpg-- -- --22827
4/4/2026 11:55:18 AM | * Backup/Cartomancie/Belline/08-Honneurs.dat-- -- --280123
4/4/2026 11:55:18 AM | * Cartomancie/Belline/08-Honneurs.php-- -- --29690
4/4/2026 11:55:18 AM | * Cartomancie/Belline/09-Pensee(var).js-- -- --171
4/4/2026 11:55:18 AM | * Cartomancie/Belline/09-Pensee.css-- -- --1273
4/4/2026 11:55:18 AM | * Files/Image/Belline/8-pensee.jpg-- -- --53230
4/4/2026 11:55:18 AM | * WEFiles/Image/WEImage/8-pensee-WE872d7bd5d0.jpg-- -- --25121
4/4/2026 11:55:18 AM | * Backup/Cartomancie/Belline/09-Pensee.dat-- -- --280248
4/4/2026 11:55:18 AM | * Cartomancie/Belline/09-Pensee.php-- -- --29774
4/4/2026 11:55:18 AM | * Cartomancie/Belline/10-Campagne(var).js-- -- --171
4/4/2026 11:55:18 AM | * Cartomancie/Belline/10-Campagne.css-- -- --1273
4/4/2026 11:55:18 AM | * Files/Image/Belline/9-campagne.jpg-- -- --54175
4/4/2026 11:55:18 AM | * WEFiles/Image/WEImage/9-campagne-WE83b0d9a96a.jpg-- -- --25704
4/4/2026 11:55:18 AM | * Backup/Cartomancie/Belline/10-Campagne.dat-- -- --280087
4/4/2026 11:55:18 AM | * Cartomancie/Belline/10-Campagne.php-- -- --29664
4/4/2026 11:55:18 AM | * Cartomancie/Belline/11-Presents(var).js-- -- --171
4/4/2026 11:55:18 AM | * Cartomancie/Belline/11-Presents.css-- -- --1274
4/4/2026 11:55:18 AM | * Files/Image/Belline/10-presents.jpg-- -- --51023
4/4/2026 11:55:18 AM | * WEFiles/Image/WEImage/10-presents-WE9e492a2d8e.jpg-- -- --24195
4/4/2026 11:55:18 AM | * Backup/Cartomancie/Belline/11-Presents.dat-- -- --280116
4/4/2026 11:55:18 AM | * Cartomancie/Belline/11-Presents.php-- -- --29686
4/4/2026 11:55:18 AM | * Cartomancie/Belline/12-Trahison(var).js-- -- --171
4/4/2026 11:55:18 AM | * Cartomancie/Belline/12-Trahison.css-- -- --1273
4/4/2026 11:55:18 AM | * Files/Image/Belline/11-trahison.jpg-- -- --50231
4/4/2026 11:55:18 AM | * WEFiles/Image/WEImage/11-trahison-WE77661cf90e.jpg-- -- --23947
4/4/2026 11:55:18 AM | * Backup/Cartomancie/Belline/12-Trahison.dat-- -- --280133
4/4/2026 11:55:18 AM | * Cartomancie/Belline/12-Trahison.php-- -- --29692
4/4/2026 11:55:18 AM | * Cartomancie/Belline/13-Depart(var).js-- -- --171
4/4/2026 11:55:18 AM | * Cartomancie/Belline/13-Depart.css-- -- --1273
4/4/2026 11:55:18 AM | * Files/Image/Belline/12-depart.jpg-- -- --51503
4/4/2026 11:55:18 AM | * WEFiles/Image/WEImage/12-depart-WE72490b2a99.jpg-- -- --24438
4/4/2026 11:55:18 AM | * Backup/Cartomancie/Belline/13-Depart.dat-- -- --280015
4/4/2026 11:55:18 AM | * Cartomancie/Belline/13-Depart.php-- -- --29561
4/4/2026 11:55:18 AM | * Cartomancie/Belline/14-Inconstance(var).js-- -- --171
4/4/2026 11:55:18 AM | * Cartomancie/Belline/14-Inconstance.css-- -- --1274
4/4/2026 11:55:18 AM | * Files/Image/Belline/13-inconstance.jpg-- -- --52885
4/4/2026 11:55:18 AM | * WEFiles/Image/WEImage/13-inconstance-WE494eab14a6.jpg-- -- --24925
4/4/2026 11:55:18 AM | * Backup/Cartomancie/Belline/14-Inconstance.dat-- -- --280352
4/4/2026 11:55:18 AM | * Cartomancie/Belline/14-Inconstance.php-- -- --29924
4/4/2026 11:55:18 AM | * Cartomancie/Belline/15-Decouverte(var).js-- -- --171
4/4/2026 11:55:18 AM | * Cartomancie/Belline/15-Decouverte.css-- -- --1274
4/4/2026 11:55:18 AM | * Files/Image/Belline/14-decouverte.jpg-- -- --50905
4/4/2026 11:55:18 AM | * WEFiles/Image/WEImage/14-decouverte-WE19451356e2.jpg-- -- --23883
4/4/2026 11:55:18 AM | * Backup/Cartomancie/Belline/15-Decouverte.dat-- -- --280661
4/4/2026 11:55:18 AM | * Cartomancie/Belline/15-Decouverte.php-- -- --30240
4/4/2026 11:55:18 AM | * Cartomancie/Belline/16-Eau(var).js-- -- --171
4/4/2026 11:55:18 AM | * Cartomancie/Belline/16-Eau.css-- -- --1273
4/4/2026 11:55:18 AM | * Files/Image/Belline/15-eau.jpg-- -- --48989
4/4/2026 11:55:18 AM | * WEFiles/Image/WEImage/15-eau-WEe74d6382c6.jpg-- -- --23399
4/4/2026 11:55:18 AM | * Backup/Cartomancie/Belline/16-Eau.dat-- -- --280153
4/4/2026 11:55:18 AM | * Cartomancie/Belline/16-Eau.php-- -- --29693
4/4/2026 11:55:18 AM | * Cartomancie/Belline/17-Penates(var).js-- -- --171
4/4/2026 11:55:18 AM | * Cartomancie/Belline/17-Penates.css-- -- --1273
4/4/2026 11:55:18 AM | * Files/Image/Belline/16-penates.jpg-- -- --51234
4/4/2026 11:55:18 AM | * WEFiles/Image/WEImage/16-penates-WE66d3a4add4.jpg-- -- --24339
4/4/2026 11:55:18 AM | * Backup/Cartomancie/Belline/17-Penates.dat-- -- --280325
4/4/2026 11:55:18 AM | * Cartomancie/Belline/17-Penates.php-- -- --29873
4/4/2026 11:55:18 AM | * Cartomancie/Belline/18-Maladie(var).js-- -- --171
4/4/2026 11:55:18 AM | * Cartomancie/Belline/18-Maladie.css-- -- --1273
4/4/2026 11:55:18 AM | * Files/Image/Belline/17-maladie.jpg-- -- --52903
4/4/2026 11:55:18 AM | * WEFiles/Image/WEImage/17-maladie-WE8d180b2ae2.jpg-- -- --24821
4/4/2026 11:55:18 AM | * Backup/Cartomancie/Belline/18-Maladie.dat-- -- --279996
4/4/2026 11:55:18 AM | * Cartomancie/Belline/18-Maladie.php-- -- --29544
4/4/2026 11:55:18 AM | * Cartomancie/Belline/19-Changement(var).js-- -- --171
4/4/2026 11:55:18 AM | * Cartomancie/Belline/19-Changement.css-- -- --1273
4/4/2026 11:55:18 AM | * Files/Image/Belline/18-changement.jpg-- -- --53311
4/4/2026 11:55:18 AM | * WEFiles/Image/WEImage/18-changement-WE02ebc566e0.jpg-- -- --25355
4/4/2026 11:55:18 AM | * Backup/Cartomancie/Belline/19-Changement.dat-- -- --280261
4/4/2026 11:55:18 AM | * Cartomancie/Belline/19-Changement.php-- -- --29832
4/4/2026 11:55:18 AM | * Cartomancie/Belline/20-Argent(var).js-- -- --171
4/4/2026 11:55:18 AM | * Cartomancie/Belline/20-Argent.css-- -- --1273
4/4/2026 11:55:18 AM | * Files/Image/Belline/19-argent.jpg-- -- --50756
4/4/2026 11:55:18 AM | * WEFiles/Image/WEImage/19-argent-WE053a547865.jpg-- -- --24102
4/4/2026 11:55:18 AM | * Backup/Cartomancie/Belline/20-Argent.dat-- -- --279856
4/4/2026 11:55:18 AM | * Cartomancie/Belline/20-Argent.php-- -- --29419
4/4/2026 11:55:18 AM | * Cartomancie/Belline/21-Intelligence(var).js-- -- --171
4/4/2026 11:55:18 AM | * Cartomancie/Belline/21-Intelligence.css-- -- --1273
4/4/2026 11:55:18 AM | * Files/Image/Belline/20-intelligence.jpg-- -- --51868
4/4/2026 11:55:18 AM | * WEFiles/Image/WEImage/20-intelligence-WEdf8b369242.jpg-- -- --24724
4/4/2026 11:55:18 AM | * Backup/Cartomancie/Belline/21-Intelligence.dat-- -- --280317
4/4/2026 11:55:18 AM | * Cartomancie/Belline/21-Intelligence.php-- -- --29892
4/4/2026 11:55:18 AM | * Cartomancie/Belline/22-Vol(var).js-- -- --171
4/4/2026 11:55:18 AM | * Cartomancie/Belline/22-Vol.css-- -- --1273
4/4/2026 11:55:18 AM | * Files/Image/Belline/21-vol.jpg-- -- --53944
4/4/2026 11:55:18 AM | * WEFiles/Image/WEImage/21-vol-WEc97603b0f7.jpg-- -- --25403
4/4/2026 11:55:18 AM | * Backup/Cartomancie/Belline/22-Vol.dat-- -- --279598
4/4/2026 11:55:18 AM | * Cartomancie/Belline/22-Vol.php-- -- --29579
4/4/2026 11:55:18 AM | * Cartomancie/Belline/23-Entreprises(var).js-- -- --171
4/4/2026 11:55:18 AM | * Cartomancie/Belline/23-Entreprises.css-- -- --1273
4/4/2026 11:55:18 AM | * Files/Image/Belline/22-entreprises.jpg-- -- --52957
4/4/2026 11:55:18 AM | * WEFiles/Image/WEImage/22-entreprises-WE6f56d8eec0.jpg-- -- --25022
4/4/2026 11:55:18 AM | * Backup/Cartomancie/Belline/23-Entreprises.dat-- -- --280021
4/4/2026 11:55:18 AM | * Cartomancie/Belline/23-Entreprises.php-- -- --29603
4/4/2026 11:55:18 AM | * Cartomancie/Belline/24-Trafic(var).js-- -- --171
4/4/2026 11:55:18 AM | * Cartomancie/Belline/24-Trafic.css-- -- --1273
4/4/2026 11:55:18 AM | * Files/Image/Belline/23-trafic.jpg-- -- --51472
4/4/2026 11:55:18 AM | * WEFiles/Image/WEImage/23-trafic-WE9a2fafe4e8.jpg-- -- --24645
4/4/2026 11:55:18 AM | * Backup/Cartomancie/Belline/24-Trafic.dat-- -- --279984
4/4/2026 11:55:18 AM | * Cartomancie/Belline/24-Trafic.php-- -- --29547
4/4/2026 11:55:18 AM | * Cartomancie/Belline/25-Nouvelle(var).js-- -- --171
4/4/2026 11:55:18 AM | * Cartomancie/Belline/25-Nouvelle.css-- -- --1273
4/4/2026 11:55:18 AM | * Files/Image/Belline/24-nouvelle.jpg-- -- --50017
4/4/2026 11:55:18 AM | * WEFiles/Image/WEImage/24-nouvelle-WEdb013868cf.jpg-- -- --23787
4/4/2026 11:55:18 AM | * Backup/Cartomancie/Belline/25-Nouvelle.dat-- -- --279686
4/4/2026 11:55:18 AM | * Cartomancie/Belline/25-Nouvelle.php-- -- --29262
4/4/2026 11:55:18 AM | * Cartomancie/Belline/26-Plaisirs(var).js-- -- --171
4/4/2026 11:55:18 AM | * Cartomancie/Belline/26-Plaisirs.css-- -- --1274
4/4/2026 11:55:18 AM | * Files/Image/Belline/25-plaisirs.jpg-- -- --47509
4/4/2026 11:55:18 AM | * WEFiles/Image/WEImage/25-plaisirs-WE8f66d8199f.jpg-- -- --22794
4/4/2026 11:55:18 AM | * WEFiles/Image/WEImage/Gauche-WE045c21b54f.png-- -- --3375
4/4/2026 11:55:18 AM | * Backup/Cartomancie/Belline/26-Plaisirs.dat-- -- --279889
4/4/2026 11:55:18 AM | * Cartomancie/Belline/26-Plaisirs.php-- -- --29464
4/4/2026 11:55:18 AM | * Cartomancie/Belline/27-Paix(var).js-- -- --171
4/4/2026 11:55:18 AM | * Cartomancie/Belline/27-Paix.css-- -- --1273
4/4/2026 11:55:18 AM | * Files/Image/Belline/26-paix.jpg-- -- --50619
4/4/2026 11:55:18 AM | * WEFiles/Image/WEImage/26-paix-WEe5fcdff509.jpg-- -- --24114
4/4/2026 11:55:18 AM | * Backup/Cartomancie/Belline/27-Paix.dat-- -- --280373
4/4/2026 11:55:18 AM | * Cartomancie/Belline/27-Paix.php-- -- --29941
4/4/2026 11:55:18 AM | * Cartomancie/Belline/28-Union(var).js-- -- --171
4/4/2026 11:55:18 AM | * Cartomancie/Belline/28-Union.css-- -- --1273
4/4/2026 11:55:18 AM | * Files/Image/Belline/27-union.jpg-- -- --47738
4/4/2026 11:55:18 AM | * WEFiles/Image/WEImage/27-union-WEad02825a0e.jpg-- -- --23044
4/4/2026 11:55:18 AM | * Backup/Cartomancie/Belline/28-Union.dat-- -- --279866
4/4/2026 11:55:18 AM | * Cartomancie/Belline/28-Union.php-- -- --29406
4/4/2026 11:55:18 AM | * Cartomancie/Belline/29-Famille(var).js-- -- --171
4/4/2026 11:55:18 AM | * Cartomancie/Belline/29-Famille.css-- -- --1273
4/4/2026 11:55:18 AM | * Files/Image/Belline/28-famille.jpg-- -- --46697
4/4/2026 11:55:18 AM | * WEFiles/Image/WEImage/28-famille-WE5facdf729a.jpg-- -- --22309
4/4/2026 11:55:18 AM | * Backup/Cartomancie/Belline/29-Famille.dat-- -- --279977
4/4/2026 11:55:18 AM | * Cartomancie/Belline/29-Famille.php-- -- --29551
4/4/2026 11:55:18 AM | * Cartomancie/Belline/30-Amor(var).js-- -- --171
4/4/2026 11:55:18 AM | * Cartomancie/Belline/30-Amor.css-- -- --1274
4/4/2026 11:55:18 AM | * Files/Image/Belline/29-amour.jpg-- -- --52481
4/4/2026 11:55:18 AM | * WEFiles/Image/WEImage/29-amour-WE2e0460cf1e.jpg-- -- --24450
4/4/2026 11:55:18 AM | * Backup/Cartomancie/Belline/30-Amor.dat-- -- --279966
4/4/2026 11:55:18 AM | * Cartomancie/Belline/30-Amor.php-- -- --29532
4/4/2026 11:55:18 AM | * Cartomancie/Belline/31-Table(var).js-- -- --171
4/4/2026 11:55:18 AM | * Cartomancie/Belline/31-Table.css-- -- --1273
4/4/2026 11:55:18 AM | * Files/Image/Belline/30-table.jpg-- -- --51287
4/4/2026 11:55:18 AM | * WEFiles/Image/WEImage/30-table-WE07374451a8.jpg-- -- --24304
4/4/2026 11:55:18 AM | * Backup/Cartomancie/Belline/31-Table.dat-- -- --279950
4/4/2026 11:55:18 AM | * Cartomancie/Belline/31-Table.php-- -- --29520
4/4/2026 11:55:18 AM | * Cartomancie/Belline/32-Passions(var).js-- -- --171
4/4/2026 11:55:18 AM | * Cartomancie/Belline/32-Passions.css-- -- --1274
4/4/2026 11:55:18 AM | * Files/Image/Belline/31-passions.jpg-- -- --53512
4/4/2026 11:55:18 AM | * WEFiles/Image/WEImage/31-passions-WE1d4defad7a.jpg-- -- --25197
4/4/2026 11:55:18 AM | * Backup/Cartomancie/Belline/32-Passions.dat-- -- --280354
4/4/2026 11:55:18 AM | * Cartomancie/Belline/32-Passions.php-- -- --29929
4/4/2026 11:55:18 AM | * Cartomancie/Belline/33-Mechancete(var).js-- -- --239
4/4/2026 11:55:18 AM | * Cartomancie/Belline/33-Mechancete.css-- -- --1327
4/4/2026 11:55:18 AM | * Files/Image/Belline/32-mechancete.jpg-- -- --48491
4/4/2026 11:55:18 AM | * WEFiles/Image/WEImage/32-mechancete-WE58835079a0.jpg-- -- --23365
4/4/2026 11:55:18 AM | * Backup/Cartomancie/Belline/33-Mechancete.dat-- -- --300813
4/4/2026 11:55:18 AM | * Cartomancie/Belline/33-Mechancete.php-- -- --29470
4/4/2026 11:55:18 AM | * Cartomancie/Belline/34-Proces(var).js-- -- --171
4/4/2026 11:55:18 AM | * Cartomancie/Belline/34-Proces.css-- -- --1274
4/4/2026 11:55:18 AM | * Files/Image/Belline/33-proces.jpg-- -- --45396
4/4/2026 11:55:18 AM | * WEFiles/Image/WEImage/33-proces-WEcf460c5806.jpg-- -- --21986
4/4/2026 11:55:18 AM | * Backup/Cartomancie/Belline/34-Proces.dat-- -- --279916
4/4/2026 11:55:18 AM | * Cartomancie/Belline/34-Proces.php-- -- --29487
4/4/2026 11:55:18 AM | * Cartomancie/Belline/35-Despotisme(var).js-- -- --171
4/4/2026 11:55:18 AM | * Cartomancie/Belline/35-Despotisme.css-- -- --1274
4/4/2026 11:55:18 AM | * Files/Image/Belline/34-despotisme.jpg-- -- --48615
4/4/2026 11:55:18 AM | * WEFiles/Image/WEImage/34-despotisme-WE564b200078.jpg-- -- --23531
4/4/2026 11:55:18 AM | * Backup/Cartomancie/Belline/35-Despotisme.dat-- -- --280074
4/4/2026 11:55:18 AM | * Cartomancie/Belline/35-Despotisme.php-- -- --29644
4/4/2026 11:55:18 AM | * Cartomancie/Belline/36-Ennemis(var).js-- -- --171
4/4/2026 11:55:18 AM | * Cartomancie/Belline/36-Ennemis.css-- -- --1273
4/4/2026 11:55:18 AM | * Files/Image/Belline/35-ennemis.jpg-- -- --42674
4/4/2026 11:55:18 AM | * WEFiles/Image/WEImage/35-ennemis-WE41f429de7d.jpg-- -- --20736
4/4/2026 11:55:18 AM | * Backup/Cartomancie/Belline/36-Ennemis.dat-- -- --280092
4/4/2026 11:55:18 AM | * Cartomancie/Belline/36-Ennemis.php-- -- --29579
4/4/2026 11:55:18 AM | * Cartomancie/Belline/37-Pourparlers(var).js-- -- --171
4/4/2026 11:55:18 AM | * Cartomancie/Belline/37-Pourparlers.css-- -- --1274
4/4/2026 11:55:18 AM | * Files/Image/Belline/36-pourparlers.jpg-- -- --53037
4/4/2026 11:55:18 AM | * WEFiles/Image/WEImage/36-pourparlers-WE8da72345ea.jpg-- -- --25242
4/4/2026 11:55:18 AM | * Backup/Cartomancie/Belline/37-Pourparlers.dat-- -- --280078
4/4/2026 11:55:18 AM | * Cartomancie/Belline/37-Pourparlers.php-- -- --29659
4/4/2026 11:55:18 AM | * Cartomancie/Belline/38-Feu(var).js-- -- --171
4/4/2026 11:55:18 AM | * Cartomancie/Belline/38-Feu.css-- -- --1273
4/4/2026 11:55:18 AM | * Files/Image/Belline/37-feu.jpg-- -- --55183
4/4/2026 11:55:18 AM | * WEFiles/Image/WEImage/37-feu-WEa0313bc98d.jpg-- -- --26008
4/4/2026 11:55:18 AM | * Backup/Cartomancie/Belline/38-Feu.dat-- -- --280003
4/4/2026 11:55:18 AM | * Cartomancie/Belline/38-Feu.php-- -- --29569
4/4/2026 11:55:18 AM | * Cartomancie/Belline/39-Accident(var).js-- -- --171
4/4/2026 11:55:18 AM | * Cartomancie/Belline/39-Accident.css-- -- --1273
4/4/2026 11:55:18 AM | * Files/Image/Belline/38-accident.jpg-- -- --56740
4/4/2026 11:55:18 AM | * WEFiles/Image/WEImage/38-accident-WEc747a262c9.jpg-- -- --26775
4/4/2026 11:55:18 AM | * Backup/Cartomancie/Belline/39-Accident.dat-- -- --280155
4/4/2026 11:55:18 AM | * Cartomancie/Belline/39-Accident.php-- -- --29714
4/4/2026 11:55:18 AM | * Cartomancie/Belline/40-Appui(var).js-- -- --171
4/4/2026 11:55:18 AM | * Cartomancie/Belline/40-Appui.css-- -- --1274
4/4/2026 11:55:18 AM | * Files/Image/Belline/39-appui.jpg-- -- --50045
4/4/2026 11:55:18 AM | * WEFiles/Image/WEImage/39-appui-WE4f2e549802.jpg-- -- --23885
4/4/2026 11:55:18 AM | * Backup/Cartomancie/Belline/40-Appui.dat-- -- --279932
4/4/2026 11:55:18 AM | * Cartomancie/Belline/40-Appui.php-- -- --29501
4/4/2026 11:55:18 AM | * Cartomancie/Belline/41-Beaute(var).js-- -- --171
4/4/2026 11:55:18 AM | * Cartomancie/Belline/41-Beaute.css-- -- --1273
4/4/2026 11:55:18 AM | * Files/Image/Belline/40-beaute.jpg-- -- --46319
4/4/2026 11:55:18 AM | * WEFiles/Image/WEImage/40-beaute-WEe27f480757.jpg-- -- --22559
4/4/2026 11:55:18 AM | * Backup/Cartomancie/Belline/41-Beaute.dat-- -- --279670
4/4/2026 11:55:18 AM | * Cartomancie/Belline/41-Beaute.php-- -- --29657
4/4/2026 11:55:18 AM | * Cartomancie/Belline/42-Heritage(var).js-- -- --171
4/4/2026 11:55:18 AM | * Cartomancie/Belline/42-Heritage.css-- -- --1273
4/4/2026 11:55:18 AM | * Files/Image/Belline/41-heritage.jpg-- -- --49041
4/4/2026 11:55:18 AM | * WEFiles/Image/WEImage/41-heritage-WE2f224978dc.jpg-- -- --23333
4/4/2026 11:55:18 AM | * Backup/Cartomancie/Belline/42-Heritage.dat-- -- --280032
4/4/2026 11:55:18 AM | * Cartomancie/Belline/42-Heritage.php-- -- --29599
4/4/2026 11:55:18 AM | * Cartomancie/Belline/43-Sagesse(var).js-- -- --171
4/4/2026 11:55:18 AM | * Cartomancie/Belline/43-Sagesse.css-- -- --1273
4/4/2026 11:55:18 AM | * Files/Image/Belline/42-sagesse.jpg-- -- --49614
4/4/2026 11:55:18 AM | * WEFiles/Image/WEImage/42-sagesse-WE958233075f.jpg-- -- --23422
4/4/2026 11:55:18 AM | * Backup/Cartomancie/Belline/43-Sagesse.dat-- -- --280024
4/4/2026 11:55:18 AM | * Cartomancie/Belline/43-Sagesse.php-- -- --29589
4/4/2026 11:55:18 AM | * Cartomancie/Belline/44-Renommee(var).js-- -- --171
4/4/2026 11:55:18 AM | * Cartomancie/Belline/44-Renommee.css-- -- --1273
4/4/2026 11:55:18 AM | * Files/Image/Belline/43-renommee.jpg-- -- --49669
4/4/2026 11:55:18 AM | * WEFiles/Image/WEImage/43-renommee-WE924cdf31ea.jpg-- -- --23964
4/4/2026 11:55:18 AM | * Backup/Cartomancie/Belline/44-Renommee.dat-- -- --280035
4/4/2026 11:55:18 AM | * Cartomancie/Belline/44-Renommee.php-- -- --29602
4/4/2026 11:55:18 AM | * Cartomancie/Belline/45-Hasard(var).js-- -- --171
4/4/2026 11:55:18 AM | * Cartomancie/Belline/45-Hasard.css-- -- --1273
4/4/2026 11:55:18 AM | * Files/Image/Belline/44-hazard.jpg-- -- --45993
4/4/2026 11:55:18 AM | * WEFiles/Image/WEImage/44-hazard-WE82e792245f.jpg-- -- --22177
4/4/2026 11:55:18 AM | * Backup/Cartomancie/Belline/45-Hasard.dat-- -- --280019
4/4/2026 11:55:18 AM | * Cartomancie/Belline/45-Hasard.php-- -- --29582
4/4/2026 11:55:18 AM | * Cartomancie/Belline/46-Bonheur(var).js-- -- --171
4/4/2026 11:55:18 AM | * Cartomancie/Belline/46-Bonheur.css-- -- --1273
4/4/2026 11:55:18 AM | * Files/Image/Belline/45-bonheur.jpg-- -- --46424
4/4/2026 11:55:18 AM | * WEFiles/Image/WEImage/45-bonheur-WEc95915f98e.jpg-- -- --21930
4/4/2026 11:55:18 AM | * Backup/Cartomancie/Belline/46-Bonheur.dat-- -- --279880
4/4/2026 11:55:18 AM | * Cartomancie/Belline/46-Bonheur.php-- -- --29445
4/4/2026 11:55:18 AM | * Cartomancie/Belline/47-Infortune(var).js-- -- --171
4/4/2026 11:55:18 AM | * Cartomancie/Belline/47-Infortune.css-- -- --1273
4/4/2026 11:55:18 AM | * Files/Image/Belline/46-infortune.jpg-- -- --47621
4/4/2026 11:55:18 AM | * WEFiles/Image/WEImage/46-infortune-WE5d62def407.jpg-- -- --22937
4/4/2026 11:55:18 AM | * WEFiles/Image/WEImage/Accueil-WEa77a5074e1.png-- -- --4763
4/4/2026 11:55:18 AM | * Backup/Cartomancie/Belline/47-Infortune.dat-- -- --280286
4/4/2026 11:55:18 AM | * Cartomancie/Belline/47-Infortune.php-- -- --29855
4/4/2026 11:55:18 AM | * Cartomancie/Belline/48-Sterilite(var).js-- -- --171
4/4/2026 11:55:18 AM | * Cartomancie/Belline/48-Sterilite.css-- -- --1274
4/4/2026 11:55:18 AM | * Files/Image/Belline/47-sterilite.jpg-- -- --44699
4/4/2026 11:55:18 AM | * WEFiles/Image/WEImage/47-sterilite-WE7596d751f9.jpg-- -- --21693
4/4/2026 11:55:18 AM | * Backup/Cartomancie/Belline/48-Sterilite.dat-- -- --279996
4/4/2026 11:55:18 AM | * Cartomancie/Belline/48-Sterilite.php-- -- --29564
4/4/2026 11:55:18 AM | * Cartomancie/Belline/49-Fatalite(var).js-- -- --171
4/4/2026 11:55:18 AM | * Cartomancie/Belline/49-Fatalite.css-- -- --1274
4/4/2026 11:55:18 AM | * Files/Image/Belline/48-fatalite.jpg-- -- --29272
4/4/2026 11:55:18 AM | * WEFiles/Image/WEImage/48-fatalite-WE677a64e2ba.jpg-- -- --22502
4/4/2026 11:55:18 AM | * Backup/Cartomancie/Belline/49-Fatalite.dat-- -- --280191
4/4/2026 11:55:18 AM | * Cartomancie/Belline/49-Fatalite.php-- -- --29756
4/4/2026 11:55:18 AM | * Cartomancie/Belline/50-Grace(var).js-- -- --171
4/4/2026 11:55:18 AM | * Cartomancie/Belline/50-Grace.css-- -- --1273
4/4/2026 11:55:18 AM | * Files/Image/Belline/49-grace.jpg-- -- --50573
4/4/2026 11:55:18 AM | * WEFiles/Image/WEImage/49-grace-WE7399a0d371.jpg-- -- --24306
4/4/2026 11:55:18 AM | * Backup/Cartomancie/Belline/50-Grace.dat-- -- --280220
4/4/2026 11:55:18 AM | * Cartomancie/Belline/50-Grace.php-- -- --29764
4/4/2026 11:55:18 AM | * Cartomancie/Belline/51-Ruine(var).js-- -- --171
4/4/2026 11:55:18 AM | * Cartomancie/Belline/51-Ruine.css-- -- --1273
4/4/2026 11:55:18 AM | * Files/Image/Belline/50-ruine.jpg-- -- --30533
4/4/2026 11:55:18 AM | * WEFiles/Image/WEImage/50-ruine-WE557b30045a.jpg-- -- --23585
4/4/2026 11:55:18 AM | * Backup/Cartomancie/Belline/51-Ruine.dat-- -- --280618
4/4/2026 11:55:18 AM | * Cartomancie/Belline/51-Ruine.php-- -- --30067
4/4/2026 11:55:18 AM | * Cartomancie/Belline/52-Retard(var).js-- -- --171
4/4/2026 11:55:18 AM | * Cartomancie/Belline/52-Retard.css-- -- --1273
4/4/2026 11:55:18 AM | * Files/Image/Belline/51-retard.jpg-- -- --28171
4/4/2026 11:55:18 AM | * WEFiles/Image/WEImage/51-retard-WEda10aef84b.jpg-- -- --21463
4/4/2026 11:55:18 AM | * Backup/Cartomancie/Belline/52-Retard.dat-- -- --279648
4/4/2026 11:55:18 AM | * Cartomancie/Belline/52-Retard.php-- -- --29203
4/4/2026 11:55:18 AM | * Cartomancie/Belline/53-Cloitre(var).js-- -- --171
4/4/2026 11:55:18 AM | * Cartomancie/Belline/53-Cloitre.css-- -- --1273
4/4/2026 11:55:18 AM | * Files/Image/Belline/52-cloitre.jpg-- -- --30088
4/4/2026 11:55:18 AM | * WEFiles/Image/WEImage/52-cloitre-WEf5808988d6.jpg-- -- --22975
4/4/2026 11:55:18 AM | * Backup/Cartomancie/Belline/53-Cloitre.dat-- -- --280155
4/4/2026 11:55:18 AM | * Cartomancie/Belline/53-Cloitre.php-- -- --29703
4/4/2026 11:55:18 AM | * Cartomancie/Belline/Accueil(var).js-- -- --171
4/4/2026 11:55:18 AM | * Cartomancie/Belline/Accueil.css-- -- --8991
4/4/2026 11:55:18 AM | * Files/Image/Accueil/Belline.png-- -- --100149
4/4/2026 11:55:18 AM | * WEFiles/Image/WEImage/Belline-WEf6194c7975.png-- -- --43735
4/4/2026 11:55:18 AM | * WEFiles/Image/WEImage/0-carte-bleue-WEc3945add51.jpg-- -- --16621
4/4/2026 11:55:18 AM | * WEFiles/Image/WEImage/1-la-destinee-WEf233dfae72.jpg-- -- --21266
4/4/2026 11:55:18 AM | * WEFiles/Image/WEImage/2-etoile-homme-WEa09ac3f13d.jpg-- -- --23876
4/4/2026 11:55:18 AM | * WEFiles/Image/WEImage/3-etoile-femme-WEadca021082.jpg-- -- --22055
4/4/2026 11:55:18 AM | * WEFiles/Image/WEImage/4-nativite-WEe56c1186ee.jpg-- -- --21299
4/4/2026 11:55:18 AM | * WEFiles/Image/WEImage/5-reussite-WE8821b48006.jpg-- -- --22099
4/4/2026 11:55:18 AM | * WEFiles/Image/WEImage/6-elevation-WE298015b596.jpg-- -- --22680
4/4/2026 11:55:18 AM | * WEFiles/Image/WEImage/7-honneurs-WEf4683512e6.jpg-- -- --22827
4/4/2026 11:55:18 AM | * WEFiles/Image/WEImage/8-pensee-WE06228c5547.jpg-- -- --25121
4/4/2026 11:55:18 AM | * WEFiles/Image/WEImage/9-campagne-WEbc262a8f77.jpg-- -- --25704
4/4/2026 11:55:18 AM | * WEFiles/Image/WEImage/10-presents-WEc2a723d78a.jpg-- -- --24195
4/4/2026 11:55:18 AM | * WEFiles/Image/WEImage/11-trahison-WEd19ffd4f04.jpg-- -- --23947
4/4/2026 11:55:18 AM | * WEFiles/Image/WEImage/12-depart-WE83f11ef897.jpg-- -- --24438
4/4/2026 11:55:18 AM | * WEFiles/Image/WEImage/13-inconstance-WEac199f1e20.jpg-- -- --24925
4/4/2026 11:55:18 AM | * WEFiles/Image/WEImage/14-decouverte-WE3eb8a0bbe2.jpg-- -- --23883
4/4/2026 11:55:18 AM | * WEFiles/Image/WEImage/15-eau-WE491620894a.jpg-- -- --23399
4/4/2026 11:55:18 AM | * WEFiles/Image/WEImage/16-penates-WEd567c5febb.jpg-- -- --24339
4/4/2026 11:55:18 AM | * WEFiles/Image/WEImage/17-maladie-WEdf3066514c.jpg-- -- --24821
4/4/2026 11:55:18 AM | * WEFiles/Image/WEImage/18-changement-WE2330abd838.jpg-- -- --25355
4/4/2026 11:55:18 AM | * WEFiles/Image/WEImage/19-argent-WEa6bd4d68ad.jpg-- -- --24102
4/4/2026 11:55:18 AM | * WEFiles/Image/WEImage/20-intelligence-WE18c06556ce.jpg-- -- --24724
4/4/2026 11:55:18 AM | * WEFiles/Image/WEImage/21-vol-WE8f7c80bfdb.jpg-- -- --25403
4/4/2026 11:55:18 AM | * WEFiles/Image/WEImage/22-entreprises-WE3913e007cc.jpg-- -- --25022
4/4/2026 11:55:18 AM | * WEFiles/Image/WEImage/23-trafic-WEfec3576937.jpg-- -- --24645
4/4/2026 11:55:18 AM | * WEFiles/Image/WEImage/24-nouvelle-WEc4f3d6cf19.jpg-- -- --23787
4/4/2026 11:55:18 AM | * WEFiles/Image/WEImage/25-plaisirs-WE27672598b2.jpg-- -- --22794
4/4/2026 11:55:18 AM | * WEFiles/Image/WEImage/26-paix-WE102fecc1bf.jpg-- -- --24114
4/4/2026 11:55:18 AM | * WEFiles/Image/WEImage/27-union-WEd1f095fa5c.jpg-- -- --23044
4/4/2026 11:55:18 AM | * WEFiles/Image/WEImage/28-famille-WE7c74916ae3.jpg-- -- --22309
4/4/2026 11:55:18 AM | * WEFiles/Image/WEImage/29-amour-WEb36d46c32a.jpg-- -- --24450
4/4/2026 11:55:18 AM | * WEFiles/Image/WEImage/30-table-WE7ca0d9284d.jpg-- -- --24304
4/4/2026 11:55:18 AM | * WEFiles/Image/WEImage/31-passions-WE1bc78495f3.jpg-- -- --25197
4/4/2026 11:55:18 AM | * WEFiles/Image/WEImage/32-mechancete-WE9f6fc111bc.jpg-- -- --23365
4/4/2026 11:55:18 AM | * WEFiles/Image/WEImage/33-proces-WE12cb82bffa.jpg-- -- --21986
4/4/2026 11:55:18 AM | * WEFiles/Image/WEImage/34-despotisme-WEd989c2635f.jpg-- -- --23531
4/4/2026 11:55:18 AM | * WEFiles/Image/WEImage/35-ennemis-WE0b86c73eb3.jpg-- -- --20736
4/4/2026 11:55:18 AM | * WEFiles/Image/WEImage/36-pourparlers-WEda9ca58e95.jpg-- -- --25242
4/4/2026 11:55:18 AM | * WEFiles/Image/WEImage/37-feu-WE006d341622.jpg-- -- --26008
4/4/2026 11:55:18 AM | * WEFiles/Image/WEImage/38-accident-WEaf6192ffe7.jpg-- -- --26775
4/4/2026 11:55:18 AM | * WEFiles/Image/WEImage/39-appui-WEa446aa5b93.jpg-- -- --23885
4/4/2026 11:55:18 AM | * WEFiles/Image/WEImage/40-beaute-WEa1b086d7ad.jpg-- -- --22559
4/4/2026 11:55:18 AM | * WEFiles/Image/WEImage/41-heritage-WEf0b2b8f8e9.jpg-- -- --23333
4/4/2026 11:55:18 AM | * WEFiles/Image/WEImage/42-sagesse-WE1253733d27.jpg-- -- --23422
4/4/2026 11:55:18 AM | * WEFiles/Image/WEImage/43-renommee-WE9b99bf85fd.jpg-- -- --23964
4/4/2026 11:55:18 AM | * WEFiles/Image/WEImage/44-hazard-WEa862356204.jpg-- -- --22177
4/4/2026 11:55:18 AM | * WEFiles/Image/WEImage/45-bonheur-WEd1bfeb508a.jpg-- -- --21930
4/4/2026 11:55:18 AM | * WEFiles/Image/WEImage/46-infortune-WEfdcda75616.jpg-- -- --22937
4/4/2026 11:55:18 AM | * WEFiles/Image/WEImage/47-sterilite-WE7826cf93c1.jpg-- -- --21693
4/4/2026 11:55:18 AM | * WEFiles/Image/WEImage/48-fatalite-WEf9d6375eda.jpg-- -- --22502
4/4/2026 11:55:18 AM | * WEFiles/Image/WEImage/49-grace-WE8057268386.jpg-- -- --24306
4/4/2026 11:55:18 AM | * WEFiles/Image/WEImage/50-ruine-WEdb085c3830.jpg-- -- --23585
4/4/2026 11:55:18 AM | * WEFiles/Image/WEImage/51-retard-WE4770478a8c.jpg-- -- --21463
4/4/2026 11:55:18 AM | * WEFiles/Image/WEImage/52-cloitre-WE654bc55bc8.jpg-- -- --22975
4/4/2026 11:55:18 AM | * Backup/Cartomancie/Belline/Accueil.dat-- -- --2233201
4/4/2026 11:55:18 AM | * Cartomancie/Belline/Accueil.php-- -- --64191
4/4/2026 11:55:18 AM | * Cartomancie/Tarots/01-Fou(var).js-- -- --171
4/4/2026 11:55:18 AM | * Cartomancie/Tarots/01-Fou.css-- -- --1196
4/4/2026 11:55:18 AM | * Files/Image/Tarot/22-fou.jpg-- -- --49103
4/4/2026 11:55:18 AM | * WEFiles/Image/WEImage/22-fou-WE136dcac669.jpg-- -- --28658
4/4/2026 11:55:18 AM | * Backup/Cartomancie/Tarots/01-Fou.dat-- -- --280330
4/4/2026 11:55:18 AM | * Cartomancie/Tarots/01-Fou.php-- -- --29951
4/4/2026 11:55:18 AM | * Cartomancie/Tarots/02-Bateleur(var).js-- -- --171
4/4/2026 11:55:18 AM | * Cartomancie/Tarots/02-Bateleur.css-- -- --1196
4/4/2026 11:55:18 AM | * Files/Image/Tarot/01-bateleur.jpg-- -- --60179
4/4/2026 11:55:18 AM | * WEFiles/Image/WEImage/01-bateleur-WE7ba46fd908.jpg-- -- --29203
4/4/2026 11:55:18 AM | * Backup/Cartomancie/Tarots/02-Bateleur.dat-- -- --279915
4/4/2026 11:55:18 AM | * Cartomancie/Tarots/02-Bateleur.php-- -- --29539
4/4/2026 11:55:18 AM | * Cartomancie/Tarots/03-Papesse(var).js-- -- --171
4/4/2026 11:55:18 AM | * Cartomancie/Tarots/03-Papesse.css-- -- --1196
4/4/2026 11:55:18 AM | * Files/Image/Tarot/02-papesse.jpg-- -- --56822
4/4/2026 11:55:18 AM | * WEFiles/Image/WEImage/02-papesse-WEffbcc116e6.jpg-- -- --26381
4/4/2026 11:55:18 AM | * Backup/Cartomancie/Tarots/03-Papesse.dat-- -- --280145
4/4/2026 11:55:18 AM | * Cartomancie/Tarots/03-Papesse.php-- -- --29765
4/4/2026 11:55:18 AM | * Cartomancie/Tarots/04-Imperatrice(var).js-- -- --171
4/4/2026 11:55:18 AM | * Cartomancie/Tarots/04-Imperatrice.css-- -- --1196
4/4/2026 11:55:18 AM | * Files/Image/Tarot/03-imperatrice.jpg-- -- --59019
4/4/2026 11:55:18 AM | * WEFiles/Image/WEImage/03-imperatrice-WEd20130df2e.jpg-- -- --26848
4/4/2026 11:55:18 AM | * Backup/Cartomancie/Tarots/04-Imperatrice.dat-- -- --280660
4/4/2026 11:55:18 AM | * Cartomancie/Tarots/04-Imperatrice.php-- -- --30297
4/4/2026 11:55:18 AM | * Cartomancie/Tarots/05-Empereur(var).js-- -- --171
4/4/2026 11:55:18 AM | * Cartomancie/Tarots/05-Empereur.css-- -- --1196
4/4/2026 11:55:18 AM | * Files/Image/Tarot/04-empereur.jpg-- -- --46967
4/4/2026 11:55:18 AM | * WEFiles/Image/WEImage/04-empereur-WE1973b16bec.jpg-- -- --26975
4/4/2026 11:55:18 AM | * Backup/Cartomancie/Tarots/05-Empereur.dat-- -- --280259
4/4/2026 11:55:18 AM | * Cartomancie/Tarots/05-Empereur.php-- -- --29890
4/4/2026 11:55:18 AM | * Cartomancie/Tarots/06-Pape(var).js-- -- --171
4/4/2026 11:55:18 AM | * Cartomancie/Tarots/06-Pape.css-- -- --1196
4/4/2026 11:55:18 AM | * Files/Image/Tarot/05-pape.jpg-- -- --49323
4/4/2026 11:55:18 AM | * WEFiles/Image/WEImage/05-pape-WE15db416ce2.jpg-- -- --27280
4/4/2026 11:55:18 AM | * Backup/Cartomancie/Tarots/06-Pape.dat-- -- --280455
4/4/2026 11:55:18 AM | * Cartomancie/Tarots/06-Pape.php-- -- --30061
4/4/2026 11:55:18 AM | * Cartomancie/Tarots/07-Amoureux(var).js-- -- --171
4/4/2026 11:55:18 AM | * Cartomancie/Tarots/07-Amoureux.css-- -- --1273
4/4/2026 11:55:18 AM | * Files/Image/Tarot/06-amoureux.jpg-- -- --52712
4/4/2026 11:55:18 AM | * WEFiles/Image/WEImage/06-amoureux-WE4530543429.jpg-- -- --29769
4/4/2026 11:55:18 AM | * Backup/Cartomancie/Tarots/07-Amoureux.dat-- -- --280352
4/4/2026 11:55:18 AM | * Cartomancie/Tarots/07-Amoureux.php-- -- --29886
4/4/2026 11:55:18 AM | * Cartomancie/Tarots/08-Chariot(var).js-- -- --171
4/4/2026 11:55:18 AM | * Cartomancie/Tarots/08-Chariot.css-- -- --1273
4/4/2026 11:55:18 AM | * Files/Image/Tarot/07-chariot.jpg-- -- --55433
4/4/2026 11:55:18 AM | * WEFiles/Image/WEImage/07-chariot-WEd8c2907bbd.jpg-- -- --30148
4/4/2026 11:55:18 AM | * Backup/Cartomancie/Tarots/08-Chariot.dat-- -- --280845
4/4/2026 11:55:18 AM | * Cartomancie/Tarots/08-Chariot.php-- -- --30307
4/4/2026 11:55:18 AM | * Cartomancie/Tarots/09-Justice(var).js-- -- --171
4/4/2026 11:55:18 AM | * Cartomancie/Tarots/09-Justice.css-- -- --1273
4/4/2026 11:55:18 AM | * Files/Image/Tarot/08-justice.jpg-- -- --50298
4/4/2026 11:55:18 AM | * WEFiles/Image/WEImage/08-justice-WEddbe1ff53a.jpg-- -- --27418
4/4/2026 11:55:18 AM | * Backup/Cartomancie/Tarots/09-Justice.dat-- -- --280743
4/4/2026 11:55:18 AM | * Cartomancie/Tarots/09-Justice.php-- -- --30283
4/4/2026 11:55:18 AM | * Cartomancie/Tarots/10-Hermite(var).js-- -- --171
4/4/2026 11:55:18 AM | * Cartomancie/Tarots/10-Hermite.css-- -- --1273
4/4/2026 11:55:18 AM | * Files/Image/Tarot/09-hermite.jpg-- -- --43680
4/4/2026 11:55:18 AM | * WEFiles/Image/WEImage/09-hermite-WE2d6ce643e5.jpg-- -- --24687
4/4/2026 11:55:18 AM | * Backup/Cartomancie/Tarots/10-Hermite.dat-- -- --280755
4/4/2026 11:55:18 AM | * Cartomancie/Tarots/10-Hermite.php-- -- --30278
4/4/2026 11:55:18 AM | * Cartomancie/Tarots/11-Roue(var).js-- -- --171
4/4/2026 11:55:18 AM | * Cartomancie/Tarots/11-Roue.css-- -- --1273
4/4/2026 11:55:18 AM | * Files/Image/Tarot/10-roue-fortune.jpg-- -- --56967
4/4/2026 11:55:18 AM | * WEFiles/Image/WEImage/10-roue-fortune-WEe28df1c0c6.jpg-- -- --27106
4/4/2026 11:55:18 AM | * Backup/Cartomancie/Tarots/11-Roue.dat-- -- --280331
4/4/2026 11:55:18 AM | * Cartomancie/Tarots/11-Roue.php-- -- --29849
4/4/2026 11:55:18 AM | * Cartomancie/Tarots/12-Force(var).js-- -- --171
4/4/2026 11:55:18 AM | * Cartomancie/Tarots/12-Force.css-- -- --1273
4/4/2026 11:55:18 AM | * Files/Image/Tarot/11-force.jpg-- -- --45907
4/4/2026 11:55:18 AM | * WEFiles/Image/WEImage/11-force-WE786743e866.jpg-- -- --25591
4/4/2026 11:55:18 AM | * Backup/Cartomancie/Tarots/12-Force.dat-- -- --280199
4/4/2026 11:55:18 AM | * Cartomancie/Tarots/12-Force.php-- -- --29718
4/4/2026 11:55:18 AM | * Cartomancie/Tarots/13-Pendu(var).js-- -- --171
4/4/2026 11:55:18 AM | * Cartomancie/Tarots/13-Pendu.css-- -- --1273
4/4/2026 11:55:18 AM | * Files/Image/Tarot/12-pendu.jpg-- -- --43364
4/4/2026 11:55:18 AM | * WEFiles/Image/WEImage/12-pendu-WE50e41addc6.jpg-- -- --26041
4/4/2026 11:55:18 AM | * Backup/Cartomancie/Tarots/13-Pendu.dat-- -- --280055
4/4/2026 11:55:18 AM | * Cartomancie/Tarots/13-Pendu.php-- -- --29970
4/4/2026 11:55:18 AM | * Cartomancie/Tarots/14-Mort(var).js-- -- --171
4/4/2026 11:55:18 AM | * Cartomancie/Tarots/14-Mort.css-- -- --1273
4/4/2026 11:55:18 AM | * Files/Image/Tarot/13-mort.jpg-- -- --45509
4/4/2026 11:55:18 AM | * WEFiles/Image/WEImage/13-mort-WE4bd40d619d.jpg-- -- --26218
4/4/2026 11:55:18 AM | * Backup/Cartomancie/Tarots/14-Mort.dat-- -- --280242
4/4/2026 11:55:18 AM | * Cartomancie/Tarots/14-Mort.php-- -- --29768
4/4/2026 11:55:18 AM | * Cartomancie/Tarots/15-Temperance(var).js-- -- --171
4/4/2026 11:55:18 AM | * Cartomancie/Tarots/15-Temperance.css-- -- --1273
4/4/2026 11:55:18 AM | * Files/Image/Tarot/14-temperance.jpg-- -- --48281
4/4/2026 11:55:18 AM | * WEFiles/Image/WEImage/14-temperance-WE52d764d06b.jpg-- -- --27306
4/4/2026 11:55:18 AM | * Backup/Cartomancie/Tarots/15-Temperance.dat-- -- --279933
4/4/2026 11:55:18 AM | * Cartomancie/Tarots/15-Temperance.php-- -- --29903
4/4/2026 11:55:18 AM | * Cartomancie/Tarots/16-Diable(var).js-- -- --171
4/4/2026 11:55:18 AM | * Cartomancie/Tarots/16-Diable.css-- -- --1273
4/4/2026 11:55:18 AM | * Files/Image/Tarot/15-diable.jpg-- -- --52454
4/4/2026 11:55:18 AM | * WEFiles/Image/WEImage/15-diable-WEa540223994.jpg-- -- --29311
4/4/2026 11:55:18 AM | * Backup/Cartomancie/Tarots/16-Diable.dat-- -- --280388
4/4/2026 11:55:18 AM | * Cartomancie/Tarots/16-Diable.php-- -- --29909
4/4/2026 11:55:18 AM | * Cartomancie/Tarots/16-Maison-Dieu(var).js-- -- --171
4/4/2026 11:55:18 AM | * Cartomancie/Tarots/16-Maison-Dieu.css-- -- --1273
4/4/2026 11:55:18 AM | * Files/Image/Tarot/16-maison-dieu.jpg-- -- --56068
4/4/2026 11:55:18 AM | * WEFiles/Image/WEImage/16-maison-dieu-WE70b8e87b6b.jpg-- -- --31901
4/4/2026 11:55:18 AM | * Backup/Cartomancie/Tarots/16-Maison-Dieu.dat-- -- --280531
4/4/2026 11:55:18 AM | * Cartomancie/Tarots/16-Maison-Dieu.php-- -- --30062
4/4/2026 11:55:18 AM | * Cartomancie/Tarots/17-Etoile(var).js-- -- --171
4/4/2026 11:55:18 AM | * Cartomancie/Tarots/17-Etoile.css-- -- --1273
4/4/2026 11:55:18 AM | * Files/Image/Tarot/17-etoile.jpg-- -- --51159
4/4/2026 11:55:18 AM | * WEFiles/Image/WEImage/17-etoile-WE9b81b88cda.jpg-- -- --30082
4/4/2026 11:55:18 AM | * Backup/Cartomancie/Tarots/17-Etoile.dat-- -- --280238
4/4/2026 11:55:18 AM | * Cartomancie/Tarots/17-Etoile.php-- -- --29767
4/4/2026 11:55:18 AM | * Cartomancie/Tarots/18-Lune(var).js-- -- --171
4/4/2026 11:55:18 AM | * Cartomancie/Tarots/18-Lune.css-- -- --1273
4/4/2026 11:55:18 AM | * Files/Image/Tarot/18-lune.jpg-- -- --50288
4/4/2026 11:55:18 AM | * WEFiles/Image/WEImage/18-lune-WE9e5f9ab3bb.jpg-- -- --28283
4/4/2026 11:55:18 AM | * Backup/Cartomancie/Tarots/18-Lune.dat-- -- --280665
4/4/2026 11:55:18 AM | * Cartomancie/Tarots/18-Lune.php-- -- --30182
4/4/2026 11:55:18 AM | * Cartomancie/Tarots/19-Soleil(var).js-- -- --171
4/4/2026 11:55:18 AM | * Cartomancie/Tarots/19-Soleil.css-- -- --1273
4/4/2026 11:55:18 AM | * Files/Image/Tarot/19-soleil.jpg-- -- --56052
4/4/2026 11:55:18 AM | * WEFiles/Image/WEImage/19-soleil-WE99526f499a.jpg-- -- --30584
4/4/2026 11:55:18 AM | * Backup/Cartomancie/Tarots/19-Soleil.dat-- -- --280509
4/4/2026 11:55:18 AM | * Cartomancie/Tarots/19-Soleil.php-- -- --30030
4/4/2026 11:55:18 AM | * Cartomancie/Tarots/20-Jugement(var).js-- -- --171
4/4/2026 11:55:18 AM | * Cartomancie/Tarots/20-Jugement.css-- -- --1273
4/4/2026 11:55:18 AM | * Files/Image/Tarot/20-jugement.jpg-- -- --53817
4/4/2026 11:55:18 AM | * WEFiles/Image/WEImage/20-jugement-WE91df521314.jpg-- -- --30208
4/4/2026 11:55:18 AM | * Backup/Cartomancie/Tarots/20-Jugement.dat-- -- --280381
4/4/2026 11:55:18 AM | * Cartomancie/Tarots/20-Jugement.php-- -- --29906
4/4/2026 11:55:18 AM | * Cartomancie/Tarots/21-Monde(var).js-- -- --171
4/4/2026 11:55:18 AM | * Cartomancie/Tarots/21-Monde.css-- -- --1273
4/4/2026 11:55:18 AM | * Files/Image/Tarot/21-monde.jpg-- -- --56862
4/4/2026 11:55:18 AM | * WEFiles/Image/WEImage/21-monde-WEb005f7af9b.jpg-- -- --30136
4/4/2026 11:55:18 AM | * Backup/Cartomancie/Tarots/21-Monde.dat-- -- --280328
4/4/2026 11:55:18 AM | * Cartomancie/Tarots/21-Monde.php-- -- --29847
4/4/2026 11:55:18 AM | * Cartomancie/Tarots/Accueil(var).js-- -- --171
4/4/2026 11:55:18 AM | * Cartomancie/Tarots/Accueil.css-- -- --3694
4/4/2026 11:55:18 AM | * Files/Image/Accueil/Tarot.png-- -- --87973
4/4/2026 11:55:18 AM | * WEFiles/Image/WEImage/Tarot-WE786aa22369.png-- -- --44860
4/4/2026 11:55:18 AM | * WEFiles/Image/WEImage/01-bateleur-WE6d3419d779.jpg-- -- --29203
4/4/2026 11:55:18 AM | * WEFiles/Image/WEImage/02-papesse-WE50580922d4.jpg-- -- --25415
4/4/2026 11:55:18 AM | * WEFiles/Image/WEImage/03-imperatrice-WEb0d9caea35.jpg-- -- --26063
4/4/2026 11:55:18 AM | * WEFiles/Image/WEImage/04-empereur-WE478a5290c7.jpg-- -- --26975
4/4/2026 11:55:18 AM | * WEFiles/Image/WEImage/05-pape-WEe5b1889210.jpg-- -- --28192
4/4/2026 11:55:18 AM | * WEFiles/Image/WEImage/06-amoureux-WE39b56057f4.jpg-- -- --30388
4/4/2026 11:55:18 AM | * WEFiles/Image/WEImage/07-chariot-WE52e777a7a1.jpg-- -- --33487
4/4/2026 11:55:18 AM | * WEFiles/Image/WEImage/08-justice-WE9a42f24a2b.jpg-- -- --26547
4/4/2026 11:55:18 AM | * WEFiles/Image/WEImage/09-hermite-WEe57be2aedd.jpg-- -- --24687
4/4/2026 11:55:18 AM | * WEFiles/Image/WEImage/10-roue-fortune-WEe17cf2609e.jpg-- -- --28543
4/4/2026 11:55:18 AM | * WEFiles/Image/WEImage/11-force-WE274fb52a6d.jpg-- -- --26436
4/4/2026 11:55:18 AM | * WEFiles/Image/WEImage/12-pendu-WE046d19d19b.jpg-- -- --26768
4/4/2026 11:55:18 AM | * WEFiles/Image/WEImage/13-mort-WEecd0c8e974.jpg-- -- --24479
4/4/2026 11:55:18 AM | * WEFiles/Image/WEImage/14-temperance-WEa8a4154925.jpg-- -- --28108
4/4/2026 11:55:18 AM | * WEFiles/Image/WEImage/15-diable-WE5ecd4327b0.jpg-- -- --30013
4/4/2026 11:55:18 AM | * WEFiles/Image/WEImage/16-maison-dieu-WEe6cb42e66f.jpg-- -- --32631
4/4/2026 11:55:18 AM | * WEFiles/Image/WEImage/17-etoile-WE237e1e6365.jpg-- -- --30932
4/4/2026 11:55:18 AM | * WEFiles/Image/WEImage/18-lune-WE3df4baec47.jpg-- -- --29770
4/4/2026 11:55:18 AM | * WEFiles/Image/WEImage/19-soleil-WEf96f176167.jpg-- -- --29768
4/4/2026 11:55:18 AM | * WEFiles/Image/WEImage/20-jugement-WE354ed7079e.jpg-- -- --28857
4/4/2026 11:55:18 AM | * WEFiles/Image/WEImage/21-monde-WE163e8024a2.jpg-- -- --28902
4/4/2026 11:55:18 AM | * WEFiles/Image/WEImage/22-fou-WE649e23ff30.jpg-- -- --26701
4/4/2026 11:55:18 AM | * Backup/Cartomancie/Tarots/Accueil.dat-- -- --918596
4/4/2026 11:55:18 AM | * Cartomancie/Tarots/Accueil.php-- -- --41746
4/4/2026 11:55:18 AM | * CGU/CGU(var).js-- -- --171
4/4/2026 11:55:18 AM | * CGU/CGU.css-- -- --847
4/4/2026 11:55:18 AM | * WEFiles/Image/WEImage/Accueil-WEbe3ff0985f.png-- -- --4859
4/4/2026 11:55:18 AM | * Backup/CGU/CGU.dat-- -- --197760
4/4/2026 11:55:18 AM | * CGU/CGU.php-- -- --35488
4/4/2026 11:55:18 AM | * Chat/Echec(var).js-- -- --171
4/4/2026 11:55:18 AM | * Chat/Echec.css-- -- --940
4/4/2026 11:55:18 AM | * WEFiles/Image/WEImage/Gauche-WE208f1ef3b4.png-- -- --3021
4/4/2026 11:55:18 AM | * Backup/Chat/Echec.dat-- -- --219252
4/4/2026 11:55:18 AM | * Chat/Echec.php-- -- --27597
4/4/2026 11:55:18 AM | * Chat/Envoi(var).js-- -- --171
4/4/2026 11:55:18 AM | * Chat/Envoi.css-- -- --862
4/4/2026 11:55:18 AM | * WEFiles/Image/WEImage/Accueil-WE9d16150a25.png-- -- --4859
4/4/2026 11:55:18 AM | * Backup/Chat/Envoi.dat-- -- --192002
4/4/2026 11:55:18 AM | * Chat/Envoi.php-- -- --27364
4/4/2026 11:55:18 AM | * Chat/Formulaire(var).js-- -- --1103
4/4/2026 11:55:18 AM | * Chat/Formulaire(var).php-- -- --4015
4/4/2026 11:55:18 AM | * Chat/Formulaire.css-- -- --4727
4/4/2026 11:55:18 AM | * WEFiles/Server/WESendMail-v210.php-- -- --12362
4/4/2026 11:55:18 AM | * WEFiles/Client/WESendMail-v210.js-- -- --3670
4/4/2026 11:55:18 AM | * Files/Image/Accueil/tchat.png-- -- --76753
4/4/2026 11:55:18 AM | * WEFiles/Image/WEImage/tchat-WEbe52c3d2d0.png-- -- --5520
4/4/2026 11:55:18 AM | * WEFiles/Image/Skin/26c70838.png-- -- --160
4/4/2026 11:55:18 AM | * WEFiles/Image/Skin/58294202.png-- -- --764
4/4/2026 11:55:18 AM | * WEFiles/Image/Skin/c01bce0b.png-- -- --160
4/4/2026 11:55:18 AM | * WEFiles/Image/Skin/3b9d0c7d.png-- -- --764
4/4/2026 11:55:18 AM | * WEFiles/Image/Skin/4aee5dd2.png-- -- --160
4/4/2026 11:55:18 AM | * WEFiles/Image/Skin/f05956f4.png-- -- --764
4/4/2026 11:55:18 AM | * WEFiles/Image/Skin/cbb1ae94.png-- -- --160
4/4/2026 11:55:18 AM | * WEFiles/Image/Skin/966687aa.png-- -- --764
4/4/2026 11:55:18 AM | * Backup/Chat/Formulaire.dat-- -- --1028667
4/4/2026 11:55:18 AM | * Chat/Formulaire.php-- -- --57964
4/4/2026 11:55:18 AM | * Coaching/Echec(var).js-- -- --103
4/4/2026 11:55:18 AM | * Coaching/Echec.css-- -- --886
4/4/2026 11:55:18 AM | * WEFiles/Image/WEImage/Gauche-WE5f47605380.png-- -- --3021
4/4/2026 11:55:18 AM | * Backup/Coaching/Echec.dat-- -- --194590
4/4/2026 11:55:18 AM | * Coaching/Echec.php-- -- --27601
4/4/2026 11:55:18 AM | * Coaching/Envoi(var).js-- -- --103
4/4/2026 11:55:18 AM | * Coaching/Envoi.css-- -- --809
4/4/2026 11:55:18 AM | * WEFiles/Image/WEImage/Accueil-WE572d5d3d63.png-- -- --4859
4/4/2026 11:55:18 AM | * Backup/Coaching/Envoi.dat-- -- --167155
4/4/2026 11:55:18 AM | * Coaching/Envoi.php-- -- --27391
4/4/2026 11:55:18 AM | * Coaching/Formulaire(var).js-- -- --1111
4/4/2026 11:55:18 AM | * Coaching/Formulaire(var).php-- -- --2415
4/4/2026 11:55:18 AM | * Coaching/Formulaire.css-- -- --4726
4/4/2026 11:55:18 AM | * Files/Image/Accueil/Sans titre.png-- -- --26708
4/4/2026 11:55:18 AM | * WEFiles/Image/WEImage/Sans titre-WE62f6c750d9.png-- -- --13154
4/4/2026 11:55:18 AM | * Backup/Coaching/Formulaire.dat-- -- --1009377
4/4/2026 11:55:18 AM | * Coaching/Formulaire.php-- -- --58382
4/4/2026 11:55:18 AM | * Domicile/Echec(var).js-- -- --171
4/4/2026 11:55:18 AM | * Domicile/Echec.css-- -- --939
4/4/2026 11:55:18 AM | * WEFiles/Image/WEImage/Gauche-WEeb04b63038.png-- -- --3021
4/4/2026 11:55:18 AM | * Backup/Domicile/Echec.dat-- -- --219255
4/4/2026 11:55:18 AM | * Domicile/Echec.php-- -- --27633
4/4/2026 11:55:18 AM | * Domicile/Envoi(var).js-- -- --171
4/4/2026 11:55:18 AM | * Domicile/Envoi.css-- -- --862
4/4/2026 11:55:18 AM | * WEFiles/Image/WEImage/Accueil-WE4e77bbc0f5.png-- -- --4859
4/4/2026 11:55:18 AM | * Backup/Domicile/Envoi.dat-- -- --191866
4/4/2026 11:55:18 AM | * Domicile/Envoi.php-- -- --27381
4/4/2026 11:55:18 AM | * Domicile/Formulaire(var).js-- -- --1111
4/4/2026 11:55:18 AM | * Domicile/Formulaire(var).php-- -- --3500
4/4/2026 11:55:18 AM | * Domicile/Formulaire.css-- -- --4727
4/4/2026 11:55:18 AM | * WEFiles/Image/WEImage/tchat-WEb64017b82e.png-- -- --5520
4/4/2026 11:55:18 AM | * Backup/Domicile/Formulaire.dat-- -- --1021999
4/4/2026 11:55:18 AM | * Domicile/Formulaire.php-- -- --58090
4/4/2026 11:55:18 AM | * Dons/Dons(var).js-- -- --171
4/4/2026 11:55:18 AM | * Dons/Dons.css-- -- --1594
4/4/2026 11:55:18 AM | * Files/Image/Accueil/Tirelire.png-- -- --45001
4/4/2026 11:55:18 AM | * WEFiles/Image/WEImage/Tirelire-WE0be2e931ef.png-- -- --16896
4/4/2026 11:55:18 AM | * Files/Image/Accueil/Wero.jpeg-- -- --15284
4/4/2026 11:55:18 AM | * WEFiles/Image/WEImage/Wero-WEbbdf885674.jpeg-- -- --4532
4/4/2026 11:55:18 AM | * Backup/Dons/Dons.dat-- -- --359556
4/4/2026 11:55:18 AM | * Dons/Dons.php-- -- --32531
4/4/2026 11:55:18 AM | * Gratuite/Echec(var).js-- -- --171
4/4/2026 11:55:18 AM | * Gratuite/Echec.css-- -- --939
4/4/2026 11:55:18 AM | * WEFiles/Image/WEImage/Gauche-WE93f894d194.png-- -- --3021
4/4/2026 11:55:18 AM | * Backup/Gratuite/Echec.dat-- -- --217170
4/4/2026 11:55:18 AM | * Gratuite/Echec.php-- -- --27607
4/4/2026 11:55:18 AM | * Gratuite/Envoi(var).js-- -- --171
4/4/2026 11:55:18 AM | * Gratuite/Envoi.css-- -- --862
4/4/2026 11:55:18 AM | * WEFiles/Image/WEImage/Accueil-WEa371d1f2bc.png-- -- --4859
4/4/2026 11:55:18 AM | * Backup/Gratuite/Envoi.dat-- -- --191863
4/4/2026 11:55:18 AM | * Gratuite/Envoi.php-- -- --26963
4/4/2026 11:55:18 AM | * Gratuite/Formulaire(var).js-- -- --1147
4/4/2026 11:55:18 AM | * Gratuite/Formulaire(var).php-- -- --3811
4/4/2026 11:55:18 AM | * Gratuite/Formulaire.css-- -- --5261
4/4/2026 11:55:18 AM | * WEFiles/Image/WEImage/tchat-WE6e5af4a4ef.png-- -- --5520
4/4/2026 11:55:18 AM | * WEFiles/Image/Skin/2b8cf417.png-- -- --160
4/4/2026 11:55:18 AM | * WEFiles/Image/Skin/85224292.png-- -- --764
4/4/2026 11:55:18 AM | * Backup/Gratuite/Formulaire.dat-- -- --1081990
4/4/2026 11:55:18 AM | * Gratuite/Formulaire.php-- -- --59273
4/4/2026 11:55:18 AM | * Magie/Echec(var).js-- -- --171
4/4/2026 11:55:18 AM | * Magie/Echec.css-- -- --939
4/4/2026 11:55:18 AM | * WEFiles/Image/WEImage/Gauche-WEed87283893.png-- -- --2718
4/4/2026 11:55:18 AM | * Backup/Magie/Echec.dat-- -- --217239
4/4/2026 11:55:18 AM | * Magie/Echec.php-- -- --27651
4/4/2026 11:55:18 AM | * Magie/Envoi(var).js-- -- --171
4/4/2026 11:55:18 AM | * Magie/Envoi.css-- -- --862
4/4/2026 11:55:18 AM | * Backup/Magie/Envoi.dat-- -- --189954
4/4/2026 11:55:18 AM | * Magie/Envoi.php-- -- --27434
4/4/2026 11:55:18 AM | * Magie/Formulaire(var).js-- -- --1133
4/4/2026 11:55:18 AM | * Magie/Formulaire(var).php-- -- --5375
4/4/2026 11:55:18 AM | * Magie/Formulaire.css-- -- --4882
4/4/2026 11:55:18 AM | * WEFiles/Image/WEImage/Bougies-WE6404adb17f.png-- -- --14673
4/4/2026 11:55:18 AM | * Backup/Magie/Formulaire.dat-- -- --1097395
4/4/2026 11:55:18 AM | * Magie/Formulaire.php-- -- --62301
4/4/2026 11:55:18 AM | * Mail/Echec(var).js-- -- --103
4/4/2026 11:55:18 AM | * Mail/Echec.css-- -- --887
4/4/2026 11:55:18 AM | * Backup/Mail/Echec.dat-- -- --194461
4/4/2026 11:55:18 AM | * Mail/Echec.php-- -- --27586
4/4/2026 11:55:18 AM | * Mail/Envoi(var).js-- -- --103
4/4/2026 11:55:18 AM | * Mail/Envoi.css-- -- --809
4/4/2026 11:55:18 AM | * Backup/Mail/Envoi.dat-- -- --167207
4/4/2026 11:55:18 AM | * Mail/Envoi.php-- -- --27459
4/4/2026 11:55:18 AM | * Mail/Formulaire(var).js-- -- --1103
4/4/2026 11:55:18 AM | * Mail/Formulaire(var).php-- -- --2242
4/4/2026 11:55:18 AM | * Mail/Formulaire.css-- -- --4265
4/4/2026 11:55:18 AM | * WEFiles/Image/WEImage/tchat-WE3dab0a55eb.png-- -- --5520
4/4/2026 11:55:18 AM | * Backup/Mail/Formulaire.dat-- -- --808951
4/4/2026 11:55:18 AM | * Mail/Formulaire.php-- -- --49810
4/4/2026 11:55:18 AM | * Methodes/Accueil(var).js-- -- --171
4/4/2026 11:55:18 AM | * Methodes/Accueil.css-- -- --1721
4/4/2026 11:55:18 AM | * Files/Image/Accueil/1.png-- -- --3041
4/4/2026 11:55:18 AM | * WEFiles/Image/WEImage/1-WE7250e0a1ad.png-- -- --1190
4/4/2026 11:55:18 AM | * Files/Image/Accueil/2.png-- -- --3310
4/4/2026 11:55:18 AM | * WEFiles/Image/WEImage/2-WE393793b6bd.png-- -- --1320
4/4/2026 11:55:18 AM | * Files/Image/Accueil/3.png-- -- --3434
4/4/2026 11:55:18 AM | * WEFiles/Image/WEImage/3-WE66da039b22.png-- -- --1307
4/4/2026 11:55:18 AM | * Backup/Methodes/Accueil.dat-- -- --450636
4/4/2026 11:55:18 AM | * Methodes/Accueil.php-- -- --42483
4/4/2026 11:55:18 AM | * Methodes/Croix(var).js-- -- --171
4/4/2026 11:55:18 AM | * Methodes/Croix.css-- -- --3694
4/4/2026 11:55:18 AM | * WEFiles/Image/WEImage/3-WE304adfb685.png-- -- --2040
4/4/2026 11:55:18 AM | * WEFiles/Image/WEImage/27-union-WEad232067db.jpg-- -- --22216
4/4/2026 11:55:18 AM | * WEFiles/Image/WEImage/1-WEf3d7e3bdae.png-- -- --1718
4/4/2026 11:55:18 AM | * WEFiles/Image/WEImage/23-trafic-WE817c43fb2f.jpg-- -- --23682
4/4/2026 11:55:18 AM | * WEFiles/Image/WEImage/12-depart-WE724f2651df.jpg-- -- --24438
4/4/2026 11:55:18 AM | * WEFiles/Image/WEImage/19-argent-WE1d1afd8aa8.jpg-- -- --23360
4/4/2026 11:55:18 AM | * WEFiles/Image/WEImage/2-WEcaa0419b1f.png-- -- --2014
4/4/2026 11:55:18 AM | * Files/Image/Accueil/5.png-- -- --3299
4/4/2026 11:55:18 AM | * WEFiles/Image/WEImage/5-WE91f286943b.png-- -- --2030
4/4/2026 11:55:18 AM | * Files/Image/Accueil/4.png-- -- --3223
4/4/2026 11:55:18 AM | * WEFiles/Image/WEImage/4-WE5dda532fe8.png-- -- --1977
4/4/2026 11:55:18 AM | * WEFiles/Image/WEImage/45-bonheur-WE8740bd5373.jpg-- -- --21214
4/4/2026 11:55:18 AM | * WEFiles/Image/WEImage/12-depart-WE02ca9eea02.jpg-- -- --24438
4/4/2026 11:55:18 AM | * WEFiles/Image/WEImage/23-trafic-WEfcb0fb8132.jpg-- -- --23682
4/4/2026 11:55:18 AM | * WEFiles/Image/WEImage/27-union-WE14efbe401b.jpg-- -- --22216
4/4/2026 11:55:18 AM | * WEFiles/Image/WEImage/45-bonheur-WE36e87317ea.jpg-- -- --21214
4/4/2026 11:55:18 AM | * WEFiles/Image/WEImage/19-argent-WE233e9250bb.jpg-- -- --23360
4/4/2026 11:55:18 AM | * Backup/Methodes/Croix.dat-- -- --950386
4/4/2026 11:55:18 AM | * Methodes/Croix.php-- -- --51087
4/4/2026 11:55:18 AM | * Methodes/Ligne(var).js-- -- --171
4/4/2026 11:55:18 AM | * Methodes/Ligne.css-- -- --3890
4/4/2026 11:55:18 AM | * WEFiles/Image/WEImage/24-nouvelle-WE9d724d2704.jpg-- -- --23787
4/4/2026 11:55:18 AM | * WEFiles/Image/WEImage/42-sagesse-WE6f8938dff7.jpg-- -- --23422
4/4/2026 11:55:18 AM | * WEFiles/Image/WEImage/18-changement-WEd722438703.jpg-- -- --25355
4/4/2026 11:55:18 AM | * WEFiles/Image/WEImage/12-depart-WEe114e21111.jpg-- -- --24438
4/4/2026 11:55:18 AM | * WEFiles/Image/WEImage/45-bonheur-WEe87e513a0c.jpg-- -- --21930
4/4/2026 11:55:18 AM | * WEFiles/Image/WEImage/1-WE911af8f758.png-- -- --1190
4/4/2026 11:55:18 AM | * WEFiles/Image/WEImage/2-WE55f9c1745e.png-- -- --1320
4/4/2026 11:55:18 AM | * WEFiles/Image/WEImage/3-WEb9247fe37f.png-- -- --1307
4/4/2026 11:55:18 AM | * WEFiles/Image/WEImage/4-WE27f423fdde.png-- -- --1284
4/4/2026 11:55:18 AM | * WEFiles/Image/WEImage/5-WE731ea884e8.png-- -- --1308
4/4/2026 11:55:18 AM | * WEFiles/Image/WEImage/24-nouvelle-WEcea4daa356.jpg-- -- --23787
4/4/2026 11:55:18 AM | * WEFiles/Image/WEImage/42-sagesse-WE5c774e6769.jpg-- -- --23422
4/4/2026 11:55:18 AM | * WEFiles/Image/WEImage/18-changement-WEf12d19052a.jpg-- -- --25355
4/4/2026 11:55:18 AM | * WEFiles/Image/WEImage/12-depart-WE510788372b.jpg-- -- --24438
4/4/2026 11:55:18 AM | * WEFiles/Image/WEImage/45-bonheur-WE29fa2df527.jpg-- -- --21930
4/4/2026 11:55:18 AM | * Backup/Methodes/Ligne.dat-- -- --995393
4/4/2026 11:55:18 AM | * Methodes/Ligne.php-- -- --59038
4/4/2026 11:55:18 AM | * Methodes/Pyramide(var).js-- -- --171
4/4/2026 11:55:18 AM | * Methodes/Pyramide.css-- -- --2041
4/4/2026 11:55:18 AM | * WEFiles/Image/WEImage/2-etoile-homme-WEc94468ad7b.jpg-- -- --23250
4/4/2026 11:55:18 AM | * WEFiles/Image/WEImage/12-depart-WEd0387bab4c.jpg-- -- --23711
4/4/2026 11:55:18 AM | * WEFiles/Image/WEImage/39-appui-WEa380a4237c.jpg-- -- --23040
4/4/2026 11:55:18 AM | * WEFiles/Image/WEImage/18-changement-WEc7d9d582f1.jpg-- -- --24447
4/4/2026 11:55:18 AM | * WEFiles/Image/WEImage/6-elevation-WE1e33cb71db.jpg-- -- --22079
4/4/2026 11:55:18 AM | * WEFiles/Image/WEImage/15-eau-WE4b219cd00e.jpg-- -- --22524
4/4/2026 11:55:18 AM | * Backup/Methodes/Pyramide.dat-- -- --486425
4/4/2026 11:55:18 AM | * Methodes/Pyramide.php-- -- --44988
4/4/2026 11:55:18 AM | * Online/Templates/Base.css-- -- --3244
4/4/2026 11:55:18 AM | * Online/Templates/Base.php-- -- --14585
4/4/2026 11:55:18 AM | * Online/test.php-- -- --23
4/4/2026 11:55:18 AM | * Paiement/Paiement_accepte(var).js-- -- --171
4/4/2026 11:55:18 AM | * Paiement/Paiement_accepte.css-- -- --862
4/4/2026 11:55:18 AM | * WEFiles/Image/WEImage/Accueil-WE30fa075e81.png-- -- --4859
4/4/2026 11:55:18 AM | * Backup/Paiement/Paiement_accepte.dat-- -- --189904
4/4/2026 11:55:18 AM | * Paiement/Paiement_accepte.php-- -- --27522
4/4/2026 11:55:18 AM | * Paiement/Paiement_avorte(var).js-- -- --171
4/4/2026 11:55:18 AM | * Paiement/Paiement_avorte.css-- -- --862
4/4/2026 11:55:18 AM | * WEFiles/Image/WEImage/Gauche-WEb09f76add7.png-- -- --3021
4/4/2026 11:55:18 AM | * Backup/Paiement/Paiement_avorte.dat-- -- --189697
4/4/2026 11:55:18 AM | * Paiement/Paiement_avorte.php-- -- --27113
4/4/2026 11:55:18 AM | * Partenaires/Partenaires(var).js-- -- --103
4/4/2026 11:55:18 AM | * Partenaires/Partenaires.css-- -- --902
4/4/2026 11:55:18 AM | * Backup/Partenaires/Partenaires.dat-- -- --222619
4/4/2026 11:55:18 AM | * Partenaires/Partenaires.php-- -- --28078
4/4/2026 11:55:18 AM | * Planetes/Accueil(var).js-- -- --171
4/4/2026 11:55:18 AM | * Planetes/Accueil.css-- -- --3106
4/4/2026 11:55:18 AM | * Files/Image/Accueil/Bouton bleu.png-- -- --165577
4/4/2026 11:55:18 AM | * WEFiles/Image/WEImage/Bouton bleu-WEdab9839490.png-- -- --1710
4/4/2026 11:55:18 AM | * WEFiles/Image/WEImage/Bouton bleu-WE02cee3cc08.png-- -- --1633
4/4/2026 11:55:18 AM | * WEFiles/Image/WEImage/Bouton bleu-WE9c53aa2298.png-- -- --1633
4/4/2026 11:55:18 AM | * WEFiles/Image/WEImage/Bouton bleu-WE02d3eed8ec.png-- -- --1633
4/4/2026 11:55:18 AM | * WEFiles/Image/WEImage/Bouton bleu-WE1c3e772b01.png-- -- --1633
4/4/2026 11:55:18 AM | * WEFiles/Image/WEImage/Bouton bleu-WE6178a147ed.png-- -- --1633
4/4/2026 11:55:18 AM | * WEFiles/Image/WEImage/Bouton bleu-WE7f5b1b3746.png-- -- --1633
4/4/2026 11:55:18 AM | * WEFiles/Image/WEImage/Bouton bleu-WEa5e3af1ed5.png-- -- --1633
4/4/2026 11:55:18 AM | * WEFiles/Image/WEImage/Bouton bleu-WEaf1a6f3fc5.png-- -- --1633
4/4/2026 11:55:18 AM | * WEFiles/Image/WEImage/Bouton bleu-WEdbd394a7a4.png-- -- --1633
4/4/2026 11:55:18 AM | * Files/Image/Planetes/Terre.gif-- -- --125189
4/4/2026 11:55:18 AM | * Backup/Planetes/Accueil.dat-- -- --814120
4/4/2026 11:55:18 AM | * Planetes/Accueil.php-- -- --40638
4/4/2026 11:55:18 AM | * Planetes/Jupiter(var).js-- -- --171
4/4/2026 11:55:18 AM | * Planetes/Jupiter.css-- -- --1182
4/4/2026 11:55:18 AM | * Files/Image/Planetes/jupiter.png-- -- --290470
4/4/2026 11:55:18 AM | * WEFiles/Image/WEImage/jupiter-WE22c70bbcb4.png-- -- --24138
4/4/2026 11:55:18 AM | * Backup/Planetes/Jupiter.dat-- -- --280198
4/4/2026 11:55:18 AM | * Planetes/Jupiter.php-- -- --30295
4/4/2026 11:55:18 AM | * Planetes/Lune(var).js-- -- --239
4/4/2026 11:55:18 AM | * Planetes/Lune.css-- -- --1236
4/4/2026 11:55:18 AM | * Files/Image/Planetes/lune.png-- -- --198790
4/4/2026 11:55:18 AM | * WEFiles/Image/WEImage/lune-WEa744dc0aa6.png-- -- --11726
4/4/2026 11:55:18 AM | * Backup/Planetes/Lune.dat-- -- --301796
4/4/2026 11:55:18 AM | * Planetes/Lune.php-- -- --30774
4/4/2026 11:55:18 AM | * Planetes/Mars(var).js-- -- --239
4/4/2026 11:55:18 AM | * Planetes/Mars.css-- -- --1236
4/4/2026 11:55:18 AM | * Files/Image/Planetes/mars.png-- -- --174410
4/4/2026 11:55:18 AM | * WEFiles/Image/WEImage/mars-WE7824d02237.png-- -- --19861
4/4/2026 11:55:18 AM | * Backup/Planetes/Mars.dat-- -- --301352
4/4/2026 11:55:18 AM | * Planetes/Mars.php-- -- --30425
4/4/2026 11:55:18 AM | * Planetes/Mercure(var).js-- -- --239
4/4/2026 11:55:18 AM | * Planetes/Mercure.css-- -- --1236
4/4/2026 11:55:18 AM | * Files/Image/Planetes/mercure.png-- -- --311474
4/4/2026 11:55:18 AM | * WEFiles/Image/WEImage/mercure-WEeb1c7c3496.png-- -- --23831
4/4/2026 11:55:18 AM | * Backup/Planetes/Mercure.dat-- -- --302239
4/4/2026 11:55:18 AM | * Planetes/Mercure.php-- -- --31206
4/4/2026 11:55:18 AM | * Planetes/Neptune(var).js-- -- --239
4/4/2026 11:55:18 AM | * Planetes/Neptune.css-- -- --1236
4/4/2026 11:55:18 AM | * Files/Image/Planetes/neptune.png-- -- --199587
4/4/2026 11:55:18 AM | * WEFiles/Image/WEImage/neptune-WE92f6bc3ae0.png-- -- --18196
4/4/2026 11:55:18 AM | * Backup/Planetes/Neptune.dat-- -- --301420
4/4/2026 11:55:18 AM | * Planetes/Neptune.php-- -- --30499
4/4/2026 11:55:18 AM | * Planetes/Pluton(var).js-- -- --239
4/4/2026 11:55:18 AM | * Planetes/Pluton.css-- -- --1236
4/4/2026 11:55:18 AM | * Files/Image/Planetes/pluton.png-- -- --833076
4/4/2026 11:55:18 AM | * WEFiles/Image/WEImage/pluton-WE09f0021b47.png-- -- --23290
4/4/2026 11:55:18 AM | * Backup/Planetes/Pluton.dat-- -- --301354
4/4/2026 11:55:18 AM | * Planetes/Pluton.php-- -- --30431
4/4/2026 11:55:18 AM | * Planetes/Saturne(var).js-- -- --239
4/4/2026 11:55:18 AM | * Planetes/Saturne.css-- -- --1250
4/4/2026 11:55:18 AM | * Files/Image/Planetes/saturne.png-- -- --33923
4/4/2026 11:55:18 AM | * WEFiles/Image/WEImage/saturne-WEb42562a04a.png-- -- --20982
4/4/2026 11:55:18 AM | * Backup/Planetes/Saturne.dat-- -- --305158
4/4/2026 11:55:18 AM | * Planetes/Saturne.php-- -- --30470
4/4/2026 11:55:18 AM | * Planetes/Soleil(var).js-- -- --239
4/4/2026 11:55:18 AM | * Planetes/Soleil.css-- -- --1251
4/4/2026 11:55:18 AM | * Files/Image/Planetes/soleil.png-- -- --245235
4/4/2026 11:55:18 AM | * WEFiles/Image/WEImage/soleil-WEd7300510eb.png-- -- --30278
4/4/2026 11:55:18 AM | * Backup/Planetes/Soleil.dat-- -- --304900
4/4/2026 11:55:18 AM | * Planetes/Soleil.php-- -- --30143
4/4/2026 11:55:18 AM | * Planetes/Uranus(var).js-- -- --239
4/4/2026 11:55:18 AM | * Planetes/Uranus.css-- -- --1251
4/4/2026 11:55:18 AM | * Files/Image/Planetes/uranus.png-- -- --192928
4/4/2026 11:55:18 AM | * WEFiles/Image/WEImage/uranus-WE574f9e9060.png-- -- --25799
4/4/2026 11:55:18 AM | * Backup/Planetes/Uranus.dat-- -- --304561
4/4/2026 11:55:18 AM | * Planetes/Uranus.php-- -- --29857
4/4/2026 11:55:18 AM | * Planetes/Venus(var).js-- -- --239
4/4/2026 11:55:18 AM | * Planetes/Venus.css-- -- --1251
4/4/2026 11:55:18 AM | * Files/Image/Planetes/venus.png-- -- --210114
4/4/2026 11:55:18 AM | * WEFiles/Image/WEImage/venus-WE5a03a66b9b.png-- -- --22070
4/4/2026 11:55:18 AM | * Backup/Planetes/Venus.dat-- -- --305202
4/4/2026 11:55:18 AM | * Planetes/Venus.php-- -- --30504
4/4/2026 11:55:18 AM | * Tchat/admin/font/inconsolata_latin.woff2-- -- --31760
4/4/2026 11:55:18 AM | * Tchat/admin/font/inconsolata_latin_ext.woff2-- -- --25816
4/4/2026 11:55:18 AM | * Tchat/admin/font/nunito_bold.woff2-- -- --17116
4/4/2026 11:55:18 AM | * Tchat/admin/font/nunito_cyrillic.woff2-- -- --10004
4/4/2026 11:55:18 AM | * Tchat/admin/font/nunito_cyrillic_bold.woff2-- -- --9872
4/4/2026 11:55:18 AM | * Tchat/admin/font/nunito_cyrillic_ext.woff2-- -- --13224
4/4/2026 11:55:18 AM | * Tchat/admin/font/nunito_cyrillic_ext_bold.woff2-- -- --13204
4/4/2026 11:55:18 AM | * Tchat/admin/font/nunito_latin.woff2-- -- --16980
4/4/2026 11:55:18 AM | * Tchat/admin/font/nunito_latin_ext.woff2-- -- --16076
4/4/2026 11:55:18 AM | * Tchat/admin/font/nunito_latin_ext_bold.woff2-- -- --16244
4/4/2026 11:55:18 AM | * Tchat/admin/font/nunito_vietnamese.woff2-- -- --6832
4/4/2026 11:55:18 AM | * Tchat/admin/font/nunito_vietnamese_bold.woff2-- -- --6904
4/4/2026 11:55:18 AM | * Tchat/admin/0d.css-- -- --29842
4/4/2026 11:55:18 AM | * Tchat/admin/0n.css-- -- --29839
4/4/2026 11:55:18 AM | * Tchat/admin/1.css-- -- --26524
4/4/2026 11:55:18 AM | * Tchat/admin/2.css-- -- --26500
4/4/2026 11:55:18 AM | * Tchat/admin/3.css-- -- --26441
4/4/2026 11:55:18 AM | * Tchat/admin/additions.pxtm-- -- --2407
4/4/2026 11:55:18 AM | * Tchat/admin/admin.js-- -- --4348
4/4/2026 11:55:18 AM | * Tchat/admin/allsounds.js-- -- --386275
4/4/2026 11:55:18 AM | * Tchat/admin/badwords.pxtm-- -- --1543
4/4/2026 11:55:18 AM | * Tchat/admin/board.pxtm-- -- --4397
4/4/2026 11:55:18 AM | * Tchat/admin/ctab.pxtm-- -- --2578
4/4/2026 11:55:18 AM | * Tchat/admin/customcss.pxtm-- -- --1180
4/4/2026 11:55:18 AM | * Tchat/admin/customjs.pxtm-- -- --1412
4/4/2026 11:55:18 AM | * Tchat/admin/database.pxtm-- -- --4491
4/4/2026 11:55:18 AM | * Tchat/admin/fusers.pxtm-- -- --8191
4/4/2026 11:55:18 AM | * Tchat/admin/gdpr.pxtm-- -- --7386
4/4/2026 11:55:18 AM | * Tchat/admin/general.pxtm-- -- --13694
4/4/2026 11:55:18 AM | * Tchat/admin/index.php-- -- --41
4/4/2026 11:55:18 AM | * Tchat/admin/logs.pxtm-- -- --4690
4/4/2026 11:55:18 AM | * Tchat/admin/mapps.pxtm-- -- --2589
4/4/2026 11:55:18 AM | * Tchat/admin/menu.pxtm-- -- --3787
4/4/2026 11:55:18 AM | * Tchat/admin/messages.pxtm-- -- --8657
4/4/2026 11:55:18 AM | * Tchat/admin/pwa.pxtm-- -- --3989
4/4/2026 11:55:18 AM | * Tchat/admin/recache_as.inc-- -- --2390
4/4/2026 11:55:18 AM | * Tchat/admin/room.pxtm-- -- --2091
4/4/2026 11:55:18 AM | * Tchat/admin/rooms.pxtm-- -- --4636
4/4/2026 11:55:18 AM | * Tchat/admin/settings.pxtm-- -- --2112
4/4/2026 11:55:18 AM | * Tchat/admin/sounds.pxtm-- -- --11484
4/4/2026 11:55:18 AM | * Tchat/admin/splash.pxtm-- -- --1640
4/4/2026 11:55:18 AM | * Tchat/admin/stats.pxtm-- -- --29132
4/4/2026 11:55:18 AM | * Tchat/admin/style.pxtm-- -- --15862
4/4/2026 11:55:18 AM | * Tchat/admin/stylemsg.pxtm-- -- --2526
4/4/2026 11:55:18 AM | * Tchat/admin/tips.pxtm-- -- --7897
4/4/2026 11:55:18 AM | * Tchat/admin/update.pxtm-- -- --36780
4/4/2026 11:55:18 AM | * Tchat/admin/user.pxtm-- -- --8498
4/4/2026 11:55:18 AM | * Tchat/admin/users.pxtm-- -- --7269
4/4/2026 11:55:18 AM | * Tchat/admin/utf8test.pxtm-- -- --12709
4/4/2026 11:55:18 AM | * Tchat/admin/vpro.pxtm-- -- --3335
4/4/2026 11:55:18 AM | * Tchat/admin/widgets.pxtm-- -- --27051
4/4/2026 11:55:18 AM | * Tchat/app/128.png-- -- --1197
4/4/2026 11:55:18 AM | * Tchat/app/256.png-- -- --2317
4/4/2026 11:55:18 AM | * Tchat/app/512.png-- -- --3703
4/4/2026 11:55:18 AM | * Tchat/app/network.html-- -- --1281
4/4/2026 11:55:18 AM | * Tchat/attachments/index.html-- -- --3
4/4/2026 11:55:18 AM | * Tchat/avatars/avt01.svg-- -- --3672
4/4/2026 11:55:18 AM | * Tchat/avatars/avt02.svg-- -- --5371
4/4/2026 11:55:18 AM | * Tchat/avatars/avt03.svg-- -- --4641
4/4/2026 11:55:18 AM | * Tchat/avatars/avt04.svg-- -- --3895
4/4/2026 11:55:18 AM | * Tchat/avatars/avt05.svg-- -- --5054
4/4/2026 11:55:18 AM | * Tchat/avatars/avt06.svg-- -- --4657
4/4/2026 11:55:18 AM | * Tchat/avatars/avt07.svg-- -- --4429
4/4/2026 11:55:18 AM | * Tchat/avatars/avt08.svg-- -- --4439
4/4/2026 11:55:18 AM | * Tchat/avatars/avt09.svg-- -- --5044
4/4/2026 11:55:18 AM | * Tchat/avatars/avt10.svg-- -- --3584
4/4/2026 11:55:18 AM | * Tchat/avatars/avt11.svg-- -- --3993
4/4/2026 11:55:18 AM | * Tchat/avatars/avt12.svg-- -- --3640
4/4/2026 11:55:18 AM | * Tchat/avatars/avt13.svg-- -- --3581
4/4/2026 11:55:18 AM | * Tchat/avatars/avt14.svg-- -- --4308
4/4/2026 11:55:18 AM | * Tchat/avatars/avt15.svg-- -- --5420
4/4/2026 11:55:18 AM | * Tchat/avatars/avt16.svg-- -- --4843
4/4/2026 11:55:18 AM | * Tchat/avatars/avt17.svg-- -- --5123
4/4/2026 11:55:18 AM | * Tchat/avatars/avt18.svg-- -- --3640
4/4/2026 11:55:18 AM | * Tchat/avatars/avt19.svg-- -- --5707
4/4/2026 11:55:18 AM | * Tchat/avatars/avt20.svg-- -- --3796
4/4/2026 11:55:18 AM | * Tchat/avatars/avt21.svg-- -- --4651
4/4/2026 11:55:18 AM | * Tchat/avatars/avt22.svg-- -- --4662
4/4/2026 11:55:18 AM | * Tchat/avatars/avt23.svg-- -- --4665
4/4/2026 11:55:18 AM | * Tchat/avatars/avt24.svg-- -- --4612
4/4/2026 11:55:18 AM | * Tchat/avatars/avt25.svg-- -- --5368
4/4/2026 11:55:18 AM | * Tchat/avatars/avt26.svg-- -- --4841
4/4/2026 11:55:18 AM | * Tchat/avatars/avt27.svg-- -- --5041
4/4/2026 11:55:18 AM | * Tchat/avatars/avt28.svg-- -- --4840
4/4/2026 11:55:18 AM | * Tchat/avatars/avt29.svg-- -- --4661
4/4/2026 11:55:18 AM | * Tchat/avatars/avt30.svg-- -- --3688
4/4/2026 11:55:18 AM | * Tchat/avatars/avt31.svg-- -- --4351
4/4/2026 11:55:18 AM | * Tchat/avatars/avt32.svg-- -- --4655
4/4/2026 11:55:18 AM | * Tchat/avatars/avt33.svg-- -- --3999
4/4/2026 11:55:18 AM | * Tchat/avatars/avt34.svg-- -- --4668
4/4/2026 11:55:18 AM | * Tchat/avatars/avt35.svg-- -- --4304
4/4/2026 11:55:18 AM | * Tchat/avatars/avt36.svg-- -- --5122
4/4/2026 11:55:18 AM | * Tchat/avatars/avt37.svg-- -- --4351
4/4/2026 11:55:18 AM | * Tchat/avatars/avt38.svg-- -- --3631
4/4/2026 11:55:18 AM | * Tchat/avatars/avt39.svg-- -- --3668
4/4/2026 11:55:18 AM | * Tchat/avatars/avt40.svg-- -- --3672
4/4/2026 11:55:18 AM | * Tchat/avatars/avt41.svg-- -- --3890
4/4/2026 11:55:18 AM | * Tchat/avatars/avt42.svg-- -- --4452
4/4/2026 11:55:18 AM | * Tchat/avatars/avt43.svg-- -- --3662
4/4/2026 11:55:18 AM | * Tchat/avatars/avt44.svg-- -- --5653
4/4/2026 11:55:18 AM | * Tchat/avatars/avt45.svg-- -- --4489
4/4/2026 11:55:18 AM | * Tchat/avatars/avt46.svg-- -- --4621
4/4/2026 11:55:18 AM | * Tchat/avatars/avt47.svg-- -- --3894
4/4/2026 11:55:18 AM | * Tchat/avatars/avt48.svg-- -- --5705
4/4/2026 11:55:18 AM | * Tchat/avatars/avt49.svg-- -- --3608
4/4/2026 11:55:18 AM | * Tchat/avatars/avt50.svg-- -- --4500
4/4/2026 11:55:18 AM | * Tchat/avatars/avt51.svg-- -- --4614
4/4/2026 11:55:18 AM | * Tchat/avatars/avt52.svg-- -- --4296
4/4/2026 11:55:18 AM | * Tchat/avatars/avt53.svg-- -- --3999
4/4/2026 11:55:18 AM | * Tchat/avatars/avt54.svg-- -- --3790
4/4/2026 11:55:18 AM | * Tchat/avatars/avt55.svg-- -- --4625
4/4/2026 11:55:18 AM | * Tchat/avatars/avt56.svg-- -- --4356
4/4/2026 11:55:18 AM | * Tchat/avatars/avt57.svg-- -- --3888
4/4/2026 11:55:18 AM | * Tchat/avatars/avt58.svg-- -- --3609
4/4/2026 11:55:18 AM | * Tchat/avatars/avt59.svg-- -- --5044
4/4/2026 11:55:18 AM | * Tchat/avatars/avt60.svg-- -- --4539
4/4/2026 11:55:18 AM | * Tchat/backgrounds/coffee1.jpg-- -- --101595
4/4/2026 11:55:18 AM | * Tchat/backgrounds/coffee2.jpg-- -- --85312
4/4/2026 11:55:18 AM | * Tchat/backgrounds/couple1.jpg-- -- --143625
4/4/2026 11:55:18 AM | * Tchat/backgrounds/couple2.jpg-- -- --91126
4/4/2026 11:55:18 AM | * Tchat/backgrounds/pasta1.jpg-- -- --118748
4/4/2026 11:55:18 AM | * Tchat/backgrounds/pasta2.jpg-- -- --69007
4/4/2026 11:55:18 AM | * Tchat/img/000.svg-- -- --592
4/4/2026 11:55:18 AM | * Tchat/img/001.svg-- -- --648
4/4/2026 11:55:18 AM | * Tchat/img/002.svg-- -- --1175
4/4/2026 11:55:18 AM | * Tchat/img/00a.svg-- -- --250
4/4/2026 11:55:18 AM | * Tchat/img/00b.svg-- -- --588
4/4/2026 11:55:18 AM | * Tchat/img/00c.svg-- -- --526
4/4/2026 11:55:18 AM | * Tchat/img/00d.svg-- -- --409
4/4/2026 11:55:18 AM | * Tchat/img/00e.svg-- -- --221
4/4/2026 11:55:18 AM | * Tchat/img/00f.svg-- -- --216
4/4/2026 11:55:18 AM | * Tchat/img/00g.svg-- -- --540
4/4/2026 11:55:18 AM | * Tchat/img/00h.svg-- -- --221
4/4/2026 11:55:18 AM | * Tchat/img/00i.svg-- -- --184
4/4/2026 11:55:18 AM | * Tchat/img/00j.svg-- -- --353
4/4/2026 11:55:18 AM | * Tchat/img/00k.svg-- -- --241
4/4/2026 11:55:18 AM | * Tchat/img/00l.svg-- -- --201
4/4/2026 11:55:18 AM | * Tchat/img/00m.svg-- -- --256
4/4/2026 11:55:18 AM | * Tchat/img/00n.svg-- -- --232
4/4/2026 11:55:18 AM | * Tchat/img/00o.svg-- -- --484
4/4/2026 11:55:18 AM | * Tchat/img/00p.svg-- -- --381
4/4/2026 11:55:18 AM | * Tchat/img/00q.svg-- -- --638
4/4/2026 11:55:18 AM | * Tchat/img/00r.svg-- -- --581
4/4/2026 11:55:18 AM | * Tchat/img/00s.svg-- -- --693
4/4/2026 11:55:18 AM | * Tchat/img/00t.svg-- -- --211
4/4/2026 11:55:18 AM | * Tchat/img/00u.svg-- -- --368
4/4/2026 11:55:18 AM | * Tchat/img/00v.svg-- -- --217
4/4/2026 11:55:18 AM | * Tchat/img/00w.svg-- -- --296
4/4/2026 11:55:18 AM | * Tchat/img/00x.svg-- -- --254
4/4/2026 11:55:18 AM | * Tchat/img/00y.svg-- -- --230
4/4/2026 11:55:18 AM | * Tchat/img/00z.svg-- -- --228
4/4/2026 11:55:18 AM | * Tchat/incl/cookieauth.php-- -- --605
4/4/2026 11:55:18 AM | * Tchat/incl/main.php-- -- --6530
4/4/2026 11:55:18 AM | * Tchat/incl/mysqli_functions.php-- -- --1269
4/4/2026 11:55:18 AM | * Tchat/incl/qrcode.js-- -- --33657
4/4/2026 11:55:18 AM | * Tchat/incl/vpro1.jpg-- -- --23470
4/4/2026 11:55:18 AM | * Tchat/incl/vpro2.png-- -- --31846
4/4/2026 11:55:18 AM | * Tchat/incl/vpro3.jpg-- -- --37515
4/4/2026 11:55:18 AM | * Tchat/incl/vpro4.png-- -- --29418
4/4/2026 11:55:18 AM | * Tchat/incl/vpro5.jpg-- -- --44512
4/4/2026 11:55:18 AM | * Tchat/incl/vpro6.jpg-- -- --88424
4/4/2026 11:55:18 AM | * Tchat/incl/vpro7.jpg-- -- --40429
4/4/2026 11:55:18 AM | * Tchat/incl/vpro8.jpg-- -- --53014
4/4/2026 11:55:18 AM | * Tchat/install/done.php-- -- --2633
4/4/2026 11:55:18 AM | * Tchat/install/index.php-- -- --1459
4/4/2026 11:55:18 AM | * Tchat/install/lang_english.utf8-- -- --5648
4/4/2026 11:55:18 AM | * Tchat/install/step1.php-- -- --5142
4/4/2026 11:55:18 AM | * Tchat/install/step2.php-- -- --53789
4/4/2026 11:55:18 AM | * Tchat/install/style.css-- -- --5305
4/4/2026 11:55:18 AM | * Tchat/install/testcon.php-- -- --635
4/4/2026 11:55:18 AM | * Tchat/lang/admin_english.utf8-- -- --73217
4/4/2026 11:55:18 AM | * Tchat/lang/languages.php-- -- --2241
4/4/2026 11:55:18 AM | * Tchat/lang/lang_albanian.utf8-- -- --11931
4/4/2026 11:55:18 AM | * Tchat/lang/lang_arabic.utf8-- -- --14247
4/4/2026 11:55:18 AM | * Tchat/lang/lang_chinese.utf8-- -- --11020
4/4/2026 11:55:18 AM | * Tchat/lang/lang_czech.utf8-- -- --11598
4/4/2026 11:55:18 AM | * Tchat/lang/lang_danish.utf8-- -- --11367
4/4/2026 11:55:18 AM | * Tchat/lang/lang_dutch.utf8-- -- --11493
4/4/2026 11:55:18 AM | * Tchat/lang/lang_english.utf8-- -- --11326
4/4/2026 11:55:18 AM | * Tchat/lang/lang_french.utf8-- -- --12386
4/4/2026 11:55:18 AM | * Tchat/lang/lang_german.utf8-- -- --12081
4/4/2026 11:55:18 AM | * Tchat/lang/lang_greek.utf8-- -- --17252
4/4/2026 11:55:18 AM | * Tchat/lang/lang_hungarian.utf8-- -- --12011
4/4/2026 11:55:18 AM | * Tchat/lang/lang_indonesian.utf8-- -- --11383
4/4/2026 11:55:18 AM | * Tchat/lang/lang_italian.utf8-- -- --11786
4/4/2026 11:55:18 AM | * Tchat/lang/lang_korean.utf8-- -- --13419
4/4/2026 11:55:18 AM | * Tchat/lang/lang_polish.utf8-- -- --11749
4/4/2026 11:55:18 AM | * Tchat/lang/lang_portuguese_br.utf8-- -- --11817
4/4/2026 11:55:18 AM | * Tchat/lang/lang_romanian.utf8-- -- --11769
4/4/2026 11:55:18 AM | * Tchat/lang/lang_russian.utf8-- -- --15885
4/4/2026 11:55:18 AM | * Tchat/lang/lang_spanish.utf8-- -- --12048
4/4/2026 11:55:18 AM | * Tchat/lang/lang_swedish.utf8-- -- --11627
4/4/2026 11:55:18 AM | * Tchat/lang/lang_turkish.utf8-- -- --11722
4/4/2026 11:55:18 AM | * Tchat/splash/chat-community.html-- -- --6217
4/4/2026 11:55:18 AM | * Tchat/splash/chat-community.woff2-- -- --13304
4/4/2026 11:55:18 AM | * Tchat/splash/coffee-widget.html-- -- --6575
4/4/2026 11:55:18 AM | * Tchat/splash/coffee-widget.woff-- -- --29812
4/4/2026 11:55:18 AM | * Tchat/splash/midnight-stories.html-- -- --3969
4/4/2026 11:55:18 AM | * Tchat/splash/midnight-stories.woff2-- -- --20468
4/4/2026 11:55:18 AM | * Tchat/stickers/Deutsch/de_call.svg-- -- --8739
4/4/2026 11:55:18 AM | * Tchat/stickers/Deutsch/de_cheers.svg-- -- --7035
4/4/2026 11:55:18 AM | * Tchat/stickers/Deutsch/de_chillen.svg-- -- --6737
4/4/2026 11:55:18 AM | * Tchat/stickers/Deutsch/de_danke.svg-- -- --7487
4/4/2026 11:55:18 AM | * Tchat/stickers/Deutsch/de_day.svg-- -- --7878
4/4/2026 11:55:18 AM | * Tchat/stickers/Deutsch/de_echt.svg-- -- --6340
4/4/2026 11:55:18 AM | * Tchat/stickers/Deutsch/de_mean.svg-- -- --12281
4/4/2026 11:55:18 AM | * Tchat/stickers/Deutsch/de_mude.svg-- -- --5785
4/4/2026 11:55:18 AM | * Tchat/stickers/Deutsch/de_nacht.svg-- -- --4663
4/4/2026 11:55:18 AM | * Tchat/stickers/Deutsch/de_schatz.svg-- -- --6559
4/4/2026 11:55:18 AM | * Tchat/stickers/Deutsch/de_seeya.svg-- -- --9037
4/4/2026 11:55:18 AM | * Tchat/stickers/Deutsch/de_sham.svg-- -- --13060
4/4/2026 11:55:18 AM | * Tchat/stickers/Deutsch/de_spielen.svg-- -- --9145
4/4/2026 11:55:18 AM | * Tchat/stickers/Deutsch/de_turlich.svg-- -- --9459
4/4/2026 11:55:18 AM | * Tchat/stickers/Deutsch/de_whatsup.svg-- -- --8844
4/4/2026 11:55:18 AM | * Tchat/stickers/Stickers/en_birthday.svg-- -- --11874
4/4/2026 11:55:18 AM | * Tchat/stickers/Stickers/en_brb.svg-- -- --3641
4/4/2026 11:55:18 AM | * Tchat/stickers/Stickers/en_call.svg-- -- --9706
4/4/2026 11:55:18 AM | * Tchat/stickers/Stickers/en_cheers.svg-- -- --7849
4/4/2026 11:55:18 AM | * Tchat/stickers/Stickers/en_cool.svg-- -- --3866
4/4/2026 11:55:18 AM | * Tchat/stickers/Stickers/en_flu.svg-- -- --5475
4/4/2026 11:55:18 AM | * Tchat/stickers/Stickers/en_go.svg-- -- --9058
4/4/2026 11:55:18 AM | * Tchat/stickers/Stickers/en_hate.svg-- -- --9691
4/4/2026 11:55:18 AM | * Tchat/stickers/Stickers/en_lol.svg-- -- --3564
4/4/2026 11:55:18 AM | * Tchat/stickers/Stickers/en_love.svg-- -- --3483
4/4/2026 11:55:18 AM | * Tchat/stickers/Stickers/en_luck.svg-- -- --5527
4/4/2026 11:55:18 AM | * Tchat/stickers/Stickers/en_morning.svg-- -- --10040
4/4/2026 11:55:18 AM | * Tchat/stickers/Stickers/en_night.svg-- -- --8044
4/4/2026 11:55:18 AM | * Tchat/stickers/Stickers/en_omg.svg-- -- --3197
4/4/2026 11:55:18 AM | * Tchat/stickers/Stickers/en_please.svg-- -- --6407
4/4/2026 11:55:18 AM | * Tchat/stickers/Stickers/en_rtfm.svg-- -- --4374
4/4/2026 11:55:18 AM | * Tchat/stickers/Stickers/en_thanks.svg-- -- --8163
4/4/2026 11:55:18 AM | * Tchat/stickers/Stickers/en_thumbd.svg-- -- --4979
4/4/2026 11:55:18 AM | * Tchat/stickers/Stickers/en_thumbu.svg-- -- --5019
4/4/2026 11:55:18 AM | * Tchat/stickers/Stickers/en_what.svg-- -- --5748
4/4/2026 11:55:18 AM | * Tchat/templates/blabax.pxtm-- -- --26852
4/4/2026 11:55:18 AM | * Tchat/templates/forget.pxtm-- -- --1530
4/4/2026 11:55:18 AM | * Tchat/templates/info.pxtm-- -- --1377
4/4/2026 11:55:18 AM | * Tchat/templates/login.pxtm-- -- --4634
4/4/2026 11:55:18 AM | * Tchat/templates/password_recovery_email.pxtm-- -- --3157
4/4/2026 11:55:18 AM | * Tchat/templates/password_recovery_question.pxtm-- -- --2678
4/4/2026 11:55:18 AM | * Tchat/templates/register.pxtm-- -- --5937
4/4/2026 11:55:18 AM | * Tchat/widgets/online_avt.php-- -- --1207
4/4/2026 11:55:18 AM | * Tchat/widgets/online_usr.php-- -- --696
4/4/2026 11:55:18 AM | * Tchat/widgets/statistics.php-- -- --970
4/4/2026 11:55:18 AM | * Tchat/widgets/usr_latest.php-- -- --784
4/4/2026 11:55:18 AM | * Tchat/widgets/usr_top_10.php-- -- --795
4/4/2026 11:55:18 AM | * Tchat/account.php-- -- --10971
4/4/2026 11:55:18 AM | * Tchat/admin.php-- -- --32321
4/4/2026 11:55:18 AM | * Tchat/avatar.php-- -- --645
4/4/2026 11:55:18 AM | * Tchat/ax_ping.php-- -- --5055
4/4/2026 11:55:18 AM | * Tchat/ban.php-- -- --1107
4/4/2026 11:55:18 AM | * Tchat/blabax.css-- -- --65909
4/4/2026 11:55:18 AM | * Tchat/blabax.js-- -- --36032
4/4/2026 11:55:18 AM | * Tchat/blabax.php-- -- --10238
4/4/2026 11:55:18 AM | * Tchat/config.php-- -- --8272
4/4/2026 11:55:18 AM | * Tchat/cron.php-- -- --2853
4/4/2026 11:55:18 AM | * Tchat/Echec(var).js-- -- --172
4/4/2026 11:55:18 AM | * Tchat/Echec.css-- -- --941
4/4/2026 11:55:18 AM | * Tchat/Echec.php-- -- --27872
4/4/2026 11:55:18 AM | * Tchat/emocodes.php-- -- --4616
4/4/2026 11:55:18 AM | * Tchat/emoticons.css-- -- --71284
4/4/2026 11:55:18 AM | * Tchat/Envoi(var).js-- -- --172
4/4/2026 11:55:18 AM | * Tchat/Envoi.css-- -- --863
4/4/2026 11:55:18 AM | * Tchat/Envoi.php-- -- --27542
4/4/2026 11:55:18 AM | * Tchat/errors.txt-- -- --0
4/4/2026 11:55:18 AM | * Tchat/forget.php-- -- --1505
4/4/2026 11:55:18 AM | * Tchat/index.php-- -- --1272
4/4/2026 11:55:18 AM | * Tchat/info.php-- -- --947
4/4/2026 11:55:18 AM | * Tchat/mavatar.php-- -- --4535
4/4/2026 11:55:18 AM | * Tchat/msgfetch.php-- -- --2682
4/4/2026 11:55:18 AM | * Tchat/profile.php-- -- --4099
4/4/2026 11:55:18 AM | * Tchat/pwa.js-- -- --366
4/4/2026 11:55:18 AM | * Tchat/pwa.webmanifest-- -- --506
4/4/2026 11:55:18 AM | * Tchat/sounds.js-- -- --36007
4/4/2026 11:55:18 AM | * Tchat/Tchat(var).js-- -- --1107
4/4/2026 11:55:18 AM | * Tchat/Tchat(var).php-- -- --4022
4/4/2026 11:55:18 AM | * Tchat/Tchat.css-- -- --4728
4/4/2026 11:55:18 AM | * Tchat/Tchat.php-- -- --58508
4/4/2026 11:55:18 AM | * Tchat/user.php-- -- --640
4/4/2026 11:55:18 AM | * Tchat/version.php-- -- --26
4/4/2026 11:55:18 AM | * Tchat/widget.php-- -- --1571
4/4/2026 11:55:18 AM | * Banniere.gif-- -- --241417
4/4/2026 11:55:18 AM | * bl-verification-36063.txt-- -- --25
4/4/2026 11:55:18 AM | * default_index.html-- -- --16768
4/4/2026 11:55:18 AM | * favicon.oe.ico-- -- --257670
4/4/2026 11:55:18 AM | * googleceeeddffd21d0292.html-- -- --53
4/4/2026 11:55:18 AM | * googlee2915bd326f7106a.html-- -- --53
4/4/2026 11:55:18 AM | * index(var).js-- -- --171
4/4/2026 11:55:18 AM | * index.css-- -- --1265
4/4/2026 11:55:18 AM | * Backup/index.dat-- -- --310406
4/4/2026 11:55:18 AM | * index.php-- -- --38151
4/4/2026 11:55:18 AM | * robots.txt-- -- --39
4/4/2026 11:55:18 AM | * sitemap.xml-- -- --27422
4/4/2026 11:55:18 AM | * Files/Other/Jeu-de-tarot-1.ico-- -- --257670
4/4/2026 11:55:18 AM | * Files/Fonts/Aardvark Cafe.eot-- -- --29328
4/4/2026 11:55:18 AM | * Files/Fonts/Aardvark Cafe.ttf-- -- --29088
4/4/2026 11:55:18 AM | * Files/Fonts/Aardvark Cafe.woff-- -- --17936
4/4/2026 11:55:18 AM | * Files/Fonts/Abilane Free Trial.eot-- -- --94684
4/4/2026 11:55:18 AM | * Files/Fonts/Abilane Free Trial.ttf-- -- --94376
4/4/2026 11:55:18 AM | * Files/Fonts/Abilane Free Trial.woff-- -- --23208
4/4/2026 11:55:18 AM | * Files/Fonts/AboveStars.eot-- -- --19814
4/4/2026 11:55:18 AM | * Files/Fonts/AboveStars.ttf-- -- --19568
4/4/2026 11:55:18 AM | * Files/Fonts/AboveStars.woff-- -- --12868
4/4/2026 11:55:18 AM | * Files/Fonts/AcapelaDEMO.eot-- -- --102742
4/4/2026 11:55:18 AM | * Files/Fonts/AcapelaDEMO.ttf-- -- --102516
4/4/2026 11:55:18 AM | * Files/Fonts/AcapelaDEMO.woff-- -- --19504
4/4/2026 11:55:18 AM | * Files/Fonts/Acknesia.eot-- -- --37048
4/4/2026 11:55:18 AM | * Files/Fonts/Acknesia.ttf-- -- --36892
4/4/2026 11:55:18 AM | * Files/Fonts/Acknesia.woff-- -- --23220
4/4/2026 11:55:18 AM | * Files/Fonts/Aclonica Regular.eot-- -- --50764
4/4/2026 11:55:18 AM | * Files/Fonts/Aclonica Regular.ttf-- -- --50576
4/4/2026 11:55:18 AM | * Files/Fonts/Aclonica Regular.woff-- -- --26500
4/4/2026 11:55:18 AM | * Files/Fonts/ActaAmour Regular.eot-- -- --53868
4/4/2026 11:55:18 AM | * Files/Fonts/ActaAmour Regular.ttf-- -- --53672
4/4/2026 11:55:18 AM | * Files/Fonts/ActaAmour Regular.woff-- -- --33344
4/4/2026 11:55:18 AM | * Files/Fonts/Adorable Handmade.eot-- -- --72730
4/4/2026 11:55:18 AM | * Files/Fonts/Adorable Handmade.ttf-- -- --72524
4/4/2026 11:55:18 AM | * Files/Fonts/Adorable Handmade.woff-- -- --33764
4/4/2026 11:55:18 AM | * Files/Fonts/ADVENTURE AWAIT.eot-- -- --31026
4/4/2026 11:55:18 AM | * Files/Fonts/ADVENTURE AWAIT.ttf-- -- --30784
4/4/2026 11:55:18 AM | * Files/Fonts/ADVENTURE AWAIT.woff-- -- --20916
4/4/2026 11:55:18 AM | * Files/Fonts/Aesthetic.eot-- -- --168308
4/4/2026 11:55:18 AM | * Files/Fonts/Aesthetic.ttf-- -- --168132
4/4/2026 11:55:18 AM | * Files/Fonts/Aesthetic.woff-- -- --83632
4/4/2026 11:55:18 AM | * Files/Fonts/Fonts.css-- -- --4403
4/4/2026 11:55:18 AM | * Files/Fonts/Ubuntu Regular.eot-- -- --49202
4/4/2026 11:55:18 AM | * Files/Fonts/Ubuntu Regular.ttf-- -- --49024
4/4/2026 11:55:18 AM | * Files/Fonts/Ubuntu Regular.woff-- -- --26724
4/4/2026 11:55:18 AM | * Templates/Base.css-- -- --4479
4/4/2026 11:55:18 AM | * Templates/Base.php-- -- --25689
4/4/2026 11:55:18 AM | * Backup/Templates/Base.tdat-- -- --1009363
4/4/2026 11:55:18 AM | * Backup/Common/DataFileSyncFtp.xml-- -- --4970
4/4/2026 11:55:18 AM | * Backup/Common/FTPLog.txt-- -- --11056
4/4/2026 11:55:18 AM | * Backup/Common/Garbage.cfg-- -- --1569
4/4/2026 11:55:18 AM | * Backup/Common/Linkmap.cfg-- -- --3812230
4/4/2026 11:55:18 AM | * Backup/Common/Lock.cfg-- -- --441
4/4/2026 11:55:18 AM | * Backup/Common/OEGuideline.cfg-- -- --12359699
4/4/2026 11:55:18 AM | * Backup/Common/online-fonts.htm-- -- --79
4/4/2026 11:55:18 AM | * Backup/Common/Palette.xml-- -- --295
4/4/2026 11:55:18 AM | * Backup/Common/Palette.xml.upd-- -- --10
4/4/2026 11:55:18 AM | * Backup/Common/SiteConfig.cfg-- -- --39403
4/4/2026 11:55:18 AM | * Backup/Common/UploadAllFileList.cfg-- -- --261912
4/4/2026 11:55:18 AM | * Backup/Common/User.cfg-- -- --590
4/4/2026 11:55:18 AM | * Backup/Belline net.ope-- -- --3598
4/4/2026 11:55:22 AM | 
4/4/2026 11:55:22 AM | 
--------------------------------Phase 1 Terminé--------------------------------
4/4/2026 11:55:22 AM | 

4/4/2026 12:14:38 PM | Debut Mise en ligne différentielle (Site):
4/4/2026 12:14:38 PM | Listing terminé :
4/4/2026 12:14:38 PM | 

4/4/2026 12:14:38 PM | * Tchat-- -- --Folder create
4/4/2026 12:14:38 PM | * Tchat/widgets-- -- --Folder create
4/4/2026 12:14:38 PM | * Tchat/templates-- -- --Folder create
4/4/2026 12:14:38 PM | * Tchat/stickers-- -- --Folder create
4/4/2026 12:14:38 PM | * Tchat/stickers/Stickers-- -- --Folder create
4/4/2026 12:14:38 PM | * Tchat/stickers/Deutsch-- -- --Folder create
4/4/2026 12:14:38 PM | * Tchat/splash-- -- --Folder create
4/4/2026 12:14:38 PM | * Tchat/lang-- -- --Folder create
4/4/2026 12:14:38 PM | * Tchat/install-- -- --Folder create
4/4/2026 12:14:38 PM | * Tchat/incl-- -- --Folder create
4/4/2026 12:14:38 PM | * Tchat/img-- -- --Folder create
4/4/2026 12:14:38 PM | * Tchat/backgrounds-- -- --Folder create
4/4/2026 12:14:38 PM | * Tchat/avatars-- -- --Folder create
4/4/2026 12:14:38 PM | * Tchat/attachments-- -- --Folder create
4/4/2026 12:14:38 PM | * Tchat/app-- -- --Folder create
4/4/2026 12:14:38 PM | * Tchat/admin-- -- --Folder create
4/4/2026 12:14:38 PM | * Tchat/admin/font-- -- --Folder create
4/4/2026 12:14:38 PM | * Planetes-- -- --Folder create
4/4/2026 12:14:38 PM | * Partenaires-- -- --Folder create
4/4/2026 12:14:38 PM | * Paiement-- -- --Folder create
4/4/2026 12:14:38 PM | * Online-- -- --Folder create
4/4/2026 12:14:38 PM | * Online/Templates-- -- --Folder create
4/4/2026 12:14:38 PM | * Methodes-- -- --Folder create
4/4/2026 12:14:38 PM | * Mail-- -- --Folder create
4/4/2026 12:14:38 PM | * Magie-- -- --Folder create
4/4/2026 12:14:38 PM | * Gratuite-- -- --Folder create
4/4/2026 12:14:38 PM | * Dons-- -- --Folder create
4/4/2026 12:14:38 PM | * Domicile-- -- --Folder create
4/4/2026 12:14:38 PM | * Coaching-- -- --Folder create
4/4/2026 12:14:38 PM | * Chat-- -- --Folder create
4/4/2026 12:14:38 PM | * CGU-- -- --Folder create
4/4/2026 12:14:38 PM | * Cartomancie-- -- --Folder create
4/4/2026 12:14:38 PM | * Cartomancie/Tarots-- -- --Folder create
4/4/2026 12:14:38 PM | * Cartomancie/Belline-- -- --Folder create
4/4/2026 12:14:38 PM | * Cartomancie/32-cartes-- -- --Folder create
4/4/2026 12:14:38 PM | * Cartomancie/32-cartes/Trefle-- -- --Folder create
4/4/2026 12:14:38 PM | * Cartomancie/32-cartes/Pique-- -- --Folder create
4/4/2026 12:14:38 PM | * Cartomancie/32-cartes/Coeur-- -- --Folder create
4/4/2026 12:14:38 PM | * Cartomancie/32-cartes/Carreau-- -- --Folder create
4/4/2026 12:14:38 PM | * Admin-- -- --Folder create
4/4/2026 12:14:38 PM | * Admin/sounds-- -- --Folder create
4/4/2026 12:14:38 PM | * Backup-- -- --Folder create
4/4/2026 12:14:38 PM | * Templates-- -- --Folder create
4/4/2026 12:14:38 PM | * Backup/.htaccess-- -- --33
4/4/2026 12:14:38 PM | * .htaccess-- -- --0
4/4/2026 12:14:38 PM | * Admin/status.css-- -- --0
4/4/2026 12:14:38 PM | * Tchat/errors.txt-- -- --0
4/4/2026 12:14:38 PM | * index(var).js-- -- --171
4/4/2026 12:14:38 PM | * index.css-- -- --1265
4/4/2026 12:14:38 PM | * Backup/index.dat-- -- --310406
4/4/2026 12:14:38 PM | * index.php-- -- --38151
4/4/2026 12:14:38 PM | * sitemap.xml-- -- --27422
4/4/2026 12:14:38 PM | * robots.txt-- -- --39
4/4/2026 12:14:38 PM | * Backup/Belline net.ope-- -- --3598
4/4/2026 12:14:40 PM | 
4/4/2026 12:14:40 PM | 
--------------------------------Phase 1 Terminé--------------------------------
4/4/2026 12:14:40 PM | 

4/9/2026 12:33:28 PM | Debut Mise en ligne différentielle (Site):
4/9/2026 12:33:47 PM | Listing terminé :
4/9/2026 12:33:47 PM | 

4/9/2026 12:33:47 PM | * Tchat-- -- --Folder create
4/9/2026 12:33:47 PM | * Tchat/widgets-- -- --Folder create
4/9/2026 12:33:47 PM | * Tchat/templates-- -- --Folder create
4/9/2026 12:33:47 PM | * Tchat/stickers-- -- --Folder create
4/9/2026 12:33:47 PM | * Tchat/stickers/Stickers-- -- --Folder create
4/9/2026 12:33:47 PM | * Tchat/stickers/Deutsch-- -- --Folder create
4/9/2026 12:33:47 PM | * Tchat/splash-- -- --Folder create
4/9/2026 12:33:47 PM | * Tchat/lang-- -- --Folder create
4/9/2026 12:33:47 PM | * Tchat/install-- -- --Folder create
4/9/2026 12:33:47 PM | * Tchat/incl-- -- --Folder create
4/9/2026 12:33:47 PM | * Tchat/img-- -- --Folder create
4/9/2026 12:33:47 PM | * Tchat/backgrounds-- -- --Folder create
4/9/2026 12:33:47 PM | * Tchat/avatars-- -- --Folder create
4/9/2026 12:33:47 PM | * Tchat/attachments-- -- --Folder create
4/9/2026 12:33:47 PM | * Tchat/app-- -- --Folder create
4/9/2026 12:33:47 PM | * Tchat/admin-- -- --Folder create
4/9/2026 12:33:47 PM | * Tchat/admin/font-- -- --Folder create
4/9/2026 12:33:47 PM | * Planetes-- -- --Folder create
4/9/2026 12:33:47 PM | * Partenaires-- -- --Folder create
4/9/2026 12:33:47 PM | * Paiement-- -- --Folder create
4/9/2026 12:33:47 PM | * Online-- -- --Folder create
4/9/2026 12:33:47 PM | * Online/Templates-- -- --Folder create
4/9/2026 12:33:47 PM | * Methodes-- -- --Folder create
4/9/2026 12:33:47 PM | * Mail-- -- --Folder create
4/9/2026 12:33:47 PM | * Magie-- -- --Folder create
4/9/2026 12:33:47 PM | * Gratuite-- -- --Folder create
4/9/2026 12:33:47 PM | * Dons-- -- --Folder create
4/9/2026 12:33:47 PM | * Domicile-- -- --Folder create
4/9/2026 12:33:47 PM | * Coaching-- -- --Folder create
4/9/2026 12:33:47 PM | * Chat-- -- --Folder create
4/9/2026 12:33:47 PM | * CGU-- -- --Folder create
4/9/2026 12:33:47 PM | * Cartomancie-- -- --Folder create
4/9/2026 12:33:47 PM | * Cartomancie/Tarots-- -- --Folder create
4/9/2026 12:33:47 PM | * Cartomancie/Belline-- -- --Folder create
4/9/2026 12:33:47 PM | * Cartomancie/32-cartes-- -- --Folder create
4/9/2026 12:33:47 PM | * Cartomancie/32-cartes/Trefle-- -- --Folder create
4/9/2026 12:33:47 PM | * Cartomancie/32-cartes/Pique-- -- --Folder create
4/9/2026 12:33:47 PM | * Cartomancie/32-cartes/Coeur-- -- --Folder create
4/9/2026 12:33:47 PM | * Cartomancie/32-cartes/Carreau-- -- --Folder create
4/9/2026 12:33:47 PM | * Admin-- -- --Folder create
4/9/2026 12:33:47 PM | * Admin/sounds-- -- --Folder create
4/9/2026 12:33:47 PM | * Backup-- -- --Folder create
4/9/2026 12:33:47 PM | * Templates-- -- --Folder create
4/9/2026 12:33:47 PM | * Backup/.htaccess-- -- --33
4/9/2026 12:33:47 PM | * .htaccess-- -- --0
4/9/2026 12:33:47 PM | * Admin/status.css-- -- --0
4/9/2026 12:33:47 PM | * Cartomancie/32-cartes/Carreau/07(var).js-- -- --171
4/9/2026 12:33:47 PM | * Cartomancie/32-cartes/Carreau/07.css-- -- --1196
4/9/2026 12:33:47 PM | * Backup/Cartomancie/32-cartes/Carreau/07.dat-- -- --278281
4/9/2026 12:33:47 PM | * Cartomancie/32-cartes/Carreau/07.php-- -- --29595
4/9/2026 12:33:47 PM | * Cartomancie/32-cartes/Carreau/08(var).js-- -- --171
4/9/2026 12:33:47 PM | * Cartomancie/32-cartes/Carreau/08.css-- -- --1197
4/9/2026 12:33:47 PM | * Backup/Cartomancie/32-cartes/Carreau/08.dat-- -- --279141
4/9/2026 12:33:47 PM | * Cartomancie/32-cartes/Carreau/08.php-- -- --30463
4/9/2026 12:33:47 PM | * Cartomancie/32-cartes/Carreau/09(var).js-- -- --171
4/9/2026 12:33:47 PM | * Cartomancie/32-cartes/Carreau/09.css-- -- --1196
4/9/2026 12:33:47 PM | * Backup/Cartomancie/32-cartes/Carreau/09.dat-- -- --277924
4/9/2026 12:33:47 PM | * Cartomancie/32-cartes/Carreau/09.php-- -- --29249
4/9/2026 12:33:47 PM | * Cartomancie/32-cartes/Carreau/10(var).js-- -- --171
4/9/2026 12:33:47 PM | * Cartomancie/32-cartes/Carreau/10.css-- -- --1196
4/9/2026 12:33:47 PM | * Backup/Cartomancie/32-cartes/Carreau/10.dat-- -- --278597
4/9/2026 12:33:47 PM | * Cartomancie/32-cartes/Carreau/10.php-- -- --29864
4/9/2026 12:33:47 PM | * Cartomancie/32-cartes/Carreau/11-Valet(var).js-- -- --171
4/9/2026 12:33:47 PM | * Cartomancie/32-cartes/Carreau/11-Valet.css-- -- --1196
4/9/2026 12:33:47 PM | * Backup/Cartomancie/32-cartes/Carreau/11-Valet.dat-- -- --278789
4/9/2026 12:33:47 PM | * Cartomancie/32-cartes/Carreau/11-Valet.php-- -- --30121
4/9/2026 12:33:47 PM | * Cartomancie/32-cartes/Carreau/12-Dame(var).js-- -- --171
4/9/2026 12:33:47 PM | * Cartomancie/32-cartes/Carreau/12-Dame.css-- -- --1196
4/9/2026 12:33:47 PM | * Backup/Cartomancie/32-cartes/Carreau/12-Dame.dat-- -- --278131
4/9/2026 12:33:47 PM | * Cartomancie/32-cartes/Carreau/12-Dame.php-- -- --29775
4/9/2026 12:33:47 PM | * Cartomancie/32-cartes/Carreau/13-Roi(var).js-- -- --171
4/9/2026 12:33:47 PM | * Cartomancie/32-cartes/Carreau/13-Roi.css-- -- --1196
4/9/2026 12:33:47 PM | * Backup/Cartomancie/32-cartes/Carreau/13-Roi.dat-- -- --278529
4/9/2026 12:33:47 PM | * Cartomancie/32-cartes/Carreau/13-Roi.php-- -- --29855
4/9/2026 12:33:47 PM | * Cartomancie/32-cartes/Carreau/14-As(var).js-- -- --171
4/9/2026 12:33:47 PM | * Cartomancie/32-cartes/Carreau/14-As.css-- -- --1196
4/9/2026 12:33:47 PM | * Backup/Cartomancie/32-cartes/Carreau/14-As.dat-- -- --278053
4/9/2026 12:33:47 PM | * Cartomancie/32-cartes/Carreau/14-As.php-- -- --29691
4/9/2026 12:33:47 PM | * Cartomancie/32-cartes/Coeur/07(var).js-- -- --171
4/9/2026 12:33:47 PM | * Cartomancie/32-cartes/Coeur/07.css-- -- --1196
4/9/2026 12:33:47 PM | * Backup/Cartomancie/32-cartes/Coeur/07.dat-- -- --278016
4/9/2026 12:33:47 PM | * Cartomancie/32-cartes/Coeur/07.php-- -- --29624
4/9/2026 12:33:47 PM | * Cartomancie/32-cartes/Coeur/08(var).js-- -- --171
4/9/2026 12:33:47 PM | * Cartomancie/32-cartes/Coeur/08.css-- -- --1196
4/9/2026 12:33:47 PM | * Backup/Cartomancie/32-cartes/Coeur/08.dat-- -- --277888
4/9/2026 12:33:47 PM | * Cartomancie/32-cartes/Coeur/08.php-- -- --29477
4/9/2026 12:33:47 PM | * Cartomancie/32-cartes/Coeur/09(var).js-- -- --171
4/9/2026 12:33:47 PM | * Cartomancie/32-cartes/Coeur/09.css-- -- --1196
4/9/2026 12:33:47 PM | * Backup/Cartomancie/32-cartes/Coeur/09.dat-- -- --277934
4/9/2026 12:33:47 PM | * Cartomancie/32-cartes/Coeur/09.php-- -- --29523
4/9/2026 12:33:47 PM | * Cartomancie/32-cartes/Coeur/10(var).js-- -- --171
4/9/2026 12:33:47 PM | * Cartomancie/32-cartes/Coeur/10.css-- -- --1211
4/9/2026 12:33:47 PM | * Backup/Cartomancie/32-cartes/Coeur/10.dat-- -- --284190
4/9/2026 12:33:47 PM | * Cartomancie/32-cartes/Coeur/10.php-- -- --30194
4/9/2026 12:33:47 PM | * Cartomancie/32-cartes/Coeur/11-Valet(var).js-- -- --171
4/9/2026 12:33:47 PM | * Cartomancie/32-cartes/Coeur/11-Valet.css-- -- --1196
4/9/2026 12:33:47 PM | * Backup/Cartomancie/32-cartes/Coeur/11-Valet.dat-- -- --278426
4/9/2026 12:33:47 PM | * Cartomancie/32-cartes/Coeur/11-Valet.php-- -- --30033
4/9/2026 12:33:47 PM | * Cartomancie/32-cartes/Coeur/12-Dame(var).js-- -- --171
4/9/2026 12:33:47 PM | * Cartomancie/32-cartes/Coeur/12-Dame.css-- -- --1196
4/9/2026 12:33:47 PM | * Backup/Cartomancie/32-cartes/Coeur/12-Dame.dat-- -- --278040
4/9/2026 12:33:47 PM | * Cartomancie/32-cartes/Coeur/12-Dame.php-- -- --29644
4/9/2026 12:33:47 PM | * Cartomancie/32-cartes/Coeur/13-Roi(var).js-- -- --103
4/9/2026 12:33:47 PM | * Cartomancie/32-cartes/Coeur/13-Roi.css-- -- --1143
4/9/2026 12:33:47 PM | * Backup/Cartomancie/32-cartes/Coeur/13-Roi.dat-- -- --255761
4/9/2026 12:33:47 PM | * Cartomancie/32-cartes/Coeur/13-Roi.php-- -- --30036
4/9/2026 12:33:47 PM | * Cartomancie/32-cartes/Coeur/14-As(var).js-- -- --103
4/9/2026 12:33:47 PM | * Cartomancie/32-cartes/Coeur/14-As.css-- -- --1143
4/9/2026 12:33:47 PM | * Backup/Cartomancie/32-cartes/Coeur/14-As.dat-- -- --255143
4/9/2026 12:33:47 PM | * Cartomancie/32-cartes/Coeur/14-As.php-- -- --29432
4/9/2026 12:33:47 PM | * Cartomancie/32-cartes/Pique/07(var).js-- -- --239
4/9/2026 12:33:47 PM | * Cartomancie/32-cartes/Pique/07.css-- -- --1249
4/9/2026 12:33:47 PM | * Backup/Cartomancie/32-cartes/Pique/07.dat-- -- --299062
4/9/2026 12:33:47 PM | * Cartomancie/32-cartes/Pique/07.php-- -- --29676
4/9/2026 12:33:47 PM | * Cartomancie/32-cartes/Pique/08(var).js-- -- --171
4/9/2026 12:33:47 PM | * Cartomancie/32-cartes/Pique/08.css-- -- --1196
4/9/2026 12:33:47 PM | * Backup/Cartomancie/32-cartes/Pique/08.dat-- -- --280498
4/9/2026 12:33:47 PM | * Cartomancie/32-cartes/Pique/08.php-- -- --30267
4/9/2026 12:33:47 PM | * Cartomancie/32-cartes/Pique/09(var).js-- -- --171
4/9/2026 12:33:47 PM | * Cartomancie/32-cartes/Pique/09.css-- -- --1196
4/9/2026 12:33:47 PM | * Backup/Cartomancie/32-cartes/Pique/09.dat-- -- --278155
4/9/2026 12:33:47 PM | * Cartomancie/32-cartes/Pique/09.php-- -- --29821
4/9/2026 12:33:47 PM | * Cartomancie/32-cartes/Pique/10(var).js-- -- --171
4/9/2026 12:33:47 PM | * Cartomancie/32-cartes/Pique/10.css-- -- --1196
4/9/2026 12:33:47 PM | * Backup/Cartomancie/32-cartes/Pique/10.dat-- -- --277860
4/9/2026 12:33:47 PM | * Cartomancie/32-cartes/Pique/10.php-- -- --29496
4/9/2026 12:33:47 PM | * Cartomancie/32-cartes/Pique/11-Valet(var).js-- -- --171
4/9/2026 12:33:47 PM | * Cartomancie/32-cartes/Pique/11-Valet.css-- -- --1197
4/9/2026 12:33:47 PM | * Backup/Cartomancie/32-cartes/Pique/11-Valet.dat-- -- --277994
4/9/2026 12:33:47 PM | * Cartomancie/32-cartes/Pique/11-Valet.php-- -- --29647
4/9/2026 12:33:47 PM | * Cartomancie/32-cartes/Pique/12-Dame(var).js-- -- --171
4/9/2026 12:33:47 PM | * Cartomancie/32-cartes/Pique/12-Dame.css-- -- --1197
4/9/2026 12:33:47 PM | * Backup/Cartomancie/32-cartes/Pique/12-Dame.dat-- -- --278155
4/9/2026 12:33:47 PM | * Cartomancie/32-cartes/Pique/12-Dame.php-- -- --29805
4/9/2026 12:33:47 PM | * Cartomancie/32-cartes/Pique/13-Roi(var).js-- -- --171
4/9/2026 12:33:47 PM | * Cartomancie/32-cartes/Pique/13-Roi.css-- -- --1196
4/9/2026 12:33:47 PM | * Backup/Cartomancie/32-cartes/Pique/13-Roi.dat-- -- --278372
4/9/2026 12:33:47 PM | * Cartomancie/32-cartes/Pique/13-Roi.php-- -- --30016
4/9/2026 12:33:47 PM | * Cartomancie/32-cartes/Pique/14-As(var).js-- -- --103
4/9/2026 12:33:47 PM | * Cartomancie/32-cartes/Pique/14-As.css-- -- --1143
4/9/2026 12:33:47 PM | * Backup/Cartomancie/32-cartes/Pique/14-As.dat-- -- --255367
4/9/2026 12:33:47 PM | * Cartomancie/32-cartes/Pique/14-As.php-- -- --29640
4/9/2026 12:33:47 PM | * Cartomancie/32-cartes/Trefle/07(var).js-- -- --171
4/9/2026 12:33:47 PM | * Cartomancie/32-cartes/Trefle/07.css-- -- --1274
4/9/2026 12:33:47 PM | * Backup/Cartomancie/32-cartes/Trefle/07.dat-- -- --278735
4/9/2026 12:33:47 PM | * Cartomancie/32-cartes/Trefle/07.php-- -- --30300
4/9/2026 12:33:47 PM | * Cartomancie/32-cartes/Trefle/08(var).js-- -- --171
4/9/2026 12:33:47 PM | * Cartomancie/32-cartes/Trefle/08.css-- -- --1273
4/9/2026 12:33:47 PM | * Backup/Cartomancie/32-cartes/Trefle/08.dat-- -- --278756
4/9/2026 12:33:47 PM | * Cartomancie/32-cartes/Trefle/08.php-- -- --30313
4/9/2026 12:33:47 PM | * Cartomancie/32-cartes/Trefle/09(var).js-- -- --171
4/9/2026 12:33:47 PM | * Cartomancie/32-cartes/Trefle/09.css-- -- --1274
4/9/2026 12:33:47 PM | * Backup/Cartomancie/32-cartes/Trefle/09.dat-- -- --278133
4/9/2026 12:33:47 PM | * Cartomancie/32-cartes/Trefle/09.php-- -- --29689
4/9/2026 12:33:47 PM | * Cartomancie/32-cartes/Trefle/10(var).js-- -- --171
4/9/2026 12:33:47 PM | * Cartomancie/32-cartes/Trefle/10.css-- -- --1274
4/9/2026 12:33:47 PM | * Backup/Cartomancie/32-cartes/Trefle/10.dat-- -- --278206
4/9/2026 12:33:47 PM | * Cartomancie/32-cartes/Trefle/10.php-- -- --29762
4/9/2026 12:33:47 PM | * Cartomancie/32-cartes/Trefle/11-Valet(var).js-- -- --171
4/9/2026 12:33:47 PM | * Cartomancie/32-cartes/Trefle/11-Valet.css-- -- --1273
4/9/2026 12:33:48 PM | * Backup/Cartomancie/32-cartes/Trefle/11-Valet.dat-- -- --278271
4/9/2026 12:33:48 PM | * Cartomancie/32-cartes/Trefle/11-Valet.php-- -- --29845
4/9/2026 12:33:48 PM | * Cartomancie/32-cartes/Trefle/12-Dame(var).js-- -- --171
4/9/2026 12:33:48 PM | * Cartomancie/32-cartes/Trefle/12-Dame.css-- -- --1273
4/9/2026 12:33:48 PM | * Backup/Cartomancie/32-cartes/Trefle/12-Dame.dat-- -- --278100
4/9/2026 12:33:48 PM | * Cartomancie/32-cartes/Trefle/12-Dame.php-- -- --29672
4/9/2026 12:33:48 PM | * Cartomancie/32-cartes/Trefle/13-Roi(var).js-- -- --171
4/9/2026 12:33:48 PM | * Cartomancie/32-cartes/Trefle/13-Roi.css-- -- --1274
4/9/2026 12:33:48 PM | * Backup/Cartomancie/32-cartes/Trefle/13-Roi.dat-- -- --277820
4/9/2026 12:33:48 PM | * Cartomancie/32-cartes/Trefle/13-Roi.php-- -- --29388
4/9/2026 12:33:48 PM | * Cartomancie/32-cartes/Trefle/14-As(var).js-- -- --171
4/9/2026 12:33:48 PM | * Cartomancie/32-cartes/Trefle/14-As.css-- -- --1273
4/9/2026 12:33:48 PM | * Backup/Cartomancie/32-cartes/Trefle/14-As.dat-- -- --278041
4/9/2026 12:33:48 PM | * Cartomancie/32-cartes/Trefle/14-As.php-- -- --29607
4/9/2026 12:33:48 PM | * Cartomancie/32-cartes/Accueil(var).js-- -- --171
4/9/2026 12:33:48 PM | * Cartomancie/32-cartes/Accueil.css-- -- --5807
4/9/2026 12:33:48 PM | * Backup/Cartomancie/32-cartes/Accueil.dat-- -- --1365976
4/9/2026 12:33:48 PM | * Cartomancie/32-cartes/Accueil.php-- -- --50715
4/9/2026 12:33:48 PM | * Cartomancie/Belline/01-Bleu(var).js-- -- --171
4/9/2026 12:33:48 PM | * Cartomancie/Belline/01-Bleu.css-- -- --1273
4/9/2026 12:33:48 PM | * Backup/Cartomancie/Belline/01-Bleu.dat-- -- --279693
4/9/2026 12:33:48 PM | * Cartomancie/Belline/01-Bleu.php-- -- --29206
4/9/2026 12:33:48 PM | * Cartomancie/Belline/02-Destinee(var).js-- -- --171
4/9/2026 12:33:48 PM | * Cartomancie/Belline/02-Destinee.css-- -- --1273
4/9/2026 12:33:48 PM | * Backup/Cartomancie/Belline/02-Destinee.dat-- -- --280017
4/9/2026 12:33:48 PM | * Cartomancie/Belline/02-Destinee.php-- -- --29542
4/9/2026 12:33:48 PM | * Cartomancie/Belline/03-Homme(var).js-- -- --171
4/9/2026 12:33:48 PM | * Cartomancie/Belline/03-Homme.css-- -- --1273
4/9/2026 12:33:48 PM | * Backup/Cartomancie/Belline/03-Homme.dat-- -- --280189
4/9/2026 12:33:48 PM | * Cartomancie/Belline/03-Homme.php-- -- --29691
4/9/2026 12:33:48 PM | * Cartomancie/Belline/04-Femme(var).js-- -- --171
4/9/2026 12:33:48 PM | * Cartomancie/Belline/04-Femme.css-- -- --1273
4/9/2026 12:33:48 PM | * Backup/Cartomancie/Belline/04-Femme.dat-- -- --279786
4/9/2026 12:33:48 PM | * Cartomancie/Belline/04-Femme.php-- -- --29284
4/9/2026 12:33:48 PM | * Cartomancie/Belline/05-Nativite(var).js-- -- --171
4/9/2026 12:33:48 PM | * Cartomancie/Belline/05-Nativite.css-- -- --1273
4/9/2026 12:33:48 PM | * Backup/Cartomancie/Belline/05-Nativite.dat-- -- --280021
4/9/2026 12:33:48 PM | * Cartomancie/Belline/05-Nativite.php-- -- --29553
4/9/2026 12:33:48 PM | * Cartomancie/Belline/06-Reussite(var).js-- -- --171
4/9/2026 12:33:48 PM | * Cartomancie/Belline/06-Reussite.css-- -- --1273
4/9/2026 12:33:48 PM | * Backup/Cartomancie/Belline/06-Reussite.dat-- -- --280215
4/9/2026 12:33:48 PM | * Cartomancie/Belline/06-Reussite.php-- -- --29747
4/9/2026 12:33:48 PM | * Cartomancie/Belline/07-Elevation(var).js-- -- --171
4/9/2026 12:33:48 PM | * Cartomancie/Belline/07-Elevation.css-- -- --1273
4/9/2026 12:33:48 PM | * Backup/Cartomancie/Belline/07-Elevation.dat-- -- --280173
4/9/2026 12:33:48 PM | * Cartomancie/Belline/07-Elevation.php-- -- --29686
4/9/2026 12:33:48 PM | * Cartomancie/Belline/08-Honneurs(var).js-- -- --171
4/9/2026 12:33:48 PM | * Cartomancie/Belline/08-Honneurs.css-- -- --1274
4/9/2026 12:33:48 PM | * Backup/Cartomancie/Belline/08-Honneurs.dat-- -- --280123
4/9/2026 12:33:48 PM | * Cartomancie/Belline/08-Honneurs.php-- -- --29680
4/9/2026 12:33:48 PM | * Cartomancie/Belline/09-Pensee(var).js-- -- --171
4/9/2026 12:33:48 PM | * Cartomancie/Belline/09-Pensee.css-- -- --1273
4/9/2026 12:33:48 PM | * Backup/Cartomancie/Belline/09-Pensee.dat-- -- --280248
4/9/2026 12:33:48 PM | * Cartomancie/Belline/09-Pensee.php-- -- --29764
4/9/2026 12:33:48 PM | * Cartomancie/Belline/10-Campagne(var).js-- -- --171
4/9/2026 12:33:48 PM | * Cartomancie/Belline/10-Campagne.css-- -- --1273
4/9/2026 12:33:48 PM | * Backup/Cartomancie/Belline/10-Campagne.dat-- -- --280087
4/9/2026 12:33:48 PM | * Cartomancie/Belline/10-Campagne.php-- -- --29654
4/9/2026 12:33:48 PM | * Cartomancie/Belline/11-Presents(var).js-- -- --171
4/9/2026 12:33:48 PM | * Cartomancie/Belline/11-Presents.css-- -- --1274
4/9/2026 12:33:48 PM | * Backup/Cartomancie/Belline/11-Presents.dat-- -- --280116
4/9/2026 12:33:48 PM | * Cartomancie/Belline/11-Presents.php-- -- --29676
4/9/2026 12:33:48 PM | * Cartomancie/Belline/12-Trahison(var).js-- -- --171
4/9/2026 12:33:48 PM | * Cartomancie/Belline/12-Trahison.css-- -- --1273
4/9/2026 12:33:48 PM | * Backup/Cartomancie/Belline/12-Trahison.dat-- -- --280133
4/9/2026 12:33:48 PM | * Cartomancie/Belline/12-Trahison.php-- -- --29682
4/9/2026 12:33:48 PM | * Cartomancie/Belline/13-Depart(var).js-- -- --171
4/9/2026 12:33:48 PM | * Cartomancie/Belline/13-Depart.css-- -- --1273
4/9/2026 12:33:48 PM | * Backup/Cartomancie/Belline/13-Depart.dat-- -- --280015
4/9/2026 12:33:48 PM | * Cartomancie/Belline/13-Depart.php-- -- --29551
4/9/2026 12:33:48 PM | * Cartomancie/Belline/14-Inconstance(var).js-- -- --171
4/9/2026 12:33:48 PM | * Cartomancie/Belline/14-Inconstance.css-- -- --1274
4/9/2026 12:33:48 PM | * Backup/Cartomancie/Belline/14-Inconstance.dat-- -- --280352
4/9/2026 12:33:48 PM | * Cartomancie/Belline/14-Inconstance.php-- -- --29914
4/9/2026 12:33:48 PM | * Cartomancie/Belline/15-Decouverte(var).js-- -- --171
4/9/2026 12:33:48 PM | * Cartomancie/Belline/15-Decouverte.css-- -- --1274
4/9/2026 12:33:48 PM | * Backup/Cartomancie/Belline/15-Decouverte.dat-- -- --280661
4/9/2026 12:33:48 PM | * Cartomancie/Belline/15-Decouverte.php-- -- --30230
4/9/2026 12:33:48 PM | * Cartomancie/Belline/16-Eau(var).js-- -- --171
4/9/2026 12:33:48 PM | * Cartomancie/Belline/16-Eau.css-- -- --1273
4/9/2026 12:33:48 PM | * Backup/Cartomancie/Belline/16-Eau.dat-- -- --280153
4/9/2026 12:33:48 PM | * Cartomancie/Belline/16-Eau.php-- -- --29683
4/9/2026 12:33:48 PM | * Cartomancie/Belline/17-Penates(var).js-- -- --171
4/9/2026 12:33:48 PM | * Cartomancie/Belline/17-Penates.css-- -- --1273
4/9/2026 12:33:48 PM | * Backup/Cartomancie/Belline/17-Penates.dat-- -- --280325
4/9/2026 12:33:48 PM | * Cartomancie/Belline/17-Penates.php-- -- --29863
4/9/2026 12:33:48 PM | * Cartomancie/Belline/18-Maladie(var).js-- -- --171
4/9/2026 12:33:48 PM | * Cartomancie/Belline/18-Maladie.css-- -- --1273
4/9/2026 12:33:48 PM | * Backup/Cartomancie/Belline/18-Maladie.dat-- -- --279996
4/9/2026 12:33:48 PM | * Cartomancie/Belline/18-Maladie.php-- -- --29534
4/9/2026 12:33:48 PM | * Cartomancie/Belline/19-Changement(var).js-- -- --171
4/9/2026 12:33:48 PM | * Cartomancie/Belline/19-Changement.css-- -- --1273
4/9/2026 12:33:48 PM | * Backup/Cartomancie/Belline/19-Changement.dat-- -- --280261
4/9/2026 12:33:48 PM | * Cartomancie/Belline/19-Changement.php-- -- --29822
4/9/2026 12:33:48 PM | * Cartomancie/Belline/20-Argent(var).js-- -- --171
4/9/2026 12:33:48 PM | * Cartomancie/Belline/20-Argent.css-- -- --1273
4/9/2026 12:33:48 PM | * Backup/Cartomancie/Belline/20-Argent.dat-- -- --279856
4/9/2026 12:33:48 PM | * Cartomancie/Belline/20-Argent.php-- -- --29409
4/9/2026 12:33:48 PM | * Cartomancie/Belline/21-Intelligence(var).js-- -- --171
4/9/2026 12:33:48 PM | * Cartomancie/Belline/21-Intelligence.css-- -- --1273
4/9/2026 12:33:48 PM | * Backup/Cartomancie/Belline/21-Intelligence.dat-- -- --280317
4/9/2026 12:33:48 PM | * Cartomancie/Belline/21-Intelligence.php-- -- --29882
4/9/2026 12:33:48 PM | * Cartomancie/Belline/22-Vol(var).js-- -- --171
4/9/2026 12:33:48 PM | * Cartomancie/Belline/22-Vol.css-- -- --1273
4/9/2026 12:33:48 PM | * Backup/Cartomancie/Belline/22-Vol.dat-- -- --279598
4/9/2026 12:33:48 PM | * Cartomancie/Belline/22-Vol.php-- -- --29569
4/9/2026 12:33:48 PM | * Cartomancie/Belline/23-Entreprises(var).js-- -- --171
4/9/2026 12:33:48 PM | * Cartomancie/Belline/23-Entreprises.css-- -- --1273
4/9/2026 12:33:48 PM | * Backup/Cartomancie/Belline/23-Entreprises.dat-- -- --280021
4/9/2026 12:33:48 PM | * Cartomancie/Belline/23-Entreprises.php-- -- --29593
4/9/2026 12:33:48 PM | * Cartomancie/Belline/24-Trafic(var).js-- -- --171
4/9/2026 12:33:48 PM | * Cartomancie/Belline/24-Trafic.css-- -- --1273
4/9/2026 12:33:48 PM | * Backup/Cartomancie/Belline/24-Trafic.dat-- -- --279984
4/9/2026 12:33:48 PM | * Cartomancie/Belline/24-Trafic.php-- -- --29537
4/9/2026 12:33:48 PM | * Cartomancie/Belline/25-Nouvelle(var).js-- -- --171
4/9/2026 12:33:48 PM | * Cartomancie/Belline/25-Nouvelle.css-- -- --1273
4/9/2026 12:33:48 PM | * Backup/Cartomancie/Belline/25-Nouvelle.dat-- -- --279686
4/9/2026 12:33:48 PM | * Cartomancie/Belline/25-Nouvelle.php-- -- --29252
4/9/2026 12:33:48 PM | * Cartomancie/Belline/26-Plaisirs(var).js-- -- --171
4/9/2026 12:33:48 PM | * Cartomancie/Belline/26-Plaisirs.css-- -- --1274
4/9/2026 12:33:48 PM | * Backup/Cartomancie/Belline/26-Plaisirs.dat-- -- --279889
4/9/2026 12:33:48 PM | * Cartomancie/Belline/26-Plaisirs.php-- -- --29454
4/9/2026 12:33:48 PM | * Cartomancie/Belline/27-Paix(var).js-- -- --171
4/9/2026 12:33:48 PM | * Cartomancie/Belline/27-Paix.css-- -- --1273
4/9/2026 12:33:48 PM | * Backup/Cartomancie/Belline/27-Paix.dat-- -- --280373
4/9/2026 12:33:48 PM | * Cartomancie/Belline/27-Paix.php-- -- --29931
4/9/2026 12:33:48 PM | * Cartomancie/Belline/28-Union(var).js-- -- --171
4/9/2026 12:33:48 PM | * Cartomancie/Belline/28-Union.css-- -- --1273
4/9/2026 12:33:48 PM | * Backup/Cartomancie/Belline/28-Union.dat-- -- --279866
4/9/2026 12:33:48 PM | * Cartomancie/Belline/28-Union.php-- -- --29396
4/9/2026 12:33:48 PM | * Cartomancie/Belline/29-Famille(var).js-- -- --171
4/9/2026 12:33:48 PM | * Cartomancie/Belline/29-Famille.css-- -- --1273
4/9/2026 12:33:48 PM | * Backup/Cartomancie/Belline/29-Famille.dat-- -- --279977
4/9/2026 12:33:48 PM | * Cartomancie/Belline/29-Famille.php-- -- --29541
4/9/2026 12:33:48 PM | * Cartomancie/Belline/30-Amor(var).js-- -- --171
4/9/2026 12:33:48 PM | * Cartomancie/Belline/30-Amor.css-- -- --1274
4/9/2026 12:33:48 PM | * Backup/Cartomancie/Belline/30-Amor.dat-- -- --279966
4/9/2026 12:33:48 PM | * Cartomancie/Belline/30-Amor.php-- -- --29522
4/9/2026 12:33:48 PM | * Cartomancie/Belline/31-Table(var).js-- -- --171
4/9/2026 12:33:48 PM | * Cartomancie/Belline/31-Table.css-- -- --1273
4/9/2026 12:33:48 PM | * Backup/Cartomancie/Belline/31-Table.dat-- -- --279950
4/9/2026 12:33:48 PM | * Cartomancie/Belline/31-Table.php-- -- --29510
4/9/2026 12:33:48 PM | * Cartomancie/Belline/32-Passions(var).js-- -- --171
4/9/2026 12:33:48 PM | * Cartomancie/Belline/32-Passions.css-- -- --1274
4/9/2026 12:33:48 PM | * Backup/Cartomancie/Belline/32-Passions.dat-- -- --280354
4/9/2026 12:33:48 PM | * Cartomancie/Belline/32-Passions.php-- -- --29919
4/9/2026 12:33:48 PM | * Cartomancie/Belline/33-Mechancete(var).js-- -- --239
4/9/2026 12:33:48 PM | * Cartomancie/Belline/33-Mechancete.css-- -- --1327
4/9/2026 12:33:48 PM | * Backup/Cartomancie/Belline/33-Mechancete.dat-- -- --300813
4/9/2026 12:33:48 PM | * Cartomancie/Belline/33-Mechancete.php-- -- --29460
4/9/2026 12:33:48 PM | * Cartomancie/Belline/34-Proces(var).js-- -- --171
4/9/2026 12:33:48 PM | * Cartomancie/Belline/34-Proces.css-- -- --1274
4/9/2026 12:33:48 PM | * Backup/Cartomancie/Belline/34-Proces.dat-- -- --279916
4/9/2026 12:33:48 PM | * Cartomancie/Belline/34-Proces.php-- -- --29477
4/9/2026 12:33:48 PM | * Cartomancie/Belline/35-Despotisme(var).js-- -- --171
4/9/2026 12:33:48 PM | * Cartomancie/Belline/35-Despotisme.css-- -- --1274
4/9/2026 12:33:48 PM | * Backup/Cartomancie/Belline/35-Despotisme.dat-- -- --280074
4/9/2026 12:33:48 PM | * Cartomancie/Belline/35-Despotisme.php-- -- --29634
4/9/2026 12:33:48 PM | * Cartomancie/Belline/36-Ennemis(var).js-- -- --171
4/9/2026 12:33:48 PM | * Cartomancie/Belline/36-Ennemis.css-- -- --1273
4/9/2026 12:33:48 PM | * Backup/Cartomancie/Belline/36-Ennemis.dat-- -- --280092
4/9/2026 12:33:48 PM | * Cartomancie/Belline/36-Ennemis.php-- -- --29569
4/9/2026 12:33:48 PM | * Cartomancie/Belline/37-Pourparlers(var).js-- -- --171
4/9/2026 12:33:48 PM | * Cartomancie/Belline/37-Pourparlers.css-- -- --1274
4/9/2026 12:33:48 PM | * Backup/Cartomancie/Belline/37-Pourparlers.dat-- -- --280078
4/9/2026 12:33:48 PM | * Cartomancie/Belline/37-Pourparlers.php-- -- --29649
4/9/2026 12:33:48 PM | * Cartomancie/Belline/38-Feu(var).js-- -- --171
4/9/2026 12:33:48 PM | * Cartomancie/Belline/38-Feu.css-- -- --1273
4/9/2026 12:33:48 PM | * Backup/Cartomancie/Belline/38-Feu.dat-- -- --280003
4/9/2026 12:33:48 PM | * Cartomancie/Belline/38-Feu.php-- -- --29559
4/9/2026 12:33:48 PM | * Cartomancie/Belline/39-Accident(var).js-- -- --171
4/9/2026 12:33:48 PM | * Cartomancie/Belline/39-Accident.css-- -- --1273
4/9/2026 12:33:48 PM | * Backup/Cartomancie/Belline/39-Accident.dat-- -- --280155
4/9/2026 12:33:48 PM | * Cartomancie/Belline/39-Accident.php-- -- --29704
4/9/2026 12:33:48 PM | * Cartomancie/Belline/40-Appui(var).js-- -- --171
4/9/2026 12:33:48 PM | * Cartomancie/Belline/40-Appui.css-- -- --1274
4/9/2026 12:33:48 PM | * Backup/Cartomancie/Belline/40-Appui.dat-- -- --279932
4/9/2026 12:33:48 PM | * Cartomancie/Belline/40-Appui.php-- -- --29491
4/9/2026 12:33:48 PM | * Cartomancie/Belline/41-Beaute(var).js-- -- --171
4/9/2026 12:33:48 PM | * Cartomancie/Belline/41-Beaute.css-- -- --1273
4/9/2026 12:33:48 PM | * Backup/Cartomancie/Belline/41-Beaute.dat-- -- --279670
4/9/2026 12:33:48 PM | * Cartomancie/Belline/41-Beaute.php-- -- --29647
4/9/2026 12:33:48 PM | * Cartomancie/Belline/42-Heritage(var).js-- -- --171
4/9/2026 12:33:48 PM | * Cartomancie/Belline/42-Heritage.css-- -- --1273
4/9/2026 12:33:48 PM | * Backup/Cartomancie/Belline/42-Heritage.dat-- -- --280032
4/9/2026 12:33:48 PM | * Cartomancie/Belline/42-Heritage.php-- -- --29589
4/9/2026 12:33:48 PM | * Cartomancie/Belline/43-Sagesse(var).js-- -- --171
4/9/2026 12:33:48 PM | * Cartomancie/Belline/43-Sagesse.css-- -- --1273
4/9/2026 12:33:48 PM | * Backup/Cartomancie/Belline/43-Sagesse.dat-- -- --280024
4/9/2026 12:33:48 PM | * Cartomancie/Belline/43-Sagesse.php-- -- --29579
4/9/2026 12:33:48 PM | * Cartomancie/Belline/44-Renommee(var).js-- -- --171
4/9/2026 12:33:48 PM | * Cartomancie/Belline/44-Renommee.css-- -- --1273
4/9/2026 12:33:48 PM | * Backup/Cartomancie/Belline/44-Renommee.dat-- -- --280035
4/9/2026 12:33:48 PM | * Cartomancie/Belline/44-Renommee.php-- -- --29592
4/9/2026 12:33:48 PM | * Cartomancie/Belline/45-Hasard(var).js-- -- --171
4/9/2026 12:33:48 PM | * Cartomancie/Belline/45-Hasard.css-- -- --1273
4/9/2026 12:33:48 PM | * Backup/Cartomancie/Belline/45-Hasard.dat-- -- --280019
4/9/2026 12:33:48 PM | * Cartomancie/Belline/45-Hasard.php-- -- --29572
4/9/2026 12:33:48 PM | * Cartomancie/Belline/46-Bonheur(var).js-- -- --171
4/9/2026 12:33:48 PM | * Cartomancie/Belline/46-Bonheur.css-- -- --1273
4/9/2026 12:33:48 PM | * Backup/Cartomancie/Belline/46-Bonheur.dat-- -- --279880
4/9/2026 12:33:48 PM | * Cartomancie/Belline/46-Bonheur.php-- -- --29435
4/9/2026 12:33:48 PM | * Cartomancie/Belline/47-Infortune(var).js-- -- --171
4/9/2026 12:33:48 PM | * Cartomancie/Belline/47-Infortune.css-- -- --1273
4/9/2026 12:33:48 PM | * Backup/Cartomancie/Belline/47-Infortune.dat-- -- --280286
4/9/2026 12:33:48 PM | * Cartomancie/Belline/47-Infortune.php-- -- --29845
4/9/2026 12:33:48 PM | * Cartomancie/Belline/48-Sterilite(var).js-- -- --171
4/9/2026 12:33:48 PM | * Cartomancie/Belline/48-Sterilite.css-- -- --1274
4/9/2026 12:33:48 PM | * Backup/Cartomancie/Belline/48-Sterilite.dat-- -- --279996
4/9/2026 12:33:48 PM | * Cartomancie/Belline/48-Sterilite.php-- -- --29554
4/9/2026 12:33:48 PM | * Cartomancie/Belline/49-Fatalite(var).js-- -- --171
4/9/2026 12:33:48 PM | * Cartomancie/Belline/49-Fatalite.css-- -- --1274
4/9/2026 12:33:48 PM | * Backup/Cartomancie/Belline/49-Fatalite.dat-- -- --280191
4/9/2026 12:33:48 PM | * Cartomancie/Belline/49-Fatalite.php-- -- --29746
4/9/2026 12:33:48 PM | * Cartomancie/Belline/50-Grace(var).js-- -- --171
4/9/2026 12:33:48 PM | * Cartomancie/Belline/50-Grace.css-- -- --1273
4/9/2026 12:33:48 PM | * Backup/Cartomancie/Belline/50-Grace.dat-- -- --280220
4/9/2026 12:33:48 PM | * Cartomancie/Belline/50-Grace.php-- -- --29754
4/9/2026 12:33:48 PM | * Cartomancie/Belline/51-Ruine(var).js-- -- --171
4/9/2026 12:33:48 PM | * Cartomancie/Belline/51-Ruine.css-- -- --1273
4/9/2026 12:33:48 PM | * Backup/Cartomancie/Belline/51-Ruine.dat-- -- --280618
4/9/2026 12:33:48 PM | * Cartomancie/Belline/51-Ruine.php-- -- --30057
4/9/2026 12:33:48 PM | * Cartomancie/Belline/52-Retard(var).js-- -- --171
4/9/2026 12:33:48 PM | * Cartomancie/Belline/52-Retard.css-- -- --1273
4/9/2026 12:33:48 PM | * Backup/Cartomancie/Belline/52-Retard.dat-- -- --279648
4/9/2026 12:33:48 PM | * Cartomancie/Belline/52-Retard.php-- -- --29193
4/9/2026 12:33:48 PM | * Cartomancie/Belline/53-Cloitre(var).js-- -- --171
4/9/2026 12:33:48 PM | * Cartomancie/Belline/53-Cloitre.css-- -- --1273
4/9/2026 12:33:48 PM | * Backup/Cartomancie/Belline/53-Cloitre.dat-- -- --280155
4/9/2026 12:33:48 PM | * Cartomancie/Belline/53-Cloitre.php-- -- --29693
4/9/2026 12:33:48 PM | * Cartomancie/Belline/Accueil(var).js-- -- --171
4/9/2026 12:33:48 PM | * Cartomancie/Belline/Accueil.css-- -- --8991
4/9/2026 12:33:48 PM | * Backup/Cartomancie/Belline/Accueil.dat-- -- --2233201
4/9/2026 12:33:48 PM | * Cartomancie/Belline/Accueil.php-- -- --64181
4/9/2026 12:33:48 PM | * Cartomancie/Tarots/01-Fou(var).js-- -- --171
4/9/2026 12:33:48 PM | * Cartomancie/Tarots/01-Fou.css-- -- --1196
4/9/2026 12:33:48 PM | * Backup/Cartomancie/Tarots/01-Fou.dat-- -- --280330
4/9/2026 12:33:48 PM | * Cartomancie/Tarots/01-Fou.php-- -- --29941
4/9/2026 12:33:48 PM | * Cartomancie/Tarots/02-Bateleur(var).js-- -- --171
4/9/2026 12:33:48 PM | * Cartomancie/Tarots/02-Bateleur.css-- -- --1196
4/9/2026 12:33:48 PM | * Backup/Cartomancie/Tarots/02-Bateleur.dat-- -- --279915
4/9/2026 12:33:48 PM | * Cartomancie/Tarots/02-Bateleur.php-- -- --29529
4/9/2026 12:33:48 PM | * Cartomancie/Tarots/03-Papesse(var).js-- -- --171
4/9/2026 12:33:48 PM | * Cartomancie/Tarots/03-Papesse.css-- -- --1196
4/9/2026 12:33:48 PM | * Backup/Cartomancie/Tarots/03-Papesse.dat-- -- --280145
4/9/2026 12:33:48 PM | * Cartomancie/Tarots/03-Papesse.php-- -- --29755
4/9/2026 12:33:48 PM | * Cartomancie/Tarots/04-Imperatrice(var).js-- -- --171
4/9/2026 12:33:48 PM | * Cartomancie/Tarots/04-Imperatrice.css-- -- --1196
4/9/2026 12:33:48 PM | * Backup/Cartomancie/Tarots/04-Imperatrice.dat-- -- --280660
4/9/2026 12:33:48 PM | * Cartomancie/Tarots/04-Imperatrice.php-- -- --30287
4/9/2026 12:33:48 PM | * Cartomancie/Tarots/05-Empereur(var).js-- -- --171
4/9/2026 12:33:48 PM | * Cartomancie/Tarots/05-Empereur.css-- -- --1196
4/9/2026 12:33:48 PM | * Backup/Cartomancie/Tarots/05-Empereur.dat-- -- --280259
4/9/2026 12:33:48 PM | * Cartomancie/Tarots/05-Empereur.php-- -- --29880
4/9/2026 12:33:48 PM | * Cartomancie/Tarots/06-Pape(var).js-- -- --171
4/9/2026 12:33:48 PM | * Cartomancie/Tarots/06-Pape.css-- -- --1196
4/9/2026 12:33:48 PM | * Backup/Cartomancie/Tarots/06-Pape.dat-- -- --280455
4/9/2026 12:33:48 PM | * Cartomancie/Tarots/06-Pape.php-- -- --30051
4/9/2026 12:33:48 PM | * Cartomancie/Tarots/07-Amoureux(var).js-- -- --171
4/9/2026 12:33:48 PM | * Cartomancie/Tarots/07-Amoureux.css-- -- --1273
4/9/2026 12:33:48 PM | * Backup/Cartomancie/Tarots/07-Amoureux.dat-- -- --280352
4/9/2026 12:33:48 PM | * Cartomancie/Tarots/07-Amoureux.php-- -- --29876
4/9/2026 12:33:48 PM | * Cartomancie/Tarots/08-Chariot(var).js-- -- --171
4/9/2026 12:33:48 PM | * Cartomancie/Tarots/08-Chariot.css-- -- --1273
4/9/2026 12:33:48 PM | * Backup/Cartomancie/Tarots/08-Chariot.dat-- -- --280845
4/9/2026 12:33:48 PM | * Cartomancie/Tarots/08-Chariot.php-- -- --30297
4/9/2026 12:33:48 PM | * Cartomancie/Tarots/09-Justice(var).js-- -- --171
4/9/2026 12:33:48 PM | * Cartomancie/Tarots/09-Justice.css-- -- --1273
4/9/2026 12:33:48 PM | * Backup/Cartomancie/Tarots/09-Justice.dat-- -- --280743
4/9/2026 12:33:48 PM | * Cartomancie/Tarots/09-Justice.php-- -- --30273
4/9/2026 12:33:48 PM | * Cartomancie/Tarots/10-Hermite(var).js-- -- --171
4/9/2026 12:33:48 PM | * Cartomancie/Tarots/10-Hermite.css-- -- --1273
4/9/2026 12:33:48 PM | * Backup/Cartomancie/Tarots/10-Hermite.dat-- -- --280755
4/9/2026 12:33:48 PM | * Cartomancie/Tarots/10-Hermite.php-- -- --30268
4/9/2026 12:33:48 PM | * Cartomancie/Tarots/11-Roue(var).js-- -- --171
4/9/2026 12:33:48 PM | * Cartomancie/Tarots/11-Roue.css-- -- --1273
4/9/2026 12:33:48 PM | * Backup/Cartomancie/Tarots/11-Roue.dat-- -- --280331
4/9/2026 12:33:48 PM | * Cartomancie/Tarots/11-Roue.php-- -- --29839
4/9/2026 12:33:48 PM | * Cartomancie/Tarots/12-Force(var).js-- -- --171
4/9/2026 12:33:48 PM | * Cartomancie/Tarots/12-Force.css-- -- --1273
4/9/2026 12:33:48 PM | * Backup/Cartomancie/Tarots/12-Force.dat-- -- --280199
4/9/2026 12:33:49 PM | * Cartomancie/Tarots/12-Force.php-- -- --29708
4/9/2026 12:33:49 PM | * Cartomancie/Tarots/13-Pendu(var).js-- -- --171
4/9/2026 12:33:49 PM | * Cartomancie/Tarots/13-Pendu.css-- -- --1273
4/9/2026 12:33:49 PM | * Backup/Cartomancie/Tarots/13-Pendu.dat-- -- --280055
4/9/2026 12:33:49 PM | * Cartomancie/Tarots/13-Pendu.php-- -- --29960
4/9/2026 12:33:49 PM | * Cartomancie/Tarots/14-Mort(var).js-- -- --171
4/9/2026 12:33:49 PM | * Cartomancie/Tarots/14-Mort.css-- -- --1273
4/9/2026 12:33:49 PM | * Backup/Cartomancie/Tarots/14-Mort.dat-- -- --280242
4/9/2026 12:33:49 PM | * Cartomancie/Tarots/14-Mort.php-- -- --29758
4/9/2026 12:33:49 PM | * Cartomancie/Tarots/15-Temperance(var).js-- -- --171
4/9/2026 12:33:49 PM | * Cartomancie/Tarots/15-Temperance.css-- -- --1273
4/9/2026 12:33:49 PM | * Backup/Cartomancie/Tarots/15-Temperance.dat-- -- --279933
4/9/2026 12:33:49 PM | * Cartomancie/Tarots/15-Temperance.php-- -- --29893
4/9/2026 12:33:49 PM | * Cartomancie/Tarots/16-Diable(var).js-- -- --171
4/9/2026 12:33:49 PM | * Cartomancie/Tarots/16-Diable.css-- -- --1273
4/9/2026 12:33:49 PM | * Backup/Cartomancie/Tarots/16-Diable.dat-- -- --280388
4/9/2026 12:33:49 PM | * Cartomancie/Tarots/16-Diable.php-- -- --29899
4/9/2026 12:33:49 PM | * Cartomancie/Tarots/16-Maison-Dieu(var).js-- -- --171
4/9/2026 12:33:49 PM | * Cartomancie/Tarots/16-Maison-Dieu.css-- -- --1273
4/9/2026 12:33:49 PM | * Backup/Cartomancie/Tarots/16-Maison-Dieu.dat-- -- --280531
4/9/2026 12:33:49 PM | * Cartomancie/Tarots/16-Maison-Dieu.php-- -- --30052
4/9/2026 12:33:49 PM | * Cartomancie/Tarots/17-Etoile(var).js-- -- --171
4/9/2026 12:33:49 PM | * Cartomancie/Tarots/17-Etoile.css-- -- --1273
4/9/2026 12:33:49 PM | * Backup/Cartomancie/Tarots/17-Etoile.dat-- -- --280238
4/9/2026 12:33:49 PM | * Cartomancie/Tarots/17-Etoile.php-- -- --29757
4/9/2026 12:33:49 PM | * Cartomancie/Tarots/18-Lune(var).js-- -- --171
4/9/2026 12:33:49 PM | * Cartomancie/Tarots/18-Lune.css-- -- --1273
4/9/2026 12:33:49 PM | * Backup/Cartomancie/Tarots/18-Lune.dat-- -- --280665
4/9/2026 12:33:49 PM | * Cartomancie/Tarots/18-Lune.php-- -- --30172
4/9/2026 12:33:49 PM | * Cartomancie/Tarots/19-Soleil(var).js-- -- --171
4/9/2026 12:33:49 PM | * Cartomancie/Tarots/19-Soleil.css-- -- --1273
4/9/2026 12:33:49 PM | * Backup/Cartomancie/Tarots/19-Soleil.dat-- -- --280509
4/9/2026 12:33:49 PM | * Cartomancie/Tarots/19-Soleil.php-- -- --30020
4/9/2026 12:33:49 PM | * Cartomancie/Tarots/20-Jugement(var).js-- -- --171
4/9/2026 12:33:49 PM | * Cartomancie/Tarots/20-Jugement.css-- -- --1273
4/9/2026 12:33:49 PM | * Backup/Cartomancie/Tarots/20-Jugement.dat-- -- --280381
4/9/2026 12:33:49 PM | * Cartomancie/Tarots/20-Jugement.php-- -- --29896
4/9/2026 12:33:49 PM | * Cartomancie/Tarots/21-Monde(var).js-- -- --171
4/9/2026 12:33:49 PM | * Cartomancie/Tarots/21-Monde.css-- -- --1273
4/9/2026 12:33:49 PM | * Backup/Cartomancie/Tarots/21-Monde.dat-- -- --280328
4/9/2026 12:33:49 PM | * Cartomancie/Tarots/21-Monde.php-- -- --29837
4/9/2026 12:33:49 PM | * Cartomancie/Tarots/Accueil(var).js-- -- --171
4/9/2026 12:33:49 PM | * Cartomancie/Tarots/Accueil.css-- -- --3694
4/9/2026 12:33:49 PM | * Backup/Cartomancie/Tarots/Accueil.dat-- -- --918596
4/9/2026 12:33:49 PM | * Cartomancie/Tarots/Accueil.php-- -- --41736
4/9/2026 12:33:49 PM | * CGU/CGU(var).js-- -- --171
4/9/2026 12:33:49 PM | * CGU/CGU.css-- -- --847
4/9/2026 12:33:49 PM | * Backup/CGU/CGU.dat-- -- --197760
4/9/2026 12:33:49 PM | * CGU/CGU.php-- -- --35478
4/9/2026 12:33:49 PM | * Chat/Echec(var).js-- -- --171
4/9/2026 12:33:49 PM | * Chat/Echec.css-- -- --940
4/9/2026 12:33:49 PM | * Backup/Chat/Echec.dat-- -- --219252
4/9/2026 12:33:49 PM | * Chat/Echec.php-- -- --27587
4/9/2026 12:33:49 PM | * Chat/Envoi(var).js-- -- --171
4/9/2026 12:33:49 PM | * Chat/Envoi.css-- -- --862
4/9/2026 12:33:49 PM | * Backup/Chat/Envoi.dat-- -- --192002
4/9/2026 12:33:49 PM | * Chat/Envoi.php-- -- --27354
4/9/2026 12:33:49 PM | * Chat/Formulaire(var).js-- -- --1103
4/9/2026 12:33:49 PM | * Chat/Formulaire(var).php-- -- --4015
4/9/2026 12:33:49 PM | * Chat/Formulaire.css-- -- --4727
4/9/2026 12:33:49 PM | * Backup/Chat/Formulaire.dat-- -- --1028667
4/9/2026 12:33:49 PM | * Chat/Formulaire.php-- -- --57954
4/9/2026 12:33:49 PM | * Coaching/Echec(var).js-- -- --103
4/9/2026 12:33:49 PM | * Coaching/Echec.css-- -- --886
4/9/2026 12:33:49 PM | * Backup/Coaching/Echec.dat-- -- --194590
4/9/2026 12:33:49 PM | * Coaching/Echec.php-- -- --27591
4/9/2026 12:33:49 PM | * Coaching/Envoi(var).js-- -- --103
4/9/2026 12:33:49 PM | * Coaching/Envoi.css-- -- --809
4/9/2026 12:33:49 PM | * Backup/Coaching/Envoi.dat-- -- --167155
4/9/2026 12:33:49 PM | * Coaching/Envoi.php-- -- --27381
4/9/2026 12:33:49 PM | * Coaching/Formulaire(var).js-- -- --1111
4/9/2026 12:33:49 PM | * Coaching/Formulaire(var).php-- -- --2415
4/9/2026 12:33:49 PM | * Coaching/Formulaire.css-- -- --4726
4/9/2026 12:33:49 PM | * Backup/Coaching/Formulaire.dat-- -- --1009377
4/9/2026 12:33:49 PM | * Coaching/Formulaire.php-- -- --58372
4/9/2026 12:33:49 PM | * Domicile/Echec(var).js-- -- --171
4/9/2026 12:33:49 PM | * Domicile/Echec.css-- -- --939
4/9/2026 12:33:49 PM | * Backup/Domicile/Echec.dat-- -- --219255
4/9/2026 12:33:49 PM | * Domicile/Echec.php-- -- --27623
4/9/2026 12:33:49 PM | * Domicile/Envoi(var).js-- -- --171
4/9/2026 12:33:49 PM | * Domicile/Envoi.css-- -- --862
4/9/2026 12:33:49 PM | * Backup/Domicile/Envoi.dat-- -- --191866
4/9/2026 12:33:49 PM | * Domicile/Envoi.php-- -- --27371
4/9/2026 12:33:49 PM | * Domicile/Formulaire(var).js-- -- --1111
4/9/2026 12:33:49 PM | * Domicile/Formulaire(var).php-- -- --3500
4/9/2026 12:33:49 PM | * Domicile/Formulaire.css-- -- --4727
4/9/2026 12:33:49 PM | * Backup/Domicile/Formulaire.dat-- -- --1021999
4/9/2026 12:33:49 PM | * Domicile/Formulaire.php-- -- --58080
4/9/2026 12:33:49 PM | * Dons/Dons(var).js-- -- --171
4/9/2026 12:33:49 PM | * Dons/Dons.css-- -- --1594
4/9/2026 12:33:49 PM | * Backup/Dons/Dons.dat-- -- --359556
4/9/2026 12:33:49 PM | * Dons/Dons.php-- -- --32521
4/9/2026 12:33:49 PM | * Gratuite/Echec(var).js-- -- --171
4/9/2026 12:33:49 PM | * Gratuite/Echec.css-- -- --939
4/9/2026 12:33:49 PM | * Backup/Gratuite/Echec.dat-- -- --217170
4/9/2026 12:33:49 PM | * Gratuite/Echec.php-- -- --27597
4/9/2026 12:33:49 PM | * Gratuite/Envoi(var).js-- -- --171
4/9/2026 12:33:49 PM | * Gratuite/Envoi.css-- -- --862
4/9/2026 12:33:49 PM | * Backup/Gratuite/Envoi.dat-- -- --191863
4/9/2026 12:33:49 PM | * Gratuite/Envoi.php-- -- --26953
4/9/2026 12:33:49 PM | * Gratuite/Formulaire(var).js-- -- --1147
4/9/2026 12:33:49 PM | * Gratuite/Formulaire(var).php-- -- --3811
4/9/2026 12:33:49 PM | * Gratuite/Formulaire.css-- -- --5261
4/9/2026 12:33:49 PM | * Backup/Gratuite/Formulaire.dat-- -- --1081990
4/9/2026 12:33:49 PM | * Gratuite/Formulaire.php-- -- --59263
4/9/2026 12:33:49 PM | * Magie/Echec(var).js-- -- --171
4/9/2026 12:33:49 PM | * Magie/Echec.css-- -- --939
4/9/2026 12:33:49 PM | * Backup/Magie/Echec.dat-- -- --217239
4/9/2026 12:33:49 PM | * Magie/Echec.php-- -- --27641
4/9/2026 12:33:49 PM | * Magie/Envoi(var).js-- -- --171
4/9/2026 12:33:49 PM | * Magie/Envoi.css-- -- --862
4/9/2026 12:33:49 PM | * Backup/Magie/Envoi.dat-- -- --189954
4/9/2026 12:33:49 PM | * Magie/Envoi.php-- -- --27424
4/9/2026 12:33:49 PM | * Magie/Formulaire(var).js-- -- --1133
4/9/2026 12:33:49 PM | * Magie/Formulaire(var).php-- -- --5375
4/9/2026 12:33:49 PM | * Magie/Formulaire.css-- -- --4882
4/9/2026 12:33:49 PM | * Backup/Magie/Formulaire.dat-- -- --1097395
4/9/2026 12:33:49 PM | * Magie/Formulaire.php-- -- --62291
4/9/2026 12:33:49 PM | * Mail/Echec(var).js-- -- --103
4/9/2026 12:33:49 PM | * Mail/Echec.css-- -- --887
4/9/2026 12:33:49 PM | * Backup/Mail/Echec.dat-- -- --194461
4/9/2026 12:33:49 PM | * Mail/Echec.php-- -- --27576
4/9/2026 12:33:49 PM | * Mail/Envoi(var).js-- -- --103
4/9/2026 12:33:49 PM | * Mail/Envoi.css-- -- --809
4/9/2026 12:33:49 PM | * Backup/Mail/Envoi.dat-- -- --167207
4/9/2026 12:33:49 PM | * Mail/Envoi.php-- -- --27449
4/9/2026 12:33:49 PM | * Mail/Formulaire(var).js-- -- --1103
4/9/2026 12:33:49 PM | * Mail/Formulaire(var).php-- -- --2242
4/9/2026 12:33:49 PM | * Mail/Formulaire.css-- -- --4265
4/9/2026 12:33:49 PM | * Backup/Mail/Formulaire.dat-- -- --808951
4/9/2026 12:33:49 PM | * Mail/Formulaire.php-- -- --49800
4/9/2026 12:33:49 PM | * Methodes/Accueil(var).js-- -- --171
4/9/2026 12:33:49 PM | * Methodes/Accueil.css-- -- --1721
4/9/2026 12:33:49 PM | * Backup/Methodes/Accueil.dat-- -- --450636
4/9/2026 12:33:49 PM | * Methodes/Accueil.php-- -- --42473
4/9/2026 12:33:49 PM | * Methodes/Croix(var).js-- -- --171
4/9/2026 12:33:49 PM | * Methodes/Croix.css-- -- --3694
4/9/2026 12:33:49 PM | * Backup/Methodes/Croix.dat-- -- --950386
4/9/2026 12:33:49 PM | * Methodes/Croix.php-- -- --51077
4/9/2026 12:33:49 PM | * Methodes/Ligne(var).js-- -- --171
4/9/2026 12:33:49 PM | * Methodes/Ligne.css-- -- --3890
4/9/2026 12:33:49 PM | * Backup/Methodes/Ligne.dat-- -- --995393
4/9/2026 12:33:49 PM | * Methodes/Ligne.php-- -- --59028
4/9/2026 12:33:49 PM | * Methodes/Pyramide(var).js-- -- --171
4/9/2026 12:33:49 PM | * Methodes/Pyramide.css-- -- --2041
4/9/2026 12:33:49 PM | * Backup/Methodes/Pyramide.dat-- -- --486425
4/9/2026 12:33:49 PM | * Methodes/Pyramide.php-- -- --44978
4/9/2026 12:33:49 PM | * Paiement/Paiement_accepte(var).js-- -- --171
4/9/2026 12:33:49 PM | * Paiement/Paiement_accepte.css-- -- --862
4/9/2026 12:33:49 PM | * Backup/Paiement/Paiement_accepte.dat-- -- --189904
4/9/2026 12:33:49 PM | * Paiement/Paiement_accepte.php-- -- --27512
4/9/2026 12:33:49 PM | * Paiement/Paiement_avorte(var).js-- -- --171
4/9/2026 12:33:49 PM | * Paiement/Paiement_avorte.css-- -- --862
4/9/2026 12:33:49 PM | * Backup/Paiement/Paiement_avorte.dat-- -- --189697
4/9/2026 12:33:49 PM | * Paiement/Paiement_avorte.php-- -- --27103
4/9/2026 12:33:49 PM | * Partenaires/Partenaires(var).js-- -- --103
4/9/2026 12:33:49 PM | * Partenaires/Partenaires.css-- -- --902
4/9/2026 12:33:49 PM | * Backup/Partenaires/Partenaires.dat-- -- --222619
4/9/2026 12:33:49 PM | * Partenaires/Partenaires.php-- -- --28068
4/9/2026 12:33:49 PM | * Planetes/Accueil(var).js-- -- --171
4/9/2026 12:33:49 PM | * Planetes/Accueil.css-- -- --3106
4/9/2026 12:33:49 PM | * Backup/Planetes/Accueil.dat-- -- --814120
4/9/2026 12:33:49 PM | * Planetes/Accueil.php-- -- --40628
4/9/2026 12:33:49 PM | * Planetes/Jupiter(var).js-- -- --171
4/9/2026 12:33:49 PM | * Planetes/Jupiter.css-- -- --1182
4/9/2026 12:33:49 PM | * Backup/Planetes/Jupiter.dat-- -- --280198
4/9/2026 12:33:49 PM | * Planetes/Jupiter.php-- -- --30285
4/9/2026 12:33:49 PM | * Planetes/Lune(var).js-- -- --239
4/9/2026 12:33:49 PM | * Planetes/Lune.css-- -- --1236
4/9/2026 12:33:49 PM | * Backup/Planetes/Lune.dat-- -- --301796
4/9/2026 12:33:49 PM | * Planetes/Lune.php-- -- --30764
4/9/2026 12:33:49 PM | * Planetes/Mars(var).js-- -- --239
4/9/2026 12:33:49 PM | * Planetes/Mars.css-- -- --1236
4/9/2026 12:33:49 PM | * Backup/Planetes/Mars.dat-- -- --301352
4/9/2026 12:33:49 PM | * Planetes/Mars.php-- -- --30415
4/9/2026 12:33:49 PM | * Planetes/Mercure(var).js-- -- --239
4/9/2026 12:33:49 PM | * Planetes/Mercure.css-- -- --1236
4/9/2026 12:33:49 PM | * Backup/Planetes/Mercure.dat-- -- --302239
4/9/2026 12:33:49 PM | * Planetes/Mercure.php-- -- --31196
4/9/2026 12:33:49 PM | * Planetes/Neptune(var).js-- -- --239
4/9/2026 12:33:49 PM | * Planetes/Neptune.css-- -- --1236
4/9/2026 12:33:49 PM | * Backup/Planetes/Neptune.dat-- -- --301420
4/9/2026 12:33:49 PM | * Planetes/Neptune.php-- -- --30489
4/9/2026 12:33:49 PM | * Planetes/Pluton(var).js-- -- --239
4/9/2026 12:33:49 PM | * Planetes/Pluton.css-- -- --1236
4/9/2026 12:33:49 PM | * Backup/Planetes/Pluton.dat-- -- --301354
4/9/2026 12:33:49 PM | * Planetes/Pluton.php-- -- --30421
4/9/2026 12:33:49 PM | * Planetes/Saturne(var).js-- -- --239
4/9/2026 12:33:49 PM | * Planetes/Saturne.css-- -- --1250
4/9/2026 12:33:49 PM | * Backup/Planetes/Saturne.dat-- -- --305158
4/9/2026 12:33:49 PM | * Planetes/Saturne.php-- -- --30460
4/9/2026 12:33:49 PM | * Planetes/Soleil(var).js-- -- --239
4/9/2026 12:33:49 PM | * Planetes/Soleil.css-- -- --1251
4/9/2026 12:33:49 PM | * Backup/Planetes/Soleil.dat-- -- --304900
4/9/2026 12:33:49 PM | * Planetes/Soleil.php-- -- --30133
4/9/2026 12:33:49 PM | * Planetes/Uranus(var).js-- -- --239
4/9/2026 12:33:49 PM | * Planetes/Uranus.css-- -- --1251
4/9/2026 12:33:49 PM | * Backup/Planetes/Uranus.dat-- -- --304561
4/9/2026 12:33:49 PM | * Planetes/Uranus.php-- -- --29847
4/9/2026 12:33:49 PM | * Planetes/Venus(var).js-- -- --239
4/9/2026 12:33:49 PM | * Planetes/Venus.css-- -- --1251
4/9/2026 12:33:49 PM | * Backup/Planetes/Venus.dat-- -- --305202
4/9/2026 12:33:49 PM | * Planetes/Venus.php-- -- --30494
4/9/2026 12:33:49 PM | * Tchat/errors.txt-- -- --0
4/9/2026 12:33:49 PM | * index(var).js-- -- --171
4/9/2026 12:33:49 PM | * index.css-- -- --1265
4/9/2026 12:33:49 PM | * Backup/index.dat-- -- --310406
4/9/2026 12:33:49 PM | * index.php-- -- --38141
4/9/2026 12:33:49 PM | * Templates/Base.css-- -- --4479
4/9/2026 12:33:49 PM | * Templates/Base.php-- -- --25679
4/9/2026 12:33:49 PM | * Backup/Templates/Base.tdat-- -- --1009353
4/9/2026 12:33:49 PM | * sitemap.xml-- -- --27422
4/9/2026 12:33:49 PM | * robots.txt-- -- --39
4/9/2026 12:33:49 PM | * Backup/Belline net.ope-- -- --3598
4/9/2026 12:33:52 PM | 
4/9/2026 12:33:52 PM | 
--------------------------------Phase 1 Terminé--------------------------------
4/9/2026 12:33:52 PM | 

4/9/2026 4:22:54 PM | Debut Mise en ligne différentielle (Site):
4/9/2026 4:23:11 PM | Listing terminé :
4/9/2026 4:23:11 PM | 

4/9/2026 4:23:11 PM | * Tchat-- -- --Folder create
4/9/2026 4:23:11 PM | * Tchat/widgets-- -- --Folder create
4/9/2026 4:23:11 PM | * Tchat/templates-- -- --Folder create
4/9/2026 4:23:11 PM | * Tchat/stickers-- -- --Folder create
4/9/2026 4:23:11 PM | * Tchat/stickers/Stickers-- -- --Folder create
4/9/2026 4:23:11 PM | * Tchat/stickers/Deutsch-- -- --Folder create
4/9/2026 4:23:11 PM | * Tchat/splash-- -- --Folder create
4/9/2026 4:23:11 PM | * Tchat/lang-- -- --Folder create
4/9/2026 4:23:11 PM | * Tchat/install-- -- --Folder create
4/9/2026 4:23:11 PM | * Tchat/incl-- -- --Folder create
4/9/2026 4:23:11 PM | * Tchat/img-- -- --Folder create
4/9/2026 4:23:11 PM | * Tchat/backgrounds-- -- --Folder create
4/9/2026 4:23:11 PM | * Tchat/avatars-- -- --Folder create
4/9/2026 4:23:11 PM | * Tchat/attachments-- -- --Folder create
4/9/2026 4:23:11 PM | * Tchat/app-- -- --Folder create
4/9/2026 4:23:11 PM | * Tchat/admin-- -- --Folder create
4/9/2026 4:23:11 PM | * Tchat/admin/font-- -- --Folder create
4/9/2026 4:23:11 PM | * Planetes-- -- --Folder create
4/9/2026 4:23:11 PM | * Partenaires-- -- --Folder create
4/9/2026 4:23:11 PM | * Paiement-- -- --Folder create
4/9/2026 4:23:11 PM | * Online-- -- --Folder create
4/9/2026 4:23:11 PM | * Online/Templates-- -- --Folder create
4/9/2026 4:23:11 PM | * Methodes-- -- --Folder create
4/9/2026 4:23:11 PM | * Mail-- -- --Folder create
4/9/2026 4:23:11 PM | * Magie-- -- --Folder create
4/9/2026 4:23:11 PM | * Gratuite-- -- --Folder create
4/9/2026 4:23:11 PM | * Dons-- -- --Folder create
4/9/2026 4:23:11 PM | * Domicile-- -- --Folder create
4/9/2026 4:23:11 PM | * Coaching-- -- --Folder create
4/9/2026 4:23:11 PM | * Chat-- -- --Folder create
4/9/2026 4:23:11 PM | * CGU-- -- --Folder create
4/9/2026 4:23:11 PM | * Cartomancie-- -- --Folder create
4/9/2026 4:23:11 PM | * Cartomancie/Tarots-- -- --Folder create
4/9/2026 4:23:11 PM | * Cartomancie/Belline-- -- --Folder create
4/9/2026 4:23:11 PM | * Cartomancie/32-cartes-- -- --Folder create
4/9/2026 4:23:11 PM | * Cartomancie/32-cartes/Trefle-- -- --Folder create
4/9/2026 4:23:11 PM | * Cartomancie/32-cartes/Pique-- -- --Folder create
4/9/2026 4:23:11 PM | * Cartomancie/32-cartes/Coeur-- -- --Folder create
4/9/2026 4:23:11 PM | * Cartomancie/32-cartes/Carreau-- -- --Folder create
4/9/2026 4:23:11 PM | * Admin-- -- --Folder create
4/9/2026 4:23:11 PM | * Admin/sounds-- -- --Folder create
4/9/2026 4:23:11 PM | * Backup-- -- --Folder create
4/9/2026 4:23:11 PM | * WEFiles-- -- --Folder create
4/9/2026 4:23:11 PM | * WEFiles/Image-- -- --Folder create
4/9/2026 4:23:11 PM | * WEFiles/Image/WEImage-- -- --Folder create
4/9/2026 4:23:11 PM | * Templates-- -- --Folder create
4/9/2026 4:23:11 PM | * Backup/.htaccess-- -- --33
4/9/2026 4:23:11 PM | * .htaccess-- -- --0
4/9/2026 4:23:11 PM | * Admin/status.css-- -- --0
4/9/2026 4:23:11 PM | * Cartomancie/32-cartes/Carreau/07(var).js-- -- --171
4/9/2026 4:23:11 PM | * Cartomancie/32-cartes/Carreau/07.css-- -- --1196
4/9/2026 4:23:11 PM | * WEFiles/Image/WEImage/01_gratuite-WE40fc192759.png-- -- --14258
4/9/2026 4:23:11 PM | * WEFiles/Image/WEImage/03_tchat-WE00d6bb574b.png-- -- --14251
4/9/2026 4:23:11 PM | * Backup/Cartomancie/32-cartes/Carreau/07.dat-- -- --278281
4/9/2026 4:23:11 PM | * Cartomancie/32-cartes/Carreau/07.php-- -- --20092
4/9/2026 4:23:11 PM | * Cartomancie/32-cartes/Carreau/08(var).js-- -- --171
4/9/2026 4:23:11 PM | * Cartomancie/32-cartes/Carreau/08.css-- -- --1197
4/9/2026 4:23:11 PM | * Backup/Cartomancie/32-cartes/Carreau/08.dat-- -- --279141
4/9/2026 4:23:11 PM | * Cartomancie/32-cartes/Carreau/08.php-- -- --20960
4/9/2026 4:23:11 PM | * Cartomancie/32-cartes/Carreau/09(var).js-- -- --171
4/9/2026 4:23:11 PM | * Cartomancie/32-cartes/Carreau/09.css-- -- --1196
4/9/2026 4:23:11 PM | * Backup/Cartomancie/32-cartes/Carreau/09.dat-- -- --277924
4/9/2026 4:23:11 PM | * Cartomancie/32-cartes/Carreau/09.php-- -- --19746
4/9/2026 4:23:11 PM | * Cartomancie/32-cartes/Carreau/10(var).js-- -- --171
4/9/2026 4:23:11 PM | * Cartomancie/32-cartes/Carreau/10.css-- -- --1196
4/9/2026 4:23:11 PM | * Backup/Cartomancie/32-cartes/Carreau/10.dat-- -- --278597
4/9/2026 4:23:11 PM | * Cartomancie/32-cartes/Carreau/10.php-- -- --20361
4/9/2026 4:23:11 PM | * Cartomancie/32-cartes/Carreau/11-Valet(var).js-- -- --171
4/9/2026 4:23:11 PM | * Cartomancie/32-cartes/Carreau/11-Valet.css-- -- --1196
4/9/2026 4:23:11 PM | * Backup/Cartomancie/32-cartes/Carreau/11-Valet.dat-- -- --278789
4/9/2026 4:23:11 PM | * Cartomancie/32-cartes/Carreau/11-Valet.php-- -- --20618
4/9/2026 4:23:11 PM | * Cartomancie/32-cartes/Carreau/12-Dame(var).js-- -- --171
4/9/2026 4:23:11 PM | * Cartomancie/32-cartes/Carreau/12-Dame.css-- -- --1196
4/9/2026 4:23:11 PM | * Backup/Cartomancie/32-cartes/Carreau/12-Dame.dat-- -- --278131
4/9/2026 4:23:11 PM | * Cartomancie/32-cartes/Carreau/12-Dame.php-- -- --20272
4/9/2026 4:23:11 PM | * Cartomancie/32-cartes/Carreau/13-Roi(var).js-- -- --171
4/9/2026 4:23:11 PM | * Cartomancie/32-cartes/Carreau/13-Roi.css-- -- --1196
4/9/2026 4:23:11 PM | * Backup/Cartomancie/32-cartes/Carreau/13-Roi.dat-- -- --278529
4/9/2026 4:23:11 PM | * Cartomancie/32-cartes/Carreau/13-Roi.php-- -- --20352
4/9/2026 4:23:11 PM | * Cartomancie/32-cartes/Carreau/14-As(var).js-- -- --171
4/9/2026 4:23:11 PM | * Cartomancie/32-cartes/Carreau/14-As.css-- -- --1196
4/9/2026 4:23:11 PM | * Backup/Cartomancie/32-cartes/Carreau/14-As.dat-- -- --278053
4/9/2026 4:23:11 PM | * Cartomancie/32-cartes/Carreau/14-As.php-- -- --20188
4/9/2026 4:23:11 PM | * Cartomancie/32-cartes/Coeur/07(var).js-- -- --171
4/9/2026 4:23:11 PM | * Cartomancie/32-cartes/Coeur/07.css-- -- --1196
4/9/2026 4:23:11 PM | * Backup/Cartomancie/32-cartes/Coeur/07.dat-- -- --278016
4/9/2026 4:23:11 PM | * Cartomancie/32-cartes/Coeur/07.php-- -- --20121
4/9/2026 4:23:11 PM | * Cartomancie/32-cartes/Coeur/08(var).js-- -- --171
4/9/2026 4:23:11 PM | * Cartomancie/32-cartes/Coeur/08.css-- -- --1196
4/9/2026 4:23:11 PM | * Backup/Cartomancie/32-cartes/Coeur/08.dat-- -- --277888
4/9/2026 4:23:11 PM | * Cartomancie/32-cartes/Coeur/08.php-- -- --19974
4/9/2026 4:23:11 PM | * Cartomancie/32-cartes/Coeur/09(var).js-- -- --171
4/9/2026 4:23:11 PM | * Cartomancie/32-cartes/Coeur/09.css-- -- --1196
4/9/2026 4:23:11 PM | * Backup/Cartomancie/32-cartes/Coeur/09.dat-- -- --277934
4/9/2026 4:23:11 PM | * Cartomancie/32-cartes/Coeur/09.php-- -- --20020
4/9/2026 4:23:11 PM | * Cartomancie/32-cartes/Coeur/10(var).js-- -- --171
4/9/2026 4:23:11 PM | * Cartomancie/32-cartes/Coeur/10.css-- -- --1211
4/9/2026 4:23:11 PM | * Backup/Cartomancie/32-cartes/Coeur/10.dat-- -- --284190
4/9/2026 4:23:11 PM | * Cartomancie/32-cartes/Coeur/10.php-- -- --20691
4/9/2026 4:23:11 PM | * Cartomancie/32-cartes/Coeur/11-Valet(var).js-- -- --171
4/9/2026 4:23:11 PM | * Cartomancie/32-cartes/Coeur/11-Valet.css-- -- --1196
4/9/2026 4:23:11 PM | * Backup/Cartomancie/32-cartes/Coeur/11-Valet.dat-- -- --278426
4/9/2026 4:23:11 PM | * Cartomancie/32-cartes/Coeur/11-Valet.php-- -- --20530
4/9/2026 4:23:11 PM | * Cartomancie/32-cartes/Coeur/12-Dame(var).js-- -- --171
4/9/2026 4:23:11 PM | * Cartomancie/32-cartes/Coeur/12-Dame.css-- -- --1196
4/9/2026 4:23:11 PM | * Backup/Cartomancie/32-cartes/Coeur/12-Dame.dat-- -- --278040
4/9/2026 4:23:11 PM | * Cartomancie/32-cartes/Coeur/12-Dame.php-- -- --20141
4/9/2026 4:23:11 PM | * Cartomancie/32-cartes/Coeur/13-Roi(var).js-- -- --103
4/9/2026 4:23:11 PM | * Cartomancie/32-cartes/Coeur/13-Roi.css-- -- --1143
4/9/2026 4:23:11 PM | * Backup/Cartomancie/32-cartes/Coeur/13-Roi.dat-- -- --255761
4/9/2026 4:23:11 PM | * Cartomancie/32-cartes/Coeur/13-Roi.php-- -- --20533
4/9/2026 4:23:11 PM | * Cartomancie/32-cartes/Coeur/14-As(var).js-- -- --103
4/9/2026 4:23:11 PM | * Cartomancie/32-cartes/Coeur/14-As.css-- -- --1143
4/9/2026 4:23:11 PM | * Backup/Cartomancie/32-cartes/Coeur/14-As.dat-- -- --255143
4/9/2026 4:23:11 PM | * Cartomancie/32-cartes/Coeur/14-As.php-- -- --19929
4/9/2026 4:23:11 PM | * Cartomancie/32-cartes/Pique/07(var).js-- -- --239
4/9/2026 4:23:11 PM | * Cartomancie/32-cartes/Pique/07.css-- -- --1249
4/9/2026 4:23:11 PM | * Backup/Cartomancie/32-cartes/Pique/07.dat-- -- --299062
4/9/2026 4:23:11 PM | * Cartomancie/32-cartes/Pique/07.php-- -- --20173
4/9/2026 4:23:11 PM | * Cartomancie/32-cartes/Pique/08(var).js-- -- --171
4/9/2026 4:23:11 PM | * Cartomancie/32-cartes/Pique/08.css-- -- --1196
4/9/2026 4:23:11 PM | * Backup/Cartomancie/32-cartes/Pique/08.dat-- -- --280498
4/9/2026 4:23:11 PM | * Cartomancie/32-cartes/Pique/08.php-- -- --20764
4/9/2026 4:23:11 PM | * Cartomancie/32-cartes/Pique/09(var).js-- -- --171
4/9/2026 4:23:11 PM | * Cartomancie/32-cartes/Pique/09.css-- -- --1196
4/9/2026 4:23:11 PM | * Backup/Cartomancie/32-cartes/Pique/09.dat-- -- --278155
4/9/2026 4:23:11 PM | * Cartomancie/32-cartes/Pique/09.php-- -- --20318
4/9/2026 4:23:11 PM | * Cartomancie/32-cartes/Pique/10(var).js-- -- --171
4/9/2026 4:23:11 PM | * Cartomancie/32-cartes/Pique/10.css-- -- --1196
4/9/2026 4:23:11 PM | * Backup/Cartomancie/32-cartes/Pique/10.dat-- -- --277860
4/9/2026 4:23:11 PM | * Cartomancie/32-cartes/Pique/10.php-- -- --19993
4/9/2026 4:23:11 PM | * Cartomancie/32-cartes/Pique/11-Valet(var).js-- -- --171
4/9/2026 4:23:11 PM | * Cartomancie/32-cartes/Pique/11-Valet.css-- -- --1197
4/9/2026 4:23:11 PM | * Backup/Cartomancie/32-cartes/Pique/11-Valet.dat-- -- --277994
4/9/2026 4:23:11 PM | * Cartomancie/32-cartes/Pique/11-Valet.php-- -- --20144
4/9/2026 4:23:11 PM | * Cartomancie/32-cartes/Pique/12-Dame(var).js-- -- --171
4/9/2026 4:23:11 PM | * Cartomancie/32-cartes/Pique/12-Dame.css-- -- --1197
4/9/2026 4:23:11 PM | * Backup/Cartomancie/32-cartes/Pique/12-Dame.dat-- -- --278155
4/9/2026 4:23:11 PM | * Cartomancie/32-cartes/Pique/12-Dame.php-- -- --20302
4/9/2026 4:23:11 PM | * Cartomancie/32-cartes/Pique/13-Roi(var).js-- -- --171
4/9/2026 4:23:11 PM | * Cartomancie/32-cartes/Pique/13-Roi.css-- -- --1196
4/9/2026 4:23:11 PM | * Backup/Cartomancie/32-cartes/Pique/13-Roi.dat-- -- --278372
4/9/2026 4:23:11 PM | * Cartomancie/32-cartes/Pique/13-Roi.php-- -- --20513
4/9/2026 4:23:11 PM | * Cartomancie/32-cartes/Pique/14-As(var).js-- -- --103
4/9/2026 4:23:11 PM | * Cartomancie/32-cartes/Pique/14-As.css-- -- --1143
4/9/2026 4:23:11 PM | * Backup/Cartomancie/32-cartes/Pique/14-As.dat-- -- --255367
4/9/2026 4:23:11 PM | * Cartomancie/32-cartes/Pique/14-As.php-- -- --20137
4/9/2026 4:23:11 PM | * Cartomancie/32-cartes/Trefle/07(var).js-- -- --171
4/9/2026 4:23:11 PM | * Cartomancie/32-cartes/Trefle/07.css-- -- --1274
4/9/2026 4:23:11 PM | * Backup/Cartomancie/32-cartes/Trefle/07.dat-- -- --278735
4/9/2026 4:23:11 PM | * Cartomancie/32-cartes/Trefle/07.php-- -- --20797
4/9/2026 4:23:11 PM | * Cartomancie/32-cartes/Trefle/08(var).js-- -- --171
4/9/2026 4:23:11 PM | * Cartomancie/32-cartes/Trefle/08.css-- -- --1273
4/9/2026 4:23:11 PM | * Backup/Cartomancie/32-cartes/Trefle/08.dat-- -- --278756
4/9/2026 4:23:11 PM | * Cartomancie/32-cartes/Trefle/08.php-- -- --20810
4/9/2026 4:23:11 PM | * Cartomancie/32-cartes/Trefle/09(var).js-- -- --171
4/9/2026 4:23:11 PM | * Cartomancie/32-cartes/Trefle/09.css-- -- --1274
4/9/2026 4:23:11 PM | * Backup/Cartomancie/32-cartes/Trefle/09.dat-- -- --278133
4/9/2026 4:23:11 PM | * Cartomancie/32-cartes/Trefle/09.php-- -- --20186
4/9/2026 4:23:11 PM | * Cartomancie/32-cartes/Trefle/10(var).js-- -- --171
4/9/2026 4:23:11 PM | * Cartomancie/32-cartes/Trefle/10.css-- -- --1274
4/9/2026 4:23:11 PM | * Backup/Cartomancie/32-cartes/Trefle/10.dat-- -- --278206
4/9/2026 4:23:11 PM | * Cartomancie/32-cartes/Trefle/10.php-- -- --20259
4/9/2026 4:23:11 PM | * Cartomancie/32-cartes/Trefle/11-Valet(var).js-- -- --171
4/9/2026 4:23:11 PM | * Cartomancie/32-cartes/Trefle/11-Valet.css-- -- --1273
4/9/2026 4:23:11 PM | * Backup/Cartomancie/32-cartes/Trefle/11-Valet.dat-- -- --278271
4/9/2026 4:23:11 PM | * Cartomancie/32-cartes/Trefle/11-Valet.php-- -- --20342
4/9/2026 4:23:11 PM | * Cartomancie/32-cartes/Trefle/12-Dame(var).js-- -- --171
4/9/2026 4:23:11 PM | * Cartomancie/32-cartes/Trefle/12-Dame.css-- -- --1273
4/9/2026 4:23:11 PM | * Backup/Cartomancie/32-cartes/Trefle/12-Dame.dat-- -- --278100
4/9/2026 4:23:11 PM | * Cartomancie/32-cartes/Trefle/12-Dame.php-- -- --20169
4/9/2026 4:23:11 PM | * Cartomancie/32-cartes/Trefle/13-Roi(var).js-- -- --171
4/9/2026 4:23:11 PM | * Cartomancie/32-cartes/Trefle/13-Roi.css-- -- --1274
4/9/2026 4:23:11 PM | * Backup/Cartomancie/32-cartes/Trefle/13-Roi.dat-- -- --277820
4/9/2026 4:23:11 PM | * Cartomancie/32-cartes/Trefle/13-Roi.php-- -- --19885
4/9/2026 4:23:11 PM | * Cartomancie/32-cartes/Trefle/14-As(var).js-- -- --171
4/9/2026 4:23:11 PM | * Cartomancie/32-cartes/Trefle/14-As.css-- -- --1273
4/9/2026 4:23:11 PM | * Backup/Cartomancie/32-cartes/Trefle/14-As.dat-- -- --278041
4/9/2026 4:23:11 PM | * Cartomancie/32-cartes/Trefle/14-As.php-- -- --20104
4/9/2026 4:23:11 PM | * Cartomancie/32-cartes/Accueil(var).js-- -- --171
4/9/2026 4:23:11 PM | * Cartomancie/32-cartes/Accueil.css-- -- --5807
4/9/2026 4:23:11 PM | * Backup/Cartomancie/32-cartes/Accueil.dat-- -- --1365976
4/9/2026 4:23:11 PM | * Cartomancie/32-cartes/Accueil.php-- -- --41242
4/9/2026 4:23:11 PM | * Cartomancie/Belline/01-Bleu(var).js-- -- --171
4/9/2026 4:23:11 PM | * Cartomancie/Belline/01-Bleu.css-- -- --1273
4/9/2026 4:23:11 PM | * Backup/Cartomancie/Belline/01-Bleu.dat-- -- --279693
4/9/2026 4:23:11 PM | * Cartomancie/Belline/01-Bleu.php-- -- --19771
4/9/2026 4:23:11 PM | * Cartomancie/Belline/02-Destinee(var).js-- -- --171
4/9/2026 4:23:11 PM | * Cartomancie/Belline/02-Destinee.css-- -- --1273
4/9/2026 4:23:11 PM | * Backup/Cartomancie/Belline/02-Destinee.dat-- -- --280017
4/9/2026 4:23:11 PM | * Cartomancie/Belline/02-Destinee.php-- -- --20107
4/9/2026 4:23:11 PM | * Cartomancie/Belline/03-Homme(var).js-- -- --171
4/9/2026 4:23:11 PM | * Cartomancie/Belline/03-Homme.css-- -- --1273
4/9/2026 4:23:11 PM | * Backup/Cartomancie/Belline/03-Homme.dat-- -- --280189
4/9/2026 4:23:11 PM | * Cartomancie/Belline/03-Homme.php-- -- --20256
4/9/2026 4:23:11 PM | * Cartomancie/Belline/04-Femme(var).js-- -- --171
4/9/2026 4:23:11 PM | * Cartomancie/Belline/04-Femme.css-- -- --1273
4/9/2026 4:23:11 PM | * Backup/Cartomancie/Belline/04-Femme.dat-- -- --279786
4/9/2026 4:23:11 PM | * Cartomancie/Belline/04-Femme.php-- -- --19849
4/9/2026 4:23:11 PM | * Cartomancie/Belline/05-Nativite(var).js-- -- --171
4/9/2026 4:23:11 PM | * Cartomancie/Belline/05-Nativite.css-- -- --1273
4/9/2026 4:23:11 PM | * Backup/Cartomancie/Belline/05-Nativite.dat-- -- --280021
4/9/2026 4:23:11 PM | * Cartomancie/Belline/05-Nativite.php-- -- --20118
4/9/2026 4:23:11 PM | * Cartomancie/Belline/06-Reussite(var).js-- -- --171
4/9/2026 4:23:11 PM | * Cartomancie/Belline/06-Reussite.css-- -- --1273
4/9/2026 4:23:11 PM | * Backup/Cartomancie/Belline/06-Reussite.dat-- -- --280215
4/9/2026 4:23:11 PM | * Cartomancie/Belline/06-Reussite.php-- -- --20312
4/9/2026 4:23:11 PM | * Cartomancie/Belline/07-Elevation(var).js-- -- --171
4/9/2026 4:23:11 PM | * Cartomancie/Belline/07-Elevation.css-- -- --1273
4/9/2026 4:23:11 PM | * Backup/Cartomancie/Belline/07-Elevation.dat-- -- --280173
4/9/2026 4:23:11 PM | * Cartomancie/Belline/07-Elevation.php-- -- --20251
4/9/2026 4:23:11 PM | * Cartomancie/Belline/08-Honneurs(var).js-- -- --171
4/9/2026 4:23:11 PM | * Cartomancie/Belline/08-Honneurs.css-- -- --1274
4/9/2026 4:23:11 PM | * Backup/Cartomancie/Belline/08-Honneurs.dat-- -- --280123
4/9/2026 4:23:11 PM | * Cartomancie/Belline/08-Honneurs.php-- -- --20245
4/9/2026 4:23:11 PM | * Cartomancie/Belline/09-Pensee(var).js-- -- --171
4/9/2026 4:23:11 PM | * Cartomancie/Belline/09-Pensee.css-- -- --1273
4/9/2026 4:23:11 PM | * Backup/Cartomancie/Belline/09-Pensee.dat-- -- --280248
4/9/2026 4:23:11 PM | * Cartomancie/Belline/09-Pensee.php-- -- --20329
4/9/2026 4:23:11 PM | * Cartomancie/Belline/10-Campagne(var).js-- -- --171
4/9/2026 4:23:11 PM | * Cartomancie/Belline/10-Campagne.css-- -- --1273
4/9/2026 4:23:11 PM | * Backup/Cartomancie/Belline/10-Campagne.dat-- -- --280087
4/9/2026 4:23:11 PM | * Cartomancie/Belline/10-Campagne.php-- -- --20219
4/9/2026 4:23:11 PM | * Cartomancie/Belline/11-Presents(var).js-- -- --171
4/9/2026 4:23:11 PM | * Cartomancie/Belline/11-Presents.css-- -- --1274
4/9/2026 4:23:11 PM | * Backup/Cartomancie/Belline/11-Presents.dat-- -- --280116
4/9/2026 4:23:11 PM | * Cartomancie/Belline/11-Presents.php-- -- --20241
4/9/2026 4:23:11 PM | * Cartomancie/Belline/12-Trahison(var).js-- -- --171
4/9/2026 4:23:11 PM | * Cartomancie/Belline/12-Trahison.css-- -- --1273
4/9/2026 4:23:11 PM | * Backup/Cartomancie/Belline/12-Trahison.dat-- -- --280133
4/9/2026 4:23:11 PM | * Cartomancie/Belline/12-Trahison.php-- -- --20247
4/9/2026 4:23:11 PM | * Cartomancie/Belline/13-Depart(var).js-- -- --171
4/9/2026 4:23:11 PM | * Cartomancie/Belline/13-Depart.css-- -- --1273
4/9/2026 4:23:11 PM | * Backup/Cartomancie/Belline/13-Depart.dat-- -- --280015
4/9/2026 4:23:11 PM | * Cartomancie/Belline/13-Depart.php-- -- --20116
4/9/2026 4:23:11 PM | * Cartomancie/Belline/14-Inconstance(var).js-- -- --171
4/9/2026 4:23:11 PM | * Cartomancie/Belline/14-Inconstance.css-- -- --1274
4/9/2026 4:23:11 PM | * Backup/Cartomancie/Belline/14-Inconstance.dat-- -- --280352
4/9/2026 4:23:11 PM | * Cartomancie/Belline/14-Inconstance.php-- -- --20479
4/9/2026 4:23:11 PM | * Cartomancie/Belline/15-Decouverte(var).js-- -- --171
4/9/2026 4:23:11 PM | * Cartomancie/Belline/15-Decouverte.css-- -- --1274
4/9/2026 4:23:11 PM | * Backup/Cartomancie/Belline/15-Decouverte.dat-- -- --280661
4/9/2026 4:23:11 PM | * Cartomancie/Belline/15-Decouverte.php-- -- --20795
4/9/2026 4:23:11 PM | * Cartomancie/Belline/16-Eau(var).js-- -- --171
4/9/2026 4:23:11 PM | * Cartomancie/Belline/16-Eau.css-- -- --1273
4/9/2026 4:23:11 PM | * Backup/Cartomancie/Belline/16-Eau.dat-- -- --280153
4/9/2026 4:23:11 PM | * Cartomancie/Belline/16-Eau.php-- -- --20248
4/9/2026 4:23:11 PM | * Cartomancie/Belline/17-Penates(var).js-- -- --171
4/9/2026 4:23:11 PM | * Cartomancie/Belline/17-Penates.css-- -- --1273
4/9/2026 4:23:11 PM | * Backup/Cartomancie/Belline/17-Penates.dat-- -- --280325
4/9/2026 4:23:11 PM | * Cartomancie/Belline/17-Penates.php-- -- --20428
4/9/2026 4:23:11 PM | * Cartomancie/Belline/18-Maladie(var).js-- -- --171
4/9/2026 4:23:11 PM | * Cartomancie/Belline/18-Maladie.css-- -- --1273
4/9/2026 4:23:11 PM | * Backup/Cartomancie/Belline/18-Maladie.dat-- -- --279996
4/9/2026 4:23:11 PM | * Cartomancie/Belline/18-Maladie.php-- -- --20099
4/9/2026 4:23:11 PM | * Cartomancie/Belline/19-Changement(var).js-- -- --171
4/9/2026 4:23:11 PM | * Cartomancie/Belline/19-Changement.css-- -- --1273
4/9/2026 4:23:11 PM | * Backup/Cartomancie/Belline/19-Changement.dat-- -- --280261
4/9/2026 4:23:11 PM | * Cartomancie/Belline/19-Changement.php-- -- --20387
4/9/2026 4:23:11 PM | * Cartomancie/Belline/20-Argent(var).js-- -- --171
4/9/2026 4:23:11 PM | * Cartomancie/Belline/20-Argent.css-- -- --1273
4/9/2026 4:23:11 PM | * Backup/Cartomancie/Belline/20-Argent.dat-- -- --279856
4/9/2026 4:23:11 PM | * Cartomancie/Belline/20-Argent.php-- -- --19974
4/9/2026 4:23:11 PM | * Cartomancie/Belline/21-Intelligence(var).js-- -- --171
4/9/2026 4:23:11 PM | * Cartomancie/Belline/21-Intelligence.css-- -- --1273
4/9/2026 4:23:12 PM | * Backup/Cartomancie/Belline/21-Intelligence.dat-- -- --280317
4/9/2026 4:23:12 PM | * Cartomancie/Belline/21-Intelligence.php-- -- --20447
4/9/2026 4:23:12 PM | * Cartomancie/Belline/22-Vol(var).js-- -- --171
4/9/2026 4:23:12 PM | * Cartomancie/Belline/22-Vol.css-- -- --1273
4/9/2026 4:23:12 PM | * Backup/Cartomancie/Belline/22-Vol.dat-- -- --279598
4/9/2026 4:23:12 PM | * Cartomancie/Belline/22-Vol.php-- -- --20134
4/9/2026 4:23:12 PM | * Cartomancie/Belline/23-Entreprises(var).js-- -- --171
4/9/2026 4:23:12 PM | * Cartomancie/Belline/23-Entreprises.css-- -- --1273
4/9/2026 4:23:12 PM | * Backup/Cartomancie/Belline/23-Entreprises.dat-- -- --280021
4/9/2026 4:23:12 PM | * Cartomancie/Belline/23-Entreprises.php-- -- --20158
4/9/2026 4:23:12 PM | * Cartomancie/Belline/24-Trafic(var).js-- -- --171
4/9/2026 4:23:12 PM | * Cartomancie/Belline/24-Trafic.css-- -- --1273
4/9/2026 4:23:12 PM | * Backup/Cartomancie/Belline/24-Trafic.dat-- -- --279984
4/9/2026 4:23:12 PM | * Cartomancie/Belline/24-Trafic.php-- -- --20102
4/9/2026 4:23:12 PM | * Cartomancie/Belline/25-Nouvelle(var).js-- -- --171
4/9/2026 4:23:12 PM | * Cartomancie/Belline/25-Nouvelle.css-- -- --1273
4/9/2026 4:23:12 PM | * Backup/Cartomancie/Belline/25-Nouvelle.dat-- -- --279686
4/9/2026 4:23:12 PM | * Cartomancie/Belline/25-Nouvelle.php-- -- --19817
4/9/2026 4:23:12 PM | * Cartomancie/Belline/26-Plaisirs(var).js-- -- --171
4/9/2026 4:23:12 PM | * Cartomancie/Belline/26-Plaisirs.css-- -- --1274
4/9/2026 4:23:12 PM | * Backup/Cartomancie/Belline/26-Plaisirs.dat-- -- --279889
4/9/2026 4:23:12 PM | * Cartomancie/Belline/26-Plaisirs.php-- -- --20019
4/9/2026 4:23:12 PM | * Cartomancie/Belline/27-Paix(var).js-- -- --171
4/9/2026 4:23:12 PM | * Cartomancie/Belline/27-Paix.css-- -- --1273
4/9/2026 4:23:12 PM | * Backup/Cartomancie/Belline/27-Paix.dat-- -- --280373
4/9/2026 4:23:12 PM | * Cartomancie/Belline/27-Paix.php-- -- --20496
4/9/2026 4:23:12 PM | * Cartomancie/Belline/28-Union(var).js-- -- --171
4/9/2026 4:23:12 PM | * Cartomancie/Belline/28-Union.css-- -- --1273
4/9/2026 4:23:12 PM | * Backup/Cartomancie/Belline/28-Union.dat-- -- --279866
4/9/2026 4:23:12 PM | * Cartomancie/Belline/28-Union.php-- -- --19961
4/9/2026 4:23:12 PM | * Cartomancie/Belline/29-Famille(var).js-- -- --171
4/9/2026 4:23:12 PM | * Cartomancie/Belline/29-Famille.css-- -- --1273
4/9/2026 4:23:12 PM | * Backup/Cartomancie/Belline/29-Famille.dat-- -- --279977
4/9/2026 4:23:12 PM | * Cartomancie/Belline/29-Famille.php-- -- --20106
4/9/2026 4:23:12 PM | * Cartomancie/Belline/30-Amor(var).js-- -- --171
4/9/2026 4:23:12 PM | * Cartomancie/Belline/30-Amor.css-- -- --1274
4/9/2026 4:23:12 PM | * Backup/Cartomancie/Belline/30-Amor.dat-- -- --279966
4/9/2026 4:23:12 PM | * Cartomancie/Belline/30-Amor.php-- -- --20087
4/9/2026 4:23:12 PM | * Cartomancie/Belline/31-Table(var).js-- -- --171
4/9/2026 4:23:12 PM | * Cartomancie/Belline/31-Table.css-- -- --1273
4/9/2026 4:23:12 PM | * Backup/Cartomancie/Belline/31-Table.dat-- -- --279950
4/9/2026 4:23:12 PM | * Cartomancie/Belline/31-Table.php-- -- --20075
4/9/2026 4:23:12 PM | * Cartomancie/Belline/32-Passions(var).js-- -- --171
4/9/2026 4:23:12 PM | * Cartomancie/Belline/32-Passions.css-- -- --1274
4/9/2026 4:23:12 PM | * Backup/Cartomancie/Belline/32-Passions.dat-- -- --280354
4/9/2026 4:23:12 PM | * Cartomancie/Belline/32-Passions.php-- -- --20484
4/9/2026 4:23:12 PM | * Cartomancie/Belline/33-Mechancete(var).js-- -- --239
4/9/2026 4:23:12 PM | * Cartomancie/Belline/33-Mechancete.css-- -- --1327
4/9/2026 4:23:12 PM | * Backup/Cartomancie/Belline/33-Mechancete.dat-- -- --300813
4/9/2026 4:23:12 PM | * Cartomancie/Belline/33-Mechancete.php-- -- --20025
4/9/2026 4:23:12 PM | * Cartomancie/Belline/34-Proces(var).js-- -- --171
4/9/2026 4:23:12 PM | * Cartomancie/Belline/34-Proces.css-- -- --1274
4/9/2026 4:23:12 PM | * Backup/Cartomancie/Belline/34-Proces.dat-- -- --279916
4/9/2026 4:23:12 PM | * Cartomancie/Belline/34-Proces.php-- -- --20042
4/9/2026 4:23:12 PM | * Cartomancie/Belline/35-Despotisme(var).js-- -- --171
4/9/2026 4:23:12 PM | * Cartomancie/Belline/35-Despotisme.css-- -- --1274
4/9/2026 4:23:12 PM | * Backup/Cartomancie/Belline/35-Despotisme.dat-- -- --280074
4/9/2026 4:23:12 PM | * Cartomancie/Belline/35-Despotisme.php-- -- --20199
4/9/2026 4:23:12 PM | * Cartomancie/Belline/36-Ennemis(var).js-- -- --171
4/9/2026 4:23:12 PM | * Cartomancie/Belline/36-Ennemis.css-- -- --1273
4/9/2026 4:23:12 PM | * Backup/Cartomancie/Belline/36-Ennemis.dat-- -- --280092
4/9/2026 4:23:12 PM | * Cartomancie/Belline/36-Ennemis.php-- -- --20134
4/9/2026 4:23:12 PM | * Cartomancie/Belline/37-Pourparlers(var).js-- -- --171
4/9/2026 4:23:12 PM | * Cartomancie/Belline/37-Pourparlers.css-- -- --1274
4/9/2026 4:23:12 PM | * Backup/Cartomancie/Belline/37-Pourparlers.dat-- -- --280078
4/9/2026 4:23:12 PM | * Cartomancie/Belline/37-Pourparlers.php-- -- --20214
4/9/2026 4:23:12 PM | * Cartomancie/Belline/38-Feu(var).js-- -- --171
4/9/2026 4:23:12 PM | * Cartomancie/Belline/38-Feu.css-- -- --1273
4/9/2026 4:23:12 PM | * Backup/Cartomancie/Belline/38-Feu.dat-- -- --280003
4/9/2026 4:23:12 PM | * Cartomancie/Belline/38-Feu.php-- -- --20124
4/9/2026 4:23:12 PM | * Cartomancie/Belline/39-Accident(var).js-- -- --171
4/9/2026 4:23:12 PM | * Cartomancie/Belline/39-Accident.css-- -- --1273
4/9/2026 4:23:12 PM | * Backup/Cartomancie/Belline/39-Accident.dat-- -- --280155
4/9/2026 4:23:12 PM | * Cartomancie/Belline/39-Accident.php-- -- --20269
4/9/2026 4:23:12 PM | * Cartomancie/Belline/40-Appui(var).js-- -- --171
4/9/2026 4:23:12 PM | * Cartomancie/Belline/40-Appui.css-- -- --1274
4/9/2026 4:23:12 PM | * Backup/Cartomancie/Belline/40-Appui.dat-- -- --279932
4/9/2026 4:23:12 PM | * Cartomancie/Belline/40-Appui.php-- -- --20056
4/9/2026 4:23:12 PM | * Cartomancie/Belline/41-Beaute(var).js-- -- --171
4/9/2026 4:23:12 PM | * Cartomancie/Belline/41-Beaute.css-- -- --1273
4/9/2026 4:23:12 PM | * Backup/Cartomancie/Belline/41-Beaute.dat-- -- --279670
4/9/2026 4:23:12 PM | * Cartomancie/Belline/41-Beaute.php-- -- --20212
4/9/2026 4:23:12 PM | * Cartomancie/Belline/42-Heritage(var).js-- -- --171
4/9/2026 4:23:12 PM | * Cartomancie/Belline/42-Heritage.css-- -- --1273
4/9/2026 4:23:12 PM | * Backup/Cartomancie/Belline/42-Heritage.dat-- -- --280032
4/9/2026 4:23:12 PM | * Cartomancie/Belline/42-Heritage.php-- -- --20154
4/9/2026 4:23:12 PM | * Cartomancie/Belline/43-Sagesse(var).js-- -- --171
4/9/2026 4:23:12 PM | * Cartomancie/Belline/43-Sagesse.css-- -- --1273
4/9/2026 4:23:12 PM | * Backup/Cartomancie/Belline/43-Sagesse.dat-- -- --280024
4/9/2026 4:23:12 PM | * Cartomancie/Belline/43-Sagesse.php-- -- --20144
4/9/2026 4:23:12 PM | * Cartomancie/Belline/44-Renommee(var).js-- -- --171
4/9/2026 4:23:12 PM | * Cartomancie/Belline/44-Renommee.css-- -- --1273
4/9/2026 4:23:12 PM | * Backup/Cartomancie/Belline/44-Renommee.dat-- -- --280035
4/9/2026 4:23:12 PM | * Cartomancie/Belline/44-Renommee.php-- -- --20157
4/9/2026 4:23:12 PM | * Cartomancie/Belline/45-Hasard(var).js-- -- --171
4/9/2026 4:23:12 PM | * Cartomancie/Belline/45-Hasard.css-- -- --1273
4/9/2026 4:23:12 PM | * Backup/Cartomancie/Belline/45-Hasard.dat-- -- --280019
4/9/2026 4:23:12 PM | * Cartomancie/Belline/45-Hasard.php-- -- --20137
4/9/2026 4:23:12 PM | * Cartomancie/Belline/46-Bonheur(var).js-- -- --171
4/9/2026 4:23:12 PM | * Cartomancie/Belline/46-Bonheur.css-- -- --1273
4/9/2026 4:23:12 PM | * Backup/Cartomancie/Belline/46-Bonheur.dat-- -- --279880
4/9/2026 4:23:12 PM | * Cartomancie/Belline/46-Bonheur.php-- -- --20000
4/9/2026 4:23:12 PM | * Cartomancie/Belline/47-Infortune(var).js-- -- --171
4/9/2026 4:23:12 PM | * Cartomancie/Belline/47-Infortune.css-- -- --1273
4/9/2026 4:23:12 PM | * Backup/Cartomancie/Belline/47-Infortune.dat-- -- --280286
4/9/2026 4:23:12 PM | * Cartomancie/Belline/47-Infortune.php-- -- --20410
4/9/2026 4:23:12 PM | * Cartomancie/Belline/48-Sterilite(var).js-- -- --171
4/9/2026 4:23:12 PM | * Cartomancie/Belline/48-Sterilite.css-- -- --1274
4/9/2026 4:23:12 PM | * Backup/Cartomancie/Belline/48-Sterilite.dat-- -- --279996
4/9/2026 4:23:12 PM | * Cartomancie/Belline/48-Sterilite.php-- -- --20119
4/9/2026 4:23:12 PM | * Cartomancie/Belline/49-Fatalite(var).js-- -- --171
4/9/2026 4:23:12 PM | * Cartomancie/Belline/49-Fatalite.css-- -- --1274
4/9/2026 4:23:12 PM | * Backup/Cartomancie/Belline/49-Fatalite.dat-- -- --280191
4/9/2026 4:23:12 PM | * Cartomancie/Belline/49-Fatalite.php-- -- --20311
4/9/2026 4:23:12 PM | * Cartomancie/Belline/50-Grace(var).js-- -- --171
4/9/2026 4:23:12 PM | * Cartomancie/Belline/50-Grace.css-- -- --1273
4/9/2026 4:23:12 PM | * Backup/Cartomancie/Belline/50-Grace.dat-- -- --280220
4/9/2026 4:23:12 PM | * Cartomancie/Belline/50-Grace.php-- -- --20319
4/9/2026 4:23:12 PM | * Cartomancie/Belline/51-Ruine(var).js-- -- --171
4/9/2026 4:23:12 PM | * Cartomancie/Belline/51-Ruine.css-- -- --1273
4/9/2026 4:23:12 PM | * Backup/Cartomancie/Belline/51-Ruine.dat-- -- --280618
4/9/2026 4:23:12 PM | * Cartomancie/Belline/51-Ruine.php-- -- --20622
4/9/2026 4:23:12 PM | * Cartomancie/Belline/52-Retard(var).js-- -- --171
4/9/2026 4:23:12 PM | * Cartomancie/Belline/52-Retard.css-- -- --1273
4/9/2026 4:23:12 PM | * Backup/Cartomancie/Belline/52-Retard.dat-- -- --279648
4/9/2026 4:23:12 PM | * Cartomancie/Belline/52-Retard.php-- -- --19758
4/9/2026 4:23:12 PM | * Cartomancie/Belline/53-Cloitre(var).js-- -- --171
4/9/2026 4:23:12 PM | * Cartomancie/Belline/53-Cloitre.css-- -- --1273
4/9/2026 4:23:12 PM | * Backup/Cartomancie/Belline/53-Cloitre.dat-- -- --280155
4/9/2026 4:23:12 PM | * Cartomancie/Belline/53-Cloitre.php-- -- --20258
4/9/2026 4:23:12 PM | * Cartomancie/Belline/Accueil(var).js-- -- --171
4/9/2026 4:23:12 PM | * Cartomancie/Belline/Accueil.css-- -- --8991
4/9/2026 4:23:12 PM | * Backup/Cartomancie/Belline/Accueil.dat-- -- --2233201
4/9/2026 4:23:12 PM | * Cartomancie/Belline/Accueil.php-- -- --54704
4/9/2026 4:23:12 PM | * Cartomancie/Tarots/01-Fou(var).js-- -- --171
4/9/2026 4:23:12 PM | * Cartomancie/Tarots/01-Fou.css-- -- --1196
4/9/2026 4:23:12 PM | * Backup/Cartomancie/Tarots/01-Fou.dat-- -- --280330
4/9/2026 4:23:12 PM | * Cartomancie/Tarots/01-Fou.php-- -- --20504
4/9/2026 4:23:12 PM | * Cartomancie/Tarots/02-Bateleur(var).js-- -- --171
4/9/2026 4:23:12 PM | * Cartomancie/Tarots/02-Bateleur.css-- -- --1196
4/9/2026 4:23:12 PM | * Backup/Cartomancie/Tarots/02-Bateleur.dat-- -- --279915
4/9/2026 4:23:12 PM | * Cartomancie/Tarots/02-Bateleur.php-- -- --20092
4/9/2026 4:23:12 PM | * Cartomancie/Tarots/03-Papesse(var).js-- -- --171
4/9/2026 4:23:12 PM | * Cartomancie/Tarots/03-Papesse.css-- -- --1196
4/9/2026 4:23:12 PM | * Backup/Cartomancie/Tarots/03-Papesse.dat-- -- --280145
4/9/2026 4:23:12 PM | * Cartomancie/Tarots/03-Papesse.php-- -- --20318
4/9/2026 4:23:12 PM | * Cartomancie/Tarots/04-Imperatrice(var).js-- -- --171
4/9/2026 4:23:12 PM | * Cartomancie/Tarots/04-Imperatrice.css-- -- --1196
4/9/2026 4:23:12 PM | * Backup/Cartomancie/Tarots/04-Imperatrice.dat-- -- --280660
4/9/2026 4:23:12 PM | * Cartomancie/Tarots/04-Imperatrice.php-- -- --20850
4/9/2026 4:23:12 PM | * Cartomancie/Tarots/05-Empereur(var).js-- -- --171
4/9/2026 4:23:12 PM | * Cartomancie/Tarots/05-Empereur.css-- -- --1196
4/9/2026 4:23:12 PM | * Backup/Cartomancie/Tarots/05-Empereur.dat-- -- --280259
4/9/2026 4:23:12 PM | * Cartomancie/Tarots/05-Empereur.php-- -- --20443
4/9/2026 4:23:12 PM | * Cartomancie/Tarots/06-Pape(var).js-- -- --171
4/9/2026 4:23:12 PM | * Cartomancie/Tarots/06-Pape.css-- -- --1196
4/9/2026 4:23:12 PM | * Backup/Cartomancie/Tarots/06-Pape.dat-- -- --280455
4/9/2026 4:23:12 PM | * Cartomancie/Tarots/06-Pape.php-- -- --20614
4/9/2026 4:23:12 PM | * Cartomancie/Tarots/07-Amoureux(var).js-- -- --171
4/9/2026 4:23:12 PM | * Cartomancie/Tarots/07-Amoureux.css-- -- --1273
4/9/2026 4:23:12 PM | * Backup/Cartomancie/Tarots/07-Amoureux.dat-- -- --280352
4/9/2026 4:23:12 PM | * Cartomancie/Tarots/07-Amoureux.php-- -- --20439
4/9/2026 4:23:12 PM | * Cartomancie/Tarots/08-Chariot(var).js-- -- --171
4/9/2026 4:23:12 PM | * Cartomancie/Tarots/08-Chariot.css-- -- --1273
4/9/2026 4:23:12 PM | * Backup/Cartomancie/Tarots/08-Chariot.dat-- -- --280845
4/9/2026 4:23:12 PM | * Cartomancie/Tarots/08-Chariot.php-- -- --20860
4/9/2026 4:23:12 PM | * Cartomancie/Tarots/09-Justice(var).js-- -- --171
4/9/2026 4:23:12 PM | * Cartomancie/Tarots/09-Justice.css-- -- --1273
4/9/2026 4:23:12 PM | * Backup/Cartomancie/Tarots/09-Justice.dat-- -- --280743
4/9/2026 4:23:12 PM | * Cartomancie/Tarots/09-Justice.php-- -- --20836
4/9/2026 4:23:12 PM | * Cartomancie/Tarots/10-Hermite(var).js-- -- --171
4/9/2026 4:23:12 PM | * Cartomancie/Tarots/10-Hermite.css-- -- --1273
4/9/2026 4:23:12 PM | * Backup/Cartomancie/Tarots/10-Hermite.dat-- -- --280755
4/9/2026 4:23:12 PM | * Cartomancie/Tarots/10-Hermite.php-- -- --20831
4/9/2026 4:23:12 PM | * Cartomancie/Tarots/11-Roue(var).js-- -- --171
4/9/2026 4:23:12 PM | * Cartomancie/Tarots/11-Roue.css-- -- --1273
4/9/2026 4:23:12 PM | * Backup/Cartomancie/Tarots/11-Roue.dat-- -- --280331
4/9/2026 4:23:12 PM | * Cartomancie/Tarots/11-Roue.php-- -- --20402
4/9/2026 4:23:12 PM | * Cartomancie/Tarots/12-Force(var).js-- -- --171
4/9/2026 4:23:12 PM | * Cartomancie/Tarots/12-Force.css-- -- --1273
4/9/2026 4:23:12 PM | * Backup/Cartomancie/Tarots/12-Force.dat-- -- --280199
4/9/2026 4:23:12 PM | * Cartomancie/Tarots/12-Force.php-- -- --20271
4/9/2026 4:23:12 PM | * Cartomancie/Tarots/13-Pendu(var).js-- -- --171
4/9/2026 4:23:12 PM | * Cartomancie/Tarots/13-Pendu.css-- -- --1273
4/9/2026 4:23:12 PM | * Backup/Cartomancie/Tarots/13-Pendu.dat-- -- --280055
4/9/2026 4:23:12 PM | * Cartomancie/Tarots/13-Pendu.php-- -- --20523
4/9/2026 4:23:12 PM | * Cartomancie/Tarots/14-Mort(var).js-- -- --171
4/9/2026 4:23:12 PM | * Cartomancie/Tarots/14-Mort.css-- -- --1273
4/9/2026 4:23:12 PM | * Backup/Cartomancie/Tarots/14-Mort.dat-- -- --280242
4/9/2026 4:23:12 PM | * Cartomancie/Tarots/14-Mort.php-- -- --20321
4/9/2026 4:23:12 PM | * Cartomancie/Tarots/15-Temperance(var).js-- -- --171
4/9/2026 4:23:12 PM | * Cartomancie/Tarots/15-Temperance.css-- -- --1273
4/9/2026 4:23:12 PM | * Backup/Cartomancie/Tarots/15-Temperance.dat-- -- --279933
4/9/2026 4:23:12 PM | * Cartomancie/Tarots/15-Temperance.php-- -- --20456
4/9/2026 4:23:12 PM | * Cartomancie/Tarots/16-Diable(var).js-- -- --171
4/9/2026 4:23:12 PM | * Cartomancie/Tarots/16-Diable.css-- -- --1273
4/9/2026 4:23:12 PM | * Backup/Cartomancie/Tarots/16-Diable.dat-- -- --280388
4/9/2026 4:23:12 PM | * Cartomancie/Tarots/16-Diable.php-- -- --20462
4/9/2026 4:23:12 PM | * Cartomancie/Tarots/16-Maison-Dieu(var).js-- -- --171
4/9/2026 4:23:12 PM | * Cartomancie/Tarots/16-Maison-Dieu.css-- -- --1273
4/9/2026 4:23:12 PM | * Backup/Cartomancie/Tarots/16-Maison-Dieu.dat-- -- --280531
4/9/2026 4:23:12 PM | * Cartomancie/Tarots/16-Maison-Dieu.php-- -- --20615
4/9/2026 4:23:12 PM | * Cartomancie/Tarots/17-Etoile(var).js-- -- --171
4/9/2026 4:23:12 PM | * Cartomancie/Tarots/17-Etoile.css-- -- --1273
4/9/2026 4:23:12 PM | * Backup/Cartomancie/Tarots/17-Etoile.dat-- -- --280238
4/9/2026 4:23:12 PM | * Cartomancie/Tarots/17-Etoile.php-- -- --20320
4/9/2026 4:23:12 PM | * Cartomancie/Tarots/18-Lune(var).js-- -- --171
4/9/2026 4:23:12 PM | * Cartomancie/Tarots/18-Lune.css-- -- --1273
4/9/2026 4:23:12 PM | * Backup/Cartomancie/Tarots/18-Lune.dat-- -- --280665
4/9/2026 4:23:12 PM | * Cartomancie/Tarots/18-Lune.php-- -- --20735
4/9/2026 4:23:12 PM | * Cartomancie/Tarots/19-Soleil(var).js-- -- --171
4/9/2026 4:23:12 PM | * Cartomancie/Tarots/19-Soleil.css-- -- --1273
4/9/2026 4:23:12 PM | * Backup/Cartomancie/Tarots/19-Soleil.dat-- -- --280509
4/9/2026 4:23:12 PM | * Cartomancie/Tarots/19-Soleil.php-- -- --20583
4/9/2026 4:23:12 PM | * Cartomancie/Tarots/20-Jugement(var).js-- -- --171
4/9/2026 4:23:12 PM | * Cartomancie/Tarots/20-Jugement.css-- -- --1273
4/9/2026 4:23:12 PM | * Backup/Cartomancie/Tarots/20-Jugement.dat-- -- --280381
4/9/2026 4:23:12 PM | * Cartomancie/Tarots/20-Jugement.php-- -- --20459
4/9/2026 4:23:12 PM | * Cartomancie/Tarots/21-Monde(var).js-- -- --171
4/9/2026 4:23:12 PM | * Cartomancie/Tarots/21-Monde.css-- -- --1273
4/9/2026 4:23:12 PM | * Backup/Cartomancie/Tarots/21-Monde.dat-- -- --280328
4/9/2026 4:23:12 PM | * Cartomancie/Tarots/21-Monde.php-- -- --20400
4/9/2026 4:23:12 PM | * Cartomancie/Tarots/Accueil(var).js-- -- --171
4/9/2026 4:23:12 PM | * Cartomancie/Tarots/Accueil.css-- -- --3694
4/9/2026 4:23:12 PM | * Backup/Cartomancie/Tarots/Accueil.dat-- -- --918596
4/9/2026 4:23:12 PM | * Cartomancie/Tarots/Accueil.php-- -- --32257
4/9/2026 4:23:12 PM | * CGU/CGU(var).js-- -- --171
4/9/2026 4:23:12 PM | * CGU/CGU.css-- -- --847
4/9/2026 4:23:12 PM | * Backup/CGU/CGU.dat-- -- --197760
4/9/2026 4:23:12 PM | * CGU/CGU.php-- -- --26003
4/9/2026 4:23:12 PM | * Chat/Echec(var).js-- -- --171
4/9/2026 4:23:12 PM | * Chat/Echec.css-- -- --940
4/9/2026 4:23:12 PM | * Backup/Chat/Echec.dat-- -- --219252
4/9/2026 4:23:12 PM | * Chat/Echec.php-- -- --18128
4/9/2026 4:23:12 PM | * Chat/Envoi(var).js-- -- --171
4/9/2026 4:23:12 PM | * Chat/Envoi.css-- -- --862
4/9/2026 4:23:12 PM | * Backup/Chat/Envoi.dat-- -- --192002
4/9/2026 4:23:12 PM | * Chat/Envoi.php-- -- --17895
4/9/2026 4:23:12 PM | * Chat/Formulaire(var).js-- -- --1103
4/9/2026 4:23:12 PM | * Chat/Formulaire(var).php-- -- --4015
4/9/2026 4:23:12 PM | * Chat/Formulaire.css-- -- --4727
4/9/2026 4:23:12 PM | * Backup/Chat/Formulaire.dat-- -- --1028667
4/9/2026 4:23:12 PM | * Chat/Formulaire.php-- -- --48453
4/9/2026 4:23:12 PM | * Coaching/Echec(var).js-- -- --103
4/9/2026 4:23:12 PM | * Coaching/Echec.css-- -- --886
4/9/2026 4:23:12 PM | * Backup/Coaching/Echec.dat-- -- --194590
4/9/2026 4:23:12 PM | * Coaching/Echec.php-- -- --18140
4/9/2026 4:23:12 PM | * Coaching/Envoi(var).js-- -- --103
4/9/2026 4:23:12 PM | * Coaching/Envoi.css-- -- --809
4/9/2026 4:23:12 PM | * Backup/Coaching/Envoi.dat-- -- --167155
4/9/2026 4:23:12 PM | * Coaching/Envoi.php-- -- --17930
4/9/2026 4:23:12 PM | * Coaching/Formulaire(var).js-- -- --1111
4/9/2026 4:23:12 PM | * Coaching/Formulaire(var).php-- -- --2415
4/9/2026 4:23:12 PM | * Coaching/Formulaire.css-- -- --4726
4/9/2026 4:23:12 PM | * Backup/Coaching/Formulaire.dat-- -- --1009377
4/9/2026 4:23:12 PM | * Coaching/Formulaire.php-- -- --48879
4/9/2026 4:23:12 PM | * Domicile/Echec(var).js-- -- --171
4/9/2026 4:23:12 PM | * Domicile/Echec.css-- -- --939
4/9/2026 4:23:12 PM | * Backup/Domicile/Echec.dat-- -- --219255
4/9/2026 4:23:12 PM | * Domicile/Echec.php-- -- --18172
4/9/2026 4:23:12 PM | * Domicile/Envoi(var).js-- -- --171
4/9/2026 4:23:12 PM | * Domicile/Envoi.css-- -- --862
4/9/2026 4:23:12 PM | * Backup/Domicile/Envoi.dat-- -- --191866
4/9/2026 4:23:12 PM | * Domicile/Envoi.php-- -- --17920
4/9/2026 4:23:12 PM | * Domicile/Formulaire(var).js-- -- --1111
4/9/2026 4:23:12 PM | * Domicile/Formulaire(var).php-- -- --3500
4/9/2026 4:23:12 PM | * Domicile/Formulaire.css-- -- --4727
4/9/2026 4:23:12 PM | * Backup/Domicile/Formulaire.dat-- -- --1021999
4/9/2026 4:23:12 PM | * Domicile/Formulaire.php-- -- --48587
4/9/2026 4:23:12 PM | * Dons/Dons(var).js-- -- --171
4/9/2026 4:23:12 PM | * Dons/Dons.css-- -- --1594
4/9/2026 4:23:12 PM | * Backup/Dons/Dons.dat-- -- --359556
4/9/2026 4:23:12 PM | * Dons/Dons.php-- -- --23020
4/9/2026 4:23:12 PM | * Gratuite/Echec(var).js-- -- --171
4/9/2026 4:23:12 PM | * Gratuite/Echec.css-- -- --939
4/9/2026 4:23:12 PM | * Backup/Gratuite/Echec.dat-- -- --217170
4/9/2026 4:23:12 PM | * Gratuite/Echec.php-- -- --18146
4/9/2026 4:23:12 PM | * Gratuite/Envoi(var).js-- -- --171
4/9/2026 4:23:12 PM | * Gratuite/Envoi.css-- -- --862
4/9/2026 4:23:12 PM | * Backup/Gratuite/Envoi.dat-- -- --191863
4/9/2026 4:23:12 PM | * Gratuite/Envoi.php-- -- --17502
4/9/2026 4:23:12 PM | * Gratuite/Formulaire(var).js-- -- --1147
4/9/2026 4:23:12 PM | * Gratuite/Formulaire(var).php-- -- --3811
4/9/2026 4:23:12 PM | * Gratuite/Formulaire.css-- -- --5261
4/9/2026 4:23:12 PM | * Backup/Gratuite/Formulaire.dat-- -- --1081990
4/9/2026 4:23:12 PM | * Gratuite/Formulaire.php-- -- --49770
4/9/2026 4:23:12 PM | * Magie/Echec(var).js-- -- --171
4/9/2026 4:23:12 PM | * Magie/Echec.css-- -- --939
4/9/2026 4:23:12 PM | * Backup/Magie/Echec.dat-- -- --217239
4/9/2026 4:23:12 PM | * Magie/Echec.php-- -- --18184
4/9/2026 4:23:12 PM | * Magie/Envoi(var).js-- -- --171
4/9/2026 4:23:12 PM | * Magie/Envoi.css-- -- --862
4/9/2026 4:23:12 PM | * Backup/Magie/Envoi.dat-- -- --189954
4/9/2026 4:23:12 PM | * Magie/Envoi.php-- -- --17967
4/9/2026 4:23:12 PM | * Magie/Formulaire(var).js-- -- --1133
4/9/2026 4:23:12 PM | * Magie/Formulaire(var).php-- -- --5375
4/9/2026 4:23:12 PM | * Magie/Formulaire.css-- -- --4882
4/9/2026 4:23:12 PM | * Backup/Magie/Formulaire.dat-- -- --1097395
4/9/2026 4:23:12 PM | * Magie/Formulaire.php-- -- --52792
4/9/2026 4:23:12 PM | * Mail/Echec(var).js-- -- --103
4/9/2026 4:23:12 PM | * Mail/Echec.css-- -- --887
4/9/2026 4:23:12 PM | * Backup/Mail/Echec.dat-- -- --194461
4/9/2026 4:23:12 PM | * Mail/Echec.php-- -- --18117
4/9/2026 4:23:12 PM | * Mail/Envoi(var).js-- -- --103
4/9/2026 4:23:12 PM | * Mail/Envoi.css-- -- --809
4/9/2026 4:23:12 PM | * Backup/Mail/Envoi.dat-- -- --167207
4/9/2026 4:23:12 PM | * Mail/Envoi.php-- -- --17990
4/9/2026 4:23:12 PM | * Mail/Formulaire(var).js-- -- --1103
4/9/2026 4:23:12 PM | * Mail/Formulaire(var).php-- -- --2242
4/9/2026 4:23:12 PM | * Mail/Formulaire.css-- -- --4265
4/9/2026 4:23:12 PM | * Backup/Mail/Formulaire.dat-- -- --808951
4/9/2026 4:23:12 PM | * Mail/Formulaire.php-- -- --40299
4/9/2026 4:23:12 PM | * Methodes/Accueil(var).js-- -- --171
4/9/2026 4:23:12 PM | * Methodes/Accueil.css-- -- --1721
4/9/2026 4:23:12 PM | * Backup/Methodes/Accueil.dat-- -- --450636
4/9/2026 4:23:12 PM | * Methodes/Accueil.php-- -- --32980
4/9/2026 4:23:12 PM | * Methodes/Croix(var).js-- -- --171
4/9/2026 4:23:12 PM | * Methodes/Croix.css-- -- --3694
4/9/2026 4:23:12 PM | * Backup/Methodes/Croix.dat-- -- --950386
4/9/2026 4:23:12 PM | * Methodes/Croix.php-- -- --41626
4/9/2026 4:23:12 PM | * Methodes/Ligne(var).js-- -- --171
4/9/2026 4:23:12 PM | * Methodes/Ligne.css-- -- --3890
4/9/2026 4:23:12 PM | * Backup/Methodes/Ligne.dat-- -- --995393
4/9/2026 4:23:12 PM | * Methodes/Ligne.php-- -- --49577
4/9/2026 4:23:12 PM | * Methodes/Pyramide(var).js-- -- --171
4/9/2026 4:23:12 PM | * Methodes/Pyramide.css-- -- --2041
4/9/2026 4:23:12 PM | * Backup/Methodes/Pyramide.dat-- -- --486425
4/9/2026 4:23:12 PM | * Methodes/Pyramide.php-- -- --35527
4/9/2026 4:23:12 PM | * Paiement/Paiement_accepte(var).js-- -- --171
4/9/2026 4:23:12 PM | * Paiement/Paiement_accepte.css-- -- --862
4/9/2026 4:23:12 PM | * Backup/Paiement/Paiement_accepte.dat-- -- --189904
4/9/2026 4:23:12 PM | * Paiement/Paiement_accepte.php-- -- --18037
4/9/2026 4:23:13 PM | * Paiement/Paiement_avorte(var).js-- -- --171
4/9/2026 4:23:13 PM | * Paiement/Paiement_avorte.css-- -- --862
4/9/2026 4:23:13 PM | * Backup/Paiement/Paiement_avorte.dat-- -- --189697
4/9/2026 4:23:13 PM | * Paiement/Paiement_avorte.php-- -- --17628
4/9/2026 4:23:13 PM | * Partenaires/Partenaires(var).js-- -- --103
4/9/2026 4:23:13 PM | * Partenaires/Partenaires.css-- -- --902
4/9/2026 4:23:13 PM | * Backup/Partenaires/Partenaires.dat-- -- --222619
4/9/2026 4:23:13 PM | * Partenaires/Partenaires.php-- -- --18593
4/9/2026 4:23:13 PM | * Planetes/Accueil(var).js-- -- --171
4/9/2026 4:23:13 PM | * Planetes/Accueil.css-- -- --3106
4/9/2026 4:23:13 PM | * Backup/Planetes/Accueil.dat-- -- --814120
4/9/2026 4:23:13 PM | * Planetes/Accueil.php-- -- --31135
4/9/2026 4:23:13 PM | * Planetes/Jupiter(var).js-- -- --171
4/9/2026 4:23:13 PM | * Planetes/Jupiter.css-- -- --1182
4/9/2026 4:23:13 PM | * Backup/Planetes/Jupiter.dat-- -- --280198
4/9/2026 4:23:13 PM | * Planetes/Jupiter.php-- -- --20834
4/9/2026 4:23:13 PM | * Planetes/Lune(var).js-- -- --239
4/9/2026 4:23:13 PM | * Planetes/Lune.css-- -- --1236
4/9/2026 4:23:13 PM | * Backup/Planetes/Lune.dat-- -- --301796
4/9/2026 4:23:13 PM | * Planetes/Lune.php-- -- --21313
4/9/2026 4:23:13 PM | * Planetes/Mars(var).js-- -- --239
4/9/2026 4:23:13 PM | * Planetes/Mars.css-- -- --1236
4/9/2026 4:23:13 PM | * Backup/Planetes/Mars.dat-- -- --301352
4/9/2026 4:23:13 PM | * Planetes/Mars.php-- -- --20964
4/9/2026 4:23:13 PM | * Planetes/Mercure(var).js-- -- --239
4/9/2026 4:23:13 PM | * Planetes/Mercure.css-- -- --1236
4/9/2026 4:23:13 PM | * Backup/Planetes/Mercure.dat-- -- --302239
4/9/2026 4:23:13 PM | * Planetes/Mercure.php-- -- --21745
4/9/2026 4:23:13 PM | * Planetes/Neptune(var).js-- -- --239
4/9/2026 4:23:13 PM | * Planetes/Neptune.css-- -- --1236
4/9/2026 4:23:13 PM | * Backup/Planetes/Neptune.dat-- -- --301420
4/9/2026 4:23:13 PM | * Planetes/Neptune.php-- -- --21038
4/9/2026 4:23:13 PM | * Planetes/Pluton(var).js-- -- --239
4/9/2026 4:23:13 PM | * Planetes/Pluton.css-- -- --1236
4/9/2026 4:23:13 PM | * Backup/Planetes/Pluton.dat-- -- --301354
4/9/2026 4:23:13 PM | * Planetes/Pluton.php-- -- --20970
4/9/2026 4:23:13 PM | * Planetes/Saturne(var).js-- -- --239
4/9/2026 4:23:13 PM | * Planetes/Saturne.css-- -- --1250
4/9/2026 4:23:13 PM | * Backup/Planetes/Saturne.dat-- -- --305158
4/9/2026 4:23:13 PM | * Planetes/Saturne.php-- -- --21009
4/9/2026 4:23:13 PM | * Planetes/Soleil(var).js-- -- --239
4/9/2026 4:23:13 PM | * Planetes/Soleil.css-- -- --1251
4/9/2026 4:23:13 PM | * Backup/Planetes/Soleil.dat-- -- --304900
4/9/2026 4:23:13 PM | * Planetes/Soleil.php-- -- --20682
4/9/2026 4:23:13 PM | * Planetes/Uranus(var).js-- -- --239
4/9/2026 4:23:13 PM | * Planetes/Uranus.css-- -- --1251
4/9/2026 4:23:13 PM | * Backup/Planetes/Uranus.dat-- -- --304561
4/9/2026 4:23:13 PM | * Planetes/Uranus.php-- -- --20396
4/9/2026 4:23:13 PM | * Planetes/Venus(var).js-- -- --239
4/9/2026 4:23:13 PM | * Planetes/Venus.css-- -- --1251
4/9/2026 4:23:13 PM | * Backup/Planetes/Venus.dat-- -- --305202
4/9/2026 4:23:13 PM | * Planetes/Venus.php-- -- --21043
4/9/2026 4:23:13 PM | * Tchat/errors.txt-- -- --0
4/9/2026 4:23:13 PM | * index(var).js-- -- --171
4/9/2026 4:23:13 PM | * index.css-- -- --1265
4/9/2026 4:23:13 PM | * Backup/index.dat-- -- --310406
4/9/2026 4:23:13 PM | * index.php-- -- --28738
4/9/2026 4:23:13 PM | * Templates/Base.css-- -- --3444
4/9/2026 4:23:13 PM | * Templates/Base.php-- -- --16204
4/9/2026 4:23:13 PM | * Backup/Templates/Base.tdat-- -- --727913
4/9/2026 4:23:13 PM | * sitemap.xml-- -- --27422
4/9/2026 4:23:13 PM | * robots.txt-- -- --39
4/9/2026 4:23:13 PM | * Backup/Belline net.ope-- -- --3598
4/9/2026 4:23:16 PM | 
4/9/2026 4:23:16 PM | 
--------------------------------Phase 1 Terminé--------------------------------
4/9/2026 4:23:16 PM | 

