2/2/2026 1:19:58 PM | Debut Mise en ligne différentielle (Site):
2/2/2026 1:20:13 PM | Listing terminé :
2/2/2026 1:20:13 PM | 

2/2/2026 1:20:13 PM | * Planetes-- -- --Folder create
2/2/2026 1:20:13 PM | * Partenaires-- -- --Folder create
2/2/2026 1:20:13 PM | * Paiement-- -- --Folder create
2/2/2026 1:20:13 PM | * Online-- -- --Folder create
2/2/2026 1:20:13 PM | * Online/Templates-- -- --Folder create
2/2/2026 1:20:13 PM | * Methodes-- -- --Folder create
2/2/2026 1:20:13 PM | * Mail-- -- --Folder create
2/2/2026 1:20:13 PM | * Magie-- -- --Folder create
2/2/2026 1:20:13 PM | * Gratuite-- -- --Folder create
2/2/2026 1:20:13 PM | * Dons-- -- --Folder create
2/2/2026 1:20:13 PM | * Domicile-- -- --Folder create
2/2/2026 1:20:13 PM | * CGU-- -- --Folder create
2/2/2026 1:20:13 PM | * Cartomancie-- -- --Folder create
2/2/2026 1:20:13 PM | * Cartomancie/Tarots-- -- --Folder create
2/2/2026 1:20:13 PM | * Cartomancie/Belline-- -- --Folder create
2/2/2026 1:20:13 PM | * Cartomancie/32-cartes-- -- --Folder create
2/2/2026 1:20:13 PM | * Cartomancie/32-cartes/Trefle-- -- --Folder create
2/2/2026 1:20:13 PM | * Cartomancie/32-cartes/Pique-- -- --Folder create
2/2/2026 1:20:13 PM | * Cartomancie/32-cartes/Coeur-- -- --Folder create
2/2/2026 1:20:13 PM | * Cartomancie/32-cartes/Carreau-- -- --Folder create
2/2/2026 1:20:13 PM | * Admin-- -- --Folder create
2/2/2026 1:20:13 PM | * Admin/sounds-- -- --Folder create
2/2/2026 1:20:13 PM | * Backup-- -- --Folder create
2/2/2026 1:20:13 PM | * Templates-- -- --Folder create
2/2/2026 1:20:13 PM | * WEFiles-- -- --Folder create
2/2/2026 1:20:13 PM | * WEFiles/Image-- -- --Folder create
2/2/2026 1:20:13 PM | * WEFiles/Image/WEImage-- -- --Folder create
2/2/2026 1:20:13 PM | * Tchat-- -- --Folder create
2/2/2026 1:20:13 PM | * Backup/.htaccess-- -- --33
2/2/2026 1:20:13 PM | * .htaccess-- -- --0
2/2/2026 1:20:13 PM | * Admin/status.css-- -- --0
2/2/2026 1:20:13 PM | * Cartomancie/32-cartes/Carreau/07(var).js-- -- --171
2/2/2026 1:20:13 PM | * Cartomancie/32-cartes/Carreau/07.css-- -- --1196
2/2/2026 1:20:13 PM | * Backup/Cartomancie/32-cartes/Carreau/07.dat-- -- --278233
2/2/2026 1:20:13 PM | * Cartomancie/32-cartes/Carreau/07.php-- -- --29638
2/2/2026 1:20:13 PM | * Cartomancie/32-cartes/Carreau/08(var).js-- -- --171
2/2/2026 1:20:13 PM | * Cartomancie/32-cartes/Carreau/08.css-- -- --1197
2/2/2026 1:20:13 PM | * Backup/Cartomancie/32-cartes/Carreau/08.dat-- -- --279197
2/2/2026 1:20:13 PM | * Cartomancie/32-cartes/Carreau/08.php-- -- --30506
2/2/2026 1:20:13 PM | * Cartomancie/32-cartes/Carreau/09(var).js-- -- --171
2/2/2026 1:20:13 PM | * Cartomancie/32-cartes/Carreau/09.css-- -- --1196
2/2/2026 1:20:13 PM | * Backup/Cartomancie/32-cartes/Carreau/09.dat-- -- --277444
2/2/2026 1:20:13 PM | * Cartomancie/32-cartes/Carreau/09.php-- -- --29292
2/2/2026 1:20:13 PM | * Cartomancie/32-cartes/Carreau/10(var).js-- -- --171
2/2/2026 1:20:13 PM | * Cartomancie/32-cartes/Carreau/10.css-- -- --1196
2/2/2026 1:20:13 PM | * Backup/Cartomancie/32-cartes/Carreau/10.dat-- -- --278108
2/2/2026 1:20:13 PM | * Cartomancie/32-cartes/Carreau/10.php-- -- --29567
2/2/2026 1:20:13 PM | * Cartomancie/32-cartes/Carreau/11-Valet(var).js-- -- --171
2/2/2026 1:20:13 PM | * Cartomancie/32-cartes/Carreau/11-Valet.css-- -- --1196
2/2/2026 1:20:13 PM | * Backup/Cartomancie/32-cartes/Carreau/11-Valet.dat-- -- --278300
2/2/2026 1:20:13 PM | * Cartomancie/32-cartes/Carreau/11-Valet.php-- -- --30164
2/2/2026 1:20:13 PM | * Cartomancie/32-cartes/Carreau/12-Dame(var).js-- -- --171
2/2/2026 1:20:13 PM | * Cartomancie/32-cartes/Carreau/12-Dame.css-- -- --1196
2/2/2026 1:20:13 PM | * Backup/Cartomancie/32-cartes/Carreau/12-Dame.dat-- -- --277737
2/2/2026 1:20:13 PM | * Cartomancie/32-cartes/Carreau/12-Dame.php-- -- --29818
2/2/2026 1:20:13 PM | * Cartomancie/32-cartes/Carreau/13-Roi(var).js-- -- --171
2/2/2026 1:20:13 PM | * Cartomancie/32-cartes/Carreau/13-Roi.css-- -- --1196
2/2/2026 1:20:13 PM | * Backup/Cartomancie/32-cartes/Carreau/13-Roi.dat-- -- --278040
2/2/2026 1:20:13 PM | * Cartomancie/32-cartes/Carreau/13-Roi.php-- -- --29898
2/2/2026 1:20:13 PM | * Cartomancie/32-cartes/Carreau/14-As(var).js-- -- --171
2/2/2026 1:20:13 PM | * Cartomancie/32-cartes/Carreau/14-As.css-- -- --1196
2/2/2026 1:20:13 PM | * Backup/Cartomancie/32-cartes/Carreau/14-As.dat-- -- --278005
2/2/2026 1:20:13 PM | * Cartomancie/32-cartes/Carreau/14-As.php-- -- --29734
2/2/2026 1:20:13 PM | * Cartomancie/32-cartes/Coeur/07(var).js-- -- --171
2/2/2026 1:20:13 PM | * Cartomancie/32-cartes/Coeur/07.css-- -- --1196
2/2/2026 1:20:13 PM | * Backup/Cartomancie/32-cartes/Coeur/07.dat-- -- --277977
2/2/2026 1:20:13 PM | * Cartomancie/32-cartes/Coeur/07.php-- -- --29667
2/2/2026 1:20:13 PM | * Cartomancie/32-cartes/Coeur/08(var).js-- -- --171
2/2/2026 1:20:13 PM | * Cartomancie/32-cartes/Coeur/08.css-- -- --1196
2/2/2026 1:20:13 PM | * Backup/Cartomancie/32-cartes/Coeur/08.dat-- -- --277840
2/2/2026 1:20:13 PM | * Cartomancie/32-cartes/Coeur/08.php-- -- --29520
2/2/2026 1:20:13 PM | * Cartomancie/32-cartes/Coeur/09(var).js-- -- --171
2/2/2026 1:20:13 PM | * Cartomancie/32-cartes/Coeur/09.css-- -- --1196
2/2/2026 1:20:13 PM | * Backup/Cartomancie/32-cartes/Coeur/09.dat-- -- --277886
2/2/2026 1:20:13 PM | * Cartomancie/32-cartes/Coeur/09.php-- -- --29566
2/2/2026 1:20:13 PM | * Cartomancie/32-cartes/Coeur/10(var).js-- -- --171
2/2/2026 1:20:13 PM | * Cartomancie/32-cartes/Coeur/10.css-- -- --1211
2/2/2026 1:20:13 PM | * Backup/Cartomancie/32-cartes/Coeur/10.dat-- -- --284142
2/2/2026 1:20:13 PM | * Cartomancie/32-cartes/Coeur/10.php-- -- --30237
2/2/2026 1:20:13 PM | * Cartomancie/32-cartes/Coeur/11-Valet(var).js-- -- --171
2/2/2026 1:20:13 PM | * Cartomancie/32-cartes/Coeur/11-Valet.css-- -- --1196
2/2/2026 1:20:13 PM | * Backup/Cartomancie/32-cartes/Coeur/11-Valet.dat-- -- --278378
2/2/2026 1:20:13 PM | * Cartomancie/32-cartes/Coeur/11-Valet.php-- -- --30076
2/2/2026 1:20:13 PM | * Cartomancie/32-cartes/Coeur/12-Dame(var).js-- -- --171
2/2/2026 1:20:13 PM | * Cartomancie/32-cartes/Coeur/12-Dame.css-- -- --1196
2/2/2026 1:20:13 PM | * Backup/Cartomancie/32-cartes/Coeur/12-Dame.dat-- -- --277992
2/2/2026 1:20:13 PM | * Cartomancie/32-cartes/Coeur/12-Dame.php-- -- --29687
2/2/2026 1:20:13 PM | * Cartomancie/32-cartes/Coeur/13-Roi(var).js-- -- --103
2/2/2026 1:20:13 PM | * Cartomancie/32-cartes/Coeur/13-Roi.css-- -- --1143
2/2/2026 1:20:13 PM | * Backup/Cartomancie/32-cartes/Coeur/13-Roi.dat-- -- --255808
2/2/2026 1:20:13 PM | * Cartomancie/32-cartes/Coeur/13-Roi.php-- -- --30079
2/2/2026 1:20:13 PM | * Cartomancie/32-cartes/Coeur/14-As(var).js-- -- --103
2/2/2026 1:20:13 PM | * Cartomancie/32-cartes/Coeur/14-As.css-- -- --1143
2/2/2026 1:20:13 PM | * Backup/Cartomancie/32-cartes/Coeur/14-As.dat-- -- --255095
2/2/2026 1:20:13 PM | * Cartomancie/32-cartes/Coeur/14-As.php-- -- --29475
2/2/2026 1:20:13 PM | * Cartomancie/32-cartes/Pique/07(var).js-- -- --239
2/2/2026 1:20:13 PM | * Cartomancie/32-cartes/Pique/07.css-- -- --1249
2/2/2026 1:20:13 PM | * Backup/Cartomancie/32-cartes/Pique/07.dat-- -- --299014
2/2/2026 1:20:13 PM | * Cartomancie/32-cartes/Pique/07.php-- -- --29719
2/2/2026 1:20:13 PM | * Cartomancie/32-cartes/Pique/08(var).js-- -- --171
2/2/2026 1:20:13 PM | * Cartomancie/32-cartes/Pique/08.css-- -- --1196
2/2/2026 1:20:13 PM | * Backup/Cartomancie/32-cartes/Pique/08.dat-- -- --280545
2/2/2026 1:20:13 PM | * Cartomancie/32-cartes/Pique/08.php-- -- --30310
2/2/2026 1:20:13 PM | * Cartomancie/32-cartes/Pique/09(var).js-- -- --171
2/2/2026 1:20:13 PM | * Cartomancie/32-cartes/Pique/09.css-- -- --1196
2/2/2026 1:20:13 PM | * Backup/Cartomancie/32-cartes/Pique/09.dat-- -- --278107
2/2/2026 1:20:13 PM | * Cartomancie/32-cartes/Pique/09.php-- -- --29864
2/2/2026 1:20:13 PM | * Cartomancie/32-cartes/Pique/10(var).js-- -- --171
2/2/2026 1:20:13 PM | * Cartomancie/32-cartes/Pique/10.css-- -- --1196
2/2/2026 1:20:13 PM | * Backup/Cartomancie/32-cartes/Pique/10.dat-- -- --277812
2/2/2026 1:20:13 PM | * Cartomancie/32-cartes/Pique/10.php-- -- --29539
2/2/2026 1:20:13 PM | * Cartomancie/32-cartes/Pique/11-Valet(var).js-- -- --171
2/2/2026 1:20:13 PM | * Cartomancie/32-cartes/Pique/11-Valet.css-- -- --1197
2/2/2026 1:20:13 PM | * Backup/Cartomancie/32-cartes/Pique/11-Valet.dat-- -- --277946
2/2/2026 1:20:13 PM | * Cartomancie/32-cartes/Pique/11-Valet.php-- -- --29690
2/2/2026 1:20:13 PM | * Cartomancie/32-cartes/Pique/12-Dame(var).js-- -- --171
2/2/2026 1:20:13 PM | * Cartomancie/32-cartes/Pique/12-Dame.css-- -- --1197
2/2/2026 1:20:13 PM | * Backup/Cartomancie/32-cartes/Pique/12-Dame.dat-- -- --278107
2/2/2026 1:20:13 PM | * Cartomancie/32-cartes/Pique/12-Dame.php-- -- --29848
2/2/2026 1:20:13 PM | * Cartomancie/32-cartes/Pique/13-Roi(var).js-- -- --171
2/2/2026 1:20:13 PM | * Cartomancie/32-cartes/Pique/13-Roi.css-- -- --1196
2/2/2026 1:20:13 PM | * Backup/Cartomancie/32-cartes/Pique/13-Roi.dat-- -- --278324
2/2/2026 1:20:13 PM | * Cartomancie/32-cartes/Pique/13-Roi.php-- -- --30059
2/2/2026 1:20:13 PM | * Cartomancie/32-cartes/Pique/14-As(var).js-- -- --103
2/2/2026 1:20:13 PM | * Cartomancie/32-cartes/Pique/14-As.css-- -- --1143
2/2/2026 1:20:13 PM | * Backup/Cartomancie/32-cartes/Pique/14-As.dat-- -- --255319
2/2/2026 1:20:13 PM | * Cartomancie/32-cartes/Pique/14-As.php-- -- --29683
2/2/2026 1:20:13 PM | * Cartomancie/32-cartes/Trefle/07(var).js-- -- --171
2/2/2026 1:20:13 PM | * Cartomancie/32-cartes/Trefle/07.css-- -- --1274
2/2/2026 1:20:13 PM | * Backup/Cartomancie/32-cartes/Trefle/07.dat-- -- --278687
2/2/2026 1:20:13 PM | * Cartomancie/32-cartes/Trefle/07.php-- -- --30343
2/2/2026 1:20:13 PM | * Cartomancie/32-cartes/Trefle/08(var).js-- -- --171
2/2/2026 1:20:13 PM | * Cartomancie/32-cartes/Trefle/08.css-- -- --1273
2/2/2026 1:20:13 PM | * Backup/Cartomancie/32-cartes/Trefle/08.dat-- -- --278708
2/2/2026 1:20:13 PM | * Cartomancie/32-cartes/Trefle/08.php-- -- --30356
2/2/2026 1:20:13 PM | * Cartomancie/32-cartes/Trefle/09(var).js-- -- --171
2/2/2026 1:20:13 PM | * Cartomancie/32-cartes/Trefle/09.css-- -- --1274
2/2/2026 1:20:13 PM | * Backup/Cartomancie/32-cartes/Trefle/09.dat-- -- --278085
2/2/2026 1:20:13 PM | * Cartomancie/32-cartes/Trefle/09.php-- -- --29732
2/2/2026 1:20:13 PM | * Cartomancie/32-cartes/Trefle/10(var).js-- -- --171
2/2/2026 1:20:13 PM | * Cartomancie/32-cartes/Trefle/10.css-- -- --1274
2/2/2026 1:20:13 PM | * Backup/Cartomancie/32-cartes/Trefle/10.dat-- -- --278158
2/2/2026 1:20:13 PM | * Cartomancie/32-cartes/Trefle/10.php-- -- --29805
2/2/2026 1:20:13 PM | * Cartomancie/32-cartes/Trefle/11-Valet(var).js-- -- --171
2/2/2026 1:20:13 PM | * Cartomancie/32-cartes/Trefle/11-Valet.css-- -- --1273
2/2/2026 1:20:13 PM | * Backup/Cartomancie/32-cartes/Trefle/11-Valet.dat-- -- --278223
2/2/2026 1:20:13 PM | * Cartomancie/32-cartes/Trefle/11-Valet.php-- -- --29888
2/2/2026 1:20:13 PM | * Cartomancie/32-cartes/Trefle/12-Dame(var).js-- -- --171
2/2/2026 1:20:13 PM | * Cartomancie/32-cartes/Trefle/12-Dame.css-- -- --1273
2/2/2026 1:20:13 PM | * Backup/Cartomancie/32-cartes/Trefle/12-Dame.dat-- -- --278052
2/2/2026 1:20:13 PM | * Cartomancie/32-cartes/Trefle/12-Dame.php-- -- --29715
2/2/2026 1:20:13 PM | * Cartomancie/32-cartes/Trefle/13-Roi(var).js-- -- --171
2/2/2026 1:20:13 PM | * Cartomancie/32-cartes/Trefle/13-Roi.css-- -- --1274
2/2/2026 1:20:13 PM | * Backup/Cartomancie/32-cartes/Trefle/13-Roi.dat-- -- --277772
2/2/2026 1:20:13 PM | * Cartomancie/32-cartes/Trefle/13-Roi.php-- -- --29431
2/2/2026 1:20:13 PM | * Cartomancie/32-cartes/Trefle/14-As(var).js-- -- --171
2/2/2026 1:20:13 PM | * Cartomancie/32-cartes/Trefle/14-As.css-- -- --1273
2/2/2026 1:20:13 PM | * Backup/Cartomancie/32-cartes/Trefle/14-As.dat-- -- --277993
2/2/2026 1:20:13 PM | * Cartomancie/32-cartes/Trefle/14-As.php-- -- --29650
2/2/2026 1:20:13 PM | * Cartomancie/32-cartes/Accueil(var).js-- -- --171
2/2/2026 1:20:13 PM | * Cartomancie/32-cartes/Accueil.css-- -- --5807
2/2/2026 1:20:13 PM | * Backup/Cartomancie/32-cartes/Accueil.dat-- -- --1364076
2/2/2026 1:20:13 PM | * Cartomancie/32-cartes/Accueil.php-- -- --50741
2/2/2026 1:20:13 PM | * Cartomancie/Belline/01-Bleu(var).js-- -- --171
2/2/2026 1:20:13 PM | * Cartomancie/Belline/01-Bleu.css-- -- --1273
2/2/2026 1:20:13 PM | * Backup/Cartomancie/Belline/01-Bleu.dat-- -- --279645
2/2/2026 1:20:13 PM | * Cartomancie/Belline/01-Bleu.php-- -- --29243
2/2/2026 1:20:13 PM | * Cartomancie/Belline/02-Destinee(var).js-- -- --171
2/2/2026 1:20:13 PM | * Cartomancie/Belline/02-Destinee.css-- -- --1273
2/2/2026 1:20:13 PM | * Backup/Cartomancie/Belline/02-Destinee.dat-- -- --279977
2/2/2026 1:20:13 PM | * Cartomancie/Belline/02-Destinee.php-- -- --29579
2/2/2026 1:20:13 PM | * Cartomancie/Belline/03-Homme(var).js-- -- --171
2/2/2026 1:20:13 PM | * Cartomancie/Belline/03-Homme.css-- -- --1273
2/2/2026 1:20:13 PM | * Backup/Cartomancie/Belline/03-Homme.dat-- -- --280141
2/2/2026 1:20:13 PM | * Cartomancie/Belline/03-Homme.php-- -- --29728
2/2/2026 1:20:13 PM | * Cartomancie/Belline/04-Femme(var).js-- -- --171
2/2/2026 1:20:13 PM | * Cartomancie/Belline/04-Femme.css-- -- --1273
2/2/2026 1:20:13 PM | * Backup/Cartomancie/Belline/04-Femme.dat-- -- --279738
2/2/2026 1:20:13 PM | * Cartomancie/Belline/04-Femme.php-- -- --29321
2/2/2026 1:20:13 PM | * Cartomancie/Belline/05-Nativite(var).js-- -- --171
2/2/2026 1:20:13 PM | * Cartomancie/Belline/05-Nativite.css-- -- --1273
2/2/2026 1:20:13 PM | * Backup/Cartomancie/Belline/05-Nativite.dat-- -- --279973
2/2/2026 1:20:13 PM | * Cartomancie/Belline/05-Nativite.php-- -- --29590
2/2/2026 1:20:13 PM | * Cartomancie/Belline/06-Reussite(var).js-- -- --171
2/2/2026 1:20:13 PM | * Cartomancie/Belline/06-Reussite.css-- -- --1273
2/2/2026 1:20:13 PM | * Backup/Cartomancie/Belline/06-Reussite.dat-- -- --280262
2/2/2026 1:20:13 PM | * Cartomancie/Belline/06-Reussite.php-- -- --29784
2/2/2026 1:20:13 PM | * Cartomancie/Belline/07-Elevation(var).js-- -- --171
2/2/2026 1:20:13 PM | * Cartomancie/Belline/07-Elevation.css-- -- --1273
2/2/2026 1:20:13 PM | * Backup/Cartomancie/Belline/07-Elevation.dat-- -- --280125
2/2/2026 1:20:13 PM | * Cartomancie/Belline/07-Elevation.php-- -- --29723
2/2/2026 1:20:13 PM | * Cartomancie/Belline/08-Honneurs(var).js-- -- --171
2/2/2026 1:20:13 PM | * Cartomancie/Belline/08-Honneurs.css-- -- --1274
2/2/2026 1:20:13 PM | * Backup/Cartomancie/Belline/08-Honneurs.dat-- -- --280170
2/2/2026 1:20:13 PM | * Cartomancie/Belline/08-Honneurs.php-- -- --29717
2/2/2026 1:20:13 PM | * Cartomancie/Belline/09-Pensee(var).js-- -- --171
2/2/2026 1:20:13 PM | * Cartomancie/Belline/09-Pensee.css-- -- --1273
2/2/2026 1:20:13 PM | * Backup/Cartomancie/Belline/09-Pensee.dat-- -- --280200
2/2/2026 1:20:13 PM | * Cartomancie/Belline/09-Pensee.php-- -- --29801
2/2/2026 1:20:13 PM | * Cartomancie/Belline/10-Campagne(var).js-- -- --171
2/2/2026 1:20:13 PM | * Cartomancie/Belline/10-Campagne.css-- -- --1273
2/2/2026 1:20:13 PM | * Backup/Cartomancie/Belline/10-Campagne.dat-- -- --280039
2/2/2026 1:20:13 PM | * Cartomancie/Belline/10-Campagne.php-- -- --29691
2/2/2026 1:20:13 PM | * Cartomancie/Belline/11-Presents(var).js-- -- --171
2/2/2026 1:20:13 PM | * Cartomancie/Belline/11-Presents.css-- -- --1274
2/2/2026 1:20:13 PM | * Backup/Cartomancie/Belline/11-Presents.dat-- -- --280163
2/2/2026 1:20:13 PM | * Cartomancie/Belline/11-Presents.php-- -- --29713
2/2/2026 1:20:13 PM | * Cartomancie/Belline/12-Trahison(var).js-- -- --171
2/2/2026 1:20:13 PM | * Cartomancie/Belline/12-Trahison.css-- -- --1273
2/2/2026 1:20:13 PM | * Backup/Cartomancie/Belline/12-Trahison.dat-- -- --280085
2/2/2026 1:20:13 PM | * Cartomancie/Belline/12-Trahison.php-- -- --29719
2/2/2026 1:20:13 PM | * Cartomancie/Belline/13-Depart(var).js-- -- --171
2/2/2026 1:20:13 PM | * Cartomancie/Belline/13-Depart.css-- -- --1273
2/2/2026 1:20:13 PM | * Backup/Cartomancie/Belline/13-Depart.dat-- -- --279967
2/2/2026 1:20:13 PM | * Cartomancie/Belline/13-Depart.php-- -- --29588
2/2/2026 1:20:13 PM | * Cartomancie/Belline/14-Inconstance(var).js-- -- --171
2/2/2026 1:20:13 PM | * Cartomancie/Belline/14-Inconstance.css-- -- --1274
2/2/2026 1:20:13 PM | * Backup/Cartomancie/Belline/14-Inconstance.dat-- -- --280304
2/2/2026 1:20:13 PM | * Cartomancie/Belline/14-Inconstance.php-- -- --29951
2/2/2026 1:20:13 PM | * Cartomancie/Belline/15-Decouverte(var).js-- -- --171
2/2/2026 1:20:13 PM | * Cartomancie/Belline/15-Decouverte.css-- -- --1274
2/2/2026 1:20:13 PM | * Backup/Cartomancie/Belline/15-Decouverte.dat-- -- --280613
2/2/2026 1:20:13 PM | * Cartomancie/Belline/15-Decouverte.php-- -- --30267
2/2/2026 1:20:13 PM | * Cartomancie/Belline/16-Eau(var).js-- -- --171
2/2/2026 1:20:13 PM | * Cartomancie/Belline/16-Eau.css-- -- --1273
2/2/2026 1:20:13 PM | * Backup/Cartomancie/Belline/16-Eau.dat-- -- --280105
2/2/2026 1:20:13 PM | * Cartomancie/Belline/16-Eau.php-- -- --29720
2/2/2026 1:20:13 PM | * Cartomancie/Belline/17-Penates(var).js-- -- --171
2/2/2026 1:20:13 PM | * Cartomancie/Belline/17-Penates.css-- -- --1273
2/2/2026 1:20:13 PM | * Backup/Cartomancie/Belline/17-Penates.dat-- -- --280277
2/2/2026 1:20:13 PM | * Cartomancie/Belline/17-Penates.php-- -- --29900
2/2/2026 1:20:13 PM | * Cartomancie/Belline/18-Maladie(var).js-- -- --171
2/2/2026 1:20:13 PM | * Cartomancie/Belline/18-Maladie.css-- -- --1273
2/2/2026 1:20:13 PM | * Backup/Cartomancie/Belline/18-Maladie.dat-- -- --280043
2/2/2026 1:20:13 PM | * Cartomancie/Belline/18-Maladie.php-- -- --29571
2/2/2026 1:20:13 PM | * Cartomancie/Belline/19-Changement(var).js-- -- --171
2/2/2026 1:20:13 PM | * Cartomancie/Belline/19-Changement.css-- -- --1273
2/2/2026 1:20:13 PM | * Backup/Cartomancie/Belline/19-Changement.dat-- -- --280213
2/2/2026 1:20:13 PM | * Cartomancie/Belline/19-Changement.php-- -- --29859
2/2/2026 1:20:13 PM | * Cartomancie/Belline/20-Argent(var).js-- -- --171
2/2/2026 1:20:13 PM | * Cartomancie/Belline/20-Argent.css-- -- --1273
2/2/2026 1:20:13 PM | * Backup/Cartomancie/Belline/20-Argent.dat-- -- --279808
2/2/2026 1:20:13 PM | * Cartomancie/Belline/20-Argent.php-- -- --29446
2/2/2026 1:20:13 PM | * Cartomancie/Belline/21-Intelligence(var).js-- -- --171
2/2/2026 1:20:13 PM | * Cartomancie/Belline/21-Intelligence.css-- -- --1273
2/2/2026 1:20:13 PM | * Backup/Cartomancie/Belline/21-Intelligence.dat-- -- --280269
2/2/2026 1:20:13 PM | * Cartomancie/Belline/21-Intelligence.php-- -- --29919
2/2/2026 1:20:13 PM | * Cartomancie/Belline/22-Vol(var).js-- -- --171
2/2/2026 1:20:13 PM | * Cartomancie/Belline/22-Vol.css-- -- --1273
2/2/2026 1:20:13 PM | * Backup/Cartomancie/Belline/22-Vol.dat-- -- --279645
2/2/2026 1:20:13 PM | * Cartomancie/Belline/22-Vol.php-- -- --29606
2/2/2026 1:20:13 PM | * Cartomancie/Belline/23-Entreprises(var).js-- -- --171
2/2/2026 1:20:13 PM | * Cartomancie/Belline/23-Entreprises.css-- -- --1273
2/2/2026 1:20:13 PM | * Backup/Cartomancie/Belline/23-Entreprises.dat-- -- --278282
2/2/2026 1:20:13 PM | * Cartomancie/Belline/23-Entreprises.php-- -- --29615
2/2/2026 1:20:13 PM | * Cartomancie/Belline/24-Trafic(var).js-- -- --171
2/2/2026 1:20:13 PM | * Cartomancie/Belline/24-Trafic.css-- -- --1273
2/2/2026 1:20:13 PM | * Backup/Cartomancie/Belline/24-Trafic.dat-- -- --279936
2/2/2026 1:20:13 PM | * Cartomancie/Belline/24-Trafic.php-- -- --29574
2/2/2026 1:20:13 PM | * Cartomancie/Belline/25-Nouvelle(var).js-- -- --171
2/2/2026 1:20:13 PM | * Cartomancie/Belline/25-Nouvelle.css-- -- --1273
2/2/2026 1:20:13 PM | * Backup/Cartomancie/Belline/25-Nouvelle.dat-- -- --279638
2/2/2026 1:20:13 PM | * Cartomancie/Belline/25-Nouvelle.php-- -- --29289
2/2/2026 1:20:13 PM | * Cartomancie/Belline/26-Plaisirs(var).js-- -- --171
2/2/2026 1:20:13 PM | * Cartomancie/Belline/26-Plaisirs.css-- -- --1274
2/2/2026 1:20:13 PM | * Backup/Cartomancie/Belline/26-Plaisirs.dat-- -- --279841
2/2/2026 1:20:13 PM | * Cartomancie/Belline/26-Plaisirs.php-- -- --29491
2/2/2026 1:20:13 PM | * Cartomancie/Belline/27-Paix(var).js-- -- --171
2/2/2026 1:20:13 PM | * Cartomancie/Belline/27-Paix.css-- -- --1273
2/2/2026 1:20:13 PM | * Backup/Cartomancie/Belline/27-Paix.dat-- -- --280325
2/2/2026 1:20:13 PM | * Cartomancie/Belline/27-Paix.php-- -- --29968
2/2/2026 1:20:13 PM | * Cartomancie/Belline/28-Union(var).js-- -- --171
2/2/2026 1:20:13 PM | * Cartomancie/Belline/28-Union.css-- -- --1273
2/2/2026 1:20:13 PM | * Backup/Cartomancie/Belline/28-Union.dat-- -- --279818
2/2/2026 1:20:13 PM | * Cartomancie/Belline/28-Union.php-- -- --29433
2/2/2026 1:20:13 PM | * Cartomancie/Belline/29-Famille(var).js-- -- --171
2/2/2026 1:20:13 PM | * Cartomancie/Belline/29-Famille.css-- -- --1273
2/2/2026 1:20:13 PM | * Backup/Cartomancie/Belline/29-Famille.dat-- -- --279929
2/2/2026 1:20:13 PM | * Cartomancie/Belline/29-Famille.php-- -- --29578
2/2/2026 1:20:13 PM | * Cartomancie/Belline/30-Amor(var).js-- -- --171
2/2/2026 1:20:13 PM | * Cartomancie/Belline/30-Amor.css-- -- --1274
2/2/2026 1:20:13 PM | * Backup/Cartomancie/Belline/30-Amor.dat-- -- --279918
2/2/2026 1:20:13 PM | * Cartomancie/Belline/30-Amor.php-- -- --29559
2/2/2026 1:20:13 PM | * Cartomancie/Belline/31-Table(var).js-- -- --171
2/2/2026 1:20:13 PM | * Cartomancie/Belline/31-Table.css-- -- --1273
2/2/2026 1:20:13 PM | * Backup/Cartomancie/Belline/31-Table.dat-- -- --279902
2/2/2026 1:20:13 PM | * Cartomancie/Belline/31-Table.php-- -- --29547
2/2/2026 1:20:13 PM | * Cartomancie/Belline/32-Passions(var).js-- -- --171
2/2/2026 1:20:13 PM | * Cartomancie/Belline/32-Passions.css-- -- --1274
2/2/2026 1:20:13 PM | * Backup/Cartomancie/Belline/32-Passions.dat-- -- --280306
2/2/2026 1:20:13 PM | * Cartomancie/Belline/32-Passions.php-- -- --29956
2/2/2026 1:20:13 PM | * Cartomancie/Belline/33-Mechancete(var).js-- -- --239
2/2/2026 1:20:13 PM | * Cartomancie/Belline/33-Mechancete.css-- -- --1327
2/2/2026 1:20:13 PM | * Backup/Cartomancie/Belline/33-Mechancete.dat-- -- --300765
2/2/2026 1:20:13 PM | * Cartomancie/Belline/33-Mechancete.php-- -- --29497
2/2/2026 1:20:13 PM | * Cartomancie/Belline/34-Proces(var).js-- -- --171
2/2/2026 1:20:13 PM | * Cartomancie/Belline/34-Proces.css-- -- --1274
2/2/2026 1:20:13 PM | * Backup/Cartomancie/Belline/34-Proces.dat-- -- --279868
2/2/2026 1:20:13 PM | * Cartomancie/Belline/34-Proces.php-- -- --29514
2/2/2026 1:20:13 PM | * Cartomancie/Belline/35-Despotisme(var).js-- -- --171
2/2/2026 1:20:13 PM | * Cartomancie/Belline/35-Despotisme.css-- -- --1274
2/2/2026 1:20:13 PM | * Backup/Cartomancie/Belline/35-Despotisme.dat-- -- --280026
2/2/2026 1:20:13 PM | * Cartomancie/Belline/35-Despotisme.php-- -- --29671
2/2/2026 1:20:13 PM | * Cartomancie/Belline/36-Ennemis(var).js-- -- --171
2/2/2026 1:20:13 PM | * Cartomancie/Belline/36-Ennemis.css-- -- --1273
2/2/2026 1:20:13 PM | * Backup/Cartomancie/Belline/36-Ennemis.dat-- -- --279966
2/2/2026 1:20:13 PM | * Cartomancie/Belline/36-Ennemis.php-- -- --29606
2/2/2026 1:20:13 PM | * Cartomancie/Belline/37-Pourparlers(var).js-- -- --171
2/2/2026 1:20:13 PM | * Cartomancie/Belline/37-Pourparlers.css-- -- --1274
2/2/2026 1:20:13 PM | * Backup/Cartomancie/Belline/37-Pourparlers.dat-- -- --280030
2/2/2026 1:20:13 PM | * Cartomancie/Belline/37-Pourparlers.php-- -- --29686
2/2/2026 1:20:13 PM | * Cartomancie/Belline/38-Feu(var).js-- -- --171
2/2/2026 1:20:13 PM | * Cartomancie/Belline/38-Feu.css-- -- --1273
2/2/2026 1:20:13 PM | * Backup/Cartomancie/Belline/38-Feu.dat-- -- --279955
2/2/2026 1:20:13 PM | * Cartomancie/Belline/38-Feu.php-- -- --29596
2/2/2026 1:20:13 PM | * Cartomancie/Belline/39-Accident(var).js-- -- --171
2/2/2026 1:20:13 PM | * Cartomancie/Belline/39-Accident.css-- -- --1273
2/2/2026 1:20:13 PM | * Backup/Cartomancie/Belline/39-Accident.dat-- -- --280107
2/2/2026 1:20:13 PM | * Cartomancie/Belline/39-Accident.php-- -- --29741
2/2/2026 1:20:13 PM | * Cartomancie/Belline/40-Appui(var).js-- -- --171
2/2/2026 1:20:13 PM | * Cartomancie/Belline/40-Appui.css-- -- --1274
2/2/2026 1:20:13 PM | * Backup/Cartomancie/Belline/40-Appui.dat-- -- --279884
2/2/2026 1:20:13 PM | * Cartomancie/Belline/40-Appui.php-- -- --29528
2/2/2026 1:20:13 PM | * Cartomancie/Belline/41-Beaute(var).js-- -- --171
2/2/2026 1:20:13 PM | * Cartomancie/Belline/41-Beaute.css-- -- --1273
2/2/2026 1:20:13 PM | * Backup/Cartomancie/Belline/41-Beaute.dat-- -- --279622
2/2/2026 1:20:13 PM | * Cartomancie/Belline/41-Beaute.php-- -- --29684
2/2/2026 1:20:13 PM | * Cartomancie/Belline/42-Heritage(var).js-- -- --171
2/2/2026 1:20:13 PM | * Cartomancie/Belline/42-Heritage.css-- -- --1273
2/2/2026 1:20:13 PM | * Backup/Cartomancie/Belline/42-Heritage.dat-- -- --279984
2/2/2026 1:20:13 PM | * Cartomancie/Belline/42-Heritage.php-- -- --29626
2/2/2026 1:20:13 PM | * Cartomancie/Belline/43-Sagesse(var).js-- -- --171
2/2/2026 1:20:13 PM | * Cartomancie/Belline/43-Sagesse.css-- -- --1273
2/2/2026 1:20:13 PM | * Backup/Cartomancie/Belline/43-Sagesse.dat-- -- --280071
2/2/2026 1:20:13 PM | * Cartomancie/Belline/43-Sagesse.php-- -- --29616
2/2/2026 1:20:13 PM | * Cartomancie/Belline/44-Renommee(var).js-- -- --171
2/2/2026 1:20:13 PM | * Cartomancie/Belline/44-Renommee.css-- -- --1273
2/2/2026 1:20:13 PM | * Backup/Cartomancie/Belline/44-Renommee.dat-- -- --279987
2/2/2026 1:20:13 PM | * Cartomancie/Belline/44-Renommee.php-- -- --29629
2/2/2026 1:20:13 PM | * Cartomancie/Belline/45-Hasard(var).js-- -- --171
2/2/2026 1:20:13 PM | * Cartomancie/Belline/45-Hasard.css-- -- --1273
2/2/2026 1:20:13 PM | * Backup/Cartomancie/Belline/45-Hasard.dat-- -- --280066
2/2/2026 1:20:13 PM | * Cartomancie/Belline/45-Hasard.php-- -- --29609
2/2/2026 1:20:13 PM | * Cartomancie/Belline/46-Bonheur(var).js-- -- --171
2/2/2026 1:20:13 PM | * Cartomancie/Belline/46-Bonheur.css-- -- --1273
2/2/2026 1:20:13 PM | * Backup/Cartomancie/Belline/46-Bonheur.dat-- -- --279832
2/2/2026 1:20:13 PM | * Cartomancie/Belline/46-Bonheur.php-- -- --29472
2/2/2026 1:20:13 PM | * Cartomancie/Belline/47-Infortune(var).js-- -- --171
2/2/2026 1:20:13 PM | * Cartomancie/Belline/47-Infortune.css-- -- --1273
2/2/2026 1:20:13 PM | * Backup/Cartomancie/Belline/47-Infortune.dat-- -- --280238
2/2/2026 1:20:13 PM | * Cartomancie/Belline/47-Infortune.php-- -- --29882
2/2/2026 1:20:13 PM | * Cartomancie/Belline/48-Sterilite(var).js-- -- --171
2/2/2026 1:20:13 PM | * Cartomancie/Belline/48-Sterilite.css-- -- --1274
2/2/2026 1:20:13 PM | * Backup/Cartomancie/Belline/48-Sterilite.dat-- -- --279948
2/2/2026 1:20:13 PM | * Cartomancie/Belline/48-Sterilite.php-- -- --29591
2/2/2026 1:20:13 PM | * Cartomancie/Belline/49-Fatalite(var).js-- -- --171
2/2/2026 1:20:13 PM | * Cartomancie/Belline/49-Fatalite.css-- -- --1274
2/2/2026 1:20:13 PM | * Backup/Cartomancie/Belline/49-Fatalite.dat-- -- --280143
2/2/2026 1:20:13 PM | * Cartomancie/Belline/49-Fatalite.php-- -- --29783
2/2/2026 1:20:13 PM | * Cartomancie/Belline/50-Grace(var).js-- -- --171
2/2/2026 1:20:13 PM | * Cartomancie/Belline/50-Grace.css-- -- --1273
2/2/2026 1:20:13 PM | * Backup/Cartomancie/Belline/50-Grace.dat-- -- --280172
2/2/2026 1:20:13 PM | * Cartomancie/Belline/50-Grace.php-- -- --29791
2/2/2026 1:20:13 PM | * Cartomancie/Belline/51-Ruine(var).js-- -- --171
2/2/2026 1:20:13 PM | * Cartomancie/Belline/51-Ruine.css-- -- --1273
2/2/2026 1:20:13 PM | * Backup/Cartomancie/Belline/51-Ruine.dat-- -- --280475
2/2/2026 1:20:13 PM | * Cartomancie/Belline/51-Ruine.php-- -- --30094
2/2/2026 1:20:13 PM | * Cartomancie/Belline/52-Retard(var).js-- -- --171
2/2/2026 1:20:13 PM | * Cartomancie/Belline/52-Retard.css-- -- --1273
2/2/2026 1:20:13 PM | * Backup/Cartomancie/Belline/52-Retard.dat-- -- --279600
2/2/2026 1:20:13 PM | * Cartomancie/Belline/52-Retard.php-- -- --29230
2/2/2026 1:20:13 PM | * Cartomancie/Belline/53-Cloitre(var).js-- -- --171
2/2/2026 1:20:13 PM | * Cartomancie/Belline/53-Cloitre.css-- -- --1273
2/2/2026 1:20:13 PM | * Backup/Cartomancie/Belline/53-Cloitre.dat-- -- --280107
2/2/2026 1:20:13 PM | * Cartomancie/Belline/53-Cloitre.php-- -- --29730
2/2/2026 1:20:13 PM | * Cartomancie/Belline/Accueil(var).js-- -- --171
2/2/2026 1:20:13 PM | * Cartomancie/Belline/Accueil.css-- -- --8991
2/2/2026 1:20:13 PM | * Backup/Cartomancie/Belline/Accueil.dat-- -- --2231345
2/2/2026 1:20:13 PM | * Cartomancie/Belline/Accueil.php-- -- --64203
2/2/2026 1:20:13 PM | * Cartomancie/Tarots/01-Fou(var).js-- -- --171
2/2/2026 1:20:13 PM | * Cartomancie/Tarots/01-Fou.css-- -- --1196
2/2/2026 1:20:13 PM | * Backup/Cartomancie/Tarots/01-Fou.dat-- -- --280282
2/2/2026 1:20:13 PM | * Cartomancie/Tarots/01-Fou.php-- -- --29978
2/2/2026 1:20:13 PM | * Cartomancie/Tarots/02-Bateleur(var).js-- -- --171
2/2/2026 1:20:13 PM | * Cartomancie/Tarots/02-Bateleur.css-- -- --1196
2/2/2026 1:20:13 PM | * Backup/Cartomancie/Tarots/02-Bateleur.dat-- -- --279858
2/2/2026 1:20:13 PM | * Cartomancie/Tarots/02-Bateleur.php-- -- --29566
2/2/2026 1:20:13 PM | * Cartomancie/Tarots/03-Papesse(var).js-- -- --171
2/2/2026 1:20:13 PM | * Cartomancie/Tarots/03-Papesse.css-- -- --1196
2/2/2026 1:20:13 PM | * Backup/Cartomancie/Tarots/03-Papesse.dat-- -- --280097
2/2/2026 1:20:13 PM | * Cartomancie/Tarots/03-Papesse.php-- -- --29792
2/2/2026 1:20:13 PM | * Cartomancie/Tarots/04-Imperatrice(var).js-- -- --171
2/2/2026 1:20:13 PM | * Cartomancie/Tarots/04-Imperatrice.css-- -- --1196
2/2/2026 1:20:13 PM | * Backup/Cartomancie/Tarots/04-Imperatrice.dat-- -- --280707
2/2/2026 1:20:13 PM | * Cartomancie/Tarots/04-Imperatrice.php-- -- --30324
2/2/2026 1:20:13 PM | * Cartomancie/Tarots/05-Empereur(var).js-- -- --171
2/2/2026 1:20:13 PM | * Cartomancie/Tarots/05-Empereur.css-- -- --1196
2/2/2026 1:20:13 PM | * Backup/Cartomancie/Tarots/05-Empereur.dat-- -- --280211
2/2/2026 1:20:13 PM | * Cartomancie/Tarots/05-Empereur.php-- -- --29917
2/2/2026 1:20:13 PM | * Cartomancie/Tarots/06-Pape(var).js-- -- --171
2/2/2026 1:20:13 PM | * Cartomancie/Tarots/06-Pape.css-- -- --1196
2/2/2026 1:20:13 PM | * Backup/Cartomancie/Tarots/06-Pape.dat-- -- --280407
2/2/2026 1:20:13 PM | * Cartomancie/Tarots/06-Pape.php-- -- --30088
2/2/2026 1:20:13 PM | * Cartomancie/Tarots/07-Amoureux(var).js-- -- --171
2/2/2026 1:20:13 PM | * Cartomancie/Tarots/07-Amoureux.css-- -- --1273
2/2/2026 1:20:13 PM | * Backup/Cartomancie/Tarots/07-Amoureux.dat-- -- --280399
2/2/2026 1:20:13 PM | * Cartomancie/Tarots/07-Amoureux.php-- -- --29913
2/2/2026 1:20:13 PM | * Cartomancie/Tarots/08-Chariot(var).js-- -- --171
2/2/2026 1:20:13 PM | * Cartomancie/Tarots/08-Chariot.css-- -- --1273
2/2/2026 1:20:13 PM | * Backup/Cartomancie/Tarots/08-Chariot.dat-- -- --280797
2/2/2026 1:20:13 PM | * Cartomancie/Tarots/08-Chariot.php-- -- --30334
2/2/2026 1:20:13 PM | * Cartomancie/Tarots/09-Justice(var).js-- -- --171
2/2/2026 1:20:13 PM | * Cartomancie/Tarots/09-Justice.css-- -- --1273
2/2/2026 1:20:13 PM | * Backup/Cartomancie/Tarots/09-Justice.dat-- -- --280695
2/2/2026 1:20:13 PM | * Cartomancie/Tarots/09-Justice.php-- -- --30310
2/2/2026 1:20:13 PM | * Cartomancie/Tarots/10-Hermite(var).js-- -- --171
2/2/2026 1:20:13 PM | * Cartomancie/Tarots/10-Hermite.css-- -- --1273
2/2/2026 1:20:13 PM | * Backup/Cartomancie/Tarots/10-Hermite.dat-- -- --280698
2/2/2026 1:20:13 PM | * Cartomancie/Tarots/10-Hermite.php-- -- --30305
2/2/2026 1:20:13 PM | * Cartomancie/Tarots/11-Roue(var).js-- -- --171
2/2/2026 1:20:13 PM | * Cartomancie/Tarots/11-Roue.css-- -- --1273
2/2/2026 1:20:13 PM | * Backup/Cartomancie/Tarots/11-Roue.dat-- -- --280283
2/2/2026 1:20:13 PM | * Cartomancie/Tarots/11-Roue.php-- -- --29876
2/2/2026 1:20:13 PM | * Cartomancie/Tarots/12-Force(var).js-- -- --171
2/2/2026 1:20:13 PM | * Cartomancie/Tarots/12-Force.css-- -- --1273
2/2/2026 1:20:13 PM | * Backup/Cartomancie/Tarots/12-Force.dat-- -- --280246
2/2/2026 1:20:13 PM | * Cartomancie/Tarots/12-Force.php-- -- --29745
2/2/2026 1:20:13 PM | * Cartomancie/Tarots/13-Pendu(var).js-- -- --171
2/2/2026 1:20:13 PM | * Cartomancie/Tarots/13-Pendu.css-- -- --1273
2/2/2026 1:20:13 PM | * Backup/Cartomancie/Tarots/13-Pendu.dat-- -- --280007
2/2/2026 1:20:13 PM | * Cartomancie/Tarots/13-Pendu.php-- -- --29997
2/2/2026 1:20:13 PM | * Cartomancie/Tarots/14-Mort(var).js-- -- --171
2/2/2026 1:20:13 PM | * Cartomancie/Tarots/14-Mort.css-- -- --1273
2/2/2026 1:20:13 PM | * Backup/Cartomancie/Tarots/14-Mort.dat-- -- --280194
2/2/2026 1:20:13 PM | * Cartomancie/Tarots/14-Mort.php-- -- --29795
2/2/2026 1:20:13 PM | * Cartomancie/Tarots/15-Temperance(var).js-- -- --171
2/2/2026 1:20:13 PM | * Cartomancie/Tarots/15-Temperance.css-- -- --1273
2/2/2026 1:20:13 PM | * Backup/Cartomancie/Tarots/15-Temperance.dat-- -- --279885
2/2/2026 1:20:13 PM | * Cartomancie/Tarots/15-Temperance.php-- -- --29930
2/2/2026 1:20:13 PM | * Cartomancie/Tarots/16-Diable(var).js-- -- --171
2/2/2026 1:20:13 PM | * Cartomancie/Tarots/16-Diable.css-- -- --1273
2/2/2026 1:20:13 PM | * Backup/Cartomancie/Tarots/16-Diable.dat-- -- --280340
2/2/2026 1:20:13 PM | * Cartomancie/Tarots/16-Diable.php-- -- --29936
2/2/2026 1:20:13 PM | * Cartomancie/Tarots/16-Maison-Dieu(var).js-- -- --171
2/2/2026 1:20:13 PM | * Cartomancie/Tarots/16-Maison-Dieu.css-- -- --1273
2/2/2026 1:20:13 PM | * Backup/Cartomancie/Tarots/16-Maison-Dieu.dat-- -- --280578
2/2/2026 1:20:13 PM | * Cartomancie/Tarots/16-Maison-Dieu.php-- -- --30089
2/2/2026 1:20:13 PM | * Cartomancie/Tarots/17-Etoile(var).js-- -- --171
2/2/2026 1:20:13 PM | * Cartomancie/Tarots/17-Etoile.css-- -- --1273
2/2/2026 1:20:13 PM | * Backup/Cartomancie/Tarots/17-Etoile.dat-- -- --280190
2/2/2026 1:20:13 PM | * Cartomancie/Tarots/17-Etoile.php-- -- --29794
2/2/2026 1:20:13 PM | * Cartomancie/Tarots/18-Lune(var).js-- -- --171
2/2/2026 1:20:13 PM | * Cartomancie/Tarots/18-Lune.css-- -- --1273
2/2/2026 1:20:13 PM | * Backup/Cartomancie/Tarots/18-Lune.dat-- -- --280617
2/2/2026 1:20:13 PM | * Cartomancie/Tarots/18-Lune.php-- -- --30209
2/2/2026 1:20:13 PM | * Cartomancie/Tarots/19-Soleil(var).js-- -- --171
2/2/2026 1:20:13 PM | * Cartomancie/Tarots/19-Soleil.css-- -- --1273
2/2/2026 1:20:13 PM | * Backup/Cartomancie/Tarots/19-Soleil.dat-- -- --280461
2/2/2026 1:20:13 PM | * Cartomancie/Tarots/19-Soleil.php-- -- --30057
2/2/2026 1:20:13 PM | * Cartomancie/Tarots/20-Jugement(var).js-- -- --171
2/2/2026 1:20:13 PM | * Cartomancie/Tarots/20-Jugement.css-- -- --1273
2/2/2026 1:20:13 PM | * Backup/Cartomancie/Tarots/20-Jugement.dat-- -- --280333
2/2/2026 1:20:14 PM | * Cartomancie/Tarots/20-Jugement.php-- -- --29933
2/2/2026 1:20:14 PM | * Cartomancie/Tarots/21-Monde(var).js-- -- --171
2/2/2026 1:20:14 PM | * Cartomancie/Tarots/21-Monde.css-- -- --1273
2/2/2026 1:20:14 PM | * Backup/Cartomancie/Tarots/21-Monde.dat-- -- --280375
2/2/2026 1:20:14 PM | * Cartomancie/Tarots/21-Monde.php-- -- --29874
2/2/2026 1:20:14 PM | * Cartomancie/Tarots/Accueil(var).js-- -- --171
2/2/2026 1:20:14 PM | * Cartomancie/Tarots/Accueil.css-- -- --3694
2/2/2026 1:20:14 PM | * Backup/Cartomancie/Tarots/Accueil.dat-- -- --916733
2/2/2026 1:20:14 PM | * Cartomancie/Tarots/Accueil.php-- -- --41758
2/2/2026 1:20:14 PM | * CGU/CGU(var).js-- -- --171
2/2/2026 1:20:14 PM | * CGU/CGU.css-- -- --1071
2/2/2026 1:20:14 PM | * Backup/CGU/CGU.dat-- -- --253336
2/2/2026 1:20:14 PM | * CGU/CGU.php-- -- --35979
2/2/2026 1:20:14 PM | * Domicile/Echec(var).js-- -- --171
2/2/2026 1:20:14 PM | * Domicile/Echec.css-- -- --939
2/2/2026 1:20:14 PM | * Backup/Domicile/Echec.dat-- -- --219269
2/2/2026 1:20:14 PM | * Domicile/Echec.php-- -- --27650
2/2/2026 1:20:14 PM | * Domicile/Envoi(var).js-- -- --171
2/2/2026 1:20:14 PM | * Domicile/Envoi.css-- -- --862
2/2/2026 1:20:14 PM | * Backup/Domicile/Envoi.dat-- -- --191883
2/2/2026 1:20:14 PM | * Domicile/Envoi.php-- -- --27311
2/2/2026 1:20:14 PM | * Domicile/Formulaire(var).js-- -- --1111
2/2/2026 1:20:14 PM | * Domicile/Formulaire(var).php-- -- --3500
2/2/2026 1:20:14 PM | * Domicile/Formulaire.css-- -- --4727
2/2/2026 1:20:14 PM | * Backup/Domicile/Formulaire.dat-- -- --1021545
2/2/2026 1:20:14 PM | * Domicile/Formulaire.php-- -- --57852
2/2/2026 1:20:14 PM | * Dons/Dons(var).js-- -- --171
2/2/2026 1:20:14 PM | * Dons/Dons.css-- -- --1483
2/2/2026 1:20:14 PM | * Backup/Dons/Dons.dat-- -- --331108
2/2/2026 1:20:14 PM | * Dons/Dons.php-- -- --31787
2/2/2026 1:20:14 PM | * Gratuite/Echec(var).js-- -- --171
2/2/2026 1:20:14 PM | * Gratuite/Echec.css-- -- --939
2/2/2026 1:20:14 PM | * Backup/Gratuite/Echec.dat-- -- --217184
2/2/2026 1:20:14 PM | * Gratuite/Echec.php-- -- --27624
2/2/2026 1:20:14 PM | * Gratuite/Envoi(var).js-- -- --171
2/2/2026 1:20:14 PM | * Gratuite/Envoi.css-- -- --862
2/2/2026 1:20:14 PM | * Backup/Gratuite/Envoi.dat-- -- --191819
2/2/2026 1:20:14 PM | * Gratuite/Envoi.php-- -- --26845
2/2/2026 1:20:14 PM | * Gratuite/Formulaire(var).js-- -- --1147
2/2/2026 1:20:14 PM | * Gratuite/Formulaire(var).php-- -- --3811
2/2/2026 1:20:14 PM | * Gratuite/Formulaire.css-- -- --5107
2/2/2026 1:20:14 PM | * Backup/Gratuite/Formulaire.dat-- -- --1033193
2/2/2026 1:20:14 PM | * Gratuite/Formulaire.php-- -- --58336
2/2/2026 1:20:14 PM | * Magie/Echec(var).js-- -- --171
2/2/2026 1:20:14 PM | * Magie/Echec.css-- -- --939
2/2/2026 1:20:14 PM | * Backup/Magie/Echec.dat-- -- --217239
2/2/2026 1:20:14 PM | * Magie/Echec.php-- -- --27672
2/2/2026 1:20:14 PM | * Magie/Envoi(var).js-- -- --171
2/2/2026 1:20:14 PM | * Magie/Envoi.css-- -- --862
2/2/2026 1:20:14 PM | * Backup/Magie/Envoi.dat-- -- --190054
2/2/2026 1:20:14 PM | * Magie/Envoi.php-- -- --27364
2/2/2026 1:20:14 PM | * Magie/Formulaire(var).js-- -- --1133
2/2/2026 1:20:14 PM | * Magie/Formulaire(var).php-- -- --5375
2/2/2026 1:20:14 PM | * Magie/Formulaire.css-- -- --4882
2/2/2026 1:20:14 PM | * Backup/Magie/Formulaire.dat-- -- --1097064
2/2/2026 1:20:14 PM | * Magie/Formulaire.php-- -- --62125
2/2/2026 1:20:14 PM | * Mail/Echec(var).js-- -- --103
2/2/2026 1:20:14 PM | * Mail/Echec.css-- -- --887
2/2/2026 1:20:14 PM | * Backup/Mail/Echec.dat-- -- --192434
2/2/2026 1:20:14 PM | * Mail/Echec.php-- -- --27607
2/2/2026 1:20:14 PM | * Mail/Envoi(var).js-- -- --103
2/2/2026 1:20:14 PM | * Mail/Envoi.css-- -- --809
2/2/2026 1:20:14 PM | * Backup/Mail/Envoi.dat-- -- --167126
2/2/2026 1:20:14 PM | * Mail/Envoi.php-- -- --27313
2/2/2026 1:20:14 PM | * Mail/Formulaire(var).js-- -- --1103
2/2/2026 1:20:14 PM | * Mail/Formulaire(var).php-- -- --2242
2/2/2026 1:20:14 PM | * Mail/Formulaire.css-- -- --4265
2/2/2026 1:20:14 PM | * Backup/Mail/Formulaire.dat-- -- --808848
2/2/2026 1:20:14 PM | * Mail/Formulaire.php-- -- --49776
2/2/2026 1:20:14 PM | * Methodes/Accueil(var).js-- -- --171
2/2/2026 1:20:14 PM | * Methodes/Accueil.css-- -- --1721
2/2/2026 1:20:14 PM | * Backup/Methodes/Accueil.dat-- -- --450511
2/2/2026 1:20:14 PM | * Methodes/Accueil.php-- -- --42504
2/2/2026 1:20:14 PM | * Methodes/Croix(var).js-- -- --171
2/2/2026 1:20:14 PM | * Methodes/Croix.css-- -- --3694
2/2/2026 1:20:14 PM | * Backup/Methodes/Croix.dat-- -- --950261
2/2/2026 1:20:14 PM | * Methodes/Croix.php-- -- --51108
2/2/2026 1:20:14 PM | * Methodes/Ligne(var).js-- -- --171
2/2/2026 1:20:14 PM | * Methodes/Ligne.css-- -- --3890
2/2/2026 1:20:14 PM | * Backup/Methodes/Ligne.dat-- -- --995220
2/2/2026 1:20:14 PM | * Methodes/Ligne.php-- -- --59059
2/2/2026 1:20:14 PM | * Methodes/Pyramide(var).js-- -- --171
2/2/2026 1:20:14 PM | * Methodes/Pyramide.css-- -- --2041
2/2/2026 1:20:14 PM | * Backup/Methodes/Pyramide.dat-- -- --484510
2/2/2026 1:20:14 PM | * Methodes/Pyramide.php-- -- --44994
2/2/2026 1:20:14 PM | * Paiement/Paiement_accepte(var).js-- -- --171
2/2/2026 1:20:14 PM | * Paiement/Paiement_accepte.css-- -- --862
2/2/2026 1:20:14 PM | * Backup/Paiement/Paiement_accepte.dat-- -- --189913
2/2/2026 1:20:14 PM | * Paiement/Paiement_accepte.php-- -- --27543
2/2/2026 1:20:14 PM | * Paiement/Paiement_avorte(var).js-- -- --171
2/2/2026 1:20:14 PM | * Paiement/Paiement_avorte.css-- -- --862
2/2/2026 1:20:14 PM | * Backup/Paiement/Paiement_avorte.dat-- -- --189611
2/2/2026 1:20:14 PM | * Paiement/Paiement_avorte.php-- -- --27134
2/2/2026 1:20:14 PM | * Partenaires/Partenaires(var).js-- -- --171
2/2/2026 1:20:14 PM | * Partenaires/Partenaires.css-- -- --716
2/2/2026 1:20:14 PM | * Backup/Partenaires/Partenaires.dat-- -- --157327
2/2/2026 1:20:14 PM | * Partenaires/Partenaires.php-- -- --26549
2/2/2026 1:20:14 PM | * Planetes/Accueil(var).js-- -- --171
2/2/2026 1:20:14 PM | * Planetes/Accueil.css-- -- --3106
2/2/2026 1:20:14 PM | * Backup/Planetes/Accueil.dat-- -- --814070
2/2/2026 1:20:14 PM | * Planetes/Accueil.php-- -- --40658
2/2/2026 1:20:14 PM | * Planetes/Jupiter(var).js-- -- --171
2/2/2026 1:20:14 PM | * Planetes/Jupiter.css-- -- --1182
2/2/2026 1:20:14 PM | * Backup/Planetes/Jupiter.dat-- -- --280107
2/2/2026 1:20:14 PM | * Planetes/Jupiter.php-- -- --30316
2/2/2026 1:20:14 PM | * Planetes/Lune(var).js-- -- --239
2/2/2026 1:20:14 PM | * Planetes/Lune.css-- -- --1236
2/2/2026 1:20:14 PM | * Backup/Planetes/Lune.dat-- -- --301576
2/2/2026 1:20:14 PM | * Planetes/Lune.php-- -- --30795
2/2/2026 1:20:14 PM | * Planetes/Mars(var).js-- -- --239
2/2/2026 1:20:14 PM | * Planetes/Mars.css-- -- --1236
2/2/2026 1:20:14 PM | * Backup/Planetes/Mars.dat-- -- --301227
2/2/2026 1:20:14 PM | * Planetes/Mars.php-- -- --30446
2/2/2026 1:20:14 PM | * Planetes/Mercure(var).js-- -- --239
2/2/2026 1:20:14 PM | * Planetes/Mercure.css-- -- --1236
2/2/2026 1:20:14 PM | * Backup/Planetes/Mercure.dat-- -- --302114
2/2/2026 1:20:14 PM | * Planetes/Mercure.php-- -- --31227
2/2/2026 1:20:14 PM | * Planetes/Neptune(var).js-- -- --239
2/2/2026 1:20:14 PM | * Planetes/Neptune.css-- -- --1236
2/2/2026 1:20:14 PM | * Backup/Planetes/Neptune.dat-- -- --301299
2/2/2026 1:20:14 PM | * Planetes/Neptune.php-- -- --30520
2/2/2026 1:20:14 PM | * Planetes/Pluton(var).js-- -- --239
2/2/2026 1:20:14 PM | * Planetes/Pluton.css-- -- --1236
2/2/2026 1:20:14 PM | * Backup/Planetes/Pluton.dat-- -- --301229
2/2/2026 1:20:14 PM | * Planetes/Pluton.php-- -- --30452
2/2/2026 1:20:14 PM | * Planetes/Saturne(var).js-- -- --239
2/2/2026 1:20:14 PM | * Planetes/Saturne.css-- -- --1250
2/2/2026 1:20:14 PM | * Backup/Planetes/Saturne.dat-- -- --303218
2/2/2026 1:20:14 PM | * Planetes/Saturne.php-- -- --30481
2/2/2026 1:20:14 PM | * Planetes/Soleil(var).js-- -- --239
2/2/2026 1:20:14 PM | * Planetes/Soleil.css-- -- --1251
2/2/2026 1:20:14 PM | * Backup/Planetes/Soleil.dat-- -- --304680
2/2/2026 1:20:14 PM | * Planetes/Soleil.php-- -- --30164
2/2/2026 1:20:14 PM | * Planetes/Uranus(var).js-- -- --239
2/2/2026 1:20:14 PM | * Planetes/Uranus.css-- -- --1251
2/2/2026 1:20:14 PM | * Backup/Planetes/Uranus.dat-- -- --304436
2/2/2026 1:20:14 PM | * Planetes/Uranus.php-- -- --29878
2/2/2026 1:20:14 PM | * Planetes/Venus(var).js-- -- --239
2/2/2026 1:20:14 PM | * Planetes/Venus.css-- -- --1251
2/2/2026 1:20:14 PM | * Backup/Planetes/Venus.dat-- -- --305172
2/2/2026 1:20:14 PM | * Planetes/Venus.php-- -- --30525
2/2/2026 1:20:14 PM | * Tchat/Echec(var).js-- -- --171
2/2/2026 1:20:14 PM | * Tchat/Echec.css-- -- --940
2/2/2026 1:20:14 PM | * Backup/Tchat/Echec.dat-- -- --219249
2/2/2026 1:20:14 PM | * Tchat/Echec.php-- -- --27670
2/2/2026 1:20:14 PM | * Tchat/Envoi(var).js-- -- --171
2/2/2026 1:20:14 PM | * Tchat/Envoi.css-- -- --862
2/2/2026 1:20:14 PM | * Backup/Tchat/Envoi.dat-- -- --191901
2/2/2026 1:20:14 PM | * Tchat/Envoi.php-- -- --27332
2/2/2026 1:20:14 PM | * Tchat/Tchat(var).js-- -- --1105
2/2/2026 1:20:14 PM | * Tchat/Tchat(var).php-- -- --4015
2/2/2026 1:20:14 PM | * Tchat/Tchat.css-- -- --4727
2/2/2026 1:20:14 PM | * Backup/Tchat/Tchat.dat-- -- --1028572
2/2/2026 1:20:14 PM | * Tchat/Tchat.php-- -- --57928
2/2/2026 1:20:14 PM | * index(var).js-- -- --171
2/2/2026 1:20:14 PM | * index.css-- -- --1183
2/2/2026 1:20:14 PM | * Backup/index.dat-- -- --230945
2/2/2026 1:20:14 PM | * index.php-- -- --33618
2/2/2026 1:20:14 PM | * Templates/Base.css-- -- --4396
2/2/2026 1:20:14 PM | * Templates/Base.php-- -- --25710
2/2/2026 1:20:14 PM | * Backup/Templates/Base.tdat-- -- --1006726
2/2/2026 1:20:14 PM | * sitemap.xml-- -- --26905
2/2/2026 1:20:14 PM | * robots.txt-- -- --39
2/2/2026 1:20:14 PM | * Backup/Belline net.ope-- -- --3598
2/2/2026 1:20:17 PM | 
2/2/2026 1:20:17 PM | 
--------------------------------Phase 1 Terminé--------------------------------
2/2/2026 1:20:17 PM | 

2/2/2026 1:50:45 PM | Debut Mise en ligne complete (Site):
2/2/2026 1:50:59 PM | Listing terminé :
2/2/2026 1:50:59 PM | 

2/2/2026 1:50:59 PM | * Files/Fonts-- -- --Folder create
2/2/2026 1:50:59 PM | * Files/Other-- -- --Folder create
2/2/2026 1:50:59 PM | * Planetes-- -- --Folder create
2/2/2026 1:50:59 PM | * Partenaires-- -- --Folder create
2/2/2026 1:50:59 PM | * Paiement-- -- --Folder create
2/2/2026 1:50:59 PM | * Online-- -- --Folder create
2/2/2026 1:50:59 PM | * Online/Templates-- -- --Folder create
2/2/2026 1:50:59 PM | * Methodes-- -- --Folder create
2/2/2026 1:50:59 PM | * Mail-- -- --Folder create
2/2/2026 1:50:59 PM | * Magie-- -- --Folder create
2/2/2026 1:50:59 PM | * Gratuite-- -- --Folder create
2/2/2026 1:50:59 PM | * Dons-- -- --Folder create
2/2/2026 1:50:59 PM | * Domicile-- -- --Folder create
2/2/2026 1:50:59 PM | * Chat-- -- --Folder create
2/2/2026 1:50:59 PM | * CGU-- -- --Folder create
2/2/2026 1:50:59 PM | * Cartomancie-- -- --Folder create
2/2/2026 1:50:59 PM | * Cartomancie/Tarots-- -- --Folder create
2/2/2026 1:50:59 PM | * Cartomancie/Belline-- -- --Folder create
2/2/2026 1:50:59 PM | * Cartomancie/32-cartes-- -- --Folder create
2/2/2026 1:50:59 PM | * Cartomancie/32-cartes/Trefle-- -- --Folder create
2/2/2026 1:50:59 PM | * Cartomancie/32-cartes/Pique-- -- --Folder create
2/2/2026 1:50:59 PM | * Cartomancie/32-cartes/Coeur-- -- --Folder create
2/2/2026 1:50:59 PM | * Cartomancie/32-cartes/Carreau-- -- --Folder create
2/2/2026 1:50:59 PM | * Admin-- -- --Folder create
2/2/2026 1:50:59 PM | * Admin/sounds-- -- --Folder create
2/2/2026 1:50:59 PM | * WEFiles-- -- --Folder create
2/2/2026 1:50:59 PM | * WEFiles/Xml-- -- --Folder create
2/2/2026 1:50:59 PM | * WEFiles/Server-- -- --Folder create
2/2/2026 1:50:59 PM | * WEFiles/Server/language-- -- --Folder create
2/2/2026 1:50:59 PM | * WEFiles/Server/DB-- -- --Folder create
2/2/2026 1:50:59 PM | * WEFiles/Server/DB/DBTools-- -- --Folder create
2/2/2026 1:50:59 PM | * WEFiles/Server/class-- -- --Folder create
2/2/2026 1:50:59 PM | * WEFiles/Other-- -- --Folder create
2/2/2026 1:50:59 PM | * WEFiles/Image-- -- --Folder create
2/2/2026 1:50:59 PM | * WEFiles/Font-- -- --Folder create
2/2/2026 1:50:59 PM | * WEFiles/EG-- -- --Folder create
2/2/2026 1:50:59 PM | * WEFiles/Css-- -- --Folder create
2/2/2026 1:50:59 PM | * WEFiles/Css/v02-- -- --Folder create
2/2/2026 1:50:59 PM | * WEFiles/Css/v01-- -- --Folder create
2/2/2026 1:50:59 PM | * WEFiles/Client-- -- --Folder create
2/2/2026 1:50:59 PM | * WEFiles/Client/jQuery-- -- --Folder create
2/2/2026 1:50:59 PM | * WEFiles/Client/jQuery/Plugins-- -- --Folder create
2/2/2026 1:50:59 PM | * WEFiles/Client/Common-- -- --Folder create
2/2/2026 1:50:59 PM | * Templates-- -- --Folder create
2/2/2026 1:50:59 PM | * Files-- -- --Folder create
2/2/2026 1:50:59 PM | * Files/Video-- -- --Folder create
2/2/2026 1:50:59 PM | * Files/Other-- -- --Folder create
2/2/2026 1:50:59 PM | * Files/Media-- -- --Folder create
2/2/2026 1:50:59 PM | * Files/Image-- -- --Folder create
2/2/2026 1:50:59 PM | * Files/Fonts-- -- --Folder create
2/2/2026 1:50:59 PM | * Files/Flash-- -- --Folder create
2/2/2026 1:50:59 PM | * Files/Audio-- -- --Folder create
2/2/2026 1:50:59 PM | * Data-- -- --Folder create
2/2/2026 1:50:59 PM | * Backup-- -- --Folder create
2/2/2026 1:50:59 PM | * Common-- -- --Folder create
2/2/2026 1:50:59 PM | * Files/Image/32 cartes-- -- --Folder create
2/2/2026 1:50:59 PM | * Files/Image/32 cartes/Carreau-- -- --Folder create
2/2/2026 1:50:59 PM | * Files/Image/Accueil-- -- --Folder create
2/2/2026 1:50:59 PM | * WEFiles/Image/WEImage-- -- --Folder create
2/2/2026 1:50:59 PM | * Files/Image/32 cartes/Coeur-- -- --Folder create
2/2/2026 1:50:59 PM | * Files/Image/32 cartes/Pique-- -- --Folder create
2/2/2026 1:50:59 PM | * Files/Image/32 cartes/Trefle-- -- --Folder create
2/2/2026 1:50:59 PM | * Files/Image/Belline-- -- --Folder create
2/2/2026 1:50:59 PM | * Files/Image/Tarot-- -- --Folder create
2/2/2026 1:50:59 PM | * WEFiles/Image/Skin-- -- --Folder create
2/2/2026 1:50:59 PM | * Files/Image/Planetes-- -- --Folder create
2/2/2026 1:50:59 PM | * Files\Other-- -- --Folder create
2/2/2026 1:50:59 PM | * Files\Fonts-- -- --Folder create
2/2/2026 1:50:59 PM | * Backup/.htaccess-- -- --33
2/2/2026 1:50:59 PM | * Data/.htaccess-- -- --13
2/2/2026 1:50:59 PM | * WEFiles/Client/Common/oe.min.js-- -- --16317
2/2/2026 1:50:59 PM | * WEFiles/Client/jQuery/Plugins/jquery.form.js-- -- --11659
2/2/2026 1:50:59 PM | * WEFiles/Client/jQuery/Plugins/jquery.ui.core.js-- -- --19590
2/2/2026 1:50:59 PM | * WEFiles/Client/jQuery/Plugins/jquery.ui.effects.js-- -- --25199
2/2/2026 1:50:59 PM | * WEFiles/Client/jQuery/1.10.2.js-- -- --93107
2/2/2026 1:50:59 PM | * WEFiles/Client/jQuery/migrate.js-- -- --7202
2/2/2026 1:50:59 PM | * WEFiles/Client/OEDB.js-- -- --1856
2/2/2026 1:50:59 PM | * WEFiles/Client/OEDBClasses.js-- -- --2280
2/2/2026 1:50:59 PM | * WEFiles/Client/opentip-jquery.min.js-- -- --44974
2/2/2026 1:50:59 PM | * WEFiles/Css/v01/openElement.css-- -- --5851
2/2/2026 1:50:59 PM | * WEFiles/Css/v02/openElement.css-- -- --6102
2/2/2026 1:50:59 PM | * WEFiles/Css/v02/openElement.int.css-- -- --6177
2/2/2026 1:50:59 PM | * WEFiles/Css/ie7.css-- -- --833
2/2/2026 1:50:59 PM | * WEFiles/Css/opentip.css-- -- --9211
2/2/2026 1:50:59 PM | * WEFiles/Image/Code.png-- -- --831
2/2/2026 1:50:59 PM | * WEFiles/Image/delete.png-- -- --1465
2/2/2026 1:50:59 PM | * WEFiles/Image/empty.png-- -- --184
2/2/2026 1:50:59 PM | * WEFiles/Image/information2.png-- -- --3246
2/2/2026 1:50:59 PM | * WEFiles/Image/loading.gif-- -- --1924
2/2/2026 1:50:59 PM | * WEFiles/Image/Loading2.gif-- -- --4941
2/2/2026 1:50:59 PM | * WEFiles/Image/mask.png-- -- --213
2/2/2026 1:50:59 PM | * WEFiles/Image/ModalBackgound.png-- -- --27145
2/2/2026 1:50:59 PM | * WEFiles/Image/ModalPopupBlock.png-- -- --268
2/2/2026 1:50:59 PM | * WEFiles/Image/ServerError.png-- -- --2602
2/2/2026 1:50:59 PM | * WEFiles/Image/warning.png-- -- --816
2/2/2026 1:50:59 PM | * WEFiles/Image/WEW3C.png-- -- --1882
2/2/2026 1:50:59 PM | * WEFiles/Server/class/class-phpmailer.php-- -- --65668
2/2/2026 1:50:59 PM | * WEFiles/Server/class/class-smtp.php-- -- --32456
2/2/2026 1:50:59 PM | * WEFiles/Server/DB/DBTools/OEDataContainers.php-- -- --57685
2/2/2026 1:50:59 PM | * WEFiles/Server/DB/DBTools/OEDBRequest.php-- -- --36412
2/2/2026 1:50:59 PM | * WEFiles/Server/DB/DBTools/OEDynUtils.php-- -- --15107
2/2/2026 1:50:59 PM | * WEFiles/Server/DB/.htaccess-- -- --13
2/2/2026 1:50:59 PM | * WEFiles/Server/DB/OEDB.php-- -- --28741
2/2/2026 1:50:59 PM | * WEFiles/Server/DB/OEDBClasses.php-- -- --84483
2/2/2026 1:50:59 PM | * WEFiles/Server/DB/sqllogin.php-- -- --1479
2/2/2026 1:50:59 PM | * WEFiles/Server/language/phpmailer.lang-en.php-- -- --1188
2/2/2026 1:50:59 PM | * WEFiles/Server/language/phpmailer.lang-fr.php-- -- --1297
2/2/2026 1:50:59 PM | * WEFiles/Server/openElement.php-- -- --13870
2/2/2026 1:50:59 PM | * WEFiles/Server/VarText.php-- -- --4496
2/2/2026 1:50:59 PM | * .htaccess-- -- --0
2/2/2026 1:50:59 PM | * Admin/sounds/enter.mp3-- -- --55725
2/2/2026 1:50:59 PM | * Admin/sounds/leave.mp3-- -- --8808
2/2/2026 1:50:59 PM | * Admin/index.php-- -- --1690
2/2/2026 1:50:59 PM | * Admin/status.css-- -- --0
2/2/2026 1:50:59 PM | * Admin/status.js-- -- --3855
2/2/2026 1:50:59 PM | * Admin/status.txt-- -- --10
2/2/2026 1:50:59 PM | * Admin/track.js-- -- --1774
2/2/2026 1:50:59 PM | * Admin/track.php-- -- --1499
2/2/2026 1:50:59 PM | * Admin/tracking.json-- -- --240
2/2/2026 1:50:59 PM | * Cartomancie/32-cartes/Carreau/07(var).js-- -- --171
2/2/2026 1:50:59 PM | * Cartomancie/32-cartes/Carreau/07.css-- -- --1196
2/2/2026 1:50:59 PM | * WEFiles/Client/WEDisableRightClick-v21.js-- -- --358
2/2/2026 1:50:59 PM | * Files/Image/32 cartes/Carreau/10 - 7 de carreau.png-- -- --1787
2/2/2026 1:50:59 PM | * Files/Image/Accueil/Gauche.png-- -- --3174
2/2/2026 1:50:59 PM | * WEFiles/Image/WEImage/Gauche-WE8748c811df.png-- -- --2718
2/2/2026 1:50:59 PM | * Files/Image/Accueil/Accueil.jpg-- -- --4054
2/2/2026 1:50:59 PM | * WEFiles/Image/WEImage/Accueil-WE35e9fb608b.jpg-- -- --3874
2/2/2026 1:50:59 PM | * Files/Image/Accueil/Droite.png-- -- --3105
2/2/2026 1:50:59 PM | * WEFiles/Image/WEImage/Droite-WEfe7fdfe667.png-- -- --2695
2/2/2026 1:50:59 PM | * Files/Image/Accueil/Boutton jaune.png-- -- --92447
2/2/2026 1:50:59 PM | * WEFiles/Image/WEImage/Boutton jaune-WE6bfa2bde55.png-- -- --3244
2/2/2026 1:50:59 PM | * WEFiles/Image/WEImage/Boutton jaune-WEffb6971bb7.png-- -- --3244
2/2/2026 1:50:59 PM | * WEFiles/Image/WEImage/Boutton jaune-WEd455aa7eda.png-- -- --3244
2/2/2026 1:50:59 PM | * WEFiles/Image/WEImage/Boutton jaune-WEe44e1035c5.png-- -- --3244
2/2/2026 1:50:59 PM | * WEFiles/Image/WEImage/Boutton jaune-WE86a40d28ea.png-- -- --3244
2/2/2026 1:50:59 PM | * WEFiles/Image/WEImage/Boutton jaune-WEc2e5636060.png-- -- --3244
2/2/2026 1:50:59 PM | * WEFiles/Image/WEImage/Boutton jaune-WE7c7323bef4.png-- -- --3244
2/2/2026 1:50:59 PM | * WEFiles/Image/WEImage/Boutton jaune-WE4a31ad1669.png-- -- --3244
2/2/2026 1:50:59 PM | * WEFiles/Image/WEImage/Boutton jaune-WEfbbd66bdb6.png-- -- --3244
2/2/2026 1:50:59 PM | * Files/Image/Accueil/Bougies.jpg-- -- --9527
2/2/2026 1:50:59 PM | * WEFiles/Image/WEImage/Bougies-WEfc5b3ec259.jpg-- -- --4765
2/2/2026 1:50:59 PM | * WEFiles/Image/WEImage/Boutton jaune-WEb2ebd8dcb7.png-- -- --3244
2/2/2026 1:50:59 PM | * Files/Image/Accueil/Jeu de tarot 1.jpg-- -- --40238
2/2/2026 1:50:59 PM | * Backup/Cartomancie/32-cartes/Carreau/07.dat-- -- --278233
2/2/2026 1:50:59 PM | * Cartomancie/32-cartes/Carreau/07.php-- -- --29650
2/2/2026 1:50:59 PM | * Cartomancie/32-cartes/Carreau/08(var).js-- -- --171
2/2/2026 1:50:59 PM | * Cartomancie/32-cartes/Carreau/08.css-- -- --1197
2/2/2026 1:50:59 PM | * Files/Image/32 cartes/Carreau/11 - 8 de carreau.png-- -- --1919
2/2/2026 1:50:59 PM | * WEFiles/Image/WEImage/Droite-WE9a2b68a0a2.png-- -- --2616
2/2/2026 1:50:59 PM | * Backup/Cartomancie/32-cartes/Carreau/08.dat-- -- --279197
2/2/2026 1:50:59 PM | * Cartomancie/32-cartes/Carreau/08.php-- -- --30518
2/2/2026 1:50:59 PM | * Cartomancie/32-cartes/Carreau/09(var).js-- -- --171
2/2/2026 1:50:59 PM | * Cartomancie/32-cartes/Carreau/09.css-- -- --1196
2/2/2026 1:50:59 PM | * Files/Image/32 cartes/Carreau/12 - 9 de carreau.png-- -- --2089
2/2/2026 1:50:59 PM | * WEFiles/Image/WEImage/Droite-WE353f3c09bb.png-- -- --2590
2/2/2026 1:50:59 PM | * Backup/Cartomancie/32-cartes/Carreau/09.dat-- -- --277444
2/2/2026 1:50:59 PM | * Cartomancie/32-cartes/Carreau/09.php-- -- --29304
2/2/2026 1:50:59 PM | * Cartomancie/32-cartes/Carreau/10(var).js-- -- --171
2/2/2026 1:50:59 PM | * Cartomancie/32-cartes/Carreau/10.css-- -- --1196
2/2/2026 1:50:59 PM | * Files/Image/32 cartes/Carreau/13 - 10 de carreau.png-- -- --2277
2/2/2026 1:50:59 PM | * Backup/Cartomancie/32-cartes/Carreau/10.dat-- -- --278108
2/2/2026 1:50:59 PM | * Cartomancie/32-cartes/Carreau/10.php-- -- --29579
2/2/2026 1:50:59 PM | * Cartomancie/32-cartes/Carreau/11-Valet(var).js-- -- --171
2/2/2026 1:50:59 PM | * Cartomancie/32-cartes/Carreau/11-Valet.css-- -- --1196
2/2/2026 1:50:59 PM | * Files/Image/32 cartes/Carreau/14 - Valet de carreau.png-- -- --14292
2/2/2026 1:50:59 PM | * Backup/Cartomancie/32-cartes/Carreau/11-Valet.dat-- -- --278300
2/2/2026 1:50:59 PM | * Cartomancie/32-cartes/Carreau/11-Valet.php-- -- --30176
2/2/2026 1:50:59 PM | * Cartomancie/32-cartes/Carreau/12-Dame(var).js-- -- --171
2/2/2026 1:50:59 PM | * Cartomancie/32-cartes/Carreau/12-Dame.css-- -- --1196
2/2/2026 1:50:59 PM | * Files/Image/32 cartes/Carreau/15 - Dame de carreau.png-- -- --14559
2/2/2026 1:50:59 PM | * Backup/Cartomancie/32-cartes/Carreau/12-Dame.dat-- -- --277737
2/2/2026 1:50:59 PM | * Cartomancie/32-cartes/Carreau/12-Dame.php-- -- --29830
2/2/2026 1:50:59 PM | * Cartomancie/32-cartes/Carreau/13-Roi(var).js-- -- --171
2/2/2026 1:50:59 PM | * Cartomancie/32-cartes/Carreau/13-Roi.css-- -- --1196
2/2/2026 1:50:59 PM | * Files/Image/32 cartes/Carreau/16 - Roi de carreau.png-- -- --15499
2/2/2026 1:50:59 PM | * Backup/Cartomancie/32-cartes/Carreau/13-Roi.dat-- -- --278040
2/2/2026 1:50:59 PM | * Cartomancie/32-cartes/Carreau/13-Roi.php-- -- --29910
2/2/2026 1:50:59 PM | * Cartomancie/32-cartes/Carreau/14-As(var).js-- -- --171
2/2/2026 1:50:59 PM | * Cartomancie/32-cartes/Carreau/14-As.css-- -- --1196
2/2/2026 1:50:59 PM | * Files/Image/32 cartes/Carreau/9 - As de carreau.png-- -- --871
2/2/2026 1:50:59 PM | * Backup/Cartomancie/32-cartes/Carreau/14-As.dat-- -- --278005
2/2/2026 1:50:59 PM | * Cartomancie/32-cartes/Carreau/14-As.php-- -- --29746
2/2/2026 1:50:59 PM | * Cartomancie/32-cartes/Coeur/07(var).js-- -- --171
2/2/2026 1:50:59 PM | * Cartomancie/32-cartes/Coeur/07.css-- -- --1196
2/2/2026 1:50:59 PM | * Files/Image/32 cartes/Coeur/18 - 7 de coeur.png-- -- --2061
2/2/2026 1:50:59 PM | * Backup/Cartomancie/32-cartes/Coeur/07.dat-- -- --277977
2/2/2026 1:50:59 PM | * Cartomancie/32-cartes/Coeur/07.php-- -- --29679
2/2/2026 1:50:59 PM | * Cartomancie/32-cartes/Coeur/08(var).js-- -- --171
2/2/2026 1:50:59 PM | * Cartomancie/32-cartes/Coeur/08.css-- -- --1196
2/2/2026 1:50:59 PM | * Files/Image/32 cartes/Coeur/19 - 8 de coeur.png-- -- --2250
2/2/2026 1:50:59 PM | * Backup/Cartomancie/32-cartes/Coeur/08.dat-- -- --277840
2/2/2026 1:50:59 PM | * Cartomancie/32-cartes/Coeur/08.php-- -- --29532
2/2/2026 1:50:59 PM | * Cartomancie/32-cartes/Coeur/09(var).js-- -- --171
2/2/2026 1:50:59 PM | * Cartomancie/32-cartes/Coeur/09.css-- -- --1196
2/2/2026 1:50:59 PM | * Files/Image/32 cartes/Coeur/20 - 9 de coeur.png-- -- --2390
2/2/2026 1:50:59 PM | * Backup/Cartomancie/32-cartes/Coeur/09.dat-- -- --277886
2/2/2026 1:50:59 PM | * Cartomancie/32-cartes/Coeur/09.php-- -- --29578
2/2/2026 1:50:59 PM | * Cartomancie/32-cartes/Coeur/10(var).js-- -- --171
2/2/2026 1:50:59 PM | * Cartomancie/32-cartes/Coeur/10.css-- -- --1211
2/2/2026 1:50:59 PM | * Files/Image/32 cartes/Coeur/21 - 10 de coeur.png-- -- --20434
2/2/2026 1:50:59 PM | * WEFiles/Image/WEImage/21 - 10 de coeur-WE3a9a1e9adb.png-- -- --4594
2/2/2026 1:50:59 PM | * Backup/Cartomancie/32-cartes/Coeur/10.dat-- -- --284142
2/2/2026 1:50:59 PM | * Cartomancie/32-cartes/Coeur/10.php-- -- --30249
2/2/2026 1:50:59 PM | * Cartomancie/32-cartes/Coeur/11-Valet(var).js-- -- --171
2/2/2026 1:50:59 PM | * Cartomancie/32-cartes/Coeur/11-Valet.css-- -- --1196
2/2/2026 1:50:59 PM | * Files/Image/32 cartes/Coeur/22 - Valet de coeur.png-- -- --14869
2/2/2026 1:50:59 PM | * Backup/Cartomancie/32-cartes/Coeur/11-Valet.dat-- -- --278378
2/2/2026 1:50:59 PM | * Cartomancie/32-cartes/Coeur/11-Valet.php-- -- --30088
2/2/2026 1:50:59 PM | * Cartomancie/32-cartes/Coeur/12-Dame(var).js-- -- --171
2/2/2026 1:50:59 PM | * Cartomancie/32-cartes/Coeur/12-Dame.css-- -- --1196
2/2/2026 1:50:59 PM | * Files/Image/32 cartes/Coeur/23 - Dame de coeur.png-- -- --16161
2/2/2026 1:50:59 PM | * Backup/Cartomancie/32-cartes/Coeur/12-Dame.dat-- -- --277992
2/2/2026 1:50:59 PM | * Cartomancie/32-cartes/Coeur/12-Dame.php-- -- --29699
2/2/2026 1:50:59 PM | * Cartomancie/32-cartes/Coeur/13-Roi(var).js-- -- --103
2/2/2026 1:50:59 PM | * Cartomancie/32-cartes/Coeur/13-Roi.css-- -- --1143
2/2/2026 1:50:59 PM | * Files/Image/32 cartes/Coeur/24 - Roi de coeur.png-- -- --14906
2/2/2026 1:50:59 PM | * Backup/Cartomancie/32-cartes/Coeur/13-Roi.dat-- -- --255808
2/2/2026 1:50:59 PM | * Cartomancie/32-cartes/Coeur/13-Roi.php-- -- --30091
2/2/2026 1:50:59 PM | * Cartomancie/32-cartes/Coeur/14-As(var).js-- -- --103
2/2/2026 1:50:59 PM | * Cartomancie/32-cartes/Coeur/14-As.css-- -- --1143
2/2/2026 1:50:59 PM | * Files/Image/32 cartes/Coeur/17 - As de coeur.png-- -- --1016
2/2/2026 1:50:59 PM | * Backup/Cartomancie/32-cartes/Coeur/14-As.dat-- -- --255095
2/2/2026 1:50:59 PM | * Cartomancie/32-cartes/Coeur/14-As.php-- -- --29487
2/2/2026 1:50:59 PM | * Cartomancie/32-cartes/Pique/07(var).js-- -- --239
2/2/2026 1:50:59 PM | * Cartomancie/32-cartes/Pique/07.css-- -- --1249
2/2/2026 1:50:59 PM | * Files/Image/32 cartes/Pique/2 - 7 de pique.png-- -- --1824
2/2/2026 1:50:59 PM | * Backup/Cartomancie/32-cartes/Pique/07.dat-- -- --299014
2/2/2026 1:50:59 PM | * Cartomancie/32-cartes/Pique/07.php-- -- --29731
2/2/2026 1:50:59 PM | * Cartomancie/32-cartes/Pique/08(var).js-- -- --171
2/2/2026 1:50:59 PM | * Cartomancie/32-cartes/Pique/08.css-- -- --1196
2/2/2026 1:50:59 PM | * Files/Image/32 cartes/Pique/02 - 8 de pique.jpg-- -- --29933
2/2/2026 1:50:59 PM | * WEFiles/Image/WEImage/02 - 8 de pique-WE886f33726b.jpg-- -- --10180
2/2/2026 1:50:59 PM | * WEFiles/Image/WEImage/Droite-WE2c43c9233a.png-- -- --3053
2/2/2026 1:50:59 PM | * Backup/Cartomancie/32-cartes/Pique/08.dat-- -- --280545
2/2/2026 1:50:59 PM | * Cartomancie/32-cartes/Pique/08.php-- -- --30322
2/2/2026 1:50:59 PM | * Cartomancie/32-cartes/Pique/09(var).js-- -- --171
2/2/2026 1:50:59 PM | * Cartomancie/32-cartes/Pique/09.css-- -- --1196
2/2/2026 1:51:00 PM | * Files/Image/32 cartes/Pique/4 - 9 de pique.png-- -- --2134
2/2/2026 1:51:00 PM | * Backup/Cartomancie/32-cartes/Pique/09.dat-- -- --278107
2/2/2026 1:51:00 PM | * Cartomancie/32-cartes/Pique/09.php-- -- --29876
2/2/2026 1:51:00 PM | * Cartomancie/32-cartes/Pique/10(var).js-- -- --171
2/2/2026 1:51:00 PM | * Cartomancie/32-cartes/Pique/10.css-- -- --1196
2/2/2026 1:51:00 PM | * Files/Image/32 cartes/Pique/5 - 10 de pique.png-- -- --2356
2/2/2026 1:51:00 PM | * Backup/Cartomancie/32-cartes/Pique/10.dat-- -- --277812
2/2/2026 1:51:00 PM | * Cartomancie/32-cartes/Pique/10.php-- -- --29551
2/2/2026 1:51:00 PM | * Cartomancie/32-cartes/Pique/11-Valet(var).js-- -- --171
2/2/2026 1:51:00 PM | * Cartomancie/32-cartes/Pique/11-Valet.css-- -- --1197
2/2/2026 1:51:00 PM | * Files/Image/32 cartes/Pique/6 - Valet de pique.png-- -- --15773
2/2/2026 1:51:00 PM | * Backup/Cartomancie/32-cartes/Pique/11-Valet.dat-- -- --277946
2/2/2026 1:51:00 PM | * Cartomancie/32-cartes/Pique/11-Valet.php-- -- --29702
2/2/2026 1:51:00 PM | * Cartomancie/32-cartes/Pique/12-Dame(var).js-- -- --171
2/2/2026 1:51:00 PM | * Cartomancie/32-cartes/Pique/12-Dame.css-- -- --1197
2/2/2026 1:51:00 PM | * Files/Image/32 cartes/Pique/7 - Dame de pique.png-- -- --14987
2/2/2026 1:51:00 PM | * Backup/Cartomancie/32-cartes/Pique/12-Dame.dat-- -- --278107
2/2/2026 1:51:00 PM | * Cartomancie/32-cartes/Pique/12-Dame.php-- -- --29860
2/2/2026 1:51:00 PM | * Cartomancie/32-cartes/Pique/13-Roi(var).js-- -- --171
2/2/2026 1:51:00 PM | * Cartomancie/32-cartes/Pique/13-Roi.css-- -- --1196
2/2/2026 1:51:00 PM | * Files/Image/32 cartes/Pique/8 - Roi de pique.png-- -- --15329
2/2/2026 1:51:00 PM | * Backup/Cartomancie/32-cartes/Pique/13-Roi.dat-- -- --278324
2/2/2026 1:51:00 PM | * Cartomancie/32-cartes/Pique/13-Roi.php-- -- --30071
2/2/2026 1:51:00 PM | * Cartomancie/32-cartes/Pique/14-As(var).js-- -- --103
2/2/2026 1:51:00 PM | * Cartomancie/32-cartes/Pique/14-As.css-- -- --1143
2/2/2026 1:51:00 PM | * Files/Image/32 cartes/Pique/1 - As de pique.png-- -- --863
2/2/2026 1:51:00 PM | * Backup/Cartomancie/32-cartes/Pique/14-As.dat-- -- --255319
2/2/2026 1:51:00 PM | * Cartomancie/32-cartes/Pique/14-As.php-- -- --29695
2/2/2026 1:51:00 PM | * Cartomancie/32-cartes/Trefle/07(var).js-- -- --171
2/2/2026 1:51:00 PM | * Cartomancie/32-cartes/Trefle/07.css-- -- --1274
2/2/2026 1:51:00 PM | * Files/Image/32 cartes/Trefle/26 - 7 de trefle.png-- -- --1992
2/2/2026 1:51:00 PM | * Backup/Cartomancie/32-cartes/Trefle/07.dat-- -- --278687
2/2/2026 1:51:00 PM | * Cartomancie/32-cartes/Trefle/07.php-- -- --30355
2/2/2026 1:51:00 PM | * Cartomancie/32-cartes/Trefle/08(var).js-- -- --171
2/2/2026 1:51:00 PM | * Cartomancie/32-cartes/Trefle/08.css-- -- --1273
2/2/2026 1:51:00 PM | * Files/Image/32 cartes/Trefle/27 - 8 de trefle.png-- -- --2198
2/2/2026 1:51:00 PM | * Backup/Cartomancie/32-cartes/Trefle/08.dat-- -- --278708
2/2/2026 1:51:00 PM | * Cartomancie/32-cartes/Trefle/08.php-- -- --30368
2/2/2026 1:51:00 PM | * Cartomancie/32-cartes/Trefle/09(var).js-- -- --171
2/2/2026 1:51:00 PM | * Cartomancie/32-cartes/Trefle/09.css-- -- --1274
2/2/2026 1:51:00 PM | * Files/Image/32 cartes/Trefle/28 - 9 de trefle.png-- -- --2378
2/2/2026 1:51:00 PM | * Backup/Cartomancie/32-cartes/Trefle/09.dat-- -- --278085
2/2/2026 1:51:00 PM | * Cartomancie/32-cartes/Trefle/09.php-- -- --29744
2/2/2026 1:51:00 PM | * Cartomancie/32-cartes/Trefle/10(var).js-- -- --171
2/2/2026 1:51:00 PM | * Cartomancie/32-cartes/Trefle/10.css-- -- --1274
2/2/2026 1:51:00 PM | * Files/Image/32 cartes/Trefle/29 - 10 de trefle.png-- -- --2604
2/2/2026 1:51:00 PM | * Backup/Cartomancie/32-cartes/Trefle/10.dat-- -- --278158
2/2/2026 1:51:00 PM | * Cartomancie/32-cartes/Trefle/10.php-- -- --29817
2/2/2026 1:51:00 PM | * Cartomancie/32-cartes/Trefle/11-Valet(var).js-- -- --171
2/2/2026 1:51:00 PM | * Cartomancie/32-cartes/Trefle/11-Valet.css-- -- --1273
2/2/2026 1:51:00 PM | * Files/Image/32 cartes/Trefle/30 - Valet de trefle.png-- -- --16252
2/2/2026 1:51:00 PM | * Backup/Cartomancie/32-cartes/Trefle/11-Valet.dat-- -- --278223
2/2/2026 1:51:00 PM | * Cartomancie/32-cartes/Trefle/11-Valet.php-- -- --29900
2/2/2026 1:51:00 PM | * Cartomancie/32-cartes/Trefle/12-Dame(var).js-- -- --171
2/2/2026 1:51:00 PM | * Cartomancie/32-cartes/Trefle/12-Dame.css-- -- --1273
2/2/2026 1:51:00 PM | * Files/Image/32 cartes/Trefle/31 - Dame de trefle.png-- -- --15728
2/2/2026 1:51:00 PM | * Backup/Cartomancie/32-cartes/Trefle/12-Dame.dat-- -- --278052
2/2/2026 1:51:00 PM | * Cartomancie/32-cartes/Trefle/12-Dame.php-- -- --29727
2/2/2026 1:51:00 PM | * Cartomancie/32-cartes/Trefle/13-Roi(var).js-- -- --171
2/2/2026 1:51:00 PM | * Cartomancie/32-cartes/Trefle/13-Roi.css-- -- --1274
2/2/2026 1:51:00 PM | * Files/Image/32 cartes/Trefle/32 - Roi de trefle.png-- -- --16738
2/2/2026 1:51:00 PM | * Backup/Cartomancie/32-cartes/Trefle/13-Roi.dat-- -- --277772
2/2/2026 1:51:00 PM | * Cartomancie/32-cartes/Trefle/13-Roi.php-- -- --29443
2/2/2026 1:51:00 PM | * Cartomancie/32-cartes/Trefle/14-As(var).js-- -- --171
2/2/2026 1:51:00 PM | * Cartomancie/32-cartes/Trefle/14-As.css-- -- --1273
2/2/2026 1:51:00 PM | * Files/Image/32 cartes/Trefle/25 - As de trefle.png-- -- --854
2/2/2026 1:51:00 PM | * Backup/Cartomancie/32-cartes/Trefle/14-As.dat-- -- --277993
2/2/2026 1:51:00 PM | * Cartomancie/32-cartes/Trefle/14-As.php-- -- --29662
2/2/2026 1:51:00 PM | * Cartomancie/32-cartes/Accueil(var).js-- -- --171
2/2/2026 1:51:00 PM | * Cartomancie/32-cartes/Accueil.css-- -- --5807
2/2/2026 1:51:00 PM | * Files/Image/Accueil/32 cartes.jpg-- -- --7310
2/2/2026 1:51:00 PM | * WEFiles/Image/WEImage/02 - 8 de pique-WE877cd49c42.jpg-- -- --9718
2/2/2026 1:51:00 PM | * WEFiles/Image/WEImage/21 - 10 de coeur-WEb9ec81dca5.png-- -- --4594
2/2/2026 1:51:00 PM | * Backup/Cartomancie/32-cartes/Accueil.dat-- -- --1364076
2/2/2026 1:51:00 PM | * Cartomancie/32-cartes/Accueil.php-- -- --50753
2/2/2026 1:51:00 PM | * Cartomancie/Belline/01-Bleu(var).js-- -- --171
2/2/2026 1:51:00 PM | * Cartomancie/Belline/01-Bleu.css-- -- --1273
2/2/2026 1:51:00 PM | * Files/Image/Belline/0-carte-bleue.jpg-- -- --34479
2/2/2026 1:51:00 PM | * WEFiles/Image/WEImage/0-carte-bleue-WEdb043cfb4d.jpg-- -- --16621
2/2/2026 1:51:00 PM | * Backup/Cartomancie/Belline/01-Bleu.dat-- -- --279645
2/2/2026 1:51:00 PM | * Cartomancie/Belline/01-Bleu.php-- -- --29255
2/2/2026 1:51:00 PM | * Cartomancie/Belline/02-Destinee(var).js-- -- --171
2/2/2026 1:51:00 PM | * Cartomancie/Belline/02-Destinee.css-- -- --1273
2/2/2026 1:51:00 PM | * Files/Image/Belline/1-la-destinee.jpg-- -- --43957
2/2/2026 1:51:00 PM | * WEFiles/Image/WEImage/1-la-destinee-WE7b70f51a31.jpg-- -- --21266
2/2/2026 1:51:00 PM | * Backup/Cartomancie/Belline/02-Destinee.dat-- -- --279977
2/2/2026 1:51:00 PM | * Cartomancie/Belline/02-Destinee.php-- -- --29591
2/2/2026 1:51:00 PM | * Cartomancie/Belline/03-Homme(var).js-- -- --171
2/2/2026 1:51:00 PM | * Cartomancie/Belline/03-Homme.css-- -- --1273
2/2/2026 1:51:00 PM | * Files/Image/Belline/2-etoile-homme.jpg-- -- --49995
2/2/2026 1:51:00 PM | * WEFiles/Image/WEImage/2-etoile-homme-WE7df2104ac0.jpg-- -- --23876
2/2/2026 1:51:00 PM | * Backup/Cartomancie/Belline/03-Homme.dat-- -- --280141
2/2/2026 1:51:00 PM | * Cartomancie/Belline/03-Homme.php-- -- --29740
2/2/2026 1:51:00 PM | * Cartomancie/Belline/04-Femme(var).js-- -- --171
2/2/2026 1:51:00 PM | * Cartomancie/Belline/04-Femme.css-- -- --1273
2/2/2026 1:51:00 PM | * Files/Image/Belline/3-etoile-femme.jpg-- -- --45028
2/2/2026 1:51:00 PM | * WEFiles/Image/WEImage/3-etoile-femme-WE0df16acbeb.jpg-- -- --22055
2/2/2026 1:51:00 PM | * Backup/Cartomancie/Belline/04-Femme.dat-- -- --279738
2/2/2026 1:51:00 PM | * Cartomancie/Belline/04-Femme.php-- -- --29333
2/2/2026 1:51:00 PM | * Cartomancie/Belline/05-Nativite(var).js-- -- --171
2/2/2026 1:51:00 PM | * Cartomancie/Belline/05-Nativite.css-- -- --1273
2/2/2026 1:51:00 PM | * Files/Image/Belline/4-nativite.jpg-- -- --43627
2/2/2026 1:51:00 PM | * WEFiles/Image/WEImage/4-nativite-WE7a14e2eed5.jpg-- -- --21299
2/2/2026 1:51:00 PM | * Backup/Cartomancie/Belline/05-Nativite.dat-- -- --279973
2/2/2026 1:51:00 PM | * Cartomancie/Belline/05-Nativite.php-- -- --29602
2/2/2026 1:51:00 PM | * Cartomancie/Belline/06-Reussite(var).js-- -- --171
2/2/2026 1:51:00 PM | * Cartomancie/Belline/06-Reussite.css-- -- --1273
2/2/2026 1:51:00 PM | * Files/Image/Belline/5-reussite.jpg-- -- --45667
2/2/2026 1:51:00 PM | * WEFiles/Image/WEImage/5-reussite-WE066ee1c1af.jpg-- -- --22099
2/2/2026 1:51:00 PM | * Backup/Cartomancie/Belline/06-Reussite.dat-- -- --280262
2/2/2026 1:51:00 PM | * Cartomancie/Belline/06-Reussite.php-- -- --29796
2/2/2026 1:51:00 PM | * Cartomancie/Belline/07-Elevation(var).js-- -- --171
2/2/2026 1:51:00 PM | * Cartomancie/Belline/07-Elevation.css-- -- --1273
2/2/2026 1:51:00 PM | * Files/Image/Belline/6-elevation.jpg-- -- --47880
2/2/2026 1:51:00 PM | * WEFiles/Image/WEImage/6-elevation-WEf642687925.jpg-- -- --22680
2/2/2026 1:51:00 PM | * Backup/Cartomancie/Belline/07-Elevation.dat-- -- --280125
2/2/2026 1:51:00 PM | * Cartomancie/Belline/07-Elevation.php-- -- --29735
2/2/2026 1:51:00 PM | * Cartomancie/Belline/08-Honneurs(var).js-- -- --171
2/2/2026 1:51:00 PM | * Cartomancie/Belline/08-Honneurs.css-- -- --1274
2/2/2026 1:51:00 PM | * Files/Image/Belline/7-honneurs.jpg-- -- --47239
2/2/2026 1:51:00 PM | * WEFiles/Image/WEImage/7-honneurs-WEb6c29fd13a.jpg-- -- --22827
2/2/2026 1:51:00 PM | * Backup/Cartomancie/Belline/08-Honneurs.dat-- -- --280170
2/2/2026 1:51:00 PM | * Cartomancie/Belline/08-Honneurs.php-- -- --29729
2/2/2026 1:51:00 PM | * Cartomancie/Belline/09-Pensee(var).js-- -- --171
2/2/2026 1:51:00 PM | * Cartomancie/Belline/09-Pensee.css-- -- --1273
2/2/2026 1:51:00 PM | * Files/Image/Belline/8-pensee.jpg-- -- --53230
2/2/2026 1:51:00 PM | * WEFiles/Image/WEImage/8-pensee-WE872d7bd5d0.jpg-- -- --25121
2/2/2026 1:51:00 PM | * Backup/Cartomancie/Belline/09-Pensee.dat-- -- --280200
2/2/2026 1:51:00 PM | * Cartomancie/Belline/09-Pensee.php-- -- --29813
2/2/2026 1:51:00 PM | * Cartomancie/Belline/10-Campagne(var).js-- -- --171
2/2/2026 1:51:00 PM | * Cartomancie/Belline/10-Campagne.css-- -- --1273
2/2/2026 1:51:00 PM | * Files/Image/Belline/9-campagne.jpg-- -- --54175
2/2/2026 1:51:00 PM | * WEFiles/Image/WEImage/9-campagne-WE83b0d9a96a.jpg-- -- --25704
2/2/2026 1:51:00 PM | * Backup/Cartomancie/Belline/10-Campagne.dat-- -- --280039
2/2/2026 1:51:00 PM | * Cartomancie/Belline/10-Campagne.php-- -- --29703
2/2/2026 1:51:00 PM | * Cartomancie/Belline/11-Presents(var).js-- -- --171
2/2/2026 1:51:00 PM | * Cartomancie/Belline/11-Presents.css-- -- --1274
2/2/2026 1:51:00 PM | * Files/Image/Belline/10-presents.jpg-- -- --51023
2/2/2026 1:51:00 PM | * WEFiles/Image/WEImage/10-presents-WE9e492a2d8e.jpg-- -- --24195
2/2/2026 1:51:00 PM | * Backup/Cartomancie/Belline/11-Presents.dat-- -- --280163
2/2/2026 1:51:00 PM | * Cartomancie/Belline/11-Presents.php-- -- --29725
2/2/2026 1:51:00 PM | * Cartomancie/Belline/12-Trahison(var).js-- -- --171
2/2/2026 1:51:00 PM | * Cartomancie/Belline/12-Trahison.css-- -- --1273
2/2/2026 1:51:00 PM | * Files/Image/Belline/11-trahison.jpg-- -- --50231
2/2/2026 1:51:00 PM | * WEFiles/Image/WEImage/11-trahison-WE77661cf90e.jpg-- -- --23947
2/2/2026 1:51:00 PM | * Backup/Cartomancie/Belline/12-Trahison.dat-- -- --280085
2/2/2026 1:51:00 PM | * Cartomancie/Belline/12-Trahison.php-- -- --29731
2/2/2026 1:51:00 PM | * Cartomancie/Belline/13-Depart(var).js-- -- --171
2/2/2026 1:51:00 PM | * Cartomancie/Belline/13-Depart.css-- -- --1273
2/2/2026 1:51:00 PM | * Files/Image/Belline/12-depart.jpg-- -- --51503
2/2/2026 1:51:00 PM | * WEFiles/Image/WEImage/12-depart-WE72490b2a99.jpg-- -- --24438
2/2/2026 1:51:00 PM | * Backup/Cartomancie/Belline/13-Depart.dat-- -- --279967
2/2/2026 1:51:00 PM | * Cartomancie/Belline/13-Depart.php-- -- --29600
2/2/2026 1:51:00 PM | * Cartomancie/Belline/14-Inconstance(var).js-- -- --171
2/2/2026 1:51:00 PM | * Cartomancie/Belline/14-Inconstance.css-- -- --1274
2/2/2026 1:51:00 PM | * Files/Image/Belline/13-inconstance.jpg-- -- --52885
2/2/2026 1:51:00 PM | * WEFiles/Image/WEImage/13-inconstance-WE494eab14a6.jpg-- -- --24925
2/2/2026 1:51:00 PM | * Backup/Cartomancie/Belline/14-Inconstance.dat-- -- --280304
2/2/2026 1:51:00 PM | * Cartomancie/Belline/14-Inconstance.php-- -- --29963
2/2/2026 1:51:00 PM | * Cartomancie/Belline/15-Decouverte(var).js-- -- --171
2/2/2026 1:51:00 PM | * Cartomancie/Belline/15-Decouverte.css-- -- --1274
2/2/2026 1:51:00 PM | * Files/Image/Belline/14-decouverte.jpg-- -- --50905
2/2/2026 1:51:00 PM | * WEFiles/Image/WEImage/14-decouverte-WE19451356e2.jpg-- -- --23883
2/2/2026 1:51:00 PM | * Backup/Cartomancie/Belline/15-Decouverte.dat-- -- --280613
2/2/2026 1:51:00 PM | * Cartomancie/Belline/15-Decouverte.php-- -- --30279
2/2/2026 1:51:00 PM | * Cartomancie/Belline/16-Eau(var).js-- -- --171
2/2/2026 1:51:00 PM | * Cartomancie/Belline/16-Eau.css-- -- --1273
2/2/2026 1:51:00 PM | * Files/Image/Belline/15-eau.jpg-- -- --48989
2/2/2026 1:51:00 PM | * WEFiles/Image/WEImage/15-eau-WEe74d6382c6.jpg-- -- --23399
2/2/2026 1:51:00 PM | * Backup/Cartomancie/Belline/16-Eau.dat-- -- --280105
2/2/2026 1:51:00 PM | * Cartomancie/Belline/16-Eau.php-- -- --29732
2/2/2026 1:51:00 PM | * Cartomancie/Belline/17-Penates(var).js-- -- --171
2/2/2026 1:51:00 PM | * Cartomancie/Belline/17-Penates.css-- -- --1273
2/2/2026 1:51:00 PM | * Files/Image/Belline/16-penates.jpg-- -- --51234
2/2/2026 1:51:00 PM | * WEFiles/Image/WEImage/16-penates-WE66d3a4add4.jpg-- -- --24339
2/2/2026 1:51:00 PM | * Backup/Cartomancie/Belline/17-Penates.dat-- -- --280277
2/2/2026 1:51:00 PM | * Cartomancie/Belline/17-Penates.php-- -- --29912
2/2/2026 1:51:00 PM | * Cartomancie/Belline/18-Maladie(var).js-- -- --171
2/2/2026 1:51:00 PM | * Cartomancie/Belline/18-Maladie.css-- -- --1273
2/2/2026 1:51:00 PM | * Files/Image/Belline/17-maladie.jpg-- -- --52903
2/2/2026 1:51:00 PM | * WEFiles/Image/WEImage/17-maladie-WE8d180b2ae2.jpg-- -- --24821
2/2/2026 1:51:00 PM | * Backup/Cartomancie/Belline/18-Maladie.dat-- -- --280043
2/2/2026 1:51:00 PM | * Cartomancie/Belline/18-Maladie.php-- -- --29583
2/2/2026 1:51:00 PM | * Cartomancie/Belline/19-Changement(var).js-- -- --171
2/2/2026 1:51:00 PM | * Cartomancie/Belline/19-Changement.css-- -- --1273
2/2/2026 1:51:00 PM | * Files/Image/Belline/18-changement.jpg-- -- --53311
2/2/2026 1:51:00 PM | * WEFiles/Image/WEImage/18-changement-WE02ebc566e0.jpg-- -- --25355
2/2/2026 1:51:00 PM | * Backup/Cartomancie/Belline/19-Changement.dat-- -- --280213
2/2/2026 1:51:00 PM | * Cartomancie/Belline/19-Changement.php-- -- --29871
2/2/2026 1:51:00 PM | * Cartomancie/Belline/20-Argent(var).js-- -- --171
2/2/2026 1:51:00 PM | * Cartomancie/Belline/20-Argent.css-- -- --1273
2/2/2026 1:51:00 PM | * Files/Image/Belline/19-argent.jpg-- -- --50756
2/2/2026 1:51:00 PM | * WEFiles/Image/WEImage/19-argent-WE053a547865.jpg-- -- --24102
2/2/2026 1:51:00 PM | * Backup/Cartomancie/Belline/20-Argent.dat-- -- --279808
2/2/2026 1:51:00 PM | * Cartomancie/Belline/20-Argent.php-- -- --29458
2/2/2026 1:51:00 PM | * Cartomancie/Belline/21-Intelligence(var).js-- -- --171
2/2/2026 1:51:00 PM | * Cartomancie/Belline/21-Intelligence.css-- -- --1273
2/2/2026 1:51:00 PM | * Files/Image/Belline/20-intelligence.jpg-- -- --51868
2/2/2026 1:51:00 PM | * WEFiles/Image/WEImage/20-intelligence-WEdf8b369242.jpg-- -- --24724
2/2/2026 1:51:00 PM | * Backup/Cartomancie/Belline/21-Intelligence.dat-- -- --280269
2/2/2026 1:51:00 PM | * Cartomancie/Belline/21-Intelligence.php-- -- --29931
2/2/2026 1:51:00 PM | * Cartomancie/Belline/22-Vol(var).js-- -- --171
2/2/2026 1:51:00 PM | * Cartomancie/Belline/22-Vol.css-- -- --1273
2/2/2026 1:51:00 PM | * Files/Image/Belline/21-vol.jpg-- -- --53944
2/2/2026 1:51:00 PM | * WEFiles/Image/WEImage/21-vol-WEc97603b0f7.jpg-- -- --25403
2/2/2026 1:51:00 PM | * Backup/Cartomancie/Belline/22-Vol.dat-- -- --279645
2/2/2026 1:51:00 PM | * Cartomancie/Belline/22-Vol.php-- -- --29618
2/2/2026 1:51:00 PM | * Cartomancie/Belline/23-Entreprises(var).js-- -- --171
2/2/2026 1:51:00 PM | * Cartomancie/Belline/23-Entreprises.css-- -- --1273
2/2/2026 1:51:00 PM | * Files/Image/Belline/22-entreprises.jpg-- -- --52957
2/2/2026 1:51:00 PM | * WEFiles/Image/WEImage/22-entreprises-WE6f56d8eec0.jpg-- -- --25022
2/2/2026 1:51:00 PM | * Backup/Cartomancie/Belline/23-Entreprises.dat-- -- --278282
2/2/2026 1:51:00 PM | * Cartomancie/Belline/23-Entreprises.php-- -- --29627
2/2/2026 1:51:00 PM | * Cartomancie/Belline/24-Trafic(var).js-- -- --171
2/2/2026 1:51:00 PM | * Cartomancie/Belline/24-Trafic.css-- -- --1273
2/2/2026 1:51:00 PM | * Files/Image/Belline/23-trafic.jpg-- -- --51472
2/2/2026 1:51:00 PM | * WEFiles/Image/WEImage/23-trafic-WE9a2fafe4e8.jpg-- -- --24645
2/2/2026 1:51:00 PM | * Backup/Cartomancie/Belline/24-Trafic.dat-- -- --279936
2/2/2026 1:51:00 PM | * Cartomancie/Belline/24-Trafic.php-- -- --29586
2/2/2026 1:51:00 PM | * Cartomancie/Belline/25-Nouvelle(var).js-- -- --171
2/2/2026 1:51:00 PM | * Cartomancie/Belline/25-Nouvelle.css-- -- --1273
2/2/2026 1:51:00 PM | * Files/Image/Belline/24-nouvelle.jpg-- -- --50017
2/2/2026 1:51:00 PM | * WEFiles/Image/WEImage/24-nouvelle-WEdb013868cf.jpg-- -- --23787
2/2/2026 1:51:00 PM | * Backup/Cartomancie/Belline/25-Nouvelle.dat-- -- --279638
2/2/2026 1:51:00 PM | * Cartomancie/Belline/25-Nouvelle.php-- -- --29301
2/2/2026 1:51:00 PM | * Cartomancie/Belline/26-Plaisirs(var).js-- -- --171
2/2/2026 1:51:00 PM | * Cartomancie/Belline/26-Plaisirs.css-- -- --1274
2/2/2026 1:51:00 PM | * Files/Image/Belline/25-plaisirs.jpg-- -- --47509
2/2/2026 1:51:00 PM | * WEFiles/Image/WEImage/25-plaisirs-WE8f66d8199f.jpg-- -- --22794
2/2/2026 1:51:00 PM | * Backup/Cartomancie/Belline/26-Plaisirs.dat-- -- --279841
2/2/2026 1:51:00 PM | * Cartomancie/Belline/26-Plaisirs.php-- -- --29503
2/2/2026 1:51:00 PM | * Cartomancie/Belline/27-Paix(var).js-- -- --171
2/2/2026 1:51:00 PM | * Cartomancie/Belline/27-Paix.css-- -- --1273
2/2/2026 1:51:00 PM | * Files/Image/Belline/26-paix.jpg-- -- --50619
2/2/2026 1:51:00 PM | * WEFiles/Image/WEImage/26-paix-WEe5fcdff509.jpg-- -- --24114
2/2/2026 1:51:00 PM | * Backup/Cartomancie/Belline/27-Paix.dat-- -- --280325
2/2/2026 1:51:00 PM | * Cartomancie/Belline/27-Paix.php-- -- --29980
2/2/2026 1:51:00 PM | * Cartomancie/Belline/28-Union(var).js-- -- --171
2/2/2026 1:51:00 PM | * Cartomancie/Belline/28-Union.css-- -- --1273
2/2/2026 1:51:00 PM | * Files/Image/Belline/27-union.jpg-- -- --47738
2/2/2026 1:51:00 PM | * WEFiles/Image/WEImage/27-union-WEad02825a0e.jpg-- -- --23044
2/2/2026 1:51:00 PM | * Backup/Cartomancie/Belline/28-Union.dat-- -- --279818
2/2/2026 1:51:00 PM | * Cartomancie/Belline/28-Union.php-- -- --29445
2/2/2026 1:51:00 PM | * Cartomancie/Belline/29-Famille(var).js-- -- --171
2/2/2026 1:51:00 PM | * Cartomancie/Belline/29-Famille.css-- -- --1273
2/2/2026 1:51:00 PM | * Files/Image/Belline/28-famille.jpg-- -- --46697
2/2/2026 1:51:00 PM | * WEFiles/Image/WEImage/28-famille-WE5facdf729a.jpg-- -- --22309
2/2/2026 1:51:00 PM | * Backup/Cartomancie/Belline/29-Famille.dat-- -- --279929
2/2/2026 1:51:00 PM | * Cartomancie/Belline/29-Famille.php-- -- --29590
2/2/2026 1:51:00 PM | * Cartomancie/Belline/30-Amor(var).js-- -- --171
2/2/2026 1:51:00 PM | * Cartomancie/Belline/30-Amor.css-- -- --1274
2/2/2026 1:51:00 PM | * Files/Image/Belline/29-amour.jpg-- -- --52481
2/2/2026 1:51:00 PM | * WEFiles/Image/WEImage/29-amour-WE2e0460cf1e.jpg-- -- --24450
2/2/2026 1:51:00 PM | * Backup/Cartomancie/Belline/30-Amor.dat-- -- --279918
2/2/2026 1:51:00 PM | * Cartomancie/Belline/30-Amor.php-- -- --29571
2/2/2026 1:51:00 PM | * Cartomancie/Belline/31-Table(var).js-- -- --171
2/2/2026 1:51:00 PM | * Cartomancie/Belline/31-Table.css-- -- --1273
2/2/2026 1:51:00 PM | * Files/Image/Belline/30-table.jpg-- -- --51287
2/2/2026 1:51:00 PM | * WEFiles/Image/WEImage/30-table-WE07374451a8.jpg-- -- --24304
2/2/2026 1:51:00 PM | * Backup/Cartomancie/Belline/31-Table.dat-- -- --279902
2/2/2026 1:51:00 PM | * Cartomancie/Belline/31-Table.php-- -- --29559
2/2/2026 1:51:00 PM | * Cartomancie/Belline/32-Passions(var).js-- -- --171
2/2/2026 1:51:00 PM | * Cartomancie/Belline/32-Passions.css-- -- --1274
2/2/2026 1:51:00 PM | * Files/Image/Belline/31-passions.jpg-- -- --53512
2/2/2026 1:51:00 PM | * WEFiles/Image/WEImage/31-passions-WE1d4defad7a.jpg-- -- --25197
2/2/2026 1:51:00 PM | * Backup/Cartomancie/Belline/32-Passions.dat-- -- --280306
2/2/2026 1:51:00 PM | * Cartomancie/Belline/32-Passions.php-- -- --29968
2/2/2026 1:51:00 PM | * Cartomancie/Belline/33-Mechancete(var).js-- -- --239
2/2/2026 1:51:00 PM | * Cartomancie/Belline/33-Mechancete.css-- -- --1327
2/2/2026 1:51:00 PM | * Files/Image/Belline/32-mechancete.jpg-- -- --48491
2/2/2026 1:51:00 PM | * WEFiles/Image/WEImage/32-mechancete-WE58835079a0.jpg-- -- --23365
2/2/2026 1:51:00 PM | * Backup/Cartomancie/Belline/33-Mechancete.dat-- -- --300765
2/2/2026 1:51:00 PM | * Cartomancie/Belline/33-Mechancete.php-- -- --29509
2/2/2026 1:51:00 PM | * Cartomancie/Belline/34-Proces(var).js-- -- --171
2/2/2026 1:51:00 PM | * Cartomancie/Belline/34-Proces.css-- -- --1274
2/2/2026 1:51:00 PM | * Files/Image/Belline/33-proces.jpg-- -- --45396
2/2/2026 1:51:00 PM | * WEFiles/Image/WEImage/33-proces-WEcf460c5806.jpg-- -- --21986
2/2/2026 1:51:00 PM | * Backup/Cartomancie/Belline/34-Proces.dat-- -- --279868
2/2/2026 1:51:00 PM | * Cartomancie/Belline/34-Proces.php-- -- --29526
2/2/2026 1:51:00 PM | * Cartomancie/Belline/35-Despotisme(var).js-- -- --171
2/2/2026 1:51:00 PM | * Cartomancie/Belline/35-Despotisme.css-- -- --1274
2/2/2026 1:51:00 PM | * Files/Image/Belline/34-despotisme.jpg-- -- --48615
2/2/2026 1:51:00 PM | * WEFiles/Image/WEImage/34-despotisme-WE564b200078.jpg-- -- --23531
2/2/2026 1:51:00 PM | * Backup/Cartomancie/Belline/35-Despotisme.dat-- -- --280026
2/2/2026 1:51:00 PM | * Cartomancie/Belline/35-Despotisme.php-- -- --29683
2/2/2026 1:51:00 PM | * Cartomancie/Belline/36-Ennemis(var).js-- -- --171
2/2/2026 1:51:00 PM | * Cartomancie/Belline/36-Ennemis.css-- -- --1273
2/2/2026 1:51:00 PM | * Files/Image/Belline/35-ennemis.jpg-- -- --42674
2/2/2026 1:51:00 PM | * WEFiles/Image/WEImage/35-ennemis-WE41f429de7d.jpg-- -- --20736
2/2/2026 1:51:00 PM | * Backup/Cartomancie/Belline/36-Ennemis.dat-- -- --279966
2/2/2026 1:51:00 PM | * Cartomancie/Belline/36-Ennemis.php-- -- --29618
2/2/2026 1:51:00 PM | * Cartomancie/Belline/37-Pourparlers(var).js-- -- --171
2/2/2026 1:51:00 PM | * Cartomancie/Belline/37-Pourparlers.css-- -- --1274
2/2/2026 1:51:00 PM | * Files/Image/Belline/36-pourparlers.jpg-- -- --53037
2/2/2026 1:51:00 PM | * WEFiles/Image/WEImage/36-pourparlers-WE8da72345ea.jpg-- -- --25242
2/2/2026 1:51:00 PM | * Backup/Cartomancie/Belline/37-Pourparlers.dat-- -- --280030
2/2/2026 1:51:00 PM | * Cartomancie/Belline/37-Pourparlers.php-- -- --29698
2/2/2026 1:51:00 PM | * Cartomancie/Belline/38-Feu(var).js-- -- --171
2/2/2026 1:51:00 PM | * Cartomancie/Belline/38-Feu.css-- -- --1273
2/2/2026 1:51:00 PM | * Files/Image/Belline/37-feu.jpg-- -- --55183
2/2/2026 1:51:00 PM | * WEFiles/Image/WEImage/37-feu-WEa0313bc98d.jpg-- -- --26008
2/2/2026 1:51:00 PM | * Backup/Cartomancie/Belline/38-Feu.dat-- -- --279955
2/2/2026 1:51:00 PM | * Cartomancie/Belline/38-Feu.php-- -- --29608
2/2/2026 1:51:00 PM | * Cartomancie/Belline/39-Accident(var).js-- -- --171
2/2/2026 1:51:00 PM | * Cartomancie/Belline/39-Accident.css-- -- --1273
2/2/2026 1:51:00 PM | * Files/Image/Belline/38-accident.jpg-- -- --56740
2/2/2026 1:51:00 PM | * WEFiles/Image/WEImage/38-accident-WEc747a262c9.jpg-- -- --26775
2/2/2026 1:51:00 PM | * Backup/Cartomancie/Belline/39-Accident.dat-- -- --280107
2/2/2026 1:51:00 PM | * Cartomancie/Belline/39-Accident.php-- -- --29753
2/2/2026 1:51:00 PM | * Cartomancie/Belline/40-Appui(var).js-- -- --171
2/2/2026 1:51:00 PM | * Cartomancie/Belline/40-Appui.css-- -- --1274
2/2/2026 1:51:00 PM | * Files/Image/Belline/39-appui.jpg-- -- --50045
2/2/2026 1:51:00 PM | * WEFiles/Image/WEImage/39-appui-WE4f2e549802.jpg-- -- --23885
2/2/2026 1:51:00 PM | * Backup/Cartomancie/Belline/40-Appui.dat-- -- --279884
2/2/2026 1:51:00 PM | * Cartomancie/Belline/40-Appui.php-- -- --29540
2/2/2026 1:51:00 PM | * Cartomancie/Belline/41-Beaute(var).js-- -- --171
2/2/2026 1:51:00 PM | * Cartomancie/Belline/41-Beaute.css-- -- --1273
2/2/2026 1:51:00 PM | * Files/Image/Belline/40-beaute.jpg-- -- --46319
2/2/2026 1:51:00 PM | * WEFiles/Image/WEImage/40-beaute-WEe27f480757.jpg-- -- --22559
2/2/2026 1:51:00 PM | * Backup/Cartomancie/Belline/41-Beaute.dat-- -- --279622
2/2/2026 1:51:00 PM | * Cartomancie/Belline/41-Beaute.php-- -- --29696
2/2/2026 1:51:00 PM | * Cartomancie/Belline/42-Heritage(var).js-- -- --171
2/2/2026 1:51:00 PM | * Cartomancie/Belline/42-Heritage.css-- -- --1273
2/2/2026 1:51:00 PM | * Files/Image/Belline/41-heritage.jpg-- -- --49041
2/2/2026 1:51:00 PM | * WEFiles/Image/WEImage/41-heritage-WE2f224978dc.jpg-- -- --23333
2/2/2026 1:51:00 PM | * Backup/Cartomancie/Belline/42-Heritage.dat-- -- --279984
2/2/2026 1:51:00 PM | * Cartomancie/Belline/42-Heritage.php-- -- --29638
2/2/2026 1:51:00 PM | * Cartomancie/Belline/43-Sagesse(var).js-- -- --171
2/2/2026 1:51:00 PM | * Cartomancie/Belline/43-Sagesse.css-- -- --1273
2/2/2026 1:51:00 PM | * Files/Image/Belline/42-sagesse.jpg-- -- --49614
2/2/2026 1:51:00 PM | * WEFiles/Image/WEImage/42-sagesse-WE958233075f.jpg-- -- --23422
2/2/2026 1:51:00 PM | * Backup/Cartomancie/Belline/43-Sagesse.dat-- -- --280071
2/2/2026 1:51:00 PM | * Cartomancie/Belline/43-Sagesse.php-- -- --29628
2/2/2026 1:51:00 PM | * Cartomancie/Belline/44-Renommee(var).js-- -- --171
2/2/2026 1:51:00 PM | * Cartomancie/Belline/44-Renommee.css-- -- --1273
2/2/2026 1:51:00 PM | * Files/Image/Belline/43-renommee.jpg-- -- --49669
2/2/2026 1:51:00 PM | * WEFiles/Image/WEImage/43-renommee-WE924cdf31ea.jpg-- -- --23964
2/2/2026 1:51:00 PM | * Backup/Cartomancie/Belline/44-Renommee.dat-- -- --279987
2/2/2026 1:51:00 PM | * Cartomancie/Belline/44-Renommee.php-- -- --29641
2/2/2026 1:51:00 PM | * Cartomancie/Belline/45-Hasard(var).js-- -- --171
2/2/2026 1:51:00 PM | * Cartomancie/Belline/45-Hasard.css-- -- --1273
2/2/2026 1:51:00 PM | * Files/Image/Belline/44-hazard.jpg-- -- --45993
2/2/2026 1:51:00 PM | * WEFiles/Image/WEImage/44-hazard-WE82e792245f.jpg-- -- --22177
2/2/2026 1:51:00 PM | * Backup/Cartomancie/Belline/45-Hasard.dat-- -- --280066
2/2/2026 1:51:00 PM | * Cartomancie/Belline/45-Hasard.php-- -- --29621
2/2/2026 1:51:00 PM | * Cartomancie/Belline/46-Bonheur(var).js-- -- --171
2/2/2026 1:51:00 PM | * Cartomancie/Belline/46-Bonheur.css-- -- --1273
2/2/2026 1:51:00 PM | * Files/Image/Belline/45-bonheur.jpg-- -- --46424
2/2/2026 1:51:00 PM | * WEFiles/Image/WEImage/45-bonheur-WEc95915f98e.jpg-- -- --21930
2/2/2026 1:51:00 PM | * Backup/Cartomancie/Belline/46-Bonheur.dat-- -- --279832
2/2/2026 1:51:00 PM | * Cartomancie/Belline/46-Bonheur.php-- -- --29484
2/2/2026 1:51:00 PM | * Cartomancie/Belline/47-Infortune(var).js-- -- --171
2/2/2026 1:51:00 PM | * Cartomancie/Belline/47-Infortune.css-- -- --1273
2/2/2026 1:51:00 PM | * Files/Image/Belline/46-infortune.jpg-- -- --47621
2/2/2026 1:51:00 PM | * WEFiles/Image/WEImage/46-infortune-WE5d62def407.jpg-- -- --22937
2/2/2026 1:51:01 PM | * Backup/Cartomancie/Belline/47-Infortune.dat-- -- --280238
2/2/2026 1:51:01 PM | * Cartomancie/Belline/47-Infortune.php-- -- --29894
2/2/2026 1:51:01 PM | * Cartomancie/Belline/48-Sterilite(var).js-- -- --171
2/2/2026 1:51:01 PM | * Cartomancie/Belline/48-Sterilite.css-- -- --1274
2/2/2026 1:51:01 PM | * Files/Image/Belline/47-sterilite.jpg-- -- --44699
2/2/2026 1:51:01 PM | * WEFiles/Image/WEImage/47-sterilite-WE7596d751f9.jpg-- -- --21693
2/2/2026 1:51:01 PM | * Backup/Cartomancie/Belline/48-Sterilite.dat-- -- --279948
2/2/2026 1:51:01 PM | * Cartomancie/Belline/48-Sterilite.php-- -- --29603
2/2/2026 1:51:01 PM | * Cartomancie/Belline/49-Fatalite(var).js-- -- --171
2/2/2026 1:51:01 PM | * Cartomancie/Belline/49-Fatalite.css-- -- --1274
2/2/2026 1:51:01 PM | * Files/Image/Belline/48-fatalite.jpg-- -- --29272
2/2/2026 1:51:01 PM | * WEFiles/Image/WEImage/48-fatalite-WE677a64e2ba.jpg-- -- --22502
2/2/2026 1:51:01 PM | * Backup/Cartomancie/Belline/49-Fatalite.dat-- -- --280143
2/2/2026 1:51:01 PM | * Cartomancie/Belline/49-Fatalite.php-- -- --29795
2/2/2026 1:51:01 PM | * Cartomancie/Belline/50-Grace(var).js-- -- --171
2/2/2026 1:51:01 PM | * Cartomancie/Belline/50-Grace.css-- -- --1273
2/2/2026 1:51:01 PM | * Files/Image/Belline/49-grace.jpg-- -- --50573
2/2/2026 1:51:01 PM | * WEFiles/Image/WEImage/49-grace-WE7399a0d371.jpg-- -- --24306
2/2/2026 1:51:01 PM | * Backup/Cartomancie/Belline/50-Grace.dat-- -- --280172
2/2/2026 1:51:01 PM | * Cartomancie/Belline/50-Grace.php-- -- --29803
2/2/2026 1:51:01 PM | * Cartomancie/Belline/51-Ruine(var).js-- -- --171
2/2/2026 1:51:01 PM | * Cartomancie/Belline/51-Ruine.css-- -- --1273
2/2/2026 1:51:01 PM | * Files/Image/Belline/50-ruine.jpg-- -- --30533
2/2/2026 1:51:01 PM | * WEFiles/Image/WEImage/50-ruine-WE557b30045a.jpg-- -- --23585
2/2/2026 1:51:01 PM | * Backup/Cartomancie/Belline/51-Ruine.dat-- -- --280475
2/2/2026 1:51:01 PM | * Cartomancie/Belline/51-Ruine.php-- -- --30106
2/2/2026 1:51:01 PM | * Cartomancie/Belline/52-Retard(var).js-- -- --171
2/2/2026 1:51:01 PM | * Cartomancie/Belline/52-Retard.css-- -- --1273
2/2/2026 1:51:01 PM | * Files/Image/Belline/51-retard.jpg-- -- --28171
2/2/2026 1:51:01 PM | * WEFiles/Image/WEImage/51-retard-WEda10aef84b.jpg-- -- --21463
2/2/2026 1:51:01 PM | * Backup/Cartomancie/Belline/52-Retard.dat-- -- --279600
2/2/2026 1:51:01 PM | * Cartomancie/Belline/52-Retard.php-- -- --29242
2/2/2026 1:51:01 PM | * Cartomancie/Belline/53-Cloitre(var).js-- -- --171
2/2/2026 1:51:01 PM | * Cartomancie/Belline/53-Cloitre.css-- -- --1273
2/2/2026 1:51:01 PM | * Files/Image/Belline/52-cloitre.jpg-- -- --30088
2/2/2026 1:51:01 PM | * WEFiles/Image/WEImage/52-cloitre-WEf5808988d6.jpg-- -- --22975
2/2/2026 1:51:01 PM | * Backup/Cartomancie/Belline/53-Cloitre.dat-- -- --280107
2/2/2026 1:51:01 PM | * Cartomancie/Belline/53-Cloitre.php-- -- --29742
2/2/2026 1:51:01 PM | * Cartomancie/Belline/Accueil(var).js-- -- --171
2/2/2026 1:51:01 PM | * Cartomancie/Belline/Accueil.css-- -- --8991
2/2/2026 1:51:01 PM | * Files/Image/Accueil/Belline.jpg-- -- --12402
2/2/2026 1:51:01 PM | * WEFiles/Image/WEImage/0-carte-bleue-WEc3945add51.jpg-- -- --16621
2/2/2026 1:51:01 PM | * WEFiles/Image/WEImage/1-la-destinee-WEf233dfae72.jpg-- -- --21266
2/2/2026 1:51:01 PM | * WEFiles/Image/WEImage/2-etoile-homme-WEa09ac3f13d.jpg-- -- --23876
2/2/2026 1:51:01 PM | * WEFiles/Image/WEImage/3-etoile-femme-WEadca021082.jpg-- -- --22055
2/2/2026 1:51:01 PM | * WEFiles/Image/WEImage/4-nativite-WEe56c1186ee.jpg-- -- --21299
2/2/2026 1:51:01 PM | * WEFiles/Image/WEImage/5-reussite-WE8821b48006.jpg-- -- --22099
2/2/2026 1:51:01 PM | * WEFiles/Image/WEImage/6-elevation-WE298015b596.jpg-- -- --22680
2/2/2026 1:51:01 PM | * WEFiles/Image/WEImage/7-honneurs-WEf4683512e6.jpg-- -- --22827
2/2/2026 1:51:01 PM | * WEFiles/Image/WEImage/8-pensee-WE06228c5547.jpg-- -- --25121
2/2/2026 1:51:01 PM | * WEFiles/Image/WEImage/9-campagne-WEbc262a8f77.jpg-- -- --25704
2/2/2026 1:51:01 PM | * WEFiles/Image/WEImage/10-presents-WEc2a723d78a.jpg-- -- --24195
2/2/2026 1:51:01 PM | * WEFiles/Image/WEImage/11-trahison-WEd19ffd4f04.jpg-- -- --23947
2/2/2026 1:51:01 PM | * WEFiles/Image/WEImage/12-depart-WE83f11ef897.jpg-- -- --24438
2/2/2026 1:51:01 PM | * WEFiles/Image/WEImage/13-inconstance-WEac199f1e20.jpg-- -- --24925
2/2/2026 1:51:01 PM | * WEFiles/Image/WEImage/14-decouverte-WE3eb8a0bbe2.jpg-- -- --23883
2/2/2026 1:51:01 PM | * WEFiles/Image/WEImage/15-eau-WE491620894a.jpg-- -- --23399
2/2/2026 1:51:01 PM | * WEFiles/Image/WEImage/16-penates-WEd567c5febb.jpg-- -- --24339
2/2/2026 1:51:01 PM | * WEFiles/Image/WEImage/17-maladie-WEdf3066514c.jpg-- -- --24821
2/2/2026 1:51:01 PM | * WEFiles/Image/WEImage/18-changement-WE2330abd838.jpg-- -- --25355
2/2/2026 1:51:01 PM | * WEFiles/Image/WEImage/19-argent-WEa6bd4d68ad.jpg-- -- --24102
2/2/2026 1:51:01 PM | * WEFiles/Image/WEImage/20-intelligence-WE18c06556ce.jpg-- -- --24724
2/2/2026 1:51:01 PM | * WEFiles/Image/WEImage/21-vol-WE8f7c80bfdb.jpg-- -- --25403
2/2/2026 1:51:01 PM | * WEFiles/Image/WEImage/22-entreprises-WE3913e007cc.jpg-- -- --25022
2/2/2026 1:51:01 PM | * WEFiles/Image/WEImage/23-trafic-WEfec3576937.jpg-- -- --24645
2/2/2026 1:51:01 PM | * WEFiles/Image/WEImage/24-nouvelle-WEc4f3d6cf19.jpg-- -- --23787
2/2/2026 1:51:01 PM | * WEFiles/Image/WEImage/25-plaisirs-WE27672598b2.jpg-- -- --22794
2/2/2026 1:51:01 PM | * WEFiles/Image/WEImage/26-paix-WE102fecc1bf.jpg-- -- --24114
2/2/2026 1:51:01 PM | * WEFiles/Image/WEImage/27-union-WEd1f095fa5c.jpg-- -- --23044
2/2/2026 1:51:01 PM | * WEFiles/Image/WEImage/28-famille-WE7c74916ae3.jpg-- -- --22309
2/2/2026 1:51:01 PM | * WEFiles/Image/WEImage/29-amour-WEb36d46c32a.jpg-- -- --24450
2/2/2026 1:51:01 PM | * WEFiles/Image/WEImage/30-table-WE7ca0d9284d.jpg-- -- --24304
2/2/2026 1:51:01 PM | * WEFiles/Image/WEImage/31-passions-WE1bc78495f3.jpg-- -- --25197
2/2/2026 1:51:01 PM | * WEFiles/Image/WEImage/32-mechancete-WE9f6fc111bc.jpg-- -- --23365
2/2/2026 1:51:01 PM | * WEFiles/Image/WEImage/33-proces-WE12cb82bffa.jpg-- -- --21986
2/2/2026 1:51:01 PM | * WEFiles/Image/WEImage/34-despotisme-WEd989c2635f.jpg-- -- --23531
2/2/2026 1:51:01 PM | * WEFiles/Image/WEImage/35-ennemis-WE0b86c73eb3.jpg-- -- --20736
2/2/2026 1:51:01 PM | * WEFiles/Image/WEImage/36-pourparlers-WEda9ca58e95.jpg-- -- --25242
2/2/2026 1:51:01 PM | * WEFiles/Image/WEImage/37-feu-WE006d341622.jpg-- -- --26008
2/2/2026 1:51:01 PM | * WEFiles/Image/WEImage/38-accident-WEaf6192ffe7.jpg-- -- --26775
2/2/2026 1:51:01 PM | * WEFiles/Image/WEImage/39-appui-WEa446aa5b93.jpg-- -- --23885
2/2/2026 1:51:01 PM | * WEFiles/Image/WEImage/40-beaute-WEa1b086d7ad.jpg-- -- --22559
2/2/2026 1:51:01 PM | * WEFiles/Image/WEImage/41-heritage-WEf0b2b8f8e9.jpg-- -- --23333
2/2/2026 1:51:01 PM | * WEFiles/Image/WEImage/42-sagesse-WE1253733d27.jpg-- -- --23422
2/2/2026 1:51:01 PM | * WEFiles/Image/WEImage/43-renommee-WE9b99bf85fd.jpg-- -- --23964
2/2/2026 1:51:01 PM | * WEFiles/Image/WEImage/44-hazard-WEa862356204.jpg-- -- --22177
2/2/2026 1:51:01 PM | * WEFiles/Image/WEImage/45-bonheur-WEd1bfeb508a.jpg-- -- --21930
2/2/2026 1:51:01 PM | * WEFiles/Image/WEImage/46-infortune-WEfdcda75616.jpg-- -- --22937
2/2/2026 1:51:01 PM | * WEFiles/Image/WEImage/47-sterilite-WE7826cf93c1.jpg-- -- --21693
2/2/2026 1:51:01 PM | * WEFiles/Image/WEImage/48-fatalite-WEf9d6375eda.jpg-- -- --22502
2/2/2026 1:51:01 PM | * WEFiles/Image/WEImage/49-grace-WE8057268386.jpg-- -- --24306
2/2/2026 1:51:01 PM | * WEFiles/Image/WEImage/50-ruine-WEdb085c3830.jpg-- -- --23585
2/2/2026 1:51:01 PM | * WEFiles/Image/WEImage/51-retard-WE4770478a8c.jpg-- -- --21463
2/2/2026 1:51:01 PM | * WEFiles/Image/WEImage/52-cloitre-WE654bc55bc8.jpg-- -- --22975
2/2/2026 1:51:01 PM | * Backup/Cartomancie/Belline/Accueil.dat-- -- --2231345
2/2/2026 1:51:01 PM | * Cartomancie/Belline/Accueil.php-- -- --64215
2/2/2026 1:51:01 PM | * Cartomancie/Tarots/01-Fou(var).js-- -- --171
2/2/2026 1:51:01 PM | * Cartomancie/Tarots/01-Fou.css-- -- --1196
2/2/2026 1:51:01 PM | * Files/Image/Tarot/22-fou.jpg-- -- --49103
2/2/2026 1:51:01 PM | * WEFiles/Image/WEImage/22-fou-WE136dcac669.jpg-- -- --28658
2/2/2026 1:51:01 PM | * WEFiles/Image/WEImage/Gauche-WE4d4a3cf9ee.png-- -- --2718
2/2/2026 1:51:01 PM | * WEFiles/Image/WEImage/Accueil-WE2111f7c350.jpg-- -- --3874
2/2/2026 1:51:01 PM | * WEFiles/Image/WEImage/Droite-WE91a5eb4290.png-- -- --2695
2/2/2026 1:51:01 PM | * Backup/Cartomancie/Tarots/01-Fou.dat-- -- --280282
2/2/2026 1:51:01 PM | * Cartomancie/Tarots/01-Fou.php-- -- --29990
2/2/2026 1:51:01 PM | * Cartomancie/Tarots/02-Bateleur(var).js-- -- --171
2/2/2026 1:51:01 PM | * Cartomancie/Tarots/02-Bateleur.css-- -- --1196
2/2/2026 1:51:01 PM | * Files/Image/Tarot/01-bateleur.jpg-- -- --60179
2/2/2026 1:51:01 PM | * WEFiles/Image/WEImage/01-bateleur-WE7ba46fd908.jpg-- -- --29203
2/2/2026 1:51:01 PM | * WEFiles/Image/WEImage/Gauche-WEa732d2328b.png-- -- --2718
2/2/2026 1:51:01 PM | * WEFiles/Image/WEImage/Accueil-WE50f4222eb0.jpg-- -- --3874
2/2/2026 1:51:01 PM | * WEFiles/Image/WEImage/Droite-WE9b5a591d95.png-- -- --2695
2/2/2026 1:51:01 PM | * Backup/Cartomancie/Tarots/02-Bateleur.dat-- -- --279858
2/2/2026 1:51:01 PM | * Cartomancie/Tarots/02-Bateleur.php-- -- --29578
2/2/2026 1:51:01 PM | * Cartomancie/Tarots/03-Papesse(var).js-- -- --171
2/2/2026 1:51:01 PM | * Cartomancie/Tarots/03-Papesse.css-- -- --1196
2/2/2026 1:51:01 PM | * Files/Image/Tarot/02-papesse.jpg-- -- --56822
2/2/2026 1:51:01 PM | * WEFiles/Image/WEImage/02-papesse-WEffbcc116e6.jpg-- -- --26381
2/2/2026 1:51:01 PM | * Backup/Cartomancie/Tarots/03-Papesse.dat-- -- --280097
2/2/2026 1:51:01 PM | * Cartomancie/Tarots/03-Papesse.php-- -- --29804
2/2/2026 1:51:01 PM | * Cartomancie/Tarots/04-Imperatrice(var).js-- -- --171
2/2/2026 1:51:01 PM | * Cartomancie/Tarots/04-Imperatrice.css-- -- --1196
2/2/2026 1:51:01 PM | * Files/Image/Tarot/03-imperatrice.jpg-- -- --59019
2/2/2026 1:51:01 PM | * WEFiles/Image/WEImage/03-imperatrice-WEd20130df2e.jpg-- -- --26848
2/2/2026 1:51:01 PM | * Backup/Cartomancie/Tarots/04-Imperatrice.dat-- -- --280707
2/2/2026 1:51:01 PM | * Cartomancie/Tarots/04-Imperatrice.php-- -- --30336
2/2/2026 1:51:01 PM | * Cartomancie/Tarots/05-Empereur(var).js-- -- --171
2/2/2026 1:51:01 PM | * Cartomancie/Tarots/05-Empereur.css-- -- --1196
2/2/2026 1:51:01 PM | * Files/Image/Tarot/04-empereur.jpg-- -- --46967
2/2/2026 1:51:01 PM | * WEFiles/Image/WEImage/04-empereur-WE1973b16bec.jpg-- -- --26975
2/2/2026 1:51:01 PM | * Backup/Cartomancie/Tarots/05-Empereur.dat-- -- --280211
2/2/2026 1:51:01 PM | * Cartomancie/Tarots/05-Empereur.php-- -- --29929
2/2/2026 1:51:01 PM | * Cartomancie/Tarots/06-Pape(var).js-- -- --171
2/2/2026 1:51:01 PM | * Cartomancie/Tarots/06-Pape.css-- -- --1196
2/2/2026 1:51:01 PM | * Files/Image/Tarot/05-pape.jpg-- -- --49323
2/2/2026 1:51:01 PM | * WEFiles/Image/WEImage/05-pape-WE15db416ce2.jpg-- -- --27280
2/2/2026 1:51:01 PM | * Backup/Cartomancie/Tarots/06-Pape.dat-- -- --280407
2/2/2026 1:51:01 PM | * Cartomancie/Tarots/06-Pape.php-- -- --30100
2/2/2026 1:51:01 PM | * Cartomancie/Tarots/07-Amoureux(var).js-- -- --171
2/2/2026 1:51:01 PM | * Cartomancie/Tarots/07-Amoureux.css-- -- --1273
2/2/2026 1:51:01 PM | * Files/Image/Tarot/06-amoureux.jpg-- -- --52712
2/2/2026 1:51:01 PM | * WEFiles/Image/WEImage/06-amoureux-WE4530543429.jpg-- -- --29769
2/2/2026 1:51:01 PM | * Backup/Cartomancie/Tarots/07-Amoureux.dat-- -- --280399
2/2/2026 1:51:01 PM | * Cartomancie/Tarots/07-Amoureux.php-- -- --29925
2/2/2026 1:51:01 PM | * Cartomancie/Tarots/08-Chariot(var).js-- -- --171
2/2/2026 1:51:01 PM | * Cartomancie/Tarots/08-Chariot.css-- -- --1273
2/2/2026 1:51:01 PM | * Files/Image/Tarot/07-chariot.jpg-- -- --55433
2/2/2026 1:51:01 PM | * WEFiles/Image/WEImage/07-chariot-WEd8c2907bbd.jpg-- -- --30148
2/2/2026 1:51:01 PM | * Backup/Cartomancie/Tarots/08-Chariot.dat-- -- --280797
2/2/2026 1:51:01 PM | * Cartomancie/Tarots/08-Chariot.php-- -- --30346
2/2/2026 1:51:01 PM | * Cartomancie/Tarots/09-Justice(var).js-- -- --171
2/2/2026 1:51:01 PM | * Cartomancie/Tarots/09-Justice.css-- -- --1273
2/2/2026 1:51:01 PM | * Files/Image/Tarot/08-justice.jpg-- -- --50298
2/2/2026 1:51:01 PM | * WEFiles/Image/WEImage/08-justice-WEddbe1ff53a.jpg-- -- --27418
2/2/2026 1:51:01 PM | * Backup/Cartomancie/Tarots/09-Justice.dat-- -- --280695
2/2/2026 1:51:01 PM | * Cartomancie/Tarots/09-Justice.php-- -- --30322
2/2/2026 1:51:01 PM | * Cartomancie/Tarots/10-Hermite(var).js-- -- --171
2/2/2026 1:51:01 PM | * Cartomancie/Tarots/10-Hermite.css-- -- --1273
2/2/2026 1:51:01 PM | * Files/Image/Tarot/09-hermite.jpg-- -- --43680
2/2/2026 1:51:01 PM | * WEFiles/Image/WEImage/09-hermite-WE2d6ce643e5.jpg-- -- --24687
2/2/2026 1:51:01 PM | * WEFiles/Image/WEImage/Gauche-WEa446f2129f.png-- -- --2718
2/2/2026 1:51:01 PM | * WEFiles/Image/WEImage/Accueil-WE2af63fbad2.jpg-- -- --3874
2/2/2026 1:51:01 PM | * WEFiles/Image/WEImage/Droite-WEfade369a23.png-- -- --2695
2/2/2026 1:51:01 PM | * Backup/Cartomancie/Tarots/10-Hermite.dat-- -- --280698
2/2/2026 1:51:01 PM | * Cartomancie/Tarots/10-Hermite.php-- -- --30317
2/2/2026 1:51:01 PM | * Cartomancie/Tarots/11-Roue(var).js-- -- --171
2/2/2026 1:51:01 PM | * Cartomancie/Tarots/11-Roue.css-- -- --1273
2/2/2026 1:51:01 PM | * Files/Image/Tarot/10-roue-fortune.jpg-- -- --56967
2/2/2026 1:51:01 PM | * WEFiles/Image/WEImage/10-roue-fortune-WEe28df1c0c6.jpg-- -- --27106
2/2/2026 1:51:01 PM | * Backup/Cartomancie/Tarots/11-Roue.dat-- -- --280283
2/2/2026 1:51:01 PM | * Cartomancie/Tarots/11-Roue.php-- -- --29888
2/2/2026 1:51:01 PM | * Cartomancie/Tarots/12-Force(var).js-- -- --171
2/2/2026 1:51:01 PM | * Cartomancie/Tarots/12-Force.css-- -- --1273
2/2/2026 1:51:01 PM | * Files/Image/Tarot/11-force.jpg-- -- --45907
2/2/2026 1:51:01 PM | * WEFiles/Image/WEImage/11-force-WE786743e866.jpg-- -- --25591
2/2/2026 1:51:01 PM | * Backup/Cartomancie/Tarots/12-Force.dat-- -- --280246
2/2/2026 1:51:01 PM | * Cartomancie/Tarots/12-Force.php-- -- --29757
2/2/2026 1:51:01 PM | * Cartomancie/Tarots/13-Pendu(var).js-- -- --171
2/2/2026 1:51:01 PM | * Cartomancie/Tarots/13-Pendu.css-- -- --1273
2/2/2026 1:51:01 PM | * Files/Image/Tarot/12-pendu.jpg-- -- --43364
2/2/2026 1:51:01 PM | * WEFiles/Image/WEImage/12-pendu-WE50e41addc6.jpg-- -- --26041
2/2/2026 1:51:01 PM | * Backup/Cartomancie/Tarots/13-Pendu.dat-- -- --280007
2/2/2026 1:51:01 PM | * Cartomancie/Tarots/13-Pendu.php-- -- --30009
2/2/2026 1:51:01 PM | * Cartomancie/Tarots/14-Mort(var).js-- -- --171
2/2/2026 1:51:01 PM | * Cartomancie/Tarots/14-Mort.css-- -- --1273
2/2/2026 1:51:01 PM | * Files/Image/Tarot/13-mort.jpg-- -- --45509
2/2/2026 1:51:01 PM | * WEFiles/Image/WEImage/13-mort-WE4bd40d619d.jpg-- -- --26218
2/2/2026 1:51:01 PM | * Backup/Cartomancie/Tarots/14-Mort.dat-- -- --280194
2/2/2026 1:51:01 PM | * Cartomancie/Tarots/14-Mort.php-- -- --29807
2/2/2026 1:51:01 PM | * Cartomancie/Tarots/15-Temperance(var).js-- -- --171
2/2/2026 1:51:01 PM | * Cartomancie/Tarots/15-Temperance.css-- -- --1273
2/2/2026 1:51:01 PM | * Files/Image/Tarot/14-temperance.jpg-- -- --48281
2/2/2026 1:51:01 PM | * WEFiles/Image/WEImage/14-temperance-WE52d764d06b.jpg-- -- --27306
2/2/2026 1:51:01 PM | * Backup/Cartomancie/Tarots/15-Temperance.dat-- -- --279885
2/2/2026 1:51:01 PM | * Cartomancie/Tarots/15-Temperance.php-- -- --29942
2/2/2026 1:51:01 PM | * Cartomancie/Tarots/16-Diable(var).js-- -- --171
2/2/2026 1:51:01 PM | * Cartomancie/Tarots/16-Diable.css-- -- --1273
2/2/2026 1:51:01 PM | * Files/Image/Tarot/15-diable.jpg-- -- --52454
2/2/2026 1:51:01 PM | * WEFiles/Image/WEImage/15-diable-WEa540223994.jpg-- -- --29311
2/2/2026 1:51:01 PM | * Backup/Cartomancie/Tarots/16-Diable.dat-- -- --280340
2/2/2026 1:51:01 PM | * Cartomancie/Tarots/16-Diable.php-- -- --29948
2/2/2026 1:51:01 PM | * Cartomancie/Tarots/16-Maison-Dieu(var).js-- -- --171
2/2/2026 1:51:01 PM | * Cartomancie/Tarots/16-Maison-Dieu.css-- -- --1273
2/2/2026 1:51:01 PM | * Files/Image/Tarot/16-maison-dieu.jpg-- -- --56068
2/2/2026 1:51:01 PM | * WEFiles/Image/WEImage/16-maison-dieu-WE70b8e87b6b.jpg-- -- --31901
2/2/2026 1:51:01 PM | * Backup/Cartomancie/Tarots/16-Maison-Dieu.dat-- -- --280578
2/2/2026 1:51:01 PM | * Cartomancie/Tarots/16-Maison-Dieu.php-- -- --30101
2/2/2026 1:51:01 PM | * Cartomancie/Tarots/17-Etoile(var).js-- -- --171
2/2/2026 1:51:01 PM | * Cartomancie/Tarots/17-Etoile.css-- -- --1273
2/2/2026 1:51:01 PM | * Files/Image/Tarot/17-etoile.jpg-- -- --51159
2/2/2026 1:51:01 PM | * WEFiles/Image/WEImage/17-etoile-WE9b81b88cda.jpg-- -- --30082
2/2/2026 1:51:01 PM | * Backup/Cartomancie/Tarots/17-Etoile.dat-- -- --280190
2/2/2026 1:51:01 PM | * Cartomancie/Tarots/17-Etoile.php-- -- --29806
2/2/2026 1:51:01 PM | * Cartomancie/Tarots/18-Lune(var).js-- -- --171
2/2/2026 1:51:01 PM | * Cartomancie/Tarots/18-Lune.css-- -- --1273
2/2/2026 1:51:01 PM | * Files/Image/Tarot/18-lune.jpg-- -- --50288
2/2/2026 1:51:01 PM | * WEFiles/Image/WEImage/18-lune-WE9e5f9ab3bb.jpg-- -- --28283
2/2/2026 1:51:01 PM | * Backup/Cartomancie/Tarots/18-Lune.dat-- -- --280617
2/2/2026 1:51:01 PM | * Cartomancie/Tarots/18-Lune.php-- -- --30221
2/2/2026 1:51:01 PM | * Cartomancie/Tarots/19-Soleil(var).js-- -- --171
2/2/2026 1:51:01 PM | * Cartomancie/Tarots/19-Soleil.css-- -- --1273
2/2/2026 1:51:01 PM | * Files/Image/Tarot/19-soleil.jpg-- -- --56052
2/2/2026 1:51:01 PM | * WEFiles/Image/WEImage/19-soleil-WE99526f499a.jpg-- -- --30584
2/2/2026 1:51:01 PM | * Backup/Cartomancie/Tarots/19-Soleil.dat-- -- --280461
2/2/2026 1:51:01 PM | * Cartomancie/Tarots/19-Soleil.php-- -- --30069
2/2/2026 1:51:01 PM | * Cartomancie/Tarots/20-Jugement(var).js-- -- --171
2/2/2026 1:51:01 PM | * Cartomancie/Tarots/20-Jugement.css-- -- --1273
2/2/2026 1:51:01 PM | * Files/Image/Tarot/20-jugement.jpg-- -- --53817
2/2/2026 1:51:01 PM | * WEFiles/Image/WEImage/20-jugement-WE91df521314.jpg-- -- --30208
2/2/2026 1:51:01 PM | * Backup/Cartomancie/Tarots/20-Jugement.dat-- -- --280333
2/2/2026 1:51:01 PM | * Cartomancie/Tarots/20-Jugement.php-- -- --29945
2/2/2026 1:51:01 PM | * Cartomancie/Tarots/21-Monde(var).js-- -- --171
2/2/2026 1:51:01 PM | * Cartomancie/Tarots/21-Monde.css-- -- --1273
2/2/2026 1:51:01 PM | * Files/Image/Tarot/21-monde.jpg-- -- --56862
2/2/2026 1:51:01 PM | * WEFiles/Image/WEImage/21-monde-WEb005f7af9b.jpg-- -- --30136
2/2/2026 1:51:01 PM | * Backup/Cartomancie/Tarots/21-Monde.dat-- -- --280375
2/2/2026 1:51:01 PM | * Cartomancie/Tarots/21-Monde.php-- -- --29886
2/2/2026 1:51:01 PM | * Cartomancie/Tarots/Accueil(var).js-- -- --171
2/2/2026 1:51:01 PM | * Cartomancie/Tarots/Accueil.css-- -- --3694
2/2/2026 1:51:01 PM | * Files/Image/Accueil/Tarot.jpg-- -- --17650
2/2/2026 1:51:01 PM | * WEFiles/Image/WEImage/01-bateleur-WE6d3419d779.jpg-- -- --29203
2/2/2026 1:51:01 PM | * WEFiles/Image/WEImage/02-papesse-WE50580922d4.jpg-- -- --25415
2/2/2026 1:51:01 PM | * WEFiles/Image/WEImage/03-imperatrice-WEb0d9caea35.jpg-- -- --26063
2/2/2026 1:51:01 PM | * WEFiles/Image/WEImage/04-empereur-WE478a5290c7.jpg-- -- --26975
2/2/2026 1:51:01 PM | * WEFiles/Image/WEImage/05-pape-WEe5b1889210.jpg-- -- --28192
2/2/2026 1:51:01 PM | * WEFiles/Image/WEImage/06-amoureux-WE39b56057f4.jpg-- -- --30388
2/2/2026 1:51:01 PM | * WEFiles/Image/WEImage/07-chariot-WE52e777a7a1.jpg-- -- --33487
2/2/2026 1:51:01 PM | * WEFiles/Image/WEImage/08-justice-WE9a42f24a2b.jpg-- -- --26547
2/2/2026 1:51:01 PM | * WEFiles/Image/WEImage/09-hermite-WEe57be2aedd.jpg-- -- --24687
2/2/2026 1:51:01 PM | * WEFiles/Image/WEImage/10-roue-fortune-WEe17cf2609e.jpg-- -- --28543
2/2/2026 1:51:01 PM | * WEFiles/Image/WEImage/11-force-WE274fb52a6d.jpg-- -- --26436
2/2/2026 1:51:01 PM | * WEFiles/Image/WEImage/12-pendu-WE046d19d19b.jpg-- -- --26768
2/2/2026 1:51:01 PM | * WEFiles/Image/WEImage/13-mort-WEecd0c8e974.jpg-- -- --24479
2/2/2026 1:51:01 PM | * WEFiles/Image/WEImage/14-temperance-WEa8a4154925.jpg-- -- --28108
2/2/2026 1:51:01 PM | * WEFiles/Image/WEImage/15-diable-WE5ecd4327b0.jpg-- -- --30013
2/2/2026 1:51:01 PM | * WEFiles/Image/WEImage/16-maison-dieu-WEe6cb42e66f.jpg-- -- --32631
2/2/2026 1:51:01 PM | * WEFiles/Image/WEImage/17-etoile-WE237e1e6365.jpg-- -- --30932
2/2/2026 1:51:01 PM | * WEFiles/Image/WEImage/18-lune-WE3df4baec47.jpg-- -- --29770
2/2/2026 1:51:01 PM | * WEFiles/Image/WEImage/19-soleil-WEf96f176167.jpg-- -- --29768
2/2/2026 1:51:01 PM | * WEFiles/Image/WEImage/20-jugement-WE354ed7079e.jpg-- -- --28857
2/2/2026 1:51:01 PM | * WEFiles/Image/WEImage/21-monde-WE163e8024a2.jpg-- -- --28902
2/2/2026 1:51:01 PM | * WEFiles/Image/WEImage/22-fou-WE649e23ff30.jpg-- -- --26701
2/2/2026 1:51:01 PM | * Backup/Cartomancie/Tarots/Accueil.dat-- -- --916733
2/2/2026 1:51:01 PM | * Cartomancie/Tarots/Accueil.php-- -- --41770
2/2/2026 1:51:01 PM | * CGU/CGU(var).js-- -- --171
2/2/2026 1:51:01 PM | * CGU/CGU.css-- -- --1071
2/2/2026 1:51:01 PM | * WEFiles/Image/WEImage/Accueil-WEbe3ff0985f.jpg-- -- --2387
2/2/2026 1:51:01 PM | * Backup/CGU/CGU.dat-- -- --253336
2/2/2026 1:51:01 PM | * CGU/CGU.php-- -- --35991
2/2/2026 1:51:01 PM | * Chat/Echec(var).js-- -- --171
2/2/2026 1:51:01 PM | * Chat/Echec.css-- -- --940
2/2/2026 1:51:01 PM | * WEFiles/Image/WEImage/Gauche-WE208f1ef3b4.png-- -- --2718
2/2/2026 1:51:01 PM | * Backup/Chat/Echec.dat-- -- --219249
2/2/2026 1:51:01 PM | * Chat/Echec.php-- -- --27636
2/2/2026 1:51:01 PM | * Chat/Envoi(var).js-- -- --171
2/2/2026 1:51:01 PM | * Chat/Envoi.css-- -- --862
2/2/2026 1:51:01 PM | * WEFiles/Image/WEImage/Accueil-WEd42f892cad.jpg-- -- --3874
2/2/2026 1:51:01 PM | * Backup/Chat/Envoi.dat-- -- --191901
2/2/2026 1:51:01 PM | * Chat/Envoi.php-- -- --27306
2/2/2026 1:51:01 PM | * Chat/Formulaire(var).js-- -- --1103
2/2/2026 1:51:01 PM | * Chat/Formulaire(var).php-- -- --4015
2/2/2026 1:51:01 PM | * Chat/Formulaire.css-- -- --4727
2/2/2026 1:51:01 PM | * WEFiles/Server/WESendMail-v210.php-- -- --12362
2/2/2026 1:51:01 PM | * WEFiles/Client/WESendMail-v210.js-- -- --3670
2/2/2026 1:51:01 PM | * Files/Image/Accueil/tchat 1.png-- -- --76056
2/2/2026 1:51:01 PM | * WEFiles/Image/WEImage/tchat 1-WEbe52c3d2d0.png-- -- --5507
2/2/2026 1:51:01 PM | * WEFiles/Image/Skin/26c70838.png-- -- --160
2/2/2026 1:51:01 PM | * WEFiles/Image/Skin/58294202.png-- -- --764
2/2/2026 1:51:01 PM | * WEFiles/Image/Skin/c01bce0b.png-- -- --160
2/2/2026 1:51:01 PM | * WEFiles/Image/Skin/3b9d0c7d.png-- -- --764
2/2/2026 1:51:01 PM | * WEFiles/Image/Skin/4aee5dd2.png-- -- --160
2/2/2026 1:51:01 PM | * WEFiles/Image/Skin/f05956f4.png-- -- --764
2/2/2026 1:51:01 PM | * WEFiles/Image/Skin/cbb1ae94.png-- -- --160
2/2/2026 1:51:01 PM | * WEFiles/Image/Skin/966687aa.png-- -- --764
2/2/2026 1:51:01 PM | * Backup/Chat/Formulaire.dat-- -- --1028557
2/2/2026 1:51:01 PM | * Chat/Formulaire.php-- -- --57961
2/2/2026 1:51:01 PM | * Domicile/Echec(var).js-- -- --171
2/2/2026 1:51:01 PM | * Domicile/Echec.css-- -- --939
2/2/2026 1:51:01 PM | * WEFiles/Image/WEImage/Gauche-WEeb04b63038.png-- -- --2718
2/2/2026 1:51:01 PM | * Backup/Domicile/Echec.dat-- -- --219269
2/2/2026 1:51:01 PM | * Domicile/Echec.php-- -- --27666
2/2/2026 1:51:01 PM | * Domicile/Envoi(var).js-- -- --171
2/2/2026 1:51:01 PM | * Domicile/Envoi.css-- -- --862
2/2/2026 1:51:01 PM | * WEFiles/Image/WEImage/Accueil-WE06a8c8e743.jpg-- -- --3874
2/2/2026 1:51:01 PM | * Backup/Domicile/Envoi.dat-- -- --191883
2/2/2026 1:51:01 PM | * Domicile/Envoi.php-- -- --27323
2/2/2026 1:51:01 PM | * Domicile/Formulaire(var).js-- -- --1111
2/2/2026 1:51:01 PM | * Domicile/Formulaire(var).php-- -- --3500
2/2/2026 1:51:01 PM | * Domicile/Formulaire.css-- -- --4727
2/2/2026 1:51:01 PM | * WEFiles/Image/WEImage/tchat 1-WE805a3e04b0.png-- -- --5507
2/2/2026 1:51:01 PM | * Backup/Domicile/Formulaire.dat-- -- --1021545
2/2/2026 1:51:01 PM | * Domicile/Formulaire.php-- -- --57864
2/2/2026 1:51:01 PM | * Dons/Dons(var).js-- -- --171
2/2/2026 1:51:01 PM | * Dons/Dons.css-- -- --1483
2/2/2026 1:51:01 PM | * Files/Image/Accueil/images.jpg-- -- --4321
2/2/2026 1:51:01 PM | * Files/Image/Accueil/Wero.jpeg-- -- --16156
2/2/2026 1:51:01 PM | * WEFiles/Image/WEImage/Wero-WE8f1a3ab3a8.jpeg-- -- --4788
2/2/2026 1:51:01 PM | * Backup/Dons/Dons.dat-- -- --331108
2/2/2026 1:51:01 PM | * Dons/Dons.php-- -- --31799
2/2/2026 1:51:01 PM | * Gratuite/Echec(var).js-- -- --171
2/2/2026 1:51:01 PM | * Gratuite/Echec.css-- -- --939
2/2/2026 1:51:01 PM | * WEFiles/Image/WEImage/Gauche-WE93f894d194.png-- -- --2718
2/2/2026 1:51:01 PM | * Backup/Gratuite/Echec.dat-- -- --217184
2/2/2026 1:51:01 PM | * Gratuite/Echec.php-- -- --27640
2/2/2026 1:51:01 PM | * Gratuite/Envoi(var).js-- -- --171
2/2/2026 1:51:01 PM | * Gratuite/Envoi.css-- -- --862
2/2/2026 1:51:01 PM | * WEFiles/Image/WEImage/Accueil-WE98e28300c0.jpg-- -- --3874
2/2/2026 1:51:01 PM | * Backup/Gratuite/Envoi.dat-- -- --191819
2/2/2026 1:51:01 PM | * Gratuite/Envoi.php-- -- --26857
2/2/2026 1:51:01 PM | * Gratuite/Formulaire(var).js-- -- --1147
2/2/2026 1:51:01 PM | * Gratuite/Formulaire(var).php-- -- --3811
2/2/2026 1:51:01 PM | * Gratuite/Formulaire.css-- -- --5107
2/2/2026 1:51:01 PM | * WEFiles/Image/WEImage/tchat 1-WE6e5af4a4ef.png-- -- --5507
2/2/2026 1:51:01 PM | * WEFiles/Image/Skin/2b8cf417.png-- -- --160
2/2/2026 1:51:01 PM | * WEFiles/Image/Skin/85224292.png-- -- --764
2/2/2026 1:51:01 PM | * Backup/Gratuite/Formulaire.dat-- -- --1033193
2/2/2026 1:51:01 PM | * Gratuite/Formulaire.php-- -- --58348
2/2/2026 1:51:01 PM | * Magie/Echec(var).js-- -- --171
2/2/2026 1:51:01 PM | * Magie/Echec.css-- -- --939
2/2/2026 1:51:01 PM | * WEFiles/Image/WEImage/Gauche-WEed87283893.png-- -- --2718
2/2/2026 1:51:01 PM | * Backup/Magie/Echec.dat-- -- --217239
2/2/2026 1:51:01 PM | * Magie/Echec.php-- -- --27684
2/2/2026 1:51:01 PM | * Magie/Envoi(var).js-- -- --171
2/2/2026 1:51:01 PM | * Magie/Envoi.css-- -- --862
2/2/2026 1:51:01 PM | * WEFiles/Image/WEImage/Accueil-WE7d1525d48a.jpg-- -- --3874
2/2/2026 1:51:01 PM | * Backup/Magie/Envoi.dat-- -- --190054
2/2/2026 1:51:01 PM | * Magie/Envoi.php-- -- --27376
2/2/2026 1:51:01 PM | * Magie/Formulaire(var).js-- -- --1133
2/2/2026 1:51:01 PM | * Magie/Formulaire(var).php-- -- --5375
2/2/2026 1:51:01 PM | * Magie/Formulaire.css-- -- --4882
2/2/2026 1:51:01 PM | * WEFiles/Image/WEImage/Bougies-WEefa6d7021c.jpg-- -- --9176
2/2/2026 1:51:01 PM | * Backup/Magie/Formulaire.dat-- -- --1097064
2/2/2026 1:51:01 PM | * Magie/Formulaire.php-- -- --62137
2/2/2026 1:51:01 PM | * Mail/Echec(var).js-- -- --103
2/2/2026 1:51:01 PM | * Mail/Echec.css-- -- --887
2/2/2026 1:51:01 PM | * Backup/Mail/Echec.dat-- -- --192434
2/2/2026 1:51:01 PM | * Mail/Echec.php-- -- --27619
2/2/2026 1:51:01 PM | * Mail/Envoi(var).js-- -- --103
2/2/2026 1:51:01 PM | * Mail/Envoi.css-- -- --809
2/2/2026 1:51:01 PM | * Backup/Mail/Envoi.dat-- -- --167126
2/2/2026 1:51:01 PM | * Mail/Envoi.php-- -- --27325
2/2/2026 1:51:01 PM | * Mail/Formulaire(var).js-- -- --1103
2/2/2026 1:51:01 PM | * Mail/Formulaire(var).php-- -- --2242
2/2/2026 1:51:01 PM | * Mail/Formulaire.css-- -- --4265
2/2/2026 1:51:01 PM | * Backup/Mail/Formulaire.dat-- -- --808848
2/2/2026 1:51:01 PM | * Mail/Formulaire.php-- -- --49788
2/2/2026 1:51:01 PM | * Methodes/Accueil(var).js-- -- --171
2/2/2026 1:51:01 PM | * Methodes/Accueil.css-- -- --1721
2/2/2026 1:51:01 PM | * Files/Image/Accueil/1.png-- -- --3041
2/2/2026 1:51:01 PM | * WEFiles/Image/WEImage/1-WE7250e0a1ad.png-- -- --1190
2/2/2026 1:51:01 PM | * Files/Image/Accueil/2.png-- -- --3310
2/2/2026 1:51:01 PM | * WEFiles/Image/WEImage/2-WE393793b6bd.png-- -- --1320
2/2/2026 1:51:01 PM | * Files/Image/Accueil/3.png-- -- --3434
2/2/2026 1:51:01 PM | * WEFiles/Image/WEImage/3-WE66da039b22.png-- -- --1307
2/2/2026 1:51:01 PM | * WEFiles/Image/WEImage/Gauche-WE00354d3f05.png-- -- --2718
2/2/2026 1:51:01 PM | * WEFiles/Image/WEImage/Accueil-WEf7fa1d1209.jpg-- -- --3874
2/2/2026 1:51:01 PM | * WEFiles/Image/WEImage/Droite-WE8a2416573f.png-- -- --2695
2/2/2026 1:51:01 PM | * Backup/Methodes/Accueil.dat-- -- --450511
2/2/2026 1:51:01 PM | * Methodes/Accueil.php-- -- --42516
2/2/2026 1:51:01 PM | * Methodes/Croix(var).js-- -- --171
2/2/2026 1:51:01 PM | * Methodes/Croix.css-- -- --3694
2/2/2026 1:51:01 PM | * WEFiles/Image/WEImage/3-WE304adfb685.png-- -- --2040
2/2/2026 1:51:01 PM | * WEFiles/Image/WEImage/27-union-WEad232067db.jpg-- -- --22216
2/2/2026 1:51:01 PM | * WEFiles/Image/WEImage/1-WEf3d7e3bdae.png-- -- --1718
2/2/2026 1:51:01 PM | * WEFiles/Image/WEImage/23-trafic-WE817c43fb2f.jpg-- -- --23682
2/2/2026 1:51:01 PM | * WEFiles/Image/WEImage/12-depart-WE724f2651df.jpg-- -- --24438
2/2/2026 1:51:01 PM | * WEFiles/Image/WEImage/19-argent-WE1d1afd8aa8.jpg-- -- --23360
2/2/2026 1:51:01 PM | * WEFiles/Image/WEImage/2-WEcaa0419b1f.png-- -- --2014
2/2/2026 1:51:01 PM | * Files/Image/Accueil/5.png-- -- --3299
2/2/2026 1:51:01 PM | * WEFiles/Image/WEImage/5-WE91f286943b.png-- -- --2030
2/2/2026 1:51:01 PM | * Files/Image/Accueil/4.png-- -- --3223
2/2/2026 1:51:01 PM | * WEFiles/Image/WEImage/4-WE5dda532fe8.png-- -- --1977
2/2/2026 1:51:01 PM | * WEFiles/Image/WEImage/45-bonheur-WE8740bd5373.jpg-- -- --21214
2/2/2026 1:51:01 PM | * WEFiles/Image/WEImage/12-depart-WE02ca9eea02.jpg-- -- --24438
2/2/2026 1:51:01 PM | * WEFiles/Image/WEImage/23-trafic-WEfcb0fb8132.jpg-- -- --23682
2/2/2026 1:51:01 PM | * WEFiles/Image/WEImage/27-union-WE14efbe401b.jpg-- -- --22216
2/2/2026 1:51:01 PM | * WEFiles/Image/WEImage/45-bonheur-WE36e87317ea.jpg-- -- --21214
2/2/2026 1:51:01 PM | * WEFiles/Image/WEImage/19-argent-WE233e9250bb.jpg-- -- --23360
2/2/2026 1:51:01 PM | * Backup/Methodes/Croix.dat-- -- --950261
2/2/2026 1:51:01 PM | * Methodes/Croix.php-- -- --51120
2/2/2026 1:51:01 PM | * Methodes/Ligne(var).js-- -- --171
2/2/2026 1:51:01 PM | * Methodes/Ligne.css-- -- --3890
2/2/2026 1:51:01 PM | * WEFiles/Image/WEImage/24-nouvelle-WE9d724d2704.jpg-- -- --23787
2/2/2026 1:51:01 PM | * WEFiles/Image/WEImage/42-sagesse-WE6f8938dff7.jpg-- -- --23422
2/2/2026 1:51:01 PM | * WEFiles/Image/WEImage/18-changement-WEd722438703.jpg-- -- --25355
2/2/2026 1:51:01 PM | * WEFiles/Image/WEImage/12-depart-WEe114e21111.jpg-- -- --24438
2/2/2026 1:51:01 PM | * WEFiles/Image/WEImage/45-bonheur-WEe87e513a0c.jpg-- -- --21930
2/2/2026 1:51:01 PM | * WEFiles/Image/WEImage/1-WE911af8f758.png-- -- --1190
2/2/2026 1:51:01 PM | * WEFiles/Image/WEImage/2-WE55f9c1745e.png-- -- --1320
2/2/2026 1:51:01 PM | * WEFiles/Image/WEImage/3-WEb9247fe37f.png-- -- --1307
2/2/2026 1:51:01 PM | * WEFiles/Image/WEImage/4-WE27f423fdde.png-- -- --1284
2/2/2026 1:51:01 PM | * WEFiles/Image/WEImage/5-WE731ea884e8.png-- -- --1308
2/2/2026 1:51:01 PM | * WEFiles/Image/WEImage/24-nouvelle-WEcea4daa356.jpg-- -- --23787
2/2/2026 1:51:01 PM | * WEFiles/Image/WEImage/42-sagesse-WE5c774e6769.jpg-- -- --23422
2/2/2026 1:51:01 PM | * WEFiles/Image/WEImage/18-changement-WEf12d19052a.jpg-- -- --25355
2/2/2026 1:51:01 PM | * WEFiles/Image/WEImage/12-depart-WE510788372b.jpg-- -- --24438
2/2/2026 1:51:01 PM | * WEFiles/Image/WEImage/45-bonheur-WE29fa2df527.jpg-- -- --21930
2/2/2026 1:51:01 PM | * WEFiles/Image/WEImage/Gauche-WE4ddf6deeaf.png-- -- --2718
2/2/2026 1:51:01 PM | * WEFiles/Image/WEImage/Accueil-WE76b583f815.jpg-- -- --3874
2/2/2026 1:51:01 PM | * WEFiles/Image/WEImage/Droite-WEc76c93cb8b.png-- -- --2695
2/2/2026 1:51:01 PM | * Backup/Methodes/Ligne.dat-- -- --995220
2/2/2026 1:51:01 PM | * Methodes/Ligne.php-- -- --59071
2/2/2026 1:51:01 PM | * Methodes/Pyramide(var).js-- -- --171
2/2/2026 1:51:01 PM | * Methodes/Pyramide.css-- -- --2041
2/2/2026 1:51:01 PM | * WEFiles/Image/WEImage/2-etoile-homme-WEc94468ad7b.jpg-- -- --23250
2/2/2026 1:51:01 PM | * WEFiles/Image/WEImage/12-depart-WEd0387bab4c.jpg-- -- --23711
2/2/2026 1:51:01 PM | * WEFiles/Image/WEImage/39-appui-WEa380a4237c.jpg-- -- --23040
2/2/2026 1:51:01 PM | * WEFiles/Image/WEImage/18-changement-WEc7d9d582f1.jpg-- -- --24447
2/2/2026 1:51:01 PM | * WEFiles/Image/WEImage/6-elevation-WE1e33cb71db.jpg-- -- --22079
2/2/2026 1:51:01 PM | * WEFiles/Image/WEImage/15-eau-WE4b219cd00e.jpg-- -- --22524
2/2/2026 1:51:01 PM | * Backup/Methodes/Pyramide.dat-- -- --484510
2/2/2026 1:51:01 PM | * Methodes/Pyramide.php-- -- --45006
2/2/2026 1:51:01 PM | * Online/Templates/Base.css-- -- --3244
2/2/2026 1:51:01 PM | * Online/Templates/Base.php-- -- --14585
2/2/2026 1:51:01 PM | * Online/test.php-- -- --23
2/2/2026 1:51:01 PM | * Paiement/Paiement_accepte(var).js-- -- --171
2/2/2026 1:51:01 PM | * Paiement/Paiement_accepte.css-- -- --862
2/2/2026 1:51:01 PM | * WEFiles/Image/WEImage/Accueil-WE30fa075e81.jpg-- -- --3874
2/2/2026 1:51:01 PM | * Backup/Paiement/Paiement_accepte.dat-- -- --189913
2/2/2026 1:51:01 PM | * Paiement/Paiement_accepte.php-- -- --27555
2/2/2026 1:51:01 PM | * Paiement/Paiement_avorte(var).js-- -- --171
2/2/2026 1:51:01 PM | * Paiement/Paiement_avorte.css-- -- --862
2/2/2026 1:51:01 PM | * WEFiles/Image/WEImage/Gauche-WEb09f76add7.png-- -- --2718
2/2/2026 1:51:02 PM | * Backup/Paiement/Paiement_avorte.dat-- -- --189611
2/2/2026 1:51:02 PM | * Paiement/Paiement_avorte.php-- -- --27146
2/2/2026 1:51:02 PM | * Partenaires/Partenaires(var).js-- -- --171
2/2/2026 1:51:02 PM | * Partenaires/Partenaires.css-- -- --716
2/2/2026 1:51:02 PM | * Backup/Partenaires/Partenaires.dat-- -- --157327
2/2/2026 1:51:02 PM | * Partenaires/Partenaires.php-- -- --26561
2/2/2026 1:51:02 PM | * Planetes/Accueil(var).js-- -- --171
2/2/2026 1:51:02 PM | * Planetes/Accueil.css-- -- --3106
2/2/2026 1:51:02 PM | * Files/Image/Accueil/Bouton bleu.png-- -- --137102
2/2/2026 1:51:02 PM | * WEFiles/Image/WEImage/Bouton bleu-WEdab9839490.png-- -- --1710
2/2/2026 1:51:02 PM | * WEFiles/Image/WEImage/Bouton bleu-WE02cee3cc08.png-- -- --1633
2/2/2026 1:51:02 PM | * WEFiles/Image/WEImage/Bouton bleu-WE9c53aa2298.png-- -- --1633
2/2/2026 1:51:02 PM | * WEFiles/Image/WEImage/Bouton bleu-WE02d3eed8ec.png-- -- --1633
2/2/2026 1:51:02 PM | * WEFiles/Image/WEImage/Bouton bleu-WE1c3e772b01.png-- -- --1633
2/2/2026 1:51:02 PM | * WEFiles/Image/WEImage/Bouton bleu-WE6178a147ed.png-- -- --1633
2/2/2026 1:51:02 PM | * WEFiles/Image/WEImage/Bouton bleu-WE7f5b1b3746.png-- -- --1633
2/2/2026 1:51:02 PM | * WEFiles/Image/WEImage/Bouton bleu-WEa5e3af1ed5.png-- -- --1633
2/2/2026 1:51:02 PM | * WEFiles/Image/WEImage/Bouton bleu-WEaf1a6f3fc5.png-- -- --1633
2/2/2026 1:51:02 PM | * WEFiles/Image/WEImage/Bouton bleu-WEdbd394a7a4.png-- -- --1633
2/2/2026 1:51:02 PM | * WEFiles/Image/WEImage/Gauche-WEfb6c808129.png-- -- --2718
2/2/2026 1:51:02 PM | * WEFiles/Image/WEImage/Accueil-WE7c630df5a2.jpg-- -- --3874
2/2/2026 1:51:02 PM | * WEFiles/Image/WEImage/Droite-WE51e853503d.png-- -- --2695
2/2/2026 1:51:02 PM | * Files/Image/Accueil/Terre.jpg-- -- --8412
2/2/2026 1:51:02 PM | * Backup/Planetes/Accueil.dat-- -- --814070
2/2/2026 1:51:02 PM | * Planetes/Accueil.php-- -- --40670
2/2/2026 1:51:02 PM | * Planetes/Jupiter(var).js-- -- --171
2/2/2026 1:51:02 PM | * Planetes/Jupiter.css-- -- --1182
2/2/2026 1:51:02 PM | * Files/Image/Planetes/jupiter.jpg-- -- --29347
2/2/2026 1:51:02 PM | * WEFiles/Image/WEImage/jupiter-WEb5704ff3ea.jpg-- -- --13385
2/2/2026 1:51:02 PM | * WEFiles/Image/WEImage/Gauche-WE1467c52a67.png-- -- --2718
2/2/2026 1:51:02 PM | * WEFiles/Image/WEImage/Accueil-WE5f75436086.jpg-- -- --3874
2/2/2026 1:51:02 PM | * WEFiles/Image/WEImage/Droite-WE4137f37838.png-- -- --2695
2/2/2026 1:51:02 PM | * Backup/Planetes/Jupiter.dat-- -- --280107
2/2/2026 1:51:02 PM | * Planetes/Jupiter.php-- -- --30328
2/2/2026 1:51:02 PM | * Planetes/Lune(var).js-- -- --239
2/2/2026 1:51:02 PM | * Planetes/Lune.css-- -- --1236
2/2/2026 1:51:02 PM | * Files/Image/Planetes/lune.jpg-- -- --33568
2/2/2026 1:51:02 PM | * WEFiles/Image/WEImage/lune-WEa744dc0aa6.jpg-- -- --11941
2/2/2026 1:51:02 PM | * Backup/Planetes/Lune.dat-- -- --301576
2/2/2026 1:51:02 PM | * Planetes/Lune.php-- -- --30807
2/2/2026 1:51:02 PM | * Planetes/Mars(var).js-- -- --239
2/2/2026 1:51:02 PM | * Planetes/Mars.css-- -- --1236
2/2/2026 1:51:02 PM | * Files/Image/Planetes/mars.jpg-- -- --17775
2/2/2026 1:51:02 PM | * WEFiles/Image/WEImage/mars-WE7824d02237.jpg-- -- --12953
2/2/2026 1:51:02 PM | * Backup/Planetes/Mars.dat-- -- --301227
2/2/2026 1:51:02 PM | * Planetes/Mars.php-- -- --30458
2/2/2026 1:51:02 PM | * Planetes/Mercure(var).js-- -- --239
2/2/2026 1:51:02 PM | * Planetes/Mercure.css-- -- --1236
2/2/2026 1:51:02 PM | * Files/Image/Planetes/mercure.jpg-- -- --42232
2/2/2026 1:51:02 PM | * WEFiles/Image/WEImage/mercure-WEeb1c7c3496.jpg-- -- --13768
2/2/2026 1:51:02 PM | * Backup/Planetes/Mercure.dat-- -- --302114
2/2/2026 1:51:02 PM | * Planetes/Mercure.php-- -- --31239
2/2/2026 1:51:02 PM | * Planetes/Neptune(var).js-- -- --239
2/2/2026 1:51:02 PM | * Planetes/Neptune.css-- -- --1236
2/2/2026 1:51:02 PM | * Files/Image/Planetes/Neptune.jpg-- -- --12751
2/2/2026 1:51:02 PM | * WEFiles/Image/WEImage/Neptune-WE92f6bc3ae0.jpg-- -- --10579
2/2/2026 1:51:02 PM | * Backup/Planetes/Neptune.dat-- -- --301299
2/2/2026 1:51:02 PM | * Planetes/Neptune.php-- -- --30532
2/2/2026 1:51:02 PM | * Planetes/Pluton(var).js-- -- --239
2/2/2026 1:51:02 PM | * Planetes/Pluton.css-- -- --1236
2/2/2026 1:51:02 PM | * Files/Image/Planetes/pluton.jpg-- -- --93930
2/2/2026 1:51:02 PM | * WEFiles/Image/WEImage/pluton-WE09f0021b47.jpg-- -- --12681
2/2/2026 1:51:02 PM | * Backup/Planetes/Pluton.dat-- -- --301229
2/2/2026 1:51:02 PM | * Planetes/Pluton.php-- -- --30464
2/2/2026 1:51:02 PM | * Planetes/Saturne(var).js-- -- --239
2/2/2026 1:51:02 PM | * Planetes/Saturne.css-- -- --1250
2/2/2026 1:51:02 PM | * Files/Image/Planetes/saturne 2.jpg-- -- --3967
2/2/2026 1:51:02 PM | * Backup/Planetes/Saturne.dat-- -- --303218
2/2/2026 1:51:02 PM | * Planetes/Saturne.php-- -- --30493
2/2/2026 1:51:02 PM | * Planetes/Soleil(var).js-- -- --239
2/2/2026 1:51:02 PM | * Planetes/Soleil.css-- -- --1251
2/2/2026 1:51:02 PM | * Files/Image/Planetes/soleil.jpg-- -- --32364
2/2/2026 1:51:02 PM | * WEFiles/Image/WEImage/soleil-WEd7300510eb.jpg-- -- --18014
2/2/2026 1:51:02 PM | * Backup/Planetes/Soleil.dat-- -- --304680
2/2/2026 1:51:02 PM | * Planetes/Soleil.php-- -- --30176
2/2/2026 1:51:02 PM | * Planetes/Uranus(var).js-- -- --239
2/2/2026 1:51:02 PM | * Planetes/Uranus.css-- -- --1251
2/2/2026 1:51:02 PM | * Files/Image/Planetes/Uranus.jpg-- -- --19137
2/2/2026 1:51:02 PM | * WEFiles/Image/WEImage/Uranus-WE574f9e9060.jpg-- -- --13291
2/2/2026 1:51:02 PM | * Backup/Planetes/Uranus.dat-- -- --304436
2/2/2026 1:51:02 PM | * Planetes/Uranus.php-- -- --29890
2/2/2026 1:51:02 PM | * Planetes/Venus(var).js-- -- --239
2/2/2026 1:51:02 PM | * Planetes/Venus.css-- -- --1251
2/2/2026 1:51:02 PM | * Files/Image/Planetes/venus.jpg-- -- --18973
2/2/2026 1:51:02 PM | * WEFiles/Image/WEImage/venus-WE5a03a66b9b.jpg-- -- --12538
2/2/2026 1:51:02 PM | * Backup/Planetes/Venus.dat-- -- --305172
2/2/2026 1:51:02 PM | * Planetes/Venus.php-- -- --30537
2/2/2026 1:51:02 PM | * Banniere1.gif-- -- --238292
2/2/2026 1:51:02 PM | * Banniere2.gif-- -- --168779
2/2/2026 1:51:02 PM | * bl-verification-36063.txt-- -- --25
2/2/2026 1:51:02 PM | * default_index.html-- -- --16768
2/2/2026 1:51:02 PM | * favicon.oe.ico-- -- --257670
2/2/2026 1:51:02 PM | * googleceeeddffd21d0292.html-- -- --53
2/2/2026 1:51:02 PM | * googlee2915bd326f7106a.html-- -- --53
2/2/2026 1:51:02 PM | * index(var).js-- -- --171
2/2/2026 1:51:02 PM | * index.css-- -- --1183
2/2/2026 1:51:02 PM | * Backup/index.dat-- -- --230945
2/2/2026 1:51:02 PM | * index.php-- -- --33630
2/2/2026 1:51:02 PM | * robots.txt-- -- --39
2/2/2026 1:51:02 PM | * sitemap.xml-- -- --26907
2/2/2026 1:51:02 PM | * Files/Other/Jeu-de-tarot-1.ico-- -- --257670
2/2/2026 1:51:02 PM | * Files/Fonts/Aardvark Cafe.eot-- -- --29328
2/2/2026 1:51:02 PM | * Files/Fonts/Aardvark Cafe.ttf-- -- --29088
2/2/2026 1:51:02 PM | * Files/Fonts/Aardvark Cafe.woff-- -- --17936
2/2/2026 1:51:02 PM | * Files/Fonts/Abilane Free Trial.eot-- -- --94684
2/2/2026 1:51:02 PM | * Files/Fonts/Abilane Free Trial.ttf-- -- --94376
2/2/2026 1:51:02 PM | * Files/Fonts/Abilane Free Trial.woff-- -- --23208
2/2/2026 1:51:02 PM | * Files/Fonts/AboveStars.eot-- -- --19814
2/2/2026 1:51:02 PM | * Files/Fonts/AboveStars.ttf-- -- --19568
2/2/2026 1:51:02 PM | * Files/Fonts/AboveStars.woff-- -- --12868
2/2/2026 1:51:02 PM | * Files/Fonts/AcapelaDEMO.eot-- -- --102742
2/2/2026 1:51:02 PM | * Files/Fonts/AcapelaDEMO.ttf-- -- --102516
2/2/2026 1:51:02 PM | * Files/Fonts/AcapelaDEMO.woff-- -- --19504
2/2/2026 1:51:02 PM | * Files/Fonts/Acknesia.eot-- -- --37048
2/2/2026 1:51:02 PM | * Files/Fonts/Acknesia.ttf-- -- --36892
2/2/2026 1:51:02 PM | * Files/Fonts/Acknesia.woff-- -- --23220
2/2/2026 1:51:02 PM | * Files/Fonts/Aclonica Regular.eot-- -- --50764
2/2/2026 1:51:02 PM | * Files/Fonts/Aclonica Regular.ttf-- -- --50576
2/2/2026 1:51:02 PM | * Files/Fonts/Aclonica Regular.woff-- -- --26500
2/2/2026 1:51:02 PM | * Files/Fonts/ActaAmour Regular.eot-- -- --53868
2/2/2026 1:51:02 PM | * Files/Fonts/ActaAmour Regular.ttf-- -- --53672
2/2/2026 1:51:02 PM | * Files/Fonts/ActaAmour Regular.woff-- -- --33344
2/2/2026 1:51:02 PM | * Files/Fonts/Adorable Handmade.eot-- -- --72730
2/2/2026 1:51:02 PM | * Files/Fonts/Adorable Handmade.ttf-- -- --72524
2/2/2026 1:51:02 PM | * Files/Fonts/Adorable Handmade.woff-- -- --33764
2/2/2026 1:51:02 PM | * Files/Fonts/ADVENTURE AWAIT.eot-- -- --31026
2/2/2026 1:51:02 PM | * Files/Fonts/ADVENTURE AWAIT.ttf-- -- --30784
2/2/2026 1:51:02 PM | * Files/Fonts/ADVENTURE AWAIT.woff-- -- --20916
2/2/2026 1:51:02 PM | * Files/Fonts/Aesthetic.eot-- -- --168308
2/2/2026 1:51:02 PM | * Files/Fonts/Aesthetic.ttf-- -- --168132
2/2/2026 1:51:02 PM | * Files/Fonts/Aesthetic.woff-- -- --83632
2/2/2026 1:51:02 PM | * Files/Fonts/Fonts.css-- -- --4403
2/2/2026 1:51:02 PM | * Files/Fonts/Ubuntu Regular.eot-- -- --49202
2/2/2026 1:51:02 PM | * Files/Fonts/Ubuntu Regular.ttf-- -- --49024
2/2/2026 1:51:02 PM | * Files/Fonts/Ubuntu Regular.woff-- -- --26724
2/2/2026 1:51:02 PM | * Templates/Base.css-- -- --4396
2/2/2026 1:51:02 PM | * Templates/Base.php-- -- --25722
2/2/2026 1:51:02 PM | * Backup/Templates/Base.tdat-- -- --1006726
2/2/2026 1:51:02 PM | * Backup/Common/DataFileSyncFtp.xml-- -- --219132
2/2/2026 1:51:02 PM | * Backup/Common/FTPLog.txt-- -- --153601
2/2/2026 1:51:02 PM | * Backup/Common/Garbage.cfg-- -- --1445
2/2/2026 1:51:02 PM | * Backup/Common/Linkmap.cfg-- -- --3690578
2/2/2026 1:51:02 PM | * Backup/Common/Lock.cfg-- -- --441
2/2/2026 1:51:02 PM | * Backup/Common/OEGuideline.cfg-- -- --10934420
2/2/2026 1:51:02 PM | * Backup/Common/online-fonts.htm-- -- --79
2/2/2026 1:51:02 PM | * Backup/Common/Palette.xml-- -- --295
2/2/2026 1:51:02 PM | * Backup/Common/Palette.xml.upd-- -- --10
2/2/2026 1:51:02 PM | * Backup/Common/SiteConfig.cfg-- -- --39403
2/2/2026 1:51:02 PM | * Backup/Common/UploadAllFileList.cfg-- -- --254071
2/2/2026 1:51:02 PM | * Backup/Common/User.cfg-- -- --590
2/2/2026 1:51:02 PM | * Backup/Belline net.ope-- -- --3598
2/2/2026 1:51:24 PM | Debut Mise en ligne différentielle (Site):
2/2/2026 1:51:37 PM | Listing terminé :
2/2/2026 1:51:37 PM | 

2/2/2026 1:51:37 PM | * Planetes-- -- --Folder create
2/2/2026 1:51:37 PM | * Partenaires-- -- --Folder create
2/2/2026 1:51:37 PM | * Paiement-- -- --Folder create
2/2/2026 1:51:37 PM | * Online-- -- --Folder create
2/2/2026 1:51:37 PM | * Online/Templates-- -- --Folder create
2/2/2026 1:51:37 PM | * Methodes-- -- --Folder create
2/2/2026 1:51:37 PM | * Mail-- -- --Folder create
2/2/2026 1:51:37 PM | * Magie-- -- --Folder create
2/2/2026 1:51:37 PM | * Gratuite-- -- --Folder create
2/2/2026 1:51:37 PM | * Dons-- -- --Folder create
2/2/2026 1:51:37 PM | * Domicile-- -- --Folder create
2/2/2026 1:51:37 PM | * CGU-- -- --Folder create
2/2/2026 1:51:37 PM | * Cartomancie-- -- --Folder create
2/2/2026 1:51:37 PM | * Cartomancie/Tarots-- -- --Folder create
2/2/2026 1:51:37 PM | * Cartomancie/Belline-- -- --Folder create
2/2/2026 1:51:37 PM | * Cartomancie/32-cartes-- -- --Folder create
2/2/2026 1:51:37 PM | * Cartomancie/32-cartes/Trefle-- -- --Folder create
2/2/2026 1:51:37 PM | * Cartomancie/32-cartes/Pique-- -- --Folder create
2/2/2026 1:51:37 PM | * Cartomancie/32-cartes/Coeur-- -- --Folder create
2/2/2026 1:51:37 PM | * Cartomancie/32-cartes/Carreau-- -- --Folder create
2/2/2026 1:51:37 PM | * Admin-- -- --Folder create
2/2/2026 1:51:37 PM | * Admin/sounds-- -- --Folder create
2/2/2026 1:51:37 PM | * Backup-- -- --Folder create
2/2/2026 1:51:37 PM | * Templates-- -- --Folder create
2/2/2026 1:51:37 PM | * WEFiles-- -- --Folder create
2/2/2026 1:51:37 PM | * WEFiles/Image-- -- --Folder create
2/2/2026 1:51:37 PM | * WEFiles/Image/WEImage-- -- --Folder create
2/2/2026 1:51:37 PM | * Chat-- -- --Folder create
2/2/2026 1:51:37 PM | * Backup/.htaccess-- -- --33
2/2/2026 1:51:37 PM | * .htaccess-- -- --0
2/2/2026 1:51:37 PM | * Admin/status.css-- -- --0
2/2/2026 1:51:37 PM | * Cartomancie/32-cartes/Carreau/07(var).js-- -- --171
2/2/2026 1:51:37 PM | * Cartomancie/32-cartes/Carreau/07.css-- -- --1196
2/2/2026 1:51:37 PM | * Backup/Cartomancie/32-cartes/Carreau/07.dat-- -- --278233
2/2/2026 1:51:37 PM | * Cartomancie/32-cartes/Carreau/07.php-- -- --29650
2/2/2026 1:51:37 PM | * Cartomancie/32-cartes/Carreau/08(var).js-- -- --171
2/2/2026 1:51:37 PM | * Cartomancie/32-cartes/Carreau/08.css-- -- --1197
2/2/2026 1:51:37 PM | * Backup/Cartomancie/32-cartes/Carreau/08.dat-- -- --279197
2/2/2026 1:51:37 PM | * Cartomancie/32-cartes/Carreau/08.php-- -- --30518
2/2/2026 1:51:37 PM | * Cartomancie/32-cartes/Carreau/09(var).js-- -- --171
2/2/2026 1:51:37 PM | * Cartomancie/32-cartes/Carreau/09.css-- -- --1196
2/2/2026 1:51:37 PM | * Backup/Cartomancie/32-cartes/Carreau/09.dat-- -- --277444
2/2/2026 1:51:37 PM | * Cartomancie/32-cartes/Carreau/09.php-- -- --29304
2/2/2026 1:51:37 PM | * Cartomancie/32-cartes/Carreau/10(var).js-- -- --171
2/2/2026 1:51:37 PM | * Cartomancie/32-cartes/Carreau/10.css-- -- --1196
2/2/2026 1:51:37 PM | * Backup/Cartomancie/32-cartes/Carreau/10.dat-- -- --278108
2/2/2026 1:51:37 PM | * Cartomancie/32-cartes/Carreau/10.php-- -- --29579
2/2/2026 1:51:37 PM | * Cartomancie/32-cartes/Carreau/11-Valet(var).js-- -- --171
2/2/2026 1:51:37 PM | * Cartomancie/32-cartes/Carreau/11-Valet.css-- -- --1196
2/2/2026 1:51:37 PM | * Backup/Cartomancie/32-cartes/Carreau/11-Valet.dat-- -- --278300
2/2/2026 1:51:37 PM | * Cartomancie/32-cartes/Carreau/11-Valet.php-- -- --30176
2/2/2026 1:51:37 PM | * Cartomancie/32-cartes/Carreau/12-Dame(var).js-- -- --171
2/2/2026 1:51:37 PM | * Cartomancie/32-cartes/Carreau/12-Dame.css-- -- --1196
2/2/2026 1:51:37 PM | * Backup/Cartomancie/32-cartes/Carreau/12-Dame.dat-- -- --277737
2/2/2026 1:51:37 PM | * Cartomancie/32-cartes/Carreau/12-Dame.php-- -- --29830
2/2/2026 1:51:37 PM | * Cartomancie/32-cartes/Carreau/13-Roi(var).js-- -- --171
2/2/2026 1:51:37 PM | * Cartomancie/32-cartes/Carreau/13-Roi.css-- -- --1196
2/2/2026 1:51:37 PM | * Backup/Cartomancie/32-cartes/Carreau/13-Roi.dat-- -- --278040
2/2/2026 1:51:37 PM | * Cartomancie/32-cartes/Carreau/13-Roi.php-- -- --29910
2/2/2026 1:51:37 PM | * Cartomancie/32-cartes/Carreau/14-As(var).js-- -- --171
2/2/2026 1:51:37 PM | * Cartomancie/32-cartes/Carreau/14-As.css-- -- --1196
2/2/2026 1:51:37 PM | * Backup/Cartomancie/32-cartes/Carreau/14-As.dat-- -- --278005
2/2/2026 1:51:37 PM | * Cartomancie/32-cartes/Carreau/14-As.php-- -- --29746
2/2/2026 1:51:37 PM | * Cartomancie/32-cartes/Coeur/07(var).js-- -- --171
2/2/2026 1:51:37 PM | * Cartomancie/32-cartes/Coeur/07.css-- -- --1196
2/2/2026 1:51:37 PM | * Backup/Cartomancie/32-cartes/Coeur/07.dat-- -- --277977
2/2/2026 1:51:37 PM | * Cartomancie/32-cartes/Coeur/07.php-- -- --29679
2/2/2026 1:51:37 PM | * Cartomancie/32-cartes/Coeur/08(var).js-- -- --171
2/2/2026 1:51:37 PM | * Cartomancie/32-cartes/Coeur/08.css-- -- --1196
2/2/2026 1:51:37 PM | * Backup/Cartomancie/32-cartes/Coeur/08.dat-- -- --277840
2/2/2026 1:51:37 PM | * Cartomancie/32-cartes/Coeur/08.php-- -- --29532
2/2/2026 1:51:37 PM | * Cartomancie/32-cartes/Coeur/09(var).js-- -- --171
2/2/2026 1:51:37 PM | * Cartomancie/32-cartes/Coeur/09.css-- -- --1196
2/2/2026 1:51:37 PM | * Backup/Cartomancie/32-cartes/Coeur/09.dat-- -- --277886
2/2/2026 1:51:37 PM | * Cartomancie/32-cartes/Coeur/09.php-- -- --29578
2/2/2026 1:51:37 PM | * Cartomancie/32-cartes/Coeur/10(var).js-- -- --171
2/2/2026 1:51:37 PM | * Cartomancie/32-cartes/Coeur/10.css-- -- --1211
2/2/2026 1:51:37 PM | * Backup/Cartomancie/32-cartes/Coeur/10.dat-- -- --284142
2/2/2026 1:51:37 PM | * Cartomancie/32-cartes/Coeur/10.php-- -- --30249
2/2/2026 1:51:37 PM | * Cartomancie/32-cartes/Coeur/11-Valet(var).js-- -- --171
2/2/2026 1:51:37 PM | * Cartomancie/32-cartes/Coeur/11-Valet.css-- -- --1196
2/2/2026 1:51:37 PM | * Backup/Cartomancie/32-cartes/Coeur/11-Valet.dat-- -- --278378
2/2/2026 1:51:37 PM | * Cartomancie/32-cartes/Coeur/11-Valet.php-- -- --30088
2/2/2026 1:51:37 PM | * Cartomancie/32-cartes/Coeur/12-Dame(var).js-- -- --171
2/2/2026 1:51:37 PM | * Cartomancie/32-cartes/Coeur/12-Dame.css-- -- --1196
2/2/2026 1:51:37 PM | * Backup/Cartomancie/32-cartes/Coeur/12-Dame.dat-- -- --277992
2/2/2026 1:51:37 PM | * Cartomancie/32-cartes/Coeur/12-Dame.php-- -- --29699
2/2/2026 1:51:37 PM | * Cartomancie/32-cartes/Coeur/13-Roi(var).js-- -- --103
2/2/2026 1:51:37 PM | * Cartomancie/32-cartes/Coeur/13-Roi.css-- -- --1143
2/2/2026 1:51:37 PM | * Backup/Cartomancie/32-cartes/Coeur/13-Roi.dat-- -- --255808
2/2/2026 1:51:37 PM | * Cartomancie/32-cartes/Coeur/13-Roi.php-- -- --30091
2/2/2026 1:51:37 PM | * Cartomancie/32-cartes/Coeur/14-As(var).js-- -- --103
2/2/2026 1:51:37 PM | * Cartomancie/32-cartes/Coeur/14-As.css-- -- --1143
2/2/2026 1:51:37 PM | * Backup/Cartomancie/32-cartes/Coeur/14-As.dat-- -- --255095
2/2/2026 1:51:37 PM | * Cartomancie/32-cartes/Coeur/14-As.php-- -- --29487
2/2/2026 1:51:37 PM | * Cartomancie/32-cartes/Pique/07(var).js-- -- --239
2/2/2026 1:51:37 PM | * Cartomancie/32-cartes/Pique/07.css-- -- --1249
2/2/2026 1:51:37 PM | * Backup/Cartomancie/32-cartes/Pique/07.dat-- -- --299014
2/2/2026 1:51:37 PM | * Cartomancie/32-cartes/Pique/07.php-- -- --29731
2/2/2026 1:51:37 PM | * Cartomancie/32-cartes/Pique/08(var).js-- -- --171
2/2/2026 1:51:37 PM | * Cartomancie/32-cartes/Pique/08.css-- -- --1196
2/2/2026 1:51:37 PM | * Backup/Cartomancie/32-cartes/Pique/08.dat-- -- --280545
2/2/2026 1:51:37 PM | * Cartomancie/32-cartes/Pique/08.php-- -- --30322
2/2/2026 1:51:37 PM | * Cartomancie/32-cartes/Pique/09(var).js-- -- --171
2/2/2026 1:51:37 PM | * Cartomancie/32-cartes/Pique/09.css-- -- --1196
2/2/2026 1:51:37 PM | * Backup/Cartomancie/32-cartes/Pique/09.dat-- -- --278107
2/2/2026 1:51:37 PM | * Cartomancie/32-cartes/Pique/09.php-- -- --29876
2/2/2026 1:51:37 PM | * Cartomancie/32-cartes/Pique/10(var).js-- -- --171
2/2/2026 1:51:37 PM | * Cartomancie/32-cartes/Pique/10.css-- -- --1196
2/2/2026 1:51:37 PM | * Backup/Cartomancie/32-cartes/Pique/10.dat-- -- --277812
2/2/2026 1:51:37 PM | * Cartomancie/32-cartes/Pique/10.php-- -- --29551
2/2/2026 1:51:37 PM | * Cartomancie/32-cartes/Pique/11-Valet(var).js-- -- --171
2/2/2026 1:51:37 PM | * Cartomancie/32-cartes/Pique/11-Valet.css-- -- --1197
2/2/2026 1:51:37 PM | * Backup/Cartomancie/32-cartes/Pique/11-Valet.dat-- -- --277946
2/2/2026 1:51:37 PM | * Cartomancie/32-cartes/Pique/11-Valet.php-- -- --29702
2/2/2026 1:51:37 PM | * Cartomancie/32-cartes/Pique/12-Dame(var).js-- -- --171
2/2/2026 1:51:37 PM | * Cartomancie/32-cartes/Pique/12-Dame.css-- -- --1197
2/2/2026 1:51:37 PM | * Backup/Cartomancie/32-cartes/Pique/12-Dame.dat-- -- --278107
2/2/2026 1:51:37 PM | * Cartomancie/32-cartes/Pique/12-Dame.php-- -- --29860
2/2/2026 1:51:37 PM | * Cartomancie/32-cartes/Pique/13-Roi(var).js-- -- --171
2/2/2026 1:51:37 PM | * Cartomancie/32-cartes/Pique/13-Roi.css-- -- --1196
2/2/2026 1:51:37 PM | * Backup/Cartomancie/32-cartes/Pique/13-Roi.dat-- -- --278324
2/2/2026 1:51:37 PM | * Cartomancie/32-cartes/Pique/13-Roi.php-- -- --30071
2/2/2026 1:51:37 PM | * Cartomancie/32-cartes/Pique/14-As(var).js-- -- --103
2/2/2026 1:51:37 PM | * Cartomancie/32-cartes/Pique/14-As.css-- -- --1143
2/2/2026 1:51:37 PM | * Backup/Cartomancie/32-cartes/Pique/14-As.dat-- -- --255319
2/2/2026 1:51:37 PM | * Cartomancie/32-cartes/Pique/14-As.php-- -- --29695
2/2/2026 1:51:37 PM | * Cartomancie/32-cartes/Trefle/07(var).js-- -- --171
2/2/2026 1:51:37 PM | * Cartomancie/32-cartes/Trefle/07.css-- -- --1274
2/2/2026 1:51:37 PM | * Backup/Cartomancie/32-cartes/Trefle/07.dat-- -- --278687
2/2/2026 1:51:37 PM | * Cartomancie/32-cartes/Trefle/07.php-- -- --30355
2/2/2026 1:51:37 PM | * Cartomancie/32-cartes/Trefle/08(var).js-- -- --171
2/2/2026 1:51:37 PM | * Cartomancie/32-cartes/Trefle/08.css-- -- --1273
2/2/2026 1:51:37 PM | * Backup/Cartomancie/32-cartes/Trefle/08.dat-- -- --278708
2/2/2026 1:51:37 PM | * Cartomancie/32-cartes/Trefle/08.php-- -- --30368
2/2/2026 1:51:37 PM | * Cartomancie/32-cartes/Trefle/09(var).js-- -- --171
2/2/2026 1:51:37 PM | * Cartomancie/32-cartes/Trefle/09.css-- -- --1274
2/2/2026 1:51:37 PM | * Backup/Cartomancie/32-cartes/Trefle/09.dat-- -- --278085
2/2/2026 1:51:37 PM | * Cartomancie/32-cartes/Trefle/09.php-- -- --29744
2/2/2026 1:51:37 PM | * Cartomancie/32-cartes/Trefle/10(var).js-- -- --171
2/2/2026 1:51:37 PM | * Cartomancie/32-cartes/Trefle/10.css-- -- --1274
2/2/2026 1:51:37 PM | * Backup/Cartomancie/32-cartes/Trefle/10.dat-- -- --278158
2/2/2026 1:51:37 PM | * Cartomancie/32-cartes/Trefle/10.php-- -- --29817
2/2/2026 1:51:37 PM | * Cartomancie/32-cartes/Trefle/11-Valet(var).js-- -- --171
2/2/2026 1:51:37 PM | * Cartomancie/32-cartes/Trefle/11-Valet.css-- -- --1273
2/2/2026 1:51:37 PM | * Backup/Cartomancie/32-cartes/Trefle/11-Valet.dat-- -- --278223
2/2/2026 1:51:37 PM | * Cartomancie/32-cartes/Trefle/11-Valet.php-- -- --29900
2/2/2026 1:51:37 PM | * Cartomancie/32-cartes/Trefle/12-Dame(var).js-- -- --171
2/2/2026 1:51:37 PM | * Cartomancie/32-cartes/Trefle/12-Dame.css-- -- --1273
2/2/2026 1:51:37 PM | * Backup/Cartomancie/32-cartes/Trefle/12-Dame.dat-- -- --278052
2/2/2026 1:51:37 PM | * Cartomancie/32-cartes/Trefle/12-Dame.php-- -- --29727
2/2/2026 1:51:37 PM | * Cartomancie/32-cartes/Trefle/13-Roi(var).js-- -- --171
2/2/2026 1:51:37 PM | * Cartomancie/32-cartes/Trefle/13-Roi.css-- -- --1274
2/2/2026 1:51:37 PM | * Backup/Cartomancie/32-cartes/Trefle/13-Roi.dat-- -- --277772
2/2/2026 1:51:37 PM | * Cartomancie/32-cartes/Trefle/13-Roi.php-- -- --29443
2/2/2026 1:51:37 PM | * Cartomancie/32-cartes/Trefle/14-As(var).js-- -- --171
2/2/2026 1:51:37 PM | * Cartomancie/32-cartes/Trefle/14-As.css-- -- --1273
2/2/2026 1:51:37 PM | * Backup/Cartomancie/32-cartes/Trefle/14-As.dat-- -- --277993
2/2/2026 1:51:37 PM | * Cartomancie/32-cartes/Trefle/14-As.php-- -- --29662
2/2/2026 1:51:37 PM | * Cartomancie/32-cartes/Accueil(var).js-- -- --171
2/2/2026 1:51:37 PM | * Cartomancie/32-cartes/Accueil.css-- -- --5807
2/2/2026 1:51:37 PM | * Backup/Cartomancie/32-cartes/Accueil.dat-- -- --1364076
2/2/2026 1:51:37 PM | * Cartomancie/32-cartes/Accueil.php-- -- --50753
2/2/2026 1:51:37 PM | * Cartomancie/Belline/01-Bleu(var).js-- -- --171
2/2/2026 1:51:37 PM | * Cartomancie/Belline/01-Bleu.css-- -- --1273
2/2/2026 1:51:37 PM | * Backup/Cartomancie/Belline/01-Bleu.dat-- -- --279645
2/2/2026 1:51:37 PM | * Cartomancie/Belline/01-Bleu.php-- -- --29255
2/2/2026 1:51:37 PM | * Cartomancie/Belline/02-Destinee(var).js-- -- --171
2/2/2026 1:51:37 PM | * Cartomancie/Belline/02-Destinee.css-- -- --1273
2/2/2026 1:51:37 PM | * Backup/Cartomancie/Belline/02-Destinee.dat-- -- --279977
2/2/2026 1:51:37 PM | * Cartomancie/Belline/02-Destinee.php-- -- --29591
2/2/2026 1:51:37 PM | * Cartomancie/Belline/03-Homme(var).js-- -- --171
2/2/2026 1:51:37 PM | * Cartomancie/Belline/03-Homme.css-- -- --1273
2/2/2026 1:51:37 PM | * Backup/Cartomancie/Belline/03-Homme.dat-- -- --280141
2/2/2026 1:51:37 PM | * Cartomancie/Belline/03-Homme.php-- -- --29740
2/2/2026 1:51:37 PM | * Cartomancie/Belline/04-Femme(var).js-- -- --171
2/2/2026 1:51:37 PM | * Cartomancie/Belline/04-Femme.css-- -- --1273
2/2/2026 1:51:37 PM | * Backup/Cartomancie/Belline/04-Femme.dat-- -- --279738
2/2/2026 1:51:37 PM | * Cartomancie/Belline/04-Femme.php-- -- --29333
2/2/2026 1:51:37 PM | * Cartomancie/Belline/05-Nativite(var).js-- -- --171
2/2/2026 1:51:37 PM | * Cartomancie/Belline/05-Nativite.css-- -- --1273
2/2/2026 1:51:37 PM | * Backup/Cartomancie/Belline/05-Nativite.dat-- -- --279973
2/2/2026 1:51:37 PM | * Cartomancie/Belline/05-Nativite.php-- -- --29602
2/2/2026 1:51:37 PM | * Cartomancie/Belline/06-Reussite(var).js-- -- --171
2/2/2026 1:51:37 PM | * Cartomancie/Belline/06-Reussite.css-- -- --1273
2/2/2026 1:51:37 PM | * Backup/Cartomancie/Belline/06-Reussite.dat-- -- --280262
2/2/2026 1:51:37 PM | * Cartomancie/Belline/06-Reussite.php-- -- --29796
2/2/2026 1:51:37 PM | * Cartomancie/Belline/07-Elevation(var).js-- -- --171
2/2/2026 1:51:37 PM | * Cartomancie/Belline/07-Elevation.css-- -- --1273
2/2/2026 1:51:37 PM | * Backup/Cartomancie/Belline/07-Elevation.dat-- -- --280125
2/2/2026 1:51:37 PM | * Cartomancie/Belline/07-Elevation.php-- -- --29735
2/2/2026 1:51:37 PM | * Cartomancie/Belline/08-Honneurs(var).js-- -- --171
2/2/2026 1:51:37 PM | * Cartomancie/Belline/08-Honneurs.css-- -- --1274
2/2/2026 1:51:37 PM | * Backup/Cartomancie/Belline/08-Honneurs.dat-- -- --280170
2/2/2026 1:51:37 PM | * Cartomancie/Belline/08-Honneurs.php-- -- --29729
2/2/2026 1:51:37 PM | * Cartomancie/Belline/09-Pensee(var).js-- -- --171
2/2/2026 1:51:37 PM | * Cartomancie/Belline/09-Pensee.css-- -- --1273
2/2/2026 1:51:37 PM | * Backup/Cartomancie/Belline/09-Pensee.dat-- -- --280200
2/2/2026 1:51:37 PM | * Cartomancie/Belline/09-Pensee.php-- -- --29813
2/2/2026 1:51:37 PM | * Cartomancie/Belline/10-Campagne(var).js-- -- --171
2/2/2026 1:51:37 PM | * Cartomancie/Belline/10-Campagne.css-- -- --1273
2/2/2026 1:51:37 PM | * Backup/Cartomancie/Belline/10-Campagne.dat-- -- --280039
2/2/2026 1:51:37 PM | * Cartomancie/Belline/10-Campagne.php-- -- --29703
2/2/2026 1:51:37 PM | * Cartomancie/Belline/11-Presents(var).js-- -- --171
2/2/2026 1:51:37 PM | * Cartomancie/Belline/11-Presents.css-- -- --1274
2/2/2026 1:51:37 PM | * Backup/Cartomancie/Belline/11-Presents.dat-- -- --280163
2/2/2026 1:51:37 PM | * Cartomancie/Belline/11-Presents.php-- -- --29725
2/2/2026 1:51:37 PM | * Cartomancie/Belline/12-Trahison(var).js-- -- --171
2/2/2026 1:51:37 PM | * Cartomancie/Belline/12-Trahison.css-- -- --1273
2/2/2026 1:51:37 PM | * Backup/Cartomancie/Belline/12-Trahison.dat-- -- --280085
2/2/2026 1:51:37 PM | * Cartomancie/Belline/12-Trahison.php-- -- --29731
2/2/2026 1:51:37 PM | * Cartomancie/Belline/13-Depart(var).js-- -- --171
2/2/2026 1:51:37 PM | * Cartomancie/Belline/13-Depart.css-- -- --1273
2/2/2026 1:51:37 PM | * Backup/Cartomancie/Belline/13-Depart.dat-- -- --279967
2/2/2026 1:51:37 PM | * Cartomancie/Belline/13-Depart.php-- -- --29600
2/2/2026 1:51:37 PM | * Cartomancie/Belline/14-Inconstance(var).js-- -- --171
2/2/2026 1:51:37 PM | * Cartomancie/Belline/14-Inconstance.css-- -- --1274
2/2/2026 1:51:37 PM | * Backup/Cartomancie/Belline/14-Inconstance.dat-- -- --280304
2/2/2026 1:51:37 PM | * Cartomancie/Belline/14-Inconstance.php-- -- --29963
2/2/2026 1:51:37 PM | * Cartomancie/Belline/15-Decouverte(var).js-- -- --171
2/2/2026 1:51:37 PM | * Cartomancie/Belline/15-Decouverte.css-- -- --1274
2/2/2026 1:51:37 PM | * Backup/Cartomancie/Belline/15-Decouverte.dat-- -- --280613
2/2/2026 1:51:37 PM | * Cartomancie/Belline/15-Decouverte.php-- -- --30279
2/2/2026 1:51:37 PM | * Cartomancie/Belline/16-Eau(var).js-- -- --171
2/2/2026 1:51:37 PM | * Cartomancie/Belline/16-Eau.css-- -- --1273
2/2/2026 1:51:37 PM | * Backup/Cartomancie/Belline/16-Eau.dat-- -- --280105
2/2/2026 1:51:37 PM | * Cartomancie/Belline/16-Eau.php-- -- --29732
2/2/2026 1:51:37 PM | * Cartomancie/Belline/17-Penates(var).js-- -- --171
2/2/2026 1:51:37 PM | * Cartomancie/Belline/17-Penates.css-- -- --1273
2/2/2026 1:51:37 PM | * Backup/Cartomancie/Belline/17-Penates.dat-- -- --280277
2/2/2026 1:51:37 PM | * Cartomancie/Belline/17-Penates.php-- -- --29912
2/2/2026 1:51:37 PM | * Cartomancie/Belline/18-Maladie(var).js-- -- --171
2/2/2026 1:51:37 PM | * Cartomancie/Belline/18-Maladie.css-- -- --1273
2/2/2026 1:51:37 PM | * Backup/Cartomancie/Belline/18-Maladie.dat-- -- --280043
2/2/2026 1:51:37 PM | * Cartomancie/Belline/18-Maladie.php-- -- --29583
2/2/2026 1:51:37 PM | * Cartomancie/Belline/19-Changement(var).js-- -- --171
2/2/2026 1:51:37 PM | * Cartomancie/Belline/19-Changement.css-- -- --1273
2/2/2026 1:51:37 PM | * Backup/Cartomancie/Belline/19-Changement.dat-- -- --280213
2/2/2026 1:51:37 PM | * Cartomancie/Belline/19-Changement.php-- -- --29871
2/2/2026 1:51:37 PM | * Cartomancie/Belline/20-Argent(var).js-- -- --171
2/2/2026 1:51:37 PM | * Cartomancie/Belline/20-Argent.css-- -- --1273
2/2/2026 1:51:37 PM | * Backup/Cartomancie/Belline/20-Argent.dat-- -- --279808
2/2/2026 1:51:37 PM | * Cartomancie/Belline/20-Argent.php-- -- --29458
2/2/2026 1:51:37 PM | * Cartomancie/Belline/21-Intelligence(var).js-- -- --171
2/2/2026 1:51:37 PM | * Cartomancie/Belline/21-Intelligence.css-- -- --1273
2/2/2026 1:51:37 PM | * Backup/Cartomancie/Belline/21-Intelligence.dat-- -- --280269
2/2/2026 1:51:37 PM | * Cartomancie/Belline/21-Intelligence.php-- -- --29931
2/2/2026 1:51:37 PM | * Cartomancie/Belline/22-Vol(var).js-- -- --171
2/2/2026 1:51:37 PM | * Cartomancie/Belline/22-Vol.css-- -- --1273
2/2/2026 1:51:37 PM | * Backup/Cartomancie/Belline/22-Vol.dat-- -- --279645
2/2/2026 1:51:37 PM | * Cartomancie/Belline/22-Vol.php-- -- --29618
2/2/2026 1:51:37 PM | * Cartomancie/Belline/23-Entreprises(var).js-- -- --171
2/2/2026 1:51:37 PM | * Cartomancie/Belline/23-Entreprises.css-- -- --1273
2/2/2026 1:51:37 PM | * Backup/Cartomancie/Belline/23-Entreprises.dat-- -- --278282
2/2/2026 1:51:37 PM | * Cartomancie/Belline/23-Entreprises.php-- -- --29627
2/2/2026 1:51:37 PM | * Cartomancie/Belline/24-Trafic(var).js-- -- --171
2/2/2026 1:51:37 PM | * Cartomancie/Belline/24-Trafic.css-- -- --1273
2/2/2026 1:51:37 PM | * Backup/Cartomancie/Belline/24-Trafic.dat-- -- --279936
2/2/2026 1:51:37 PM | * Cartomancie/Belline/24-Trafic.php-- -- --29586
2/2/2026 1:51:37 PM | * Cartomancie/Belline/25-Nouvelle(var).js-- -- --171
2/2/2026 1:51:37 PM | * Cartomancie/Belline/25-Nouvelle.css-- -- --1273
2/2/2026 1:51:37 PM | * Backup/Cartomancie/Belline/25-Nouvelle.dat-- -- --279638
2/2/2026 1:51:37 PM | * Cartomancie/Belline/25-Nouvelle.php-- -- --29301
2/2/2026 1:51:37 PM | * Cartomancie/Belline/26-Plaisirs(var).js-- -- --171
2/2/2026 1:51:37 PM | * Cartomancie/Belline/26-Plaisirs.css-- -- --1274
2/2/2026 1:51:37 PM | * Backup/Cartomancie/Belline/26-Plaisirs.dat-- -- --279841
2/2/2026 1:51:37 PM | * Cartomancie/Belline/26-Plaisirs.php-- -- --29503
2/2/2026 1:51:37 PM | * Cartomancie/Belline/27-Paix(var).js-- -- --171
2/2/2026 1:51:37 PM | * Cartomancie/Belline/27-Paix.css-- -- --1273
2/2/2026 1:51:37 PM | * Backup/Cartomancie/Belline/27-Paix.dat-- -- --280325
2/2/2026 1:51:37 PM | * Cartomancie/Belline/27-Paix.php-- -- --29980
2/2/2026 1:51:37 PM | * Cartomancie/Belline/28-Union(var).js-- -- --171
2/2/2026 1:51:37 PM | * Cartomancie/Belline/28-Union.css-- -- --1273
2/2/2026 1:51:37 PM | * Backup/Cartomancie/Belline/28-Union.dat-- -- --279818
2/2/2026 1:51:37 PM | * Cartomancie/Belline/28-Union.php-- -- --29445
2/2/2026 1:51:37 PM | * Cartomancie/Belline/29-Famille(var).js-- -- --171
2/2/2026 1:51:37 PM | * Cartomancie/Belline/29-Famille.css-- -- --1273
2/2/2026 1:51:37 PM | * Backup/Cartomancie/Belline/29-Famille.dat-- -- --279929
2/2/2026 1:51:37 PM | * Cartomancie/Belline/29-Famille.php-- -- --29590
2/2/2026 1:51:37 PM | * Cartomancie/Belline/30-Amor(var).js-- -- --171
2/2/2026 1:51:37 PM | * Cartomancie/Belline/30-Amor.css-- -- --1274
2/2/2026 1:51:37 PM | * Backup/Cartomancie/Belline/30-Amor.dat-- -- --279918
2/2/2026 1:51:37 PM | * Cartomancie/Belline/30-Amor.php-- -- --29571
2/2/2026 1:51:37 PM | * Cartomancie/Belline/31-Table(var).js-- -- --171
2/2/2026 1:51:37 PM | * Cartomancie/Belline/31-Table.css-- -- --1273
2/2/2026 1:51:37 PM | * Backup/Cartomancie/Belline/31-Table.dat-- -- --279902
2/2/2026 1:51:37 PM | * Cartomancie/Belline/31-Table.php-- -- --29559
2/2/2026 1:51:37 PM | * Cartomancie/Belline/32-Passions(var).js-- -- --171
2/2/2026 1:51:37 PM | * Cartomancie/Belline/32-Passions.css-- -- --1274
2/2/2026 1:51:37 PM | * Backup/Cartomancie/Belline/32-Passions.dat-- -- --280306
2/2/2026 1:51:37 PM | * Cartomancie/Belline/32-Passions.php-- -- --29968
2/2/2026 1:51:37 PM | * Cartomancie/Belline/33-Mechancete(var).js-- -- --239
2/2/2026 1:51:37 PM | * Cartomancie/Belline/33-Mechancete.css-- -- --1327
2/2/2026 1:51:37 PM | * Backup/Cartomancie/Belline/33-Mechancete.dat-- -- --300765
2/2/2026 1:51:37 PM | * Cartomancie/Belline/33-Mechancete.php-- -- --29509
2/2/2026 1:51:37 PM | * Cartomancie/Belline/34-Proces(var).js-- -- --171
2/2/2026 1:51:37 PM | * Cartomancie/Belline/34-Proces.css-- -- --1274
2/2/2026 1:51:37 PM | * Backup/Cartomancie/Belline/34-Proces.dat-- -- --279868
2/2/2026 1:51:37 PM | * Cartomancie/Belline/34-Proces.php-- -- --29526
2/2/2026 1:51:37 PM | * Cartomancie/Belline/35-Despotisme(var).js-- -- --171
2/2/2026 1:51:37 PM | * Cartomancie/Belline/35-Despotisme.css-- -- --1274
2/2/2026 1:51:37 PM | * Backup/Cartomancie/Belline/35-Despotisme.dat-- -- --280026
2/2/2026 1:51:37 PM | * Cartomancie/Belline/35-Despotisme.php-- -- --29683
2/2/2026 1:51:37 PM | * Cartomancie/Belline/36-Ennemis(var).js-- -- --171
2/2/2026 1:51:37 PM | * Cartomancie/Belline/36-Ennemis.css-- -- --1273
2/2/2026 1:51:37 PM | * Backup/Cartomancie/Belline/36-Ennemis.dat-- -- --279966
2/2/2026 1:51:37 PM | * Cartomancie/Belline/36-Ennemis.php-- -- --29618
2/2/2026 1:51:37 PM | * Cartomancie/Belline/37-Pourparlers(var).js-- -- --171
2/2/2026 1:51:37 PM | * Cartomancie/Belline/37-Pourparlers.css-- -- --1274
2/2/2026 1:51:37 PM | * Backup/Cartomancie/Belline/37-Pourparlers.dat-- -- --280030
2/2/2026 1:51:37 PM | * Cartomancie/Belline/37-Pourparlers.php-- -- --29698
2/2/2026 1:51:37 PM | * Cartomancie/Belline/38-Feu(var).js-- -- --171
2/2/2026 1:51:37 PM | * Cartomancie/Belline/38-Feu.css-- -- --1273
2/2/2026 1:51:37 PM | * Backup/Cartomancie/Belline/38-Feu.dat-- -- --279955
2/2/2026 1:51:37 PM | * Cartomancie/Belline/38-Feu.php-- -- --29608
2/2/2026 1:51:37 PM | * Cartomancie/Belline/39-Accident(var).js-- -- --171
2/2/2026 1:51:37 PM | * Cartomancie/Belline/39-Accident.css-- -- --1273
2/2/2026 1:51:37 PM | * Backup/Cartomancie/Belline/39-Accident.dat-- -- --280107
2/2/2026 1:51:37 PM | * Cartomancie/Belline/39-Accident.php-- -- --29753
2/2/2026 1:51:37 PM | * Cartomancie/Belline/40-Appui(var).js-- -- --171
2/2/2026 1:51:37 PM | * Cartomancie/Belline/40-Appui.css-- -- --1274
2/2/2026 1:51:37 PM | * Backup/Cartomancie/Belline/40-Appui.dat-- -- --279884
2/2/2026 1:51:37 PM | * Cartomancie/Belline/40-Appui.php-- -- --29540
2/2/2026 1:51:37 PM | * Cartomancie/Belline/41-Beaute(var).js-- -- --171
2/2/2026 1:51:37 PM | * Cartomancie/Belline/41-Beaute.css-- -- --1273
2/2/2026 1:51:37 PM | * Backup/Cartomancie/Belline/41-Beaute.dat-- -- --279622
2/2/2026 1:51:37 PM | * Cartomancie/Belline/41-Beaute.php-- -- --29696
2/2/2026 1:51:37 PM | * Cartomancie/Belline/42-Heritage(var).js-- -- --171
2/2/2026 1:51:37 PM | * Cartomancie/Belline/42-Heritage.css-- -- --1273
2/2/2026 1:51:37 PM | * Backup/Cartomancie/Belline/42-Heritage.dat-- -- --279984
2/2/2026 1:51:37 PM | * Cartomancie/Belline/42-Heritage.php-- -- --29638
2/2/2026 1:51:37 PM | * Cartomancie/Belline/43-Sagesse(var).js-- -- --171
2/2/2026 1:51:37 PM | * Cartomancie/Belline/43-Sagesse.css-- -- --1273
2/2/2026 1:51:37 PM | * Backup/Cartomancie/Belline/43-Sagesse.dat-- -- --280071
2/2/2026 1:51:37 PM | * Cartomancie/Belline/43-Sagesse.php-- -- --29628
2/2/2026 1:51:37 PM | * Cartomancie/Belline/44-Renommee(var).js-- -- --171
2/2/2026 1:51:37 PM | * Cartomancie/Belline/44-Renommee.css-- -- --1273
2/2/2026 1:51:37 PM | * Backup/Cartomancie/Belline/44-Renommee.dat-- -- --279987
2/2/2026 1:51:37 PM | * Cartomancie/Belline/44-Renommee.php-- -- --29641
2/2/2026 1:51:37 PM | * Cartomancie/Belline/45-Hasard(var).js-- -- --171
2/2/2026 1:51:37 PM | * Cartomancie/Belline/45-Hasard.css-- -- --1273
2/2/2026 1:51:37 PM | * Backup/Cartomancie/Belline/45-Hasard.dat-- -- --280066
2/2/2026 1:51:37 PM | * Cartomancie/Belline/45-Hasard.php-- -- --29621
2/2/2026 1:51:37 PM | * Cartomancie/Belline/46-Bonheur(var).js-- -- --171
2/2/2026 1:51:37 PM | * Cartomancie/Belline/46-Bonheur.css-- -- --1273
2/2/2026 1:51:37 PM | * Backup/Cartomancie/Belline/46-Bonheur.dat-- -- --279832
2/2/2026 1:51:37 PM | * Cartomancie/Belline/46-Bonheur.php-- -- --29484
2/2/2026 1:51:37 PM | * Cartomancie/Belline/47-Infortune(var).js-- -- --171
2/2/2026 1:51:37 PM | * Cartomancie/Belline/47-Infortune.css-- -- --1273
2/2/2026 1:51:37 PM | * Backup/Cartomancie/Belline/47-Infortune.dat-- -- --280238
2/2/2026 1:51:37 PM | * Cartomancie/Belline/47-Infortune.php-- -- --29894
2/2/2026 1:51:37 PM | * Cartomancie/Belline/48-Sterilite(var).js-- -- --171
2/2/2026 1:51:37 PM | * Cartomancie/Belline/48-Sterilite.css-- -- --1274
2/2/2026 1:51:37 PM | * Backup/Cartomancie/Belline/48-Sterilite.dat-- -- --279948
2/2/2026 1:51:37 PM | * Cartomancie/Belline/48-Sterilite.php-- -- --29603
2/2/2026 1:51:37 PM | * Cartomancie/Belline/49-Fatalite(var).js-- -- --171
2/2/2026 1:51:37 PM | * Cartomancie/Belline/49-Fatalite.css-- -- --1274
2/2/2026 1:51:37 PM | * Backup/Cartomancie/Belline/49-Fatalite.dat-- -- --280143
2/2/2026 1:51:37 PM | * Cartomancie/Belline/49-Fatalite.php-- -- --29795
2/2/2026 1:51:37 PM | * Cartomancie/Belline/50-Grace(var).js-- -- --171
2/2/2026 1:51:37 PM | * Cartomancie/Belline/50-Grace.css-- -- --1273
2/2/2026 1:51:37 PM | * Backup/Cartomancie/Belline/50-Grace.dat-- -- --280172
2/2/2026 1:51:37 PM | * Cartomancie/Belline/50-Grace.php-- -- --29803
2/2/2026 1:51:37 PM | * Cartomancie/Belline/51-Ruine(var).js-- -- --171
2/2/2026 1:51:37 PM | * Cartomancie/Belline/51-Ruine.css-- -- --1273
2/2/2026 1:51:37 PM | * Backup/Cartomancie/Belline/51-Ruine.dat-- -- --280475
2/2/2026 1:51:37 PM | * Cartomancie/Belline/51-Ruine.php-- -- --30106
2/2/2026 1:51:37 PM | * Cartomancie/Belline/52-Retard(var).js-- -- --171
2/2/2026 1:51:37 PM | * Cartomancie/Belline/52-Retard.css-- -- --1273
2/2/2026 1:51:37 PM | * Backup/Cartomancie/Belline/52-Retard.dat-- -- --279600
2/2/2026 1:51:37 PM | * Cartomancie/Belline/52-Retard.php-- -- --29242
2/2/2026 1:51:37 PM | * Cartomancie/Belline/53-Cloitre(var).js-- -- --171
2/2/2026 1:51:37 PM | * Cartomancie/Belline/53-Cloitre.css-- -- --1273
2/2/2026 1:51:37 PM | * Backup/Cartomancie/Belline/53-Cloitre.dat-- -- --280107
2/2/2026 1:51:37 PM | * Cartomancie/Belline/53-Cloitre.php-- -- --29742
2/2/2026 1:51:37 PM | * Cartomancie/Belline/Accueil(var).js-- -- --171
2/2/2026 1:51:37 PM | * Cartomancie/Belline/Accueil.css-- -- --8991
2/2/2026 1:51:37 PM | * Backup/Cartomancie/Belline/Accueil.dat-- -- --2231345
2/2/2026 1:51:37 PM | * Cartomancie/Belline/Accueil.php-- -- --64215
2/2/2026 1:51:37 PM | * Cartomancie/Tarots/01-Fou(var).js-- -- --171
2/2/2026 1:51:37 PM | * Cartomancie/Tarots/01-Fou.css-- -- --1196
2/2/2026 1:51:37 PM | * Backup/Cartomancie/Tarots/01-Fou.dat-- -- --280282
2/2/2026 1:51:37 PM | * Cartomancie/Tarots/01-Fou.php-- -- --29990
2/2/2026 1:51:37 PM | * Cartomancie/Tarots/02-Bateleur(var).js-- -- --171
2/2/2026 1:51:37 PM | * Cartomancie/Tarots/02-Bateleur.css-- -- --1196
2/2/2026 1:51:37 PM | * Backup/Cartomancie/Tarots/02-Bateleur.dat-- -- --279858
2/2/2026 1:51:37 PM | * Cartomancie/Tarots/02-Bateleur.php-- -- --29578
2/2/2026 1:51:37 PM | * Cartomancie/Tarots/03-Papesse(var).js-- -- --171
2/2/2026 1:51:37 PM | * Cartomancie/Tarots/03-Papesse.css-- -- --1196
2/2/2026 1:51:37 PM | * Backup/Cartomancie/Tarots/03-Papesse.dat-- -- --280097
2/2/2026 1:51:37 PM | * Cartomancie/Tarots/03-Papesse.php-- -- --29804
2/2/2026 1:51:37 PM | * Cartomancie/Tarots/04-Imperatrice(var).js-- -- --171
2/2/2026 1:51:37 PM | * Cartomancie/Tarots/04-Imperatrice.css-- -- --1196
2/2/2026 1:51:37 PM | * Backup/Cartomancie/Tarots/04-Imperatrice.dat-- -- --280707
2/2/2026 1:51:37 PM | * Cartomancie/Tarots/04-Imperatrice.php-- -- --30336
2/2/2026 1:51:37 PM | * Cartomancie/Tarots/05-Empereur(var).js-- -- --171
2/2/2026 1:51:37 PM | * Cartomancie/Tarots/05-Empereur.css-- -- --1196
2/2/2026 1:51:37 PM | * Backup/Cartomancie/Tarots/05-Empereur.dat-- -- --280211
2/2/2026 1:51:37 PM | * Cartomancie/Tarots/05-Empereur.php-- -- --29929
2/2/2026 1:51:37 PM | * Cartomancie/Tarots/06-Pape(var).js-- -- --171
2/2/2026 1:51:37 PM | * Cartomancie/Tarots/06-Pape.css-- -- --1196
2/2/2026 1:51:37 PM | * Backup/Cartomancie/Tarots/06-Pape.dat-- -- --280407
2/2/2026 1:51:37 PM | * Cartomancie/Tarots/06-Pape.php-- -- --30100
2/2/2026 1:51:37 PM | * Cartomancie/Tarots/07-Amoureux(var).js-- -- --171
2/2/2026 1:51:37 PM | * Cartomancie/Tarots/07-Amoureux.css-- -- --1273
2/2/2026 1:51:37 PM | * Backup/Cartomancie/Tarots/07-Amoureux.dat-- -- --280399
2/2/2026 1:51:37 PM | * Cartomancie/Tarots/07-Amoureux.php-- -- --29925
2/2/2026 1:51:37 PM | * Cartomancie/Tarots/08-Chariot(var).js-- -- --171
2/2/2026 1:51:37 PM | * Cartomancie/Tarots/08-Chariot.css-- -- --1273
2/2/2026 1:51:37 PM | * Backup/Cartomancie/Tarots/08-Chariot.dat-- -- --280797
2/2/2026 1:51:37 PM | * Cartomancie/Tarots/08-Chariot.php-- -- --30346
2/2/2026 1:51:37 PM | * Cartomancie/Tarots/09-Justice(var).js-- -- --171
2/2/2026 1:51:37 PM | * Cartomancie/Tarots/09-Justice.css-- -- --1273
2/2/2026 1:51:37 PM | * Backup/Cartomancie/Tarots/09-Justice.dat-- -- --280695
2/2/2026 1:51:37 PM | * Cartomancie/Tarots/09-Justice.php-- -- --30322
2/2/2026 1:51:37 PM | * Cartomancie/Tarots/10-Hermite(var).js-- -- --171
2/2/2026 1:51:37 PM | * Cartomancie/Tarots/10-Hermite.css-- -- --1273
2/2/2026 1:51:37 PM | * Backup/Cartomancie/Tarots/10-Hermite.dat-- -- --280698
2/2/2026 1:51:37 PM | * Cartomancie/Tarots/10-Hermite.php-- -- --30317
2/2/2026 1:51:37 PM | * Cartomancie/Tarots/11-Roue(var).js-- -- --171
2/2/2026 1:51:37 PM | * Cartomancie/Tarots/11-Roue.css-- -- --1273
2/2/2026 1:51:37 PM | * Backup/Cartomancie/Tarots/11-Roue.dat-- -- --280283
2/2/2026 1:51:37 PM | * Cartomancie/Tarots/11-Roue.php-- -- --29888
2/2/2026 1:51:37 PM | * Cartomancie/Tarots/12-Force(var).js-- -- --171
2/2/2026 1:51:37 PM | * Cartomancie/Tarots/12-Force.css-- -- --1273
2/2/2026 1:51:37 PM | * Backup/Cartomancie/Tarots/12-Force.dat-- -- --280246
2/2/2026 1:51:37 PM | * Cartomancie/Tarots/12-Force.php-- -- --29757
2/2/2026 1:51:37 PM | * Cartomancie/Tarots/13-Pendu(var).js-- -- --171
2/2/2026 1:51:37 PM | * Cartomancie/Tarots/13-Pendu.css-- -- --1273
2/2/2026 1:51:37 PM | * Backup/Cartomancie/Tarots/13-Pendu.dat-- -- --280007
2/2/2026 1:51:37 PM | * Cartomancie/Tarots/13-Pendu.php-- -- --30009
2/2/2026 1:51:37 PM | * Cartomancie/Tarots/14-Mort(var).js-- -- --171
2/2/2026 1:51:37 PM | * Cartomancie/Tarots/14-Mort.css-- -- --1273
2/2/2026 1:51:37 PM | * Backup/Cartomancie/Tarots/14-Mort.dat-- -- --280194
2/2/2026 1:51:37 PM | * Cartomancie/Tarots/14-Mort.php-- -- --29807
2/2/2026 1:51:37 PM | * Cartomancie/Tarots/15-Temperance(var).js-- -- --171
2/2/2026 1:51:37 PM | * Cartomancie/Tarots/15-Temperance.css-- -- --1273
2/2/2026 1:51:37 PM | * Backup/Cartomancie/Tarots/15-Temperance.dat-- -- --279885
2/2/2026 1:51:37 PM | * Cartomancie/Tarots/15-Temperance.php-- -- --29942
2/2/2026 1:51:37 PM | * Cartomancie/Tarots/16-Diable(var).js-- -- --171
2/2/2026 1:51:37 PM | * Cartomancie/Tarots/16-Diable.css-- -- --1273
2/2/2026 1:51:37 PM | * Backup/Cartomancie/Tarots/16-Diable.dat-- -- --280340
2/2/2026 1:51:37 PM | * Cartomancie/Tarots/16-Diable.php-- -- --29948
2/2/2026 1:51:37 PM | * Cartomancie/Tarots/16-Maison-Dieu(var).js-- -- --171
2/2/2026 1:51:37 PM | * Cartomancie/Tarots/16-Maison-Dieu.css-- -- --1273
2/2/2026 1:51:37 PM | * Backup/Cartomancie/Tarots/16-Maison-Dieu.dat-- -- --280578
2/2/2026 1:51:37 PM | * Cartomancie/Tarots/16-Maison-Dieu.php-- -- --30101
2/2/2026 1:51:37 PM | * Cartomancie/Tarots/17-Etoile(var).js-- -- --171
2/2/2026 1:51:37 PM | * Cartomancie/Tarots/17-Etoile.css-- -- --1273
2/2/2026 1:51:37 PM | * Backup/Cartomancie/Tarots/17-Etoile.dat-- -- --280190
2/2/2026 1:51:37 PM | * Cartomancie/Tarots/17-Etoile.php-- -- --29806
2/2/2026 1:51:37 PM | * Cartomancie/Tarots/18-Lune(var).js-- -- --171
2/2/2026 1:51:37 PM | * Cartomancie/Tarots/18-Lune.css-- -- --1273
2/2/2026 1:51:37 PM | * Backup/Cartomancie/Tarots/18-Lune.dat-- -- --280617
2/2/2026 1:51:37 PM | * Cartomancie/Tarots/18-Lune.php-- -- --30221
2/2/2026 1:51:37 PM | * Cartomancie/Tarots/19-Soleil(var).js-- -- --171
2/2/2026 1:51:37 PM | * Cartomancie/Tarots/19-Soleil.css-- -- --1273
2/2/2026 1:51:37 PM | * Backup/Cartomancie/Tarots/19-Soleil.dat-- -- --280461
2/2/2026 1:51:37 PM | * Cartomancie/Tarots/19-Soleil.php-- -- --30069
2/2/2026 1:51:37 PM | * Cartomancie/Tarots/20-Jugement(var).js-- -- --171
2/2/2026 1:51:37 PM | * Cartomancie/Tarots/20-Jugement.css-- -- --1273
2/2/2026 1:51:37 PM | * Backup/Cartomancie/Tarots/20-Jugement.dat-- -- --280333
2/2/2026 1:51:37 PM | * Cartomancie/Tarots/20-Jugement.php-- -- --29945
2/2/2026 1:51:37 PM | * Cartomancie/Tarots/21-Monde(var).js-- -- --171
2/2/2026 1:51:37 PM | * Cartomancie/Tarots/21-Monde.css-- -- --1273
2/2/2026 1:51:37 PM | * Backup/Cartomancie/Tarots/21-Monde.dat-- -- --280375
2/2/2026 1:51:37 PM | * Cartomancie/Tarots/21-Monde.php-- -- --29886
2/2/2026 1:51:37 PM | * Cartomancie/Tarots/Accueil(var).js-- -- --171
2/2/2026 1:51:37 PM | * Cartomancie/Tarots/Accueil.css-- -- --3694
2/2/2026 1:51:37 PM | * Backup/Cartomancie/Tarots/Accueil.dat-- -- --916733
2/2/2026 1:51:37 PM | * Cartomancie/Tarots/Accueil.php-- -- --41770
2/2/2026 1:51:37 PM | * CGU/CGU(var).js-- -- --171
2/2/2026 1:51:37 PM | * CGU/CGU.css-- -- --1071
2/2/2026 1:51:37 PM | * Backup/CGU/CGU.dat-- -- --253336
2/2/2026 1:51:37 PM | * CGU/CGU.php-- -- --35991
2/2/2026 1:51:37 PM | * Chat/Echec(var).js-- -- --171
2/2/2026 1:51:37 PM | * Chat/Echec.css-- -- --940
2/2/2026 1:51:37 PM | * Backup/Chat/Echec.dat-- -- --219249
2/2/2026 1:51:37 PM | * Chat/Echec.php-- -- --27636
2/2/2026 1:51:37 PM | * Chat/Envoi(var).js-- -- --171
2/2/2026 1:51:37 PM | * Chat/Envoi.css-- -- --862
2/2/2026 1:51:37 PM | * Backup/Chat/Envoi.dat-- -- --191901
2/2/2026 1:51:37 PM | * Chat/Envoi.php-- -- --27306
2/2/2026 1:51:37 PM | * Chat/Formulaire(var).js-- -- --1103
2/2/2026 1:51:37 PM | * Chat/Formulaire(var).php-- -- --4015
2/2/2026 1:51:37 PM | * Chat/Formulaire.css-- -- --4727
2/2/2026 1:51:37 PM | * Backup/Chat/Formulaire.dat-- -- --1028557
2/2/2026 1:51:37 PM | * Chat/Formulaire.php-- -- --57961
2/2/2026 1:51:37 PM | * Domicile/Echec(var).js-- -- --171
2/2/2026 1:51:37 PM | * Domicile/Echec.css-- -- --939
2/2/2026 1:51:37 PM | * Backup/Domicile/Echec.dat-- -- --219269
2/2/2026 1:51:37 PM | * Domicile/Echec.php-- -- --27666
2/2/2026 1:51:37 PM | * Domicile/Envoi(var).js-- -- --171
2/2/2026 1:51:37 PM | * Domicile/Envoi.css-- -- --862
2/2/2026 1:51:37 PM | * Backup/Domicile/Envoi.dat-- -- --191883
2/2/2026 1:51:37 PM | * Domicile/Envoi.php-- -- --27323
2/2/2026 1:51:37 PM | * Domicile/Formulaire(var).js-- -- --1111
2/2/2026 1:51:37 PM | * Domicile/Formulaire(var).php-- -- --3500
2/2/2026 1:51:37 PM | * Domicile/Formulaire.css-- -- --4727
2/2/2026 1:51:37 PM | * Backup/Domicile/Formulaire.dat-- -- --1021545
2/2/2026 1:51:37 PM | * Domicile/Formulaire.php-- -- --57864
2/2/2026 1:51:37 PM | * Dons/Dons(var).js-- -- --171
2/2/2026 1:51:37 PM | * Dons/Dons.css-- -- --1483
2/2/2026 1:51:37 PM | * Backup/Dons/Dons.dat-- -- --331108
2/2/2026 1:51:37 PM | * Dons/Dons.php-- -- --31799
2/2/2026 1:51:37 PM | * Gratuite/Echec(var).js-- -- --171
2/2/2026 1:51:37 PM | * Gratuite/Echec.css-- -- --939
2/2/2026 1:51:37 PM | * Backup/Gratuite/Echec.dat-- -- --217184
2/2/2026 1:51:37 PM | * Gratuite/Echec.php-- -- --27640
2/2/2026 1:51:37 PM | * Gratuite/Envoi(var).js-- -- --171
2/2/2026 1:51:37 PM | * Gratuite/Envoi.css-- -- --862
2/2/2026 1:51:37 PM | * Backup/Gratuite/Envoi.dat-- -- --191819
2/2/2026 1:51:37 PM | * Gratuite/Envoi.php-- -- --26857
2/2/2026 1:51:37 PM | * Gratuite/Formulaire(var).js-- -- --1147
2/2/2026 1:51:37 PM | * Gratuite/Formulaire(var).php-- -- --3811
2/2/2026 1:51:37 PM | * Gratuite/Formulaire.css-- -- --5107
2/2/2026 1:51:37 PM | * Backup/Gratuite/Formulaire.dat-- -- --1033193
2/2/2026 1:51:37 PM | * Gratuite/Formulaire.php-- -- --58348
2/2/2026 1:51:37 PM | * Magie/Echec(var).js-- -- --171
2/2/2026 1:51:37 PM | * Magie/Echec.css-- -- --939
2/2/2026 1:51:37 PM | * Backup/Magie/Echec.dat-- -- --217239
2/2/2026 1:51:37 PM | * Magie/Echec.php-- -- --27684
2/2/2026 1:51:37 PM | * Magie/Envoi(var).js-- -- --171
2/2/2026 1:51:37 PM | * Magie/Envoi.css-- -- --862
2/2/2026 1:51:37 PM | * Backup/Magie/Envoi.dat-- -- --190054
2/2/2026 1:51:37 PM | * Magie/Envoi.php-- -- --27376
2/2/2026 1:51:37 PM | * Magie/Formulaire(var).js-- -- --1133
2/2/2026 1:51:37 PM | * Magie/Formulaire(var).php-- -- --5375
2/2/2026 1:51:37 PM | * Magie/Formulaire.css-- -- --4882
2/2/2026 1:51:37 PM | * Backup/Magie/Formulaire.dat-- -- --1097064
2/2/2026 1:51:37 PM | * Magie/Formulaire.php-- -- --62137
2/2/2026 1:51:37 PM | * Mail/Echec(var).js-- -- --103
2/2/2026 1:51:37 PM | * Mail/Echec.css-- -- --887
2/2/2026 1:51:37 PM | * Backup/Mail/Echec.dat-- -- --192434
2/2/2026 1:51:37 PM | * Mail/Echec.php-- -- --27619
2/2/2026 1:51:37 PM | * Mail/Envoi(var).js-- -- --103
2/2/2026 1:51:37 PM | * Mail/Envoi.css-- -- --809
2/2/2026 1:51:37 PM | * Backup/Mail/Envoi.dat-- -- --167126
2/2/2026 1:51:37 PM | * Mail/Envoi.php-- -- --27325
2/2/2026 1:51:37 PM | * Mail/Formulaire(var).js-- -- --1103
2/2/2026 1:51:37 PM | * Mail/Formulaire(var).php-- -- --2242
2/2/2026 1:51:37 PM | * Mail/Formulaire.css-- -- --4265
2/2/2026 1:51:37 PM | * Backup/Mail/Formulaire.dat-- -- --808848
2/2/2026 1:51:37 PM | * Mail/Formulaire.php-- -- --49788
2/2/2026 1:51:37 PM | * Methodes/Accueil(var).js-- -- --171
2/2/2026 1:51:37 PM | * Methodes/Accueil.css-- -- --1721
2/2/2026 1:51:37 PM | * Backup/Methodes/Accueil.dat-- -- --450511
2/2/2026 1:51:37 PM | * Methodes/Accueil.php-- -- --42516
2/2/2026 1:51:37 PM | * Methodes/Croix(var).js-- -- --171
2/2/2026 1:51:37 PM | * Methodes/Croix.css-- -- --3694
2/2/2026 1:51:37 PM | * Backup/Methodes/Croix.dat-- -- --950261
2/2/2026 1:51:37 PM | * Methodes/Croix.php-- -- --51120
2/2/2026 1:51:37 PM | * Methodes/Ligne(var).js-- -- --171
2/2/2026 1:51:37 PM | * Methodes/Ligne.css-- -- --3890
2/2/2026 1:51:37 PM | * Backup/Methodes/Ligne.dat-- -- --995220
2/2/2026 1:51:37 PM | * Methodes/Ligne.php-- -- --59071
2/2/2026 1:51:37 PM | * Methodes/Pyramide(var).js-- -- --171
2/2/2026 1:51:37 PM | * Methodes/Pyramide.css-- -- --2041
2/2/2026 1:51:37 PM | * Backup/Methodes/Pyramide.dat-- -- --484510
2/2/2026 1:51:37 PM | * Methodes/Pyramide.php-- -- --45006
2/2/2026 1:51:37 PM | * Paiement/Paiement_accepte(var).js-- -- --171
2/2/2026 1:51:37 PM | * Paiement/Paiement_accepte.css-- -- --862
2/2/2026 1:51:37 PM | * Backup/Paiement/Paiement_accepte.dat-- -- --189913
2/2/2026 1:51:37 PM | * Paiement/Paiement_accepte.php-- -- --27555
2/2/2026 1:51:37 PM | * Paiement/Paiement_avorte(var).js-- -- --171
2/2/2026 1:51:37 PM | * Paiement/Paiement_avorte.css-- -- --862
2/2/2026 1:51:37 PM | * Backup/Paiement/Paiement_avorte.dat-- -- --189611
2/2/2026 1:51:37 PM | * Paiement/Paiement_avorte.php-- -- --27146
2/2/2026 1:51:37 PM | * Partenaires/Partenaires(var).js-- -- --171
2/2/2026 1:51:37 PM | * Partenaires/Partenaires.css-- -- --716
2/2/2026 1:51:37 PM | * Backup/Partenaires/Partenaires.dat-- -- --157327
2/2/2026 1:51:37 PM | * Partenaires/Partenaires.php-- -- --26561
2/2/2026 1:51:37 PM | * Planetes/Accueil(var).js-- -- --171
2/2/2026 1:51:37 PM | * Planetes/Accueil.css-- -- --3106
2/2/2026 1:51:37 PM | * Backup/Planetes/Accueil.dat-- -- --814070
2/2/2026 1:51:37 PM | * Planetes/Accueil.php-- -- --40670
2/2/2026 1:51:37 PM | * Planetes/Jupiter(var).js-- -- --171
2/2/2026 1:51:37 PM | * Planetes/Jupiter.css-- -- --1182
2/2/2026 1:51:37 PM | * Backup/Planetes/Jupiter.dat-- -- --280107
2/2/2026 1:51:37 PM | * Planetes/Jupiter.php-- -- --30328
2/2/2026 1:51:37 PM | * Planetes/Lune(var).js-- -- --239
2/2/2026 1:51:37 PM | * Planetes/Lune.css-- -- --1236
2/2/2026 1:51:37 PM | * Backup/Planetes/Lune.dat-- -- --301576
2/2/2026 1:51:37 PM | * Planetes/Lune.php-- -- --30807
2/2/2026 1:51:37 PM | * Planetes/Mars(var).js-- -- --239
2/2/2026 1:51:37 PM | * Planetes/Mars.css-- -- --1236
2/2/2026 1:51:37 PM | * Backup/Planetes/Mars.dat-- -- --301227
2/2/2026 1:51:37 PM | * Planetes/Mars.php-- -- --30458
2/2/2026 1:51:37 PM | * Planetes/Mercure(var).js-- -- --239
2/2/2026 1:51:37 PM | * Planetes/Mercure.css-- -- --1236
2/2/2026 1:51:37 PM | * Backup/Planetes/Mercure.dat-- -- --302114
2/2/2026 1:51:37 PM | * Planetes/Mercure.php-- -- --31239
2/2/2026 1:51:37 PM | * Planetes/Neptune(var).js-- -- --239
2/2/2026 1:51:37 PM | * Planetes/Neptune.css-- -- --1236
2/2/2026 1:51:37 PM | * Backup/Planetes/Neptune.dat-- -- --301299
2/2/2026 1:51:37 PM | * Planetes/Neptune.php-- -- --30532
2/2/2026 1:51:37 PM | * Planetes/Pluton(var).js-- -- --239
2/2/2026 1:51:37 PM | * Planetes/Pluton.css-- -- --1236
2/2/2026 1:51:37 PM | * Backup/Planetes/Pluton.dat-- -- --301229
2/2/2026 1:51:37 PM | * Planetes/Pluton.php-- -- --30464
2/2/2026 1:51:37 PM | * Planetes/Saturne(var).js-- -- --239
2/2/2026 1:51:37 PM | * Planetes/Saturne.css-- -- --1250
2/2/2026 1:51:37 PM | * Backup/Planetes/Saturne.dat-- -- --303218
2/2/2026 1:51:37 PM | * Planetes/Saturne.php-- -- --30493
2/2/2026 1:51:37 PM | * Planetes/Soleil(var).js-- -- --239
2/2/2026 1:51:37 PM | * Planetes/Soleil.css-- -- --1251
2/2/2026 1:51:37 PM | * Backup/Planetes/Soleil.dat-- -- --304680
2/2/2026 1:51:37 PM | * Planetes/Soleil.php-- -- --30176
2/2/2026 1:51:37 PM | * Planetes/Uranus(var).js-- -- --239
2/2/2026 1:51:37 PM | * Planetes/Uranus.css-- -- --1251
2/2/2026 1:51:37 PM | * Backup/Planetes/Uranus.dat-- -- --304436
2/2/2026 1:51:37 PM | * Planetes/Uranus.php-- -- --29890
2/2/2026 1:51:37 PM | * Planetes/Venus(var).js-- -- --239
2/2/2026 1:51:37 PM | * Planetes/Venus.css-- -- --1251
2/2/2026 1:51:37 PM | * Backup/Planetes/Venus.dat-- -- --305172
2/2/2026 1:51:37 PM | * Planetes/Venus.php-- -- --30537
2/2/2026 1:51:37 PM | * index(var).js-- -- --171
2/2/2026 1:51:37 PM | * index.css-- -- --1183
2/2/2026 1:51:37 PM | * Backup/index.dat-- -- --230945
2/2/2026 1:51:37 PM | * index.php-- -- --33630
2/2/2026 1:51:37 PM | * Templates/Base.css-- -- --4396
2/2/2026 1:51:37 PM | * Templates/Base.php-- -- --25722
2/2/2026 1:51:37 PM | * Backup/Templates/Base.tdat-- -- --1006726
2/2/2026 1:51:37 PM | * sitemap.xml-- -- --26907
2/2/2026 1:51:37 PM | * robots.txt-- -- --39
2/2/2026 1:51:37 PM | * Backup/Belline net.ope-- -- --3606
2/2/2026 1:51:41 PM | 
2/2/2026 1:51:41 PM | 
--------------------------------Phase 1 Terminé--------------------------------
2/2/2026 1:51:41 PM | 

2/2/2026 1:58:25 PM | Debut Mise en ligne différentielle (Site):
2/2/2026 1:58:42 PM | Listing terminé :
2/2/2026 1:58:42 PM | 

2/2/2026 1:58:42 PM | * Planetes-- -- --Folder create
2/2/2026 1:58:42 PM | * Partenaires-- -- --Folder create
2/2/2026 1:58:42 PM | * Paiement-- -- --Folder create
2/2/2026 1:58:42 PM | * Online-- -- --Folder create
2/2/2026 1:58:42 PM | * Online/Templates-- -- --Folder create
2/2/2026 1:58:42 PM | * Methodes-- -- --Folder create
2/2/2026 1:58:42 PM | * Mail-- -- --Folder create
2/2/2026 1:58:42 PM | * Magie-- -- --Folder create
2/2/2026 1:58:42 PM | * Gratuite-- -- --Folder create
2/2/2026 1:58:42 PM | * Dons-- -- --Folder create
2/2/2026 1:58:42 PM | * Domicile-- -- --Folder create
2/2/2026 1:58:42 PM | * Chat-- -- --Folder create
2/2/2026 1:58:42 PM | * CGU-- -- --Folder create
2/2/2026 1:58:42 PM | * Cartomancie-- -- --Folder create
2/2/2026 1:58:42 PM | * Cartomancie/Tarots-- -- --Folder create
2/2/2026 1:58:42 PM | * Cartomancie/Belline-- -- --Folder create
2/2/2026 1:58:42 PM | * Cartomancie/32-cartes-- -- --Folder create
2/2/2026 1:58:42 PM | * Cartomancie/32-cartes/Trefle-- -- --Folder create
2/2/2026 1:58:42 PM | * Cartomancie/32-cartes/Pique-- -- --Folder create
2/2/2026 1:58:42 PM | * Cartomancie/32-cartes/Coeur-- -- --Folder create
2/2/2026 1:58:42 PM | * Cartomancie/32-cartes/Carreau-- -- --Folder create
2/2/2026 1:58:42 PM | * Admin-- -- --Folder create
2/2/2026 1:58:42 PM | * Admin/sounds-- -- --Folder create
2/2/2026 1:58:42 PM | * Backup-- -- --Folder create
2/2/2026 1:58:42 PM | * Templates-- -- --Folder create
2/2/2026 1:58:42 PM | * WEFiles-- -- --Folder create
2/2/2026 1:58:42 PM | * WEFiles/Image-- -- --Folder create
2/2/2026 1:58:42 PM | * WEFiles/Image/WEImage-- -- --Folder create
2/2/2026 1:58:42 PM | * Backup/.htaccess-- -- --33
2/2/2026 1:58:42 PM | * .htaccess-- -- --0
2/2/2026 1:58:42 PM | * Admin/status.css-- -- --0
2/2/2026 1:58:42 PM | * Cartomancie/32-cartes/Carreau/07(var).js-- -- --171
2/2/2026 1:58:42 PM | * Cartomancie/32-cartes/Carreau/07.css-- -- --1196
2/2/2026 1:58:42 PM | * Backup/Cartomancie/32-cartes/Carreau/07.dat-- -- --278233
2/2/2026 1:58:42 PM | * Cartomancie/32-cartes/Carreau/07.php-- -- --29650
2/2/2026 1:58:42 PM | * Cartomancie/32-cartes/Carreau/08(var).js-- -- --171
2/2/2026 1:58:42 PM | * Cartomancie/32-cartes/Carreau/08.css-- -- --1197
2/2/2026 1:58:42 PM | * Backup/Cartomancie/32-cartes/Carreau/08.dat-- -- --279197
2/2/2026 1:58:42 PM | * Cartomancie/32-cartes/Carreau/08.php-- -- --30518
2/2/2026 1:58:42 PM | * Cartomancie/32-cartes/Carreau/09(var).js-- -- --171
2/2/2026 1:58:42 PM | * Cartomancie/32-cartes/Carreau/09.css-- -- --1196
2/2/2026 1:58:42 PM | * Backup/Cartomancie/32-cartes/Carreau/09.dat-- -- --277444
2/2/2026 1:58:42 PM | * Cartomancie/32-cartes/Carreau/09.php-- -- --29304
2/2/2026 1:58:42 PM | * Cartomancie/32-cartes/Carreau/10(var).js-- -- --171
2/2/2026 1:58:42 PM | * Cartomancie/32-cartes/Carreau/10.css-- -- --1196
2/2/2026 1:58:42 PM | * Backup/Cartomancie/32-cartes/Carreau/10.dat-- -- --278108
2/2/2026 1:58:42 PM | * Cartomancie/32-cartes/Carreau/10.php-- -- --29579
2/2/2026 1:58:42 PM | * Cartomancie/32-cartes/Carreau/11-Valet(var).js-- -- --171
2/2/2026 1:58:42 PM | * Cartomancie/32-cartes/Carreau/11-Valet.css-- -- --1196
2/2/2026 1:58:42 PM | * Backup/Cartomancie/32-cartes/Carreau/11-Valet.dat-- -- --278300
2/2/2026 1:58:42 PM | * Cartomancie/32-cartes/Carreau/11-Valet.php-- -- --30176
2/2/2026 1:58:42 PM | * Cartomancie/32-cartes/Carreau/12-Dame(var).js-- -- --171
2/2/2026 1:58:42 PM | * Cartomancie/32-cartes/Carreau/12-Dame.css-- -- --1196
2/2/2026 1:58:42 PM | * Backup/Cartomancie/32-cartes/Carreau/12-Dame.dat-- -- --277737
2/2/2026 1:58:42 PM | * Cartomancie/32-cartes/Carreau/12-Dame.php-- -- --29830
2/2/2026 1:58:42 PM | * Cartomancie/32-cartes/Carreau/13-Roi(var).js-- -- --171
2/2/2026 1:58:42 PM | * Cartomancie/32-cartes/Carreau/13-Roi.css-- -- --1196
2/2/2026 1:58:42 PM | * Backup/Cartomancie/32-cartes/Carreau/13-Roi.dat-- -- --278040
2/2/2026 1:58:42 PM | * Cartomancie/32-cartes/Carreau/13-Roi.php-- -- --29910
2/2/2026 1:58:42 PM | * Cartomancie/32-cartes/Carreau/14-As(var).js-- -- --171
2/2/2026 1:58:42 PM | * Cartomancie/32-cartes/Carreau/14-As.css-- -- --1196
2/2/2026 1:58:42 PM | * Backup/Cartomancie/32-cartes/Carreau/14-As.dat-- -- --278005
2/2/2026 1:58:42 PM | * Cartomancie/32-cartes/Carreau/14-As.php-- -- --29746
2/2/2026 1:58:42 PM | * Cartomancie/32-cartes/Coeur/07(var).js-- -- --171
2/2/2026 1:58:42 PM | * Cartomancie/32-cartes/Coeur/07.css-- -- --1196
2/2/2026 1:58:42 PM | * Backup/Cartomancie/32-cartes/Coeur/07.dat-- -- --277977
2/2/2026 1:58:42 PM | * Cartomancie/32-cartes/Coeur/07.php-- -- --29679
2/2/2026 1:58:42 PM | * Cartomancie/32-cartes/Coeur/08(var).js-- -- --171
2/2/2026 1:58:42 PM | * Cartomancie/32-cartes/Coeur/08.css-- -- --1196
2/2/2026 1:58:42 PM | * Backup/Cartomancie/32-cartes/Coeur/08.dat-- -- --277840
2/2/2026 1:58:42 PM | * Cartomancie/32-cartes/Coeur/08.php-- -- --29532
2/2/2026 1:58:42 PM | * Cartomancie/32-cartes/Coeur/09(var).js-- -- --171
2/2/2026 1:58:42 PM | * Cartomancie/32-cartes/Coeur/09.css-- -- --1196
2/2/2026 1:58:42 PM | * Backup/Cartomancie/32-cartes/Coeur/09.dat-- -- --277886
2/2/2026 1:58:42 PM | * Cartomancie/32-cartes/Coeur/09.php-- -- --29578
2/2/2026 1:58:42 PM | * Cartomancie/32-cartes/Coeur/10(var).js-- -- --171
2/2/2026 1:58:42 PM | * Cartomancie/32-cartes/Coeur/10.css-- -- --1211
2/2/2026 1:58:42 PM | * Backup/Cartomancie/32-cartes/Coeur/10.dat-- -- --284142
2/2/2026 1:58:42 PM | * Cartomancie/32-cartes/Coeur/10.php-- -- --30249
2/2/2026 1:58:42 PM | * Cartomancie/32-cartes/Coeur/11-Valet(var).js-- -- --171
2/2/2026 1:58:42 PM | * Cartomancie/32-cartes/Coeur/11-Valet.css-- -- --1196
2/2/2026 1:58:42 PM | * Backup/Cartomancie/32-cartes/Coeur/11-Valet.dat-- -- --278378
2/2/2026 1:58:42 PM | * Cartomancie/32-cartes/Coeur/11-Valet.php-- -- --30088
2/2/2026 1:58:42 PM | * Cartomancie/32-cartes/Coeur/12-Dame(var).js-- -- --171
2/2/2026 1:58:42 PM | * Cartomancie/32-cartes/Coeur/12-Dame.css-- -- --1196
2/2/2026 1:58:42 PM | * Backup/Cartomancie/32-cartes/Coeur/12-Dame.dat-- -- --277992
2/2/2026 1:58:42 PM | * Cartomancie/32-cartes/Coeur/12-Dame.php-- -- --29699
2/2/2026 1:58:42 PM | * Cartomancie/32-cartes/Coeur/13-Roi(var).js-- -- --103
2/2/2026 1:58:42 PM | * Cartomancie/32-cartes/Coeur/13-Roi.css-- -- --1143
2/2/2026 1:58:42 PM | * Backup/Cartomancie/32-cartes/Coeur/13-Roi.dat-- -- --255808
2/2/2026 1:58:42 PM | * Cartomancie/32-cartes/Coeur/13-Roi.php-- -- --30091
2/2/2026 1:58:42 PM | * Cartomancie/32-cartes/Coeur/14-As(var).js-- -- --103
2/2/2026 1:58:42 PM | * Cartomancie/32-cartes/Coeur/14-As.css-- -- --1143
2/2/2026 1:58:42 PM | * Backup/Cartomancie/32-cartes/Coeur/14-As.dat-- -- --255095
2/2/2026 1:58:42 PM | * Cartomancie/32-cartes/Coeur/14-As.php-- -- --29487
2/2/2026 1:58:42 PM | * Cartomancie/32-cartes/Pique/07(var).js-- -- --239
2/2/2026 1:58:42 PM | * Cartomancie/32-cartes/Pique/07.css-- -- --1249
2/2/2026 1:58:42 PM | * Backup/Cartomancie/32-cartes/Pique/07.dat-- -- --299014
2/2/2026 1:58:42 PM | * Cartomancie/32-cartes/Pique/07.php-- -- --29731
2/2/2026 1:58:42 PM | * Cartomancie/32-cartes/Pique/08(var).js-- -- --171
2/2/2026 1:58:42 PM | * Cartomancie/32-cartes/Pique/08.css-- -- --1196
2/2/2026 1:58:42 PM | * Backup/Cartomancie/32-cartes/Pique/08.dat-- -- --280545
2/2/2026 1:58:42 PM | * Cartomancie/32-cartes/Pique/08.php-- -- --30322
2/2/2026 1:58:42 PM | * Cartomancie/32-cartes/Pique/09(var).js-- -- --171
2/2/2026 1:58:42 PM | * Cartomancie/32-cartes/Pique/09.css-- -- --1196
2/2/2026 1:58:42 PM | * Backup/Cartomancie/32-cartes/Pique/09.dat-- -- --278107
2/2/2026 1:58:42 PM | * Cartomancie/32-cartes/Pique/09.php-- -- --29876
2/2/2026 1:58:42 PM | * Cartomancie/32-cartes/Pique/10(var).js-- -- --171
2/2/2026 1:58:42 PM | * Cartomancie/32-cartes/Pique/10.css-- -- --1196
2/2/2026 1:58:42 PM | * Backup/Cartomancie/32-cartes/Pique/10.dat-- -- --277812
2/2/2026 1:58:42 PM | * Cartomancie/32-cartes/Pique/10.php-- -- --29551
2/2/2026 1:58:42 PM | * Cartomancie/32-cartes/Pique/11-Valet(var).js-- -- --171
2/2/2026 1:58:42 PM | * Cartomancie/32-cartes/Pique/11-Valet.css-- -- --1197
2/2/2026 1:58:42 PM | * Backup/Cartomancie/32-cartes/Pique/11-Valet.dat-- -- --277946
2/2/2026 1:58:42 PM | * Cartomancie/32-cartes/Pique/11-Valet.php-- -- --29702
2/2/2026 1:58:42 PM | * Cartomancie/32-cartes/Pique/12-Dame(var).js-- -- --171
2/2/2026 1:58:42 PM | * Cartomancie/32-cartes/Pique/12-Dame.css-- -- --1197
2/2/2026 1:58:42 PM | * Backup/Cartomancie/32-cartes/Pique/12-Dame.dat-- -- --278107
2/2/2026 1:58:42 PM | * Cartomancie/32-cartes/Pique/12-Dame.php-- -- --29860
2/2/2026 1:58:42 PM | * Cartomancie/32-cartes/Pique/13-Roi(var).js-- -- --171
2/2/2026 1:58:42 PM | * Cartomancie/32-cartes/Pique/13-Roi.css-- -- --1196
2/2/2026 1:58:42 PM | * Backup/Cartomancie/32-cartes/Pique/13-Roi.dat-- -- --278324
2/2/2026 1:58:42 PM | * Cartomancie/32-cartes/Pique/13-Roi.php-- -- --30071
2/2/2026 1:58:42 PM | * Cartomancie/32-cartes/Pique/14-As(var).js-- -- --103
2/2/2026 1:58:42 PM | * Cartomancie/32-cartes/Pique/14-As.css-- -- --1143
2/2/2026 1:58:42 PM | * Backup/Cartomancie/32-cartes/Pique/14-As.dat-- -- --255319
2/2/2026 1:58:42 PM | * Cartomancie/32-cartes/Pique/14-As.php-- -- --29695
2/2/2026 1:58:42 PM | * Cartomancie/32-cartes/Trefle/07(var).js-- -- --171
2/2/2026 1:58:42 PM | * Cartomancie/32-cartes/Trefle/07.css-- -- --1274
2/2/2026 1:58:42 PM | * Backup/Cartomancie/32-cartes/Trefle/07.dat-- -- --278687
2/2/2026 1:58:42 PM | * Cartomancie/32-cartes/Trefle/07.php-- -- --30355
2/2/2026 1:58:42 PM | * Cartomancie/32-cartes/Trefle/08(var).js-- -- --171
2/2/2026 1:58:42 PM | * Cartomancie/32-cartes/Trefle/08.css-- -- --1273
2/2/2026 1:58:42 PM | * Backup/Cartomancie/32-cartes/Trefle/08.dat-- -- --278708
2/2/2026 1:58:42 PM | * Cartomancie/32-cartes/Trefle/08.php-- -- --30368
2/2/2026 1:58:42 PM | * Cartomancie/32-cartes/Trefle/09(var).js-- -- --171
2/2/2026 1:58:42 PM | * Cartomancie/32-cartes/Trefle/09.css-- -- --1274
2/2/2026 1:58:42 PM | * Backup/Cartomancie/32-cartes/Trefle/09.dat-- -- --278085
2/2/2026 1:58:42 PM | * Cartomancie/32-cartes/Trefle/09.php-- -- --29744
2/2/2026 1:58:42 PM | * Cartomancie/32-cartes/Trefle/10(var).js-- -- --171
2/2/2026 1:58:42 PM | * Cartomancie/32-cartes/Trefle/10.css-- -- --1274
2/2/2026 1:58:42 PM | * Backup/Cartomancie/32-cartes/Trefle/10.dat-- -- --278158
2/2/2026 1:58:42 PM | * Cartomancie/32-cartes/Trefle/10.php-- -- --29817
2/2/2026 1:58:42 PM | * Cartomancie/32-cartes/Trefle/11-Valet(var).js-- -- --171
2/2/2026 1:58:42 PM | * Cartomancie/32-cartes/Trefle/11-Valet.css-- -- --1273
2/2/2026 1:58:42 PM | * Backup/Cartomancie/32-cartes/Trefle/11-Valet.dat-- -- --278223
2/2/2026 1:58:42 PM | * Cartomancie/32-cartes/Trefle/11-Valet.php-- -- --29900
2/2/2026 1:58:42 PM | * Cartomancie/32-cartes/Trefle/12-Dame(var).js-- -- --171
2/2/2026 1:58:42 PM | * Cartomancie/32-cartes/Trefle/12-Dame.css-- -- --1273
2/2/2026 1:58:42 PM | * Backup/Cartomancie/32-cartes/Trefle/12-Dame.dat-- -- --278052
2/2/2026 1:58:42 PM | * Cartomancie/32-cartes/Trefle/12-Dame.php-- -- --29727
2/2/2026 1:58:42 PM | * Cartomancie/32-cartes/Trefle/13-Roi(var).js-- -- --171
2/2/2026 1:58:42 PM | * Cartomancie/32-cartes/Trefle/13-Roi.css-- -- --1274
2/2/2026 1:58:42 PM | * Backup/Cartomancie/32-cartes/Trefle/13-Roi.dat-- -- --277772
2/2/2026 1:58:42 PM | * Cartomancie/32-cartes/Trefle/13-Roi.php-- -- --29443
2/2/2026 1:58:42 PM | * Cartomancie/32-cartes/Trefle/14-As(var).js-- -- --171
2/2/2026 1:58:42 PM | * Cartomancie/32-cartes/Trefle/14-As.css-- -- --1273
2/2/2026 1:58:42 PM | * Backup/Cartomancie/32-cartes/Trefle/14-As.dat-- -- --277993
2/2/2026 1:58:42 PM | * Cartomancie/32-cartes/Trefle/14-As.php-- -- --29662
2/2/2026 1:58:42 PM | * Cartomancie/32-cartes/Accueil(var).js-- -- --171
2/2/2026 1:58:42 PM | * Cartomancie/32-cartes/Accueil.css-- -- --5807
2/2/2026 1:58:42 PM | * Backup/Cartomancie/32-cartes/Accueil.dat-- -- --1364076
2/2/2026 1:58:42 PM | * Cartomancie/32-cartes/Accueil.php-- -- --50753
2/2/2026 1:58:42 PM | * Cartomancie/Belline/01-Bleu(var).js-- -- --171
2/2/2026 1:58:42 PM | * Cartomancie/Belline/01-Bleu.css-- -- --1273
2/2/2026 1:58:42 PM | * Backup/Cartomancie/Belline/01-Bleu.dat-- -- --279645
2/2/2026 1:58:42 PM | * Cartomancie/Belline/01-Bleu.php-- -- --29255
2/2/2026 1:58:42 PM | * Cartomancie/Belline/02-Destinee(var).js-- -- --171
2/2/2026 1:58:42 PM | * Cartomancie/Belline/02-Destinee.css-- -- --1273
2/2/2026 1:58:42 PM | * Backup/Cartomancie/Belline/02-Destinee.dat-- -- --279977
2/2/2026 1:58:42 PM | * Cartomancie/Belline/02-Destinee.php-- -- --29591
2/2/2026 1:58:42 PM | * Cartomancie/Belline/03-Homme(var).js-- -- --171
2/2/2026 1:58:42 PM | * Cartomancie/Belline/03-Homme.css-- -- --1273
2/2/2026 1:58:42 PM | * Backup/Cartomancie/Belline/03-Homme.dat-- -- --280141
2/2/2026 1:58:42 PM | * Cartomancie/Belline/03-Homme.php-- -- --29740
2/2/2026 1:58:42 PM | * Cartomancie/Belline/04-Femme(var).js-- -- --171
2/2/2026 1:58:42 PM | * Cartomancie/Belline/04-Femme.css-- -- --1273
2/2/2026 1:58:42 PM | * Backup/Cartomancie/Belline/04-Femme.dat-- -- --279738
2/2/2026 1:58:42 PM | * Cartomancie/Belline/04-Femme.php-- -- --29333
2/2/2026 1:58:42 PM | * Cartomancie/Belline/05-Nativite(var).js-- -- --171
2/2/2026 1:58:42 PM | * Cartomancie/Belline/05-Nativite.css-- -- --1273
2/2/2026 1:58:42 PM | * Backup/Cartomancie/Belline/05-Nativite.dat-- -- --279973
2/2/2026 1:58:42 PM | * Cartomancie/Belline/05-Nativite.php-- -- --29602
2/2/2026 1:58:42 PM | * Cartomancie/Belline/06-Reussite(var).js-- -- --171
2/2/2026 1:58:42 PM | * Cartomancie/Belline/06-Reussite.css-- -- --1273
2/2/2026 1:58:42 PM | * Backup/Cartomancie/Belline/06-Reussite.dat-- -- --280262
2/2/2026 1:58:42 PM | * Cartomancie/Belline/06-Reussite.php-- -- --29796
2/2/2026 1:58:42 PM | * Cartomancie/Belline/07-Elevation(var).js-- -- --171
2/2/2026 1:58:42 PM | * Cartomancie/Belline/07-Elevation.css-- -- --1273
2/2/2026 1:58:42 PM | * Backup/Cartomancie/Belline/07-Elevation.dat-- -- --280125
2/2/2026 1:58:42 PM | * Cartomancie/Belline/07-Elevation.php-- -- --29735
2/2/2026 1:58:42 PM | * Cartomancie/Belline/08-Honneurs(var).js-- -- --171
2/2/2026 1:58:42 PM | * Cartomancie/Belline/08-Honneurs.css-- -- --1274
2/2/2026 1:58:42 PM | * Backup/Cartomancie/Belline/08-Honneurs.dat-- -- --280170
2/2/2026 1:58:42 PM | * Cartomancie/Belline/08-Honneurs.php-- -- --29729
2/2/2026 1:58:42 PM | * Cartomancie/Belline/09-Pensee(var).js-- -- --171
2/2/2026 1:58:42 PM | * Cartomancie/Belline/09-Pensee.css-- -- --1273
2/2/2026 1:58:42 PM | * Backup/Cartomancie/Belline/09-Pensee.dat-- -- --280200
2/2/2026 1:58:42 PM | * Cartomancie/Belline/09-Pensee.php-- -- --29813
2/2/2026 1:58:42 PM | * Cartomancie/Belline/10-Campagne(var).js-- -- --171
2/2/2026 1:58:42 PM | * Cartomancie/Belline/10-Campagne.css-- -- --1273
2/2/2026 1:58:42 PM | * Backup/Cartomancie/Belline/10-Campagne.dat-- -- --280039
2/2/2026 1:58:42 PM | * Cartomancie/Belline/10-Campagne.php-- -- --29703
2/2/2026 1:58:42 PM | * Cartomancie/Belline/11-Presents(var).js-- -- --171
2/2/2026 1:58:42 PM | * Cartomancie/Belline/11-Presents.css-- -- --1274
2/2/2026 1:58:42 PM | * Backup/Cartomancie/Belline/11-Presents.dat-- -- --280163
2/2/2026 1:58:42 PM | * Cartomancie/Belline/11-Presents.php-- -- --29725
2/2/2026 1:58:42 PM | * Cartomancie/Belline/12-Trahison(var).js-- -- --171
2/2/2026 1:58:42 PM | * Cartomancie/Belline/12-Trahison.css-- -- --1273
2/2/2026 1:58:42 PM | * Backup/Cartomancie/Belline/12-Trahison.dat-- -- --280085
2/2/2026 1:58:42 PM | * Cartomancie/Belline/12-Trahison.php-- -- --29731
2/2/2026 1:58:42 PM | * Cartomancie/Belline/13-Depart(var).js-- -- --171
2/2/2026 1:58:42 PM | * Cartomancie/Belline/13-Depart.css-- -- --1273
2/2/2026 1:58:42 PM | * Backup/Cartomancie/Belline/13-Depart.dat-- -- --279967
2/2/2026 1:58:42 PM | * Cartomancie/Belline/13-Depart.php-- -- --29600
2/2/2026 1:58:42 PM | * Cartomancie/Belline/14-Inconstance(var).js-- -- --171
2/2/2026 1:58:42 PM | * Cartomancie/Belline/14-Inconstance.css-- -- --1274
2/2/2026 1:58:42 PM | * Backup/Cartomancie/Belline/14-Inconstance.dat-- -- --280304
2/2/2026 1:58:42 PM | * Cartomancie/Belline/14-Inconstance.php-- -- --29963
2/2/2026 1:58:42 PM | * Cartomancie/Belline/15-Decouverte(var).js-- -- --171
2/2/2026 1:58:42 PM | * Cartomancie/Belline/15-Decouverte.css-- -- --1274
2/2/2026 1:58:42 PM | * Backup/Cartomancie/Belline/15-Decouverte.dat-- -- --280613
2/2/2026 1:58:42 PM | * Cartomancie/Belline/15-Decouverte.php-- -- --30279
2/2/2026 1:58:42 PM | * Cartomancie/Belline/16-Eau(var).js-- -- --171
2/2/2026 1:58:42 PM | * Cartomancie/Belline/16-Eau.css-- -- --1273
2/2/2026 1:58:42 PM | * Backup/Cartomancie/Belline/16-Eau.dat-- -- --280105
2/2/2026 1:58:42 PM | * Cartomancie/Belline/16-Eau.php-- -- --29732
2/2/2026 1:58:42 PM | * Cartomancie/Belline/17-Penates(var).js-- -- --171
2/2/2026 1:58:42 PM | * Cartomancie/Belline/17-Penates.css-- -- --1273
2/2/2026 1:58:42 PM | * Backup/Cartomancie/Belline/17-Penates.dat-- -- --280277
2/2/2026 1:58:42 PM | * Cartomancie/Belline/17-Penates.php-- -- --29912
2/2/2026 1:58:42 PM | * Cartomancie/Belline/18-Maladie(var).js-- -- --171
2/2/2026 1:58:42 PM | * Cartomancie/Belline/18-Maladie.css-- -- --1273
2/2/2026 1:58:42 PM | * Backup/Cartomancie/Belline/18-Maladie.dat-- -- --280043
2/2/2026 1:58:42 PM | * Cartomancie/Belline/18-Maladie.php-- -- --29583
2/2/2026 1:58:42 PM | * Cartomancie/Belline/19-Changement(var).js-- -- --171
2/2/2026 1:58:42 PM | * Cartomancie/Belline/19-Changement.css-- -- --1273
2/2/2026 1:58:42 PM | * Backup/Cartomancie/Belline/19-Changement.dat-- -- --280213
2/2/2026 1:58:42 PM | * Cartomancie/Belline/19-Changement.php-- -- --29871
2/2/2026 1:58:42 PM | * Cartomancie/Belline/20-Argent(var).js-- -- --171
2/2/2026 1:58:42 PM | * Cartomancie/Belline/20-Argent.css-- -- --1273
2/2/2026 1:58:42 PM | * Backup/Cartomancie/Belline/20-Argent.dat-- -- --279808
2/2/2026 1:58:42 PM | * Cartomancie/Belline/20-Argent.php-- -- --29458
2/2/2026 1:58:42 PM | * Cartomancie/Belline/21-Intelligence(var).js-- -- --171
2/2/2026 1:58:42 PM | * Cartomancie/Belline/21-Intelligence.css-- -- --1273
2/2/2026 1:58:42 PM | * Backup/Cartomancie/Belline/21-Intelligence.dat-- -- --280269
2/2/2026 1:58:42 PM | * Cartomancie/Belline/21-Intelligence.php-- -- --29931
2/2/2026 1:58:42 PM | * Cartomancie/Belline/22-Vol(var).js-- -- --171
2/2/2026 1:58:42 PM | * Cartomancie/Belline/22-Vol.css-- -- --1273
2/2/2026 1:58:42 PM | * Backup/Cartomancie/Belline/22-Vol.dat-- -- --279645
2/2/2026 1:58:42 PM | * Cartomancie/Belline/22-Vol.php-- -- --29618
2/2/2026 1:58:42 PM | * Cartomancie/Belline/23-Entreprises(var).js-- -- --171
2/2/2026 1:58:42 PM | * Cartomancie/Belline/23-Entreprises.css-- -- --1273
2/2/2026 1:58:42 PM | * Backup/Cartomancie/Belline/23-Entreprises.dat-- -- --278282
2/2/2026 1:58:42 PM | * Cartomancie/Belline/23-Entreprises.php-- -- --29627
2/2/2026 1:58:42 PM | * Cartomancie/Belline/24-Trafic(var).js-- -- --171
2/2/2026 1:58:42 PM | * Cartomancie/Belline/24-Trafic.css-- -- --1273
2/2/2026 1:58:42 PM | * Backup/Cartomancie/Belline/24-Trafic.dat-- -- --279936
2/2/2026 1:58:42 PM | * Cartomancie/Belline/24-Trafic.php-- -- --29586
2/2/2026 1:58:42 PM | * Cartomancie/Belline/25-Nouvelle(var).js-- -- --171
2/2/2026 1:58:42 PM | * Cartomancie/Belline/25-Nouvelle.css-- -- --1273
2/2/2026 1:58:42 PM | * Backup/Cartomancie/Belline/25-Nouvelle.dat-- -- --279638
2/2/2026 1:58:42 PM | * Cartomancie/Belline/25-Nouvelle.php-- -- --29301
2/2/2026 1:58:42 PM | * Cartomancie/Belline/26-Plaisirs(var).js-- -- --171
2/2/2026 1:58:42 PM | * Cartomancie/Belline/26-Plaisirs.css-- -- --1274
2/2/2026 1:58:42 PM | * Backup/Cartomancie/Belline/26-Plaisirs.dat-- -- --279841
2/2/2026 1:58:42 PM | * Cartomancie/Belline/26-Plaisirs.php-- -- --29503
2/2/2026 1:58:42 PM | * Cartomancie/Belline/27-Paix(var).js-- -- --171
2/2/2026 1:58:42 PM | * Cartomancie/Belline/27-Paix.css-- -- --1273
2/2/2026 1:58:42 PM | * Backup/Cartomancie/Belline/27-Paix.dat-- -- --280325
2/2/2026 1:58:42 PM | * Cartomancie/Belline/27-Paix.php-- -- --29980
2/2/2026 1:58:42 PM | * Cartomancie/Belline/28-Union(var).js-- -- --171
2/2/2026 1:58:42 PM | * Cartomancie/Belline/28-Union.css-- -- --1273
2/2/2026 1:58:42 PM | * Backup/Cartomancie/Belline/28-Union.dat-- -- --279818
2/2/2026 1:58:42 PM | * Cartomancie/Belline/28-Union.php-- -- --29445
2/2/2026 1:58:42 PM | * Cartomancie/Belline/29-Famille(var).js-- -- --171
2/2/2026 1:58:42 PM | * Cartomancie/Belline/29-Famille.css-- -- --1273
2/2/2026 1:58:42 PM | * Backup/Cartomancie/Belline/29-Famille.dat-- -- --279929
2/2/2026 1:58:42 PM | * Cartomancie/Belline/29-Famille.php-- -- --29590
2/2/2026 1:58:42 PM | * Cartomancie/Belline/30-Amor(var).js-- -- --171
2/2/2026 1:58:42 PM | * Cartomancie/Belline/30-Amor.css-- -- --1274
2/2/2026 1:58:42 PM | * Backup/Cartomancie/Belline/30-Amor.dat-- -- --279918
2/2/2026 1:58:42 PM | * Cartomancie/Belline/30-Amor.php-- -- --29571
2/2/2026 1:58:42 PM | * Cartomancie/Belline/31-Table(var).js-- -- --171
2/2/2026 1:58:42 PM | * Cartomancie/Belline/31-Table.css-- -- --1273
2/2/2026 1:58:42 PM | * Backup/Cartomancie/Belline/31-Table.dat-- -- --279902
2/2/2026 1:58:42 PM | * Cartomancie/Belline/31-Table.php-- -- --29559
2/2/2026 1:58:42 PM | * Cartomancie/Belline/32-Passions(var).js-- -- --171
2/2/2026 1:58:42 PM | * Cartomancie/Belline/32-Passions.css-- -- --1274
2/2/2026 1:58:42 PM | * Backup/Cartomancie/Belline/32-Passions.dat-- -- --280306
2/2/2026 1:58:42 PM | * Cartomancie/Belline/32-Passions.php-- -- --29968
2/2/2026 1:58:42 PM | * Cartomancie/Belline/33-Mechancete(var).js-- -- --239
2/2/2026 1:58:42 PM | * Cartomancie/Belline/33-Mechancete.css-- -- --1327
2/2/2026 1:58:42 PM | * Backup/Cartomancie/Belline/33-Mechancete.dat-- -- --300765
2/2/2026 1:58:42 PM | * Cartomancie/Belline/33-Mechancete.php-- -- --29509
2/2/2026 1:58:42 PM | * Cartomancie/Belline/34-Proces(var).js-- -- --171
2/2/2026 1:58:42 PM | * Cartomancie/Belline/34-Proces.css-- -- --1274
2/2/2026 1:58:42 PM | * Backup/Cartomancie/Belline/34-Proces.dat-- -- --279868
2/2/2026 1:58:42 PM | * Cartomancie/Belline/34-Proces.php-- -- --29526
2/2/2026 1:58:42 PM | * Cartomancie/Belline/35-Despotisme(var).js-- -- --171
2/2/2026 1:58:42 PM | * Cartomancie/Belline/35-Despotisme.css-- -- --1274
2/2/2026 1:58:42 PM | * Backup/Cartomancie/Belline/35-Despotisme.dat-- -- --280026
2/2/2026 1:58:42 PM | * Cartomancie/Belline/35-Despotisme.php-- -- --29683
2/2/2026 1:58:42 PM | * Cartomancie/Belline/36-Ennemis(var).js-- -- --171
2/2/2026 1:58:42 PM | * Cartomancie/Belline/36-Ennemis.css-- -- --1273
2/2/2026 1:58:42 PM | * Backup/Cartomancie/Belline/36-Ennemis.dat-- -- --279966
2/2/2026 1:58:42 PM | * Cartomancie/Belline/36-Ennemis.php-- -- --29618
2/2/2026 1:58:42 PM | * Cartomancie/Belline/37-Pourparlers(var).js-- -- --171
2/2/2026 1:58:42 PM | * Cartomancie/Belline/37-Pourparlers.css-- -- --1274
2/2/2026 1:58:42 PM | * Backup/Cartomancie/Belline/37-Pourparlers.dat-- -- --280030
2/2/2026 1:58:42 PM | * Cartomancie/Belline/37-Pourparlers.php-- -- --29698
2/2/2026 1:58:42 PM | * Cartomancie/Belline/38-Feu(var).js-- -- --171
2/2/2026 1:58:42 PM | * Cartomancie/Belline/38-Feu.css-- -- --1273
2/2/2026 1:58:42 PM | * Backup/Cartomancie/Belline/38-Feu.dat-- -- --279955
2/2/2026 1:58:42 PM | * Cartomancie/Belline/38-Feu.php-- -- --29608
2/2/2026 1:58:42 PM | * Cartomancie/Belline/39-Accident(var).js-- -- --171
2/2/2026 1:58:42 PM | * Cartomancie/Belline/39-Accident.css-- -- --1273
2/2/2026 1:58:42 PM | * Backup/Cartomancie/Belline/39-Accident.dat-- -- --280107
2/2/2026 1:58:42 PM | * Cartomancie/Belline/39-Accident.php-- -- --29753
2/2/2026 1:58:42 PM | * Cartomancie/Belline/40-Appui(var).js-- -- --171
2/2/2026 1:58:42 PM | * Cartomancie/Belline/40-Appui.css-- -- --1274
2/2/2026 1:58:42 PM | * Backup/Cartomancie/Belline/40-Appui.dat-- -- --279884
2/2/2026 1:58:42 PM | * Cartomancie/Belline/40-Appui.php-- -- --29540
2/2/2026 1:58:42 PM | * Cartomancie/Belline/41-Beaute(var).js-- -- --171
2/2/2026 1:58:42 PM | * Cartomancie/Belline/41-Beaute.css-- -- --1273
2/2/2026 1:58:42 PM | * Backup/Cartomancie/Belline/41-Beaute.dat-- -- --279622
2/2/2026 1:58:42 PM | * Cartomancie/Belline/41-Beaute.php-- -- --29696
2/2/2026 1:58:42 PM | * Cartomancie/Belline/42-Heritage(var).js-- -- --171
2/2/2026 1:58:42 PM | * Cartomancie/Belline/42-Heritage.css-- -- --1273
2/2/2026 1:58:42 PM | * Backup/Cartomancie/Belline/42-Heritage.dat-- -- --279984
2/2/2026 1:58:42 PM | * Cartomancie/Belline/42-Heritage.php-- -- --29638
2/2/2026 1:58:42 PM | * Cartomancie/Belline/43-Sagesse(var).js-- -- --171
2/2/2026 1:58:42 PM | * Cartomancie/Belline/43-Sagesse.css-- -- --1273
2/2/2026 1:58:42 PM | * Backup/Cartomancie/Belline/43-Sagesse.dat-- -- --280071
2/2/2026 1:58:42 PM | * Cartomancie/Belline/43-Sagesse.php-- -- --29628
2/2/2026 1:58:42 PM | * Cartomancie/Belline/44-Renommee(var).js-- -- --171
2/2/2026 1:58:42 PM | * Cartomancie/Belline/44-Renommee.css-- -- --1273
2/2/2026 1:58:42 PM | * Backup/Cartomancie/Belline/44-Renommee.dat-- -- --279987
2/2/2026 1:58:42 PM | * Cartomancie/Belline/44-Renommee.php-- -- --29641
2/2/2026 1:58:42 PM | * Cartomancie/Belline/45-Hasard(var).js-- -- --171
2/2/2026 1:58:42 PM | * Cartomancie/Belline/45-Hasard.css-- -- --1273
2/2/2026 1:58:42 PM | * Backup/Cartomancie/Belline/45-Hasard.dat-- -- --280066
2/2/2026 1:58:42 PM | * Cartomancie/Belline/45-Hasard.php-- -- --29621
2/2/2026 1:58:42 PM | * Cartomancie/Belline/46-Bonheur(var).js-- -- --171
2/2/2026 1:58:42 PM | * Cartomancie/Belline/46-Bonheur.css-- -- --1273
2/2/2026 1:58:42 PM | * Backup/Cartomancie/Belline/46-Bonheur.dat-- -- --279832
2/2/2026 1:58:42 PM | * Cartomancie/Belline/46-Bonheur.php-- -- --29484
2/2/2026 1:58:42 PM | * Cartomancie/Belline/47-Infortune(var).js-- -- --171
2/2/2026 1:58:42 PM | * Cartomancie/Belline/47-Infortune.css-- -- --1273
2/2/2026 1:58:42 PM | * Backup/Cartomancie/Belline/47-Infortune.dat-- -- --280238
2/2/2026 1:58:42 PM | * Cartomancie/Belline/47-Infortune.php-- -- --29894
2/2/2026 1:58:42 PM | * Cartomancie/Belline/48-Sterilite(var).js-- -- --171
2/2/2026 1:58:42 PM | * Cartomancie/Belline/48-Sterilite.css-- -- --1274
2/2/2026 1:58:42 PM | * Backup/Cartomancie/Belline/48-Sterilite.dat-- -- --279948
2/2/2026 1:58:42 PM | * Cartomancie/Belline/48-Sterilite.php-- -- --29603
2/2/2026 1:58:42 PM | * Cartomancie/Belline/49-Fatalite(var).js-- -- --171
2/2/2026 1:58:42 PM | * Cartomancie/Belline/49-Fatalite.css-- -- --1274
2/2/2026 1:58:42 PM | * Backup/Cartomancie/Belline/49-Fatalite.dat-- -- --280143
2/2/2026 1:58:42 PM | * Cartomancie/Belline/49-Fatalite.php-- -- --29795
2/2/2026 1:58:42 PM | * Cartomancie/Belline/50-Grace(var).js-- -- --171
2/2/2026 1:58:42 PM | * Cartomancie/Belline/50-Grace.css-- -- --1273
2/2/2026 1:58:42 PM | * Backup/Cartomancie/Belline/50-Grace.dat-- -- --280172
2/2/2026 1:58:42 PM | * Cartomancie/Belline/50-Grace.php-- -- --29803
2/2/2026 1:58:42 PM | * Cartomancie/Belline/51-Ruine(var).js-- -- --171
2/2/2026 1:58:42 PM | * Cartomancie/Belline/51-Ruine.css-- -- --1273
2/2/2026 1:58:42 PM | * Backup/Cartomancie/Belline/51-Ruine.dat-- -- --280475
2/2/2026 1:58:42 PM | * Cartomancie/Belline/51-Ruine.php-- -- --30106
2/2/2026 1:58:42 PM | * Cartomancie/Belline/52-Retard(var).js-- -- --171
2/2/2026 1:58:42 PM | * Cartomancie/Belline/52-Retard.css-- -- --1273
2/2/2026 1:58:43 PM | * Backup/Cartomancie/Belline/52-Retard.dat-- -- --279600
2/2/2026 1:58:43 PM | * Cartomancie/Belline/52-Retard.php-- -- --29242
2/2/2026 1:58:43 PM | * Cartomancie/Belline/53-Cloitre(var).js-- -- --171
2/2/2026 1:58:43 PM | * Cartomancie/Belline/53-Cloitre.css-- -- --1273
2/2/2026 1:58:43 PM | * Backup/Cartomancie/Belline/53-Cloitre.dat-- -- --280107
2/2/2026 1:58:43 PM | * Cartomancie/Belline/53-Cloitre.php-- -- --29742
2/2/2026 1:58:43 PM | * Cartomancie/Belline/Accueil(var).js-- -- --171
2/2/2026 1:58:43 PM | * Cartomancie/Belline/Accueil.css-- -- --8991
2/2/2026 1:58:43 PM | * Backup/Cartomancie/Belline/Accueil.dat-- -- --2231345
2/2/2026 1:58:43 PM | * Cartomancie/Belline/Accueil.php-- -- --64215
2/2/2026 1:58:43 PM | * Cartomancie/Tarots/01-Fou(var).js-- -- --171
2/2/2026 1:58:43 PM | * Cartomancie/Tarots/01-Fou.css-- -- --1196
2/2/2026 1:58:43 PM | * Backup/Cartomancie/Tarots/01-Fou.dat-- -- --280282
2/2/2026 1:58:43 PM | * Cartomancie/Tarots/01-Fou.php-- -- --29990
2/2/2026 1:58:43 PM | * Cartomancie/Tarots/02-Bateleur(var).js-- -- --171
2/2/2026 1:58:43 PM | * Cartomancie/Tarots/02-Bateleur.css-- -- --1196
2/2/2026 1:58:43 PM | * Backup/Cartomancie/Tarots/02-Bateleur.dat-- -- --279858
2/2/2026 1:58:43 PM | * Cartomancie/Tarots/02-Bateleur.php-- -- --29578
2/2/2026 1:58:43 PM | * Cartomancie/Tarots/03-Papesse(var).js-- -- --171
2/2/2026 1:58:43 PM | * Cartomancie/Tarots/03-Papesse.css-- -- --1196
2/2/2026 1:58:43 PM | * Backup/Cartomancie/Tarots/03-Papesse.dat-- -- --280097
2/2/2026 1:58:43 PM | * Cartomancie/Tarots/03-Papesse.php-- -- --29804
2/2/2026 1:58:43 PM | * Cartomancie/Tarots/04-Imperatrice(var).js-- -- --171
2/2/2026 1:58:43 PM | * Cartomancie/Tarots/04-Imperatrice.css-- -- --1196
2/2/2026 1:58:43 PM | * Backup/Cartomancie/Tarots/04-Imperatrice.dat-- -- --280707
2/2/2026 1:58:43 PM | * Cartomancie/Tarots/04-Imperatrice.php-- -- --30336
2/2/2026 1:58:43 PM | * Cartomancie/Tarots/05-Empereur(var).js-- -- --171
2/2/2026 1:58:43 PM | * Cartomancie/Tarots/05-Empereur.css-- -- --1196
2/2/2026 1:58:43 PM | * Backup/Cartomancie/Tarots/05-Empereur.dat-- -- --280211
2/2/2026 1:58:43 PM | * Cartomancie/Tarots/05-Empereur.php-- -- --29929
2/2/2026 1:58:43 PM | * Cartomancie/Tarots/06-Pape(var).js-- -- --171
2/2/2026 1:58:43 PM | * Cartomancie/Tarots/06-Pape.css-- -- --1196
2/2/2026 1:58:43 PM | * Backup/Cartomancie/Tarots/06-Pape.dat-- -- --280407
2/2/2026 1:58:43 PM | * Cartomancie/Tarots/06-Pape.php-- -- --30100
2/2/2026 1:58:43 PM | * Cartomancie/Tarots/07-Amoureux(var).js-- -- --171
2/2/2026 1:58:43 PM | * Cartomancie/Tarots/07-Amoureux.css-- -- --1273
2/2/2026 1:58:43 PM | * Backup/Cartomancie/Tarots/07-Amoureux.dat-- -- --280399
2/2/2026 1:58:43 PM | * Cartomancie/Tarots/07-Amoureux.php-- -- --29925
2/2/2026 1:58:43 PM | * Cartomancie/Tarots/08-Chariot(var).js-- -- --171
2/2/2026 1:58:43 PM | * Cartomancie/Tarots/08-Chariot.css-- -- --1273
2/2/2026 1:58:43 PM | * Backup/Cartomancie/Tarots/08-Chariot.dat-- -- --280797
2/2/2026 1:58:43 PM | * Cartomancie/Tarots/08-Chariot.php-- -- --30346
2/2/2026 1:58:43 PM | * Cartomancie/Tarots/09-Justice(var).js-- -- --171
2/2/2026 1:58:43 PM | * Cartomancie/Tarots/09-Justice.css-- -- --1273
2/2/2026 1:58:43 PM | * Backup/Cartomancie/Tarots/09-Justice.dat-- -- --280695
2/2/2026 1:58:43 PM | * Cartomancie/Tarots/09-Justice.php-- -- --30322
2/2/2026 1:58:43 PM | * Cartomancie/Tarots/10-Hermite(var).js-- -- --171
2/2/2026 1:58:43 PM | * Cartomancie/Tarots/10-Hermite.css-- -- --1273
2/2/2026 1:58:43 PM | * Backup/Cartomancie/Tarots/10-Hermite.dat-- -- --280698
2/2/2026 1:58:43 PM | * Cartomancie/Tarots/10-Hermite.php-- -- --30317
2/2/2026 1:58:43 PM | * Cartomancie/Tarots/11-Roue(var).js-- -- --171
2/2/2026 1:58:43 PM | * Cartomancie/Tarots/11-Roue.css-- -- --1273
2/2/2026 1:58:43 PM | * Backup/Cartomancie/Tarots/11-Roue.dat-- -- --280283
2/2/2026 1:58:43 PM | * Cartomancie/Tarots/11-Roue.php-- -- --29888
2/2/2026 1:58:43 PM | * Cartomancie/Tarots/12-Force(var).js-- -- --171
2/2/2026 1:58:43 PM | * Cartomancie/Tarots/12-Force.css-- -- --1273
2/2/2026 1:58:43 PM | * Backup/Cartomancie/Tarots/12-Force.dat-- -- --280246
2/2/2026 1:58:43 PM | * Cartomancie/Tarots/12-Force.php-- -- --29757
2/2/2026 1:58:43 PM | * Cartomancie/Tarots/13-Pendu(var).js-- -- --171
2/2/2026 1:58:43 PM | * Cartomancie/Tarots/13-Pendu.css-- -- --1273
2/2/2026 1:58:43 PM | * Backup/Cartomancie/Tarots/13-Pendu.dat-- -- --280007
2/2/2026 1:58:43 PM | * Cartomancie/Tarots/13-Pendu.php-- -- --30009
2/2/2026 1:58:43 PM | * Cartomancie/Tarots/14-Mort(var).js-- -- --171
2/2/2026 1:58:43 PM | * Cartomancie/Tarots/14-Mort.css-- -- --1273
2/2/2026 1:58:43 PM | * Backup/Cartomancie/Tarots/14-Mort.dat-- -- --280194
2/2/2026 1:58:43 PM | * Cartomancie/Tarots/14-Mort.php-- -- --29807
2/2/2026 1:58:43 PM | * Cartomancie/Tarots/15-Temperance(var).js-- -- --171
2/2/2026 1:58:43 PM | * Cartomancie/Tarots/15-Temperance.css-- -- --1273
2/2/2026 1:58:43 PM | * Backup/Cartomancie/Tarots/15-Temperance.dat-- -- --279885
2/2/2026 1:58:43 PM | * Cartomancie/Tarots/15-Temperance.php-- -- --29942
2/2/2026 1:58:43 PM | * Cartomancie/Tarots/16-Diable(var).js-- -- --171
2/2/2026 1:58:43 PM | * Cartomancie/Tarots/16-Diable.css-- -- --1273
2/2/2026 1:58:43 PM | * Backup/Cartomancie/Tarots/16-Diable.dat-- -- --280340
2/2/2026 1:58:43 PM | * Cartomancie/Tarots/16-Diable.php-- -- --29948
2/2/2026 1:58:43 PM | * Cartomancie/Tarots/16-Maison-Dieu(var).js-- -- --171
2/2/2026 1:58:43 PM | * Cartomancie/Tarots/16-Maison-Dieu.css-- -- --1273
2/2/2026 1:58:43 PM | * Backup/Cartomancie/Tarots/16-Maison-Dieu.dat-- -- --280578
2/2/2026 1:58:43 PM | * Cartomancie/Tarots/16-Maison-Dieu.php-- -- --30101
2/2/2026 1:58:43 PM | * Cartomancie/Tarots/17-Etoile(var).js-- -- --171
2/2/2026 1:58:43 PM | * Cartomancie/Tarots/17-Etoile.css-- -- --1273
2/2/2026 1:58:43 PM | * Backup/Cartomancie/Tarots/17-Etoile.dat-- -- --280190
2/2/2026 1:58:43 PM | * Cartomancie/Tarots/17-Etoile.php-- -- --29806
2/2/2026 1:58:43 PM | * Cartomancie/Tarots/18-Lune(var).js-- -- --171
2/2/2026 1:58:43 PM | * Cartomancie/Tarots/18-Lune.css-- -- --1273
2/2/2026 1:58:43 PM | * Backup/Cartomancie/Tarots/18-Lune.dat-- -- --280617
2/2/2026 1:58:43 PM | * Cartomancie/Tarots/18-Lune.php-- -- --30221
2/2/2026 1:58:43 PM | * Cartomancie/Tarots/19-Soleil(var).js-- -- --171
2/2/2026 1:58:43 PM | * Cartomancie/Tarots/19-Soleil.css-- -- --1273
2/2/2026 1:58:43 PM | * Backup/Cartomancie/Tarots/19-Soleil.dat-- -- --280461
2/2/2026 1:58:43 PM | * Cartomancie/Tarots/19-Soleil.php-- -- --30069
2/2/2026 1:58:43 PM | * Cartomancie/Tarots/20-Jugement(var).js-- -- --171
2/2/2026 1:58:43 PM | * Cartomancie/Tarots/20-Jugement.css-- -- --1273
2/2/2026 1:58:43 PM | * Backup/Cartomancie/Tarots/20-Jugement.dat-- -- --280333
2/2/2026 1:58:43 PM | * Cartomancie/Tarots/20-Jugement.php-- -- --29945
2/2/2026 1:58:43 PM | * Cartomancie/Tarots/21-Monde(var).js-- -- --171
2/2/2026 1:58:43 PM | * Cartomancie/Tarots/21-Monde.css-- -- --1273
2/2/2026 1:58:43 PM | * Backup/Cartomancie/Tarots/21-Monde.dat-- -- --280375
2/2/2026 1:58:43 PM | * Cartomancie/Tarots/21-Monde.php-- -- --29886
2/2/2026 1:58:43 PM | * Cartomancie/Tarots/Accueil(var).js-- -- --171
2/2/2026 1:58:43 PM | * Cartomancie/Tarots/Accueil.css-- -- --3694
2/2/2026 1:58:43 PM | * Backup/Cartomancie/Tarots/Accueil.dat-- -- --916733
2/2/2026 1:58:43 PM | * Cartomancie/Tarots/Accueil.php-- -- --41770
2/2/2026 1:58:43 PM | * CGU/CGU(var).js-- -- --171
2/2/2026 1:58:43 PM | * CGU/CGU.css-- -- --1071
2/2/2026 1:58:43 PM | * Backup/CGU/CGU.dat-- -- --253336
2/2/2026 1:58:43 PM | * CGU/CGU.php-- -- --35991
2/2/2026 1:58:43 PM | * Chat/Echec(var).js-- -- --171
2/2/2026 1:58:43 PM | * Chat/Echec.css-- -- --940
2/2/2026 1:58:43 PM | * Backup/Chat/Echec.dat-- -- --219249
2/2/2026 1:58:43 PM | * Chat/Echec.php-- -- --27636
2/2/2026 1:58:43 PM | * Chat/Envoi(var).js-- -- --171
2/2/2026 1:58:43 PM | * Chat/Envoi.css-- -- --862
2/2/2026 1:58:43 PM | * Backup/Chat/Envoi.dat-- -- --191901
2/2/2026 1:58:43 PM | * Chat/Envoi.php-- -- --27306
2/2/2026 1:58:43 PM | * Chat/Formulaire(var).js-- -- --1103
2/2/2026 1:58:43 PM | * Chat/Formulaire(var).php-- -- --4015
2/2/2026 1:58:43 PM | * Chat/Formulaire.css-- -- --4727
2/2/2026 1:58:43 PM | * Backup/Chat/Formulaire.dat-- -- --1028557
2/2/2026 1:58:43 PM | * Chat/Formulaire.php-- -- --57961
2/2/2026 1:58:43 PM | * Domicile/Echec(var).js-- -- --171
2/2/2026 1:58:43 PM | * Domicile/Echec.css-- -- --939
2/2/2026 1:58:43 PM | * Backup/Domicile/Echec.dat-- -- --219269
2/2/2026 1:58:43 PM | * Domicile/Echec.php-- -- --27666
2/2/2026 1:58:43 PM | * Domicile/Envoi(var).js-- -- --171
2/2/2026 1:58:43 PM | * Domicile/Envoi.css-- -- --862
2/2/2026 1:58:43 PM | * Backup/Domicile/Envoi.dat-- -- --191883
2/2/2026 1:58:43 PM | * Domicile/Envoi.php-- -- --27323
2/2/2026 1:58:43 PM | * Domicile/Formulaire(var).js-- -- --1111
2/2/2026 1:58:43 PM | * Domicile/Formulaire(var).php-- -- --3500
2/2/2026 1:58:43 PM | * Domicile/Formulaire.css-- -- --4727
2/2/2026 1:58:43 PM | * Backup/Domicile/Formulaire.dat-- -- --1021545
2/2/2026 1:58:43 PM | * Domicile/Formulaire.php-- -- --57864
2/2/2026 1:58:43 PM | * Dons/Dons(var).js-- -- --171
2/2/2026 1:58:43 PM | * Dons/Dons.css-- -- --1483
2/2/2026 1:58:43 PM | * Backup/Dons/Dons.dat-- -- --331108
2/2/2026 1:58:43 PM | * Dons/Dons.php-- -- --31799
2/2/2026 1:58:43 PM | * Gratuite/Echec(var).js-- -- --171
2/2/2026 1:58:43 PM | * Gratuite/Echec.css-- -- --939
2/2/2026 1:58:43 PM | * Backup/Gratuite/Echec.dat-- -- --217184
2/2/2026 1:58:43 PM | * Gratuite/Echec.php-- -- --27640
2/2/2026 1:58:43 PM | * Gratuite/Envoi(var).js-- -- --171
2/2/2026 1:58:43 PM | * Gratuite/Envoi.css-- -- --862
2/2/2026 1:58:43 PM | * Backup/Gratuite/Envoi.dat-- -- --191819
2/2/2026 1:58:43 PM | * Gratuite/Envoi.php-- -- --26857
2/2/2026 1:58:43 PM | * Gratuite/Formulaire(var).js-- -- --1147
2/2/2026 1:58:43 PM | * Gratuite/Formulaire(var).php-- -- --3811
2/2/2026 1:58:43 PM | * Gratuite/Formulaire.css-- -- --5107
2/2/2026 1:58:43 PM | * Backup/Gratuite/Formulaire.dat-- -- --1033193
2/2/2026 1:58:43 PM | * Gratuite/Formulaire.php-- -- --58348
2/2/2026 1:58:43 PM | * Magie/Echec(var).js-- -- --171
2/2/2026 1:58:43 PM | * Magie/Echec.css-- -- --939
2/2/2026 1:58:43 PM | * Backup/Magie/Echec.dat-- -- --217239
2/2/2026 1:58:43 PM | * Magie/Echec.php-- -- --27684
2/2/2026 1:58:43 PM | * Magie/Envoi(var).js-- -- --171
2/2/2026 1:58:43 PM | * Magie/Envoi.css-- -- --862
2/2/2026 1:58:43 PM | * Backup/Magie/Envoi.dat-- -- --190054
2/2/2026 1:58:43 PM | * Magie/Envoi.php-- -- --27376
2/2/2026 1:58:43 PM | * Magie/Formulaire(var).js-- -- --1133
2/2/2026 1:58:43 PM | * Magie/Formulaire(var).php-- -- --5375
2/2/2026 1:58:43 PM | * Magie/Formulaire.css-- -- --4882
2/2/2026 1:58:43 PM | * Backup/Magie/Formulaire.dat-- -- --1097064
2/2/2026 1:58:43 PM | * Magie/Formulaire.php-- -- --62137
2/2/2026 1:58:43 PM | * Mail/Echec(var).js-- -- --103
2/2/2026 1:58:43 PM | * Mail/Echec.css-- -- --887
2/2/2026 1:58:43 PM | * Backup/Mail/Echec.dat-- -- --192434
2/2/2026 1:58:43 PM | * Mail/Echec.php-- -- --27619
2/2/2026 1:58:43 PM | * Mail/Envoi(var).js-- -- --103
2/2/2026 1:58:43 PM | * Mail/Envoi.css-- -- --809
2/2/2026 1:58:43 PM | * Backup/Mail/Envoi.dat-- -- --167126
2/2/2026 1:58:43 PM | * Mail/Envoi.php-- -- --27325
2/2/2026 1:58:43 PM | * Mail/Formulaire(var).js-- -- --1103
2/2/2026 1:58:43 PM | * Mail/Formulaire(var).php-- -- --2242
2/2/2026 1:58:43 PM | * Mail/Formulaire.css-- -- --4265
2/2/2026 1:58:43 PM | * Backup/Mail/Formulaire.dat-- -- --808848
2/2/2026 1:58:43 PM | * Mail/Formulaire.php-- -- --49788
2/2/2026 1:58:43 PM | * Methodes/Accueil(var).js-- -- --171
2/2/2026 1:58:43 PM | * Methodes/Accueil.css-- -- --1721
2/2/2026 1:58:43 PM | * Backup/Methodes/Accueil.dat-- -- --450511
2/2/2026 1:58:43 PM | * Methodes/Accueil.php-- -- --42516
2/2/2026 1:58:43 PM | * Methodes/Croix(var).js-- -- --171
2/2/2026 1:58:43 PM | * Methodes/Croix.css-- -- --3694
2/2/2026 1:58:43 PM | * Backup/Methodes/Croix.dat-- -- --950261
2/2/2026 1:58:43 PM | * Methodes/Croix.php-- -- --51120
2/2/2026 1:58:43 PM | * Methodes/Ligne(var).js-- -- --171
2/2/2026 1:58:43 PM | * Methodes/Ligne.css-- -- --3890
2/2/2026 1:58:43 PM | * Backup/Methodes/Ligne.dat-- -- --995220
2/2/2026 1:58:43 PM | * Methodes/Ligne.php-- -- --59071
2/2/2026 1:58:43 PM | * Methodes/Pyramide(var).js-- -- --171
2/2/2026 1:58:43 PM | * Methodes/Pyramide.css-- -- --2041
2/2/2026 1:58:43 PM | * Backup/Methodes/Pyramide.dat-- -- --484510
2/2/2026 1:58:43 PM | * Methodes/Pyramide.php-- -- --45006
2/2/2026 1:58:43 PM | * Paiement/Paiement_accepte(var).js-- -- --171
2/2/2026 1:58:43 PM | * Paiement/Paiement_accepte.css-- -- --862
2/2/2026 1:58:43 PM | * Backup/Paiement/Paiement_accepte.dat-- -- --189913
2/2/2026 1:58:43 PM | * Paiement/Paiement_accepte.php-- -- --27555
2/2/2026 1:58:43 PM | * Paiement/Paiement_avorte(var).js-- -- --171
2/2/2026 1:58:43 PM | * Paiement/Paiement_avorte.css-- -- --862
2/2/2026 1:58:43 PM | * Backup/Paiement/Paiement_avorte.dat-- -- --189611
2/2/2026 1:58:43 PM | * Paiement/Paiement_avorte.php-- -- --27146
2/2/2026 1:58:43 PM | * Partenaires/Partenaires(var).js-- -- --171
2/2/2026 1:58:43 PM | * Partenaires/Partenaires.css-- -- --716
2/2/2026 1:58:43 PM | * Backup/Partenaires/Partenaires.dat-- -- --157327
2/2/2026 1:58:43 PM | * Partenaires/Partenaires.php-- -- --26561
2/2/2026 1:58:43 PM | * Planetes/Accueil(var).js-- -- --171
2/2/2026 1:58:43 PM | * Planetes/Accueil.css-- -- --3106
2/2/2026 1:58:43 PM | * Backup/Planetes/Accueil.dat-- -- --814070
2/2/2026 1:58:43 PM | * Planetes/Accueil.php-- -- --40670
2/2/2026 1:58:43 PM | * Planetes/Jupiter(var).js-- -- --171
2/2/2026 1:58:43 PM | * Planetes/Jupiter.css-- -- --1182
2/2/2026 1:58:43 PM | * Backup/Planetes/Jupiter.dat-- -- --280107
2/2/2026 1:58:43 PM | * Planetes/Jupiter.php-- -- --30328
2/2/2026 1:58:43 PM | * Planetes/Lune(var).js-- -- --239
2/2/2026 1:58:43 PM | * Planetes/Lune.css-- -- --1236
2/2/2026 1:58:43 PM | * Backup/Planetes/Lune.dat-- -- --301576
2/2/2026 1:58:43 PM | * Planetes/Lune.php-- -- --30807
2/2/2026 1:58:43 PM | * Planetes/Mars(var).js-- -- --239
2/2/2026 1:58:43 PM | * Planetes/Mars.css-- -- --1236
2/2/2026 1:58:43 PM | * Backup/Planetes/Mars.dat-- -- --301227
2/2/2026 1:58:43 PM | * Planetes/Mars.php-- -- --30458
2/2/2026 1:58:43 PM | * Planetes/Mercure(var).js-- -- --239
2/2/2026 1:58:43 PM | * Planetes/Mercure.css-- -- --1236
2/2/2026 1:58:43 PM | * Backup/Planetes/Mercure.dat-- -- --302114
2/2/2026 1:58:43 PM | * Planetes/Mercure.php-- -- --31239
2/2/2026 1:58:43 PM | * Planetes/Neptune(var).js-- -- --239
2/2/2026 1:58:43 PM | * Planetes/Neptune.css-- -- --1236
2/2/2026 1:58:43 PM | * Backup/Planetes/Neptune.dat-- -- --301299
2/2/2026 1:58:43 PM | * Planetes/Neptune.php-- -- --30532
2/2/2026 1:58:43 PM | * Planetes/Pluton(var).js-- -- --239
2/2/2026 1:58:43 PM | * Planetes/Pluton.css-- -- --1236
2/2/2026 1:58:43 PM | * Backup/Planetes/Pluton.dat-- -- --301229
2/2/2026 1:58:43 PM | * Planetes/Pluton.php-- -- --30464
2/2/2026 1:58:43 PM | * Planetes/Saturne(var).js-- -- --239
2/2/2026 1:58:43 PM | * Planetes/Saturne.css-- -- --1250
2/2/2026 1:58:43 PM | * Backup/Planetes/Saturne.dat-- -- --303218
2/2/2026 1:58:43 PM | * Planetes/Saturne.php-- -- --30493
2/2/2026 1:58:43 PM | * Planetes/Soleil(var).js-- -- --239
2/2/2026 1:58:43 PM | * Planetes/Soleil.css-- -- --1251
2/2/2026 1:58:43 PM | * Backup/Planetes/Soleil.dat-- -- --304680
2/2/2026 1:58:43 PM | * Planetes/Soleil.php-- -- --30176
2/2/2026 1:58:43 PM | * Planetes/Uranus(var).js-- -- --239
2/2/2026 1:58:43 PM | * Planetes/Uranus.css-- -- --1251
2/2/2026 1:58:43 PM | * Backup/Planetes/Uranus.dat-- -- --304436
2/2/2026 1:58:43 PM | * Planetes/Uranus.php-- -- --29890
2/2/2026 1:58:43 PM | * Planetes/Venus(var).js-- -- --239
2/2/2026 1:58:43 PM | * Planetes/Venus.css-- -- --1251
2/2/2026 1:58:43 PM | * Backup/Planetes/Venus.dat-- -- --305172
2/2/2026 1:58:43 PM | * Planetes/Venus.php-- -- --30537
2/2/2026 1:58:43 PM | * index(var).js-- -- --171
2/2/2026 1:58:43 PM | * index.css-- -- --1183
2/2/2026 1:58:43 PM | * Backup/index.dat-- -- --230945
2/2/2026 1:58:43 PM | * index.php-- -- --33630
2/2/2026 1:58:43 PM | * Templates/Base.css-- -- --4396
2/2/2026 1:58:43 PM | * Templates/Base.php-- -- --25722
2/2/2026 1:58:43 PM | * Backup/Templates/Base.tdat-- -- --1006726
2/2/2026 1:58:43 PM | * sitemap.xml-- -- --26907
2/2/2026 1:58:43 PM | * robots.txt-- -- --39
2/2/2026 1:58:43 PM | * Backup/Belline net.ope-- -- --3606
2/2/2026 1:58:46 PM | 
2/2/2026 1:58:46 PM | 
--------------------------------Phase 1 Terminé--------------------------------
2/2/2026 1:58:46 PM | 

2/2/2026 1:59:09 PM | Debut Mise en ligne différentielle (Site):
2/2/2026 1:59:21 PM | Listing terminé :
2/2/2026 1:59:21 PM | 

2/2/2026 1:59:21 PM | * Planetes-- -- --Folder create
2/2/2026 1:59:21 PM | * Partenaires-- -- --Folder create
2/2/2026 1:59:21 PM | * Paiement-- -- --Folder create
2/2/2026 1:59:21 PM | * Online-- -- --Folder create
2/2/2026 1:59:21 PM | * Online/Templates-- -- --Folder create
2/2/2026 1:59:21 PM | * Methodes-- -- --Folder create
2/2/2026 1:59:21 PM | * Mail-- -- --Folder create
2/2/2026 1:59:21 PM | * Magie-- -- --Folder create
2/2/2026 1:59:21 PM | * Gratuite-- -- --Folder create
2/2/2026 1:59:21 PM | * Dons-- -- --Folder create
2/2/2026 1:59:21 PM | * Domicile-- -- --Folder create
2/2/2026 1:59:21 PM | * Chat-- -- --Folder create
2/2/2026 1:59:21 PM | * CGU-- -- --Folder create
2/2/2026 1:59:21 PM | * Cartomancie-- -- --Folder create
2/2/2026 1:59:21 PM | * Cartomancie/Tarots-- -- --Folder create
2/2/2026 1:59:21 PM | * Cartomancie/Belline-- -- --Folder create
2/2/2026 1:59:21 PM | * Cartomancie/32-cartes-- -- --Folder create
2/2/2026 1:59:21 PM | * Cartomancie/32-cartes/Trefle-- -- --Folder create
2/2/2026 1:59:21 PM | * Cartomancie/32-cartes/Pique-- -- --Folder create
2/2/2026 1:59:21 PM | * Cartomancie/32-cartes/Coeur-- -- --Folder create
2/2/2026 1:59:21 PM | * Cartomancie/32-cartes/Carreau-- -- --Folder create
2/2/2026 1:59:21 PM | * Admin-- -- --Folder create
2/2/2026 1:59:21 PM | * Admin/sounds-- -- --Folder create
2/2/2026 1:59:21 PM | * Backup-- -- --Folder create
2/2/2026 1:59:21 PM | * Templates-- -- --Folder create
2/2/2026 1:59:21 PM | * WEFiles-- -- --Folder create
2/2/2026 1:59:21 PM | * WEFiles/Image-- -- --Folder create
2/2/2026 1:59:21 PM | * WEFiles/Image/WEImage-- -- --Folder create
2/2/2026 1:59:21 PM | * Backup/.htaccess-- -- --33
2/2/2026 1:59:21 PM | * .htaccess-- -- --0
2/2/2026 1:59:21 PM | * Admin/status.css-- -- --0
2/2/2026 1:59:21 PM | * Cartomancie/32-cartes/Carreau/07(var).js-- -- --171
2/2/2026 1:59:21 PM | * Cartomancie/32-cartes/Carreau/07.css-- -- --1196
2/2/2026 1:59:21 PM | * Backup/Cartomancie/32-cartes/Carreau/07.dat-- -- --278233
2/2/2026 1:59:21 PM | * Cartomancie/32-cartes/Carreau/07.php-- -- --29650
2/2/2026 1:59:21 PM | * Cartomancie/32-cartes/Carreau/08(var).js-- -- --171
2/2/2026 1:59:21 PM | * Cartomancie/32-cartes/Carreau/08.css-- -- --1197
2/2/2026 1:59:21 PM | * Backup/Cartomancie/32-cartes/Carreau/08.dat-- -- --279197
2/2/2026 1:59:21 PM | * Cartomancie/32-cartes/Carreau/08.php-- -- --30518
2/2/2026 1:59:21 PM | * Cartomancie/32-cartes/Carreau/09(var).js-- -- --171
2/2/2026 1:59:21 PM | * Cartomancie/32-cartes/Carreau/09.css-- -- --1196
2/2/2026 1:59:21 PM | * Backup/Cartomancie/32-cartes/Carreau/09.dat-- -- --277444
2/2/2026 1:59:21 PM | * Cartomancie/32-cartes/Carreau/09.php-- -- --29304
2/2/2026 1:59:21 PM | * Cartomancie/32-cartes/Carreau/10(var).js-- -- --171
2/2/2026 1:59:21 PM | * Cartomancie/32-cartes/Carreau/10.css-- -- --1196
2/2/2026 1:59:21 PM | * Backup/Cartomancie/32-cartes/Carreau/10.dat-- -- --278108
2/2/2026 1:59:21 PM | * Cartomancie/32-cartes/Carreau/10.php-- -- --29579
2/2/2026 1:59:21 PM | * Cartomancie/32-cartes/Carreau/11-Valet(var).js-- -- --171
2/2/2026 1:59:21 PM | * Cartomancie/32-cartes/Carreau/11-Valet.css-- -- --1196
2/2/2026 1:59:21 PM | * Backup/Cartomancie/32-cartes/Carreau/11-Valet.dat-- -- --278300
2/2/2026 1:59:21 PM | * Cartomancie/32-cartes/Carreau/11-Valet.php-- -- --30176
2/2/2026 1:59:21 PM | * Cartomancie/32-cartes/Carreau/12-Dame(var).js-- -- --171
2/2/2026 1:59:21 PM | * Cartomancie/32-cartes/Carreau/12-Dame.css-- -- --1196
2/2/2026 1:59:21 PM | * Backup/Cartomancie/32-cartes/Carreau/12-Dame.dat-- -- --277737
2/2/2026 1:59:21 PM | * Cartomancie/32-cartes/Carreau/12-Dame.php-- -- --29830
2/2/2026 1:59:21 PM | * Cartomancie/32-cartes/Carreau/13-Roi(var).js-- -- --171
2/2/2026 1:59:21 PM | * Cartomancie/32-cartes/Carreau/13-Roi.css-- -- --1196
2/2/2026 1:59:21 PM | * Backup/Cartomancie/32-cartes/Carreau/13-Roi.dat-- -- --278040
2/2/2026 1:59:21 PM | * Cartomancie/32-cartes/Carreau/13-Roi.php-- -- --29910
2/2/2026 1:59:21 PM | * Cartomancie/32-cartes/Carreau/14-As(var).js-- -- --171
2/2/2026 1:59:21 PM | * Cartomancie/32-cartes/Carreau/14-As.css-- -- --1196
2/2/2026 1:59:21 PM | * Backup/Cartomancie/32-cartes/Carreau/14-As.dat-- -- --278005
2/2/2026 1:59:21 PM | * Cartomancie/32-cartes/Carreau/14-As.php-- -- --29746
2/2/2026 1:59:21 PM | * Cartomancie/32-cartes/Coeur/07(var).js-- -- --171
2/2/2026 1:59:21 PM | * Cartomancie/32-cartes/Coeur/07.css-- -- --1196
2/2/2026 1:59:21 PM | * Backup/Cartomancie/32-cartes/Coeur/07.dat-- -- --277977
2/2/2026 1:59:21 PM | * Cartomancie/32-cartes/Coeur/07.php-- -- --29679
2/2/2026 1:59:21 PM | * Cartomancie/32-cartes/Coeur/08(var).js-- -- --171
2/2/2026 1:59:21 PM | * Cartomancie/32-cartes/Coeur/08.css-- -- --1196
2/2/2026 1:59:21 PM | * Backup/Cartomancie/32-cartes/Coeur/08.dat-- -- --277840
2/2/2026 1:59:21 PM | * Cartomancie/32-cartes/Coeur/08.php-- -- --29532
2/2/2026 1:59:21 PM | * Cartomancie/32-cartes/Coeur/09(var).js-- -- --171
2/2/2026 1:59:21 PM | * Cartomancie/32-cartes/Coeur/09.css-- -- --1196
2/2/2026 1:59:21 PM | * Backup/Cartomancie/32-cartes/Coeur/09.dat-- -- --277886
2/2/2026 1:59:21 PM | * Cartomancie/32-cartes/Coeur/09.php-- -- --29578
2/2/2026 1:59:21 PM | * Cartomancie/32-cartes/Coeur/10(var).js-- -- --171
2/2/2026 1:59:21 PM | * Cartomancie/32-cartes/Coeur/10.css-- -- --1211
2/2/2026 1:59:21 PM | * Backup/Cartomancie/32-cartes/Coeur/10.dat-- -- --284142
2/2/2026 1:59:21 PM | * Cartomancie/32-cartes/Coeur/10.php-- -- --30249
2/2/2026 1:59:21 PM | * Cartomancie/32-cartes/Coeur/11-Valet(var).js-- -- --171
2/2/2026 1:59:21 PM | * Cartomancie/32-cartes/Coeur/11-Valet.css-- -- --1196
2/2/2026 1:59:21 PM | * Backup/Cartomancie/32-cartes/Coeur/11-Valet.dat-- -- --278378
2/2/2026 1:59:21 PM | * Cartomancie/32-cartes/Coeur/11-Valet.php-- -- --30088
2/2/2026 1:59:21 PM | * Cartomancie/32-cartes/Coeur/12-Dame(var).js-- -- --171
2/2/2026 1:59:21 PM | * Cartomancie/32-cartes/Coeur/12-Dame.css-- -- --1196
2/2/2026 1:59:21 PM | * Backup/Cartomancie/32-cartes/Coeur/12-Dame.dat-- -- --277992
2/2/2026 1:59:21 PM | * Cartomancie/32-cartes/Coeur/12-Dame.php-- -- --29699
2/2/2026 1:59:21 PM | * Cartomancie/32-cartes/Coeur/13-Roi(var).js-- -- --103
2/2/2026 1:59:21 PM | * Cartomancie/32-cartes/Coeur/13-Roi.css-- -- --1143
2/2/2026 1:59:21 PM | * Backup/Cartomancie/32-cartes/Coeur/13-Roi.dat-- -- --255808
2/2/2026 1:59:21 PM | * Cartomancie/32-cartes/Coeur/13-Roi.php-- -- --30091
2/2/2026 1:59:21 PM | * Cartomancie/32-cartes/Coeur/14-As(var).js-- -- --103
2/2/2026 1:59:21 PM | * Cartomancie/32-cartes/Coeur/14-As.css-- -- --1143
2/2/2026 1:59:21 PM | * Backup/Cartomancie/32-cartes/Coeur/14-As.dat-- -- --255095
2/2/2026 1:59:21 PM | * Cartomancie/32-cartes/Coeur/14-As.php-- -- --29487
2/2/2026 1:59:21 PM | * Cartomancie/32-cartes/Pique/07(var).js-- -- --239
2/2/2026 1:59:21 PM | * Cartomancie/32-cartes/Pique/07.css-- -- --1249
2/2/2026 1:59:21 PM | * Backup/Cartomancie/32-cartes/Pique/07.dat-- -- --299014
2/2/2026 1:59:21 PM | * Cartomancie/32-cartes/Pique/07.php-- -- --29731
2/2/2026 1:59:21 PM | * Cartomancie/32-cartes/Pique/08(var).js-- -- --171
2/2/2026 1:59:21 PM | * Cartomancie/32-cartes/Pique/08.css-- -- --1196
2/2/2026 1:59:21 PM | * Backup/Cartomancie/32-cartes/Pique/08.dat-- -- --280545
2/2/2026 1:59:21 PM | * Cartomancie/32-cartes/Pique/08.php-- -- --30322
2/2/2026 1:59:21 PM | * Cartomancie/32-cartes/Pique/09(var).js-- -- --171
2/2/2026 1:59:21 PM | * Cartomancie/32-cartes/Pique/09.css-- -- --1196
2/2/2026 1:59:21 PM | * Backup/Cartomancie/32-cartes/Pique/09.dat-- -- --278107
2/2/2026 1:59:21 PM | * Cartomancie/32-cartes/Pique/09.php-- -- --29876
2/2/2026 1:59:21 PM | * Cartomancie/32-cartes/Pique/10(var).js-- -- --171
2/2/2026 1:59:21 PM | * Cartomancie/32-cartes/Pique/10.css-- -- --1196
2/2/2026 1:59:21 PM | * Backup/Cartomancie/32-cartes/Pique/10.dat-- -- --277812
2/2/2026 1:59:21 PM | * Cartomancie/32-cartes/Pique/10.php-- -- --29551
2/2/2026 1:59:21 PM | * Cartomancie/32-cartes/Pique/11-Valet(var).js-- -- --171
2/2/2026 1:59:21 PM | * Cartomancie/32-cartes/Pique/11-Valet.css-- -- --1197
2/2/2026 1:59:21 PM | * Backup/Cartomancie/32-cartes/Pique/11-Valet.dat-- -- --277946
2/2/2026 1:59:21 PM | * Cartomancie/32-cartes/Pique/11-Valet.php-- -- --29702
2/2/2026 1:59:21 PM | * Cartomancie/32-cartes/Pique/12-Dame(var).js-- -- --171
2/2/2026 1:59:21 PM | * Cartomancie/32-cartes/Pique/12-Dame.css-- -- --1197
2/2/2026 1:59:21 PM | * Backup/Cartomancie/32-cartes/Pique/12-Dame.dat-- -- --278107
2/2/2026 1:59:21 PM | * Cartomancie/32-cartes/Pique/12-Dame.php-- -- --29860
2/2/2026 1:59:21 PM | * Cartomancie/32-cartes/Pique/13-Roi(var).js-- -- --171
2/2/2026 1:59:21 PM | * Cartomancie/32-cartes/Pique/13-Roi.css-- -- --1196
2/2/2026 1:59:21 PM | * Backup/Cartomancie/32-cartes/Pique/13-Roi.dat-- -- --278324
2/2/2026 1:59:21 PM | * Cartomancie/32-cartes/Pique/13-Roi.php-- -- --30071
2/2/2026 1:59:21 PM | * Cartomancie/32-cartes/Pique/14-As(var).js-- -- --103
2/2/2026 1:59:21 PM | * Cartomancie/32-cartes/Pique/14-As.css-- -- --1143
2/2/2026 1:59:21 PM | * Backup/Cartomancie/32-cartes/Pique/14-As.dat-- -- --255319
2/2/2026 1:59:21 PM | * Cartomancie/32-cartes/Pique/14-As.php-- -- --29695
2/2/2026 1:59:21 PM | * Cartomancie/32-cartes/Trefle/07(var).js-- -- --171
2/2/2026 1:59:21 PM | * Cartomancie/32-cartes/Trefle/07.css-- -- --1274
2/2/2026 1:59:21 PM | * Backup/Cartomancie/32-cartes/Trefle/07.dat-- -- --278687
2/2/2026 1:59:21 PM | * Cartomancie/32-cartes/Trefle/07.php-- -- --30355
2/2/2026 1:59:21 PM | * Cartomancie/32-cartes/Trefle/08(var).js-- -- --171
2/2/2026 1:59:21 PM | * Cartomancie/32-cartes/Trefle/08.css-- -- --1273
2/2/2026 1:59:21 PM | * Backup/Cartomancie/32-cartes/Trefle/08.dat-- -- --278708
2/2/2026 1:59:21 PM | * Cartomancie/32-cartes/Trefle/08.php-- -- --30368
2/2/2026 1:59:21 PM | * Cartomancie/32-cartes/Trefle/09(var).js-- -- --171
2/2/2026 1:59:21 PM | * Cartomancie/32-cartes/Trefle/09.css-- -- --1274
2/2/2026 1:59:21 PM | * Backup/Cartomancie/32-cartes/Trefle/09.dat-- -- --278085
2/2/2026 1:59:21 PM | * Cartomancie/32-cartes/Trefle/09.php-- -- --29744
2/2/2026 1:59:21 PM | * Cartomancie/32-cartes/Trefle/10(var).js-- -- --171
2/2/2026 1:59:21 PM | * Cartomancie/32-cartes/Trefle/10.css-- -- --1274
2/2/2026 1:59:21 PM | * Backup/Cartomancie/32-cartes/Trefle/10.dat-- -- --278158
2/2/2026 1:59:21 PM | * Cartomancie/32-cartes/Trefle/10.php-- -- --29817
2/2/2026 1:59:21 PM | * Cartomancie/32-cartes/Trefle/11-Valet(var).js-- -- --171
2/2/2026 1:59:21 PM | * Cartomancie/32-cartes/Trefle/11-Valet.css-- -- --1273
2/2/2026 1:59:21 PM | * Backup/Cartomancie/32-cartes/Trefle/11-Valet.dat-- -- --278223
2/2/2026 1:59:21 PM | * Cartomancie/32-cartes/Trefle/11-Valet.php-- -- --29900
2/2/2026 1:59:21 PM | * Cartomancie/32-cartes/Trefle/12-Dame(var).js-- -- --171
2/2/2026 1:59:21 PM | * Cartomancie/32-cartes/Trefle/12-Dame.css-- -- --1273
2/2/2026 1:59:21 PM | * Backup/Cartomancie/32-cartes/Trefle/12-Dame.dat-- -- --278052
2/2/2026 1:59:21 PM | * Cartomancie/32-cartes/Trefle/12-Dame.php-- -- --29727
2/2/2026 1:59:21 PM | * Cartomancie/32-cartes/Trefle/13-Roi(var).js-- -- --171
2/2/2026 1:59:21 PM | * Cartomancie/32-cartes/Trefle/13-Roi.css-- -- --1274
2/2/2026 1:59:21 PM | * Backup/Cartomancie/32-cartes/Trefle/13-Roi.dat-- -- --277772
2/2/2026 1:59:21 PM | * Cartomancie/32-cartes/Trefle/13-Roi.php-- -- --29443
2/2/2026 1:59:21 PM | * Cartomancie/32-cartes/Trefle/14-As(var).js-- -- --171
2/2/2026 1:59:21 PM | * Cartomancie/32-cartes/Trefle/14-As.css-- -- --1273
2/2/2026 1:59:21 PM | * Backup/Cartomancie/32-cartes/Trefle/14-As.dat-- -- --277993
2/2/2026 1:59:21 PM | * Cartomancie/32-cartes/Trefle/14-As.php-- -- --29662
2/2/2026 1:59:21 PM | * Cartomancie/32-cartes/Accueil(var).js-- -- --171
2/2/2026 1:59:21 PM | * Cartomancie/32-cartes/Accueil.css-- -- --5807
2/2/2026 1:59:21 PM | * Backup/Cartomancie/32-cartes/Accueil.dat-- -- --1364076
2/2/2026 1:59:21 PM | * Cartomancie/32-cartes/Accueil.php-- -- --50753
2/2/2026 1:59:21 PM | * Cartomancie/Belline/01-Bleu(var).js-- -- --171
2/2/2026 1:59:21 PM | * Cartomancie/Belline/01-Bleu.css-- -- --1273
2/2/2026 1:59:21 PM | * Backup/Cartomancie/Belline/01-Bleu.dat-- -- --279645
2/2/2026 1:59:21 PM | * Cartomancie/Belline/01-Bleu.php-- -- --29255
2/2/2026 1:59:21 PM | * Cartomancie/Belline/02-Destinee(var).js-- -- --171
2/2/2026 1:59:21 PM | * Cartomancie/Belline/02-Destinee.css-- -- --1273
2/2/2026 1:59:21 PM | * Backup/Cartomancie/Belline/02-Destinee.dat-- -- --279977
2/2/2026 1:59:21 PM | * Cartomancie/Belline/02-Destinee.php-- -- --29591
2/2/2026 1:59:21 PM | * Cartomancie/Belline/03-Homme(var).js-- -- --171
2/2/2026 1:59:21 PM | * Cartomancie/Belline/03-Homme.css-- -- --1273
2/2/2026 1:59:21 PM | * Backup/Cartomancie/Belline/03-Homme.dat-- -- --280141
2/2/2026 1:59:21 PM | * Cartomancie/Belline/03-Homme.php-- -- --29740
2/2/2026 1:59:21 PM | * Cartomancie/Belline/04-Femme(var).js-- -- --171
2/2/2026 1:59:21 PM | * Cartomancie/Belline/04-Femme.css-- -- --1273
2/2/2026 1:59:21 PM | * Backup/Cartomancie/Belline/04-Femme.dat-- -- --279738
2/2/2026 1:59:21 PM | * Cartomancie/Belline/04-Femme.php-- -- --29333
2/2/2026 1:59:21 PM | * Cartomancie/Belline/05-Nativite(var).js-- -- --171
2/2/2026 1:59:21 PM | * Cartomancie/Belline/05-Nativite.css-- -- --1273
2/2/2026 1:59:21 PM | * Backup/Cartomancie/Belline/05-Nativite.dat-- -- --279973
2/2/2026 1:59:21 PM | * Cartomancie/Belline/05-Nativite.php-- -- --29602
2/2/2026 1:59:21 PM | * Cartomancie/Belline/06-Reussite(var).js-- -- --171
2/2/2026 1:59:21 PM | * Cartomancie/Belline/06-Reussite.css-- -- --1273
2/2/2026 1:59:21 PM | * Backup/Cartomancie/Belline/06-Reussite.dat-- -- --280262
2/2/2026 1:59:21 PM | * Cartomancie/Belline/06-Reussite.php-- -- --29796
2/2/2026 1:59:21 PM | * Cartomancie/Belline/07-Elevation(var).js-- -- --171
2/2/2026 1:59:21 PM | * Cartomancie/Belline/07-Elevation.css-- -- --1273
2/2/2026 1:59:21 PM | * Backup/Cartomancie/Belline/07-Elevation.dat-- -- --280125
2/2/2026 1:59:21 PM | * Cartomancie/Belline/07-Elevation.php-- -- --29735
2/2/2026 1:59:21 PM | * Cartomancie/Belline/08-Honneurs(var).js-- -- --171
2/2/2026 1:59:21 PM | * Cartomancie/Belline/08-Honneurs.css-- -- --1274
2/2/2026 1:59:21 PM | * Backup/Cartomancie/Belline/08-Honneurs.dat-- -- --280170
2/2/2026 1:59:21 PM | * Cartomancie/Belline/08-Honneurs.php-- -- --29729
2/2/2026 1:59:21 PM | * Cartomancie/Belline/09-Pensee(var).js-- -- --171
2/2/2026 1:59:21 PM | * Cartomancie/Belline/09-Pensee.css-- -- --1273
2/2/2026 1:59:21 PM | * Backup/Cartomancie/Belline/09-Pensee.dat-- -- --280200
2/2/2026 1:59:21 PM | * Cartomancie/Belline/09-Pensee.php-- -- --29813
2/2/2026 1:59:21 PM | * Cartomancie/Belline/10-Campagne(var).js-- -- --171
2/2/2026 1:59:21 PM | * Cartomancie/Belline/10-Campagne.css-- -- --1273
2/2/2026 1:59:21 PM | * Backup/Cartomancie/Belline/10-Campagne.dat-- -- --280039
2/2/2026 1:59:21 PM | * Cartomancie/Belline/10-Campagne.php-- -- --29703
2/2/2026 1:59:21 PM | * Cartomancie/Belline/11-Presents(var).js-- -- --171
2/2/2026 1:59:21 PM | * Cartomancie/Belline/11-Presents.css-- -- --1274
2/2/2026 1:59:21 PM | * Backup/Cartomancie/Belline/11-Presents.dat-- -- --280163
2/2/2026 1:59:21 PM | * Cartomancie/Belline/11-Presents.php-- -- --29725
2/2/2026 1:59:21 PM | * Cartomancie/Belline/12-Trahison(var).js-- -- --171
2/2/2026 1:59:21 PM | * Cartomancie/Belline/12-Trahison.css-- -- --1273
2/2/2026 1:59:21 PM | * Backup/Cartomancie/Belline/12-Trahison.dat-- -- --280085
2/2/2026 1:59:21 PM | * Cartomancie/Belline/12-Trahison.php-- -- --29731
2/2/2026 1:59:21 PM | * Cartomancie/Belline/13-Depart(var).js-- -- --171
2/2/2026 1:59:21 PM | * Cartomancie/Belline/13-Depart.css-- -- --1273
2/2/2026 1:59:21 PM | * Backup/Cartomancie/Belline/13-Depart.dat-- -- --279967
2/2/2026 1:59:21 PM | * Cartomancie/Belline/13-Depart.php-- -- --29600
2/2/2026 1:59:21 PM | * Cartomancie/Belline/14-Inconstance(var).js-- -- --171
2/2/2026 1:59:21 PM | * Cartomancie/Belline/14-Inconstance.css-- -- --1274
2/2/2026 1:59:21 PM | * Backup/Cartomancie/Belline/14-Inconstance.dat-- -- --280304
2/2/2026 1:59:21 PM | * Cartomancie/Belline/14-Inconstance.php-- -- --29963
2/2/2026 1:59:21 PM | * Cartomancie/Belline/15-Decouverte(var).js-- -- --171
2/2/2026 1:59:21 PM | * Cartomancie/Belline/15-Decouverte.css-- -- --1274
2/2/2026 1:59:21 PM | * Backup/Cartomancie/Belline/15-Decouverte.dat-- -- --280613
2/2/2026 1:59:21 PM | * Cartomancie/Belline/15-Decouverte.php-- -- --30279
2/2/2026 1:59:21 PM | * Cartomancie/Belline/16-Eau(var).js-- -- --171
2/2/2026 1:59:21 PM | * Cartomancie/Belline/16-Eau.css-- -- --1273
2/2/2026 1:59:21 PM | * Backup/Cartomancie/Belline/16-Eau.dat-- -- --280105
2/2/2026 1:59:21 PM | * Cartomancie/Belline/16-Eau.php-- -- --29732
2/2/2026 1:59:21 PM | * Cartomancie/Belline/17-Penates(var).js-- -- --171
2/2/2026 1:59:21 PM | * Cartomancie/Belline/17-Penates.css-- -- --1273
2/2/2026 1:59:21 PM | * Backup/Cartomancie/Belline/17-Penates.dat-- -- --280277
2/2/2026 1:59:21 PM | * Cartomancie/Belline/17-Penates.php-- -- --29912
2/2/2026 1:59:21 PM | * Cartomancie/Belline/18-Maladie(var).js-- -- --171
2/2/2026 1:59:21 PM | * Cartomancie/Belline/18-Maladie.css-- -- --1273
2/2/2026 1:59:21 PM | * Backup/Cartomancie/Belline/18-Maladie.dat-- -- --280043
2/2/2026 1:59:21 PM | * Cartomancie/Belline/18-Maladie.php-- -- --29583
2/2/2026 1:59:21 PM | * Cartomancie/Belline/19-Changement(var).js-- -- --171
2/2/2026 1:59:21 PM | * Cartomancie/Belline/19-Changement.css-- -- --1273
2/2/2026 1:59:21 PM | * Backup/Cartomancie/Belline/19-Changement.dat-- -- --280213
2/2/2026 1:59:21 PM | * Cartomancie/Belline/19-Changement.php-- -- --29871
2/2/2026 1:59:21 PM | * Cartomancie/Belline/20-Argent(var).js-- -- --171
2/2/2026 1:59:21 PM | * Cartomancie/Belline/20-Argent.css-- -- --1273
2/2/2026 1:59:21 PM | * Backup/Cartomancie/Belline/20-Argent.dat-- -- --279808
2/2/2026 1:59:21 PM | * Cartomancie/Belline/20-Argent.php-- -- --29458
2/2/2026 1:59:21 PM | * Cartomancie/Belline/21-Intelligence(var).js-- -- --171
2/2/2026 1:59:21 PM | * Cartomancie/Belline/21-Intelligence.css-- -- --1273
2/2/2026 1:59:21 PM | * Backup/Cartomancie/Belline/21-Intelligence.dat-- -- --280269
2/2/2026 1:59:21 PM | * Cartomancie/Belline/21-Intelligence.php-- -- --29931
2/2/2026 1:59:21 PM | * Cartomancie/Belline/22-Vol(var).js-- -- --171
2/2/2026 1:59:21 PM | * Cartomancie/Belline/22-Vol.css-- -- --1273
2/2/2026 1:59:21 PM | * Backup/Cartomancie/Belline/22-Vol.dat-- -- --279645
2/2/2026 1:59:21 PM | * Cartomancie/Belline/22-Vol.php-- -- --29618
2/2/2026 1:59:21 PM | * Cartomancie/Belline/23-Entreprises(var).js-- -- --171
2/2/2026 1:59:21 PM | * Cartomancie/Belline/23-Entreprises.css-- -- --1273
2/2/2026 1:59:21 PM | * Backup/Cartomancie/Belline/23-Entreprises.dat-- -- --278282
2/2/2026 1:59:21 PM | * Cartomancie/Belline/23-Entreprises.php-- -- --29627
2/2/2026 1:59:21 PM | * Cartomancie/Belline/24-Trafic(var).js-- -- --171
2/2/2026 1:59:21 PM | * Cartomancie/Belline/24-Trafic.css-- -- --1273
2/2/2026 1:59:21 PM | * Backup/Cartomancie/Belline/24-Trafic.dat-- -- --279936
2/2/2026 1:59:21 PM | * Cartomancie/Belline/24-Trafic.php-- -- --29586
2/2/2026 1:59:21 PM | * Cartomancie/Belline/25-Nouvelle(var).js-- -- --171
2/2/2026 1:59:21 PM | * Cartomancie/Belline/25-Nouvelle.css-- -- --1273
2/2/2026 1:59:21 PM | * Backup/Cartomancie/Belline/25-Nouvelle.dat-- -- --279638
2/2/2026 1:59:21 PM | * Cartomancie/Belline/25-Nouvelle.php-- -- --29301
2/2/2026 1:59:21 PM | * Cartomancie/Belline/26-Plaisirs(var).js-- -- --171
2/2/2026 1:59:21 PM | * Cartomancie/Belline/26-Plaisirs.css-- -- --1274
2/2/2026 1:59:21 PM | * Backup/Cartomancie/Belline/26-Plaisirs.dat-- -- --279841
2/2/2026 1:59:21 PM | * Cartomancie/Belline/26-Plaisirs.php-- -- --29503
2/2/2026 1:59:21 PM | * Cartomancie/Belline/27-Paix(var).js-- -- --171
2/2/2026 1:59:21 PM | * Cartomancie/Belline/27-Paix.css-- -- --1273
2/2/2026 1:59:21 PM | * Backup/Cartomancie/Belline/27-Paix.dat-- -- --280325
2/2/2026 1:59:21 PM | * Cartomancie/Belline/27-Paix.php-- -- --29980
2/2/2026 1:59:21 PM | * Cartomancie/Belline/28-Union(var).js-- -- --171
2/2/2026 1:59:21 PM | * Cartomancie/Belline/28-Union.css-- -- --1273
2/2/2026 1:59:21 PM | * Backup/Cartomancie/Belline/28-Union.dat-- -- --279818
2/2/2026 1:59:21 PM | * Cartomancie/Belline/28-Union.php-- -- --29445
2/2/2026 1:59:21 PM | * Cartomancie/Belline/29-Famille(var).js-- -- --171
2/2/2026 1:59:21 PM | * Cartomancie/Belline/29-Famille.css-- -- --1273
2/2/2026 1:59:21 PM | * Backup/Cartomancie/Belline/29-Famille.dat-- -- --279929
2/2/2026 1:59:21 PM | * Cartomancie/Belline/29-Famille.php-- -- --29590
2/2/2026 1:59:21 PM | * Cartomancie/Belline/30-Amor(var).js-- -- --171
2/2/2026 1:59:21 PM | * Cartomancie/Belline/30-Amor.css-- -- --1274
2/2/2026 1:59:21 PM | * Backup/Cartomancie/Belline/30-Amor.dat-- -- --279918
2/2/2026 1:59:21 PM | * Cartomancie/Belline/30-Amor.php-- -- --29571
2/2/2026 1:59:21 PM | * Cartomancie/Belline/31-Table(var).js-- -- --171
2/2/2026 1:59:21 PM | * Cartomancie/Belline/31-Table.css-- -- --1273
2/2/2026 1:59:21 PM | * Backup/Cartomancie/Belline/31-Table.dat-- -- --279902
2/2/2026 1:59:21 PM | * Cartomancie/Belline/31-Table.php-- -- --29559
2/2/2026 1:59:21 PM | * Cartomancie/Belline/32-Passions(var).js-- -- --171
2/2/2026 1:59:21 PM | * Cartomancie/Belline/32-Passions.css-- -- --1274
2/2/2026 1:59:21 PM | * Backup/Cartomancie/Belline/32-Passions.dat-- -- --280306
2/2/2026 1:59:21 PM | * Cartomancie/Belline/32-Passions.php-- -- --29968
2/2/2026 1:59:21 PM | * Cartomancie/Belline/33-Mechancete(var).js-- -- --239
2/2/2026 1:59:21 PM | * Cartomancie/Belline/33-Mechancete.css-- -- --1327
2/2/2026 1:59:21 PM | * Backup/Cartomancie/Belline/33-Mechancete.dat-- -- --300765
2/2/2026 1:59:21 PM | * Cartomancie/Belline/33-Mechancete.php-- -- --29509
2/2/2026 1:59:21 PM | * Cartomancie/Belline/34-Proces(var).js-- -- --171
2/2/2026 1:59:21 PM | * Cartomancie/Belline/34-Proces.css-- -- --1274
2/2/2026 1:59:21 PM | * Backup/Cartomancie/Belline/34-Proces.dat-- -- --279868
2/2/2026 1:59:21 PM | * Cartomancie/Belline/34-Proces.php-- -- --29526
2/2/2026 1:59:21 PM | * Cartomancie/Belline/35-Despotisme(var).js-- -- --171
2/2/2026 1:59:21 PM | * Cartomancie/Belline/35-Despotisme.css-- -- --1274
2/2/2026 1:59:21 PM | * Backup/Cartomancie/Belline/35-Despotisme.dat-- -- --280026
2/2/2026 1:59:21 PM | * Cartomancie/Belline/35-Despotisme.php-- -- --29683
2/2/2026 1:59:21 PM | * Cartomancie/Belline/36-Ennemis(var).js-- -- --171
2/2/2026 1:59:21 PM | * Cartomancie/Belline/36-Ennemis.css-- -- --1273
2/2/2026 1:59:21 PM | * Backup/Cartomancie/Belline/36-Ennemis.dat-- -- --279966
2/2/2026 1:59:21 PM | * Cartomancie/Belline/36-Ennemis.php-- -- --29618
2/2/2026 1:59:21 PM | * Cartomancie/Belline/37-Pourparlers(var).js-- -- --171
2/2/2026 1:59:21 PM | * Cartomancie/Belline/37-Pourparlers.css-- -- --1274
2/2/2026 1:59:21 PM | * Backup/Cartomancie/Belline/37-Pourparlers.dat-- -- --280030
2/2/2026 1:59:21 PM | * Cartomancie/Belline/37-Pourparlers.php-- -- --29698
2/2/2026 1:59:21 PM | * Cartomancie/Belline/38-Feu(var).js-- -- --171
2/2/2026 1:59:21 PM | * Cartomancie/Belline/38-Feu.css-- -- --1273
2/2/2026 1:59:21 PM | * Backup/Cartomancie/Belline/38-Feu.dat-- -- --279955
2/2/2026 1:59:21 PM | * Cartomancie/Belline/38-Feu.php-- -- --29608
2/2/2026 1:59:21 PM | * Cartomancie/Belline/39-Accident(var).js-- -- --171
2/2/2026 1:59:21 PM | * Cartomancie/Belline/39-Accident.css-- -- --1273
2/2/2026 1:59:21 PM | * Backup/Cartomancie/Belline/39-Accident.dat-- -- --280107
2/2/2026 1:59:21 PM | * Cartomancie/Belline/39-Accident.php-- -- --29753
2/2/2026 1:59:21 PM | * Cartomancie/Belline/40-Appui(var).js-- -- --171
2/2/2026 1:59:21 PM | * Cartomancie/Belline/40-Appui.css-- -- --1274
2/2/2026 1:59:21 PM | * Backup/Cartomancie/Belline/40-Appui.dat-- -- --279884
2/2/2026 1:59:21 PM | * Cartomancie/Belline/40-Appui.php-- -- --29540
2/2/2026 1:59:21 PM | * Cartomancie/Belline/41-Beaute(var).js-- -- --171
2/2/2026 1:59:21 PM | * Cartomancie/Belline/41-Beaute.css-- -- --1273
2/2/2026 1:59:21 PM | * Backup/Cartomancie/Belline/41-Beaute.dat-- -- --279622
2/2/2026 1:59:21 PM | * Cartomancie/Belline/41-Beaute.php-- -- --29696
2/2/2026 1:59:21 PM | * Cartomancie/Belline/42-Heritage(var).js-- -- --171
2/2/2026 1:59:21 PM | * Cartomancie/Belline/42-Heritage.css-- -- --1273
2/2/2026 1:59:21 PM | * Backup/Cartomancie/Belline/42-Heritage.dat-- -- --279984
2/2/2026 1:59:21 PM | * Cartomancie/Belline/42-Heritage.php-- -- --29638
2/2/2026 1:59:21 PM | * Cartomancie/Belline/43-Sagesse(var).js-- -- --171
2/2/2026 1:59:21 PM | * Cartomancie/Belline/43-Sagesse.css-- -- --1273
2/2/2026 1:59:21 PM | * Backup/Cartomancie/Belline/43-Sagesse.dat-- -- --280071
2/2/2026 1:59:21 PM | * Cartomancie/Belline/43-Sagesse.php-- -- --29628
2/2/2026 1:59:21 PM | * Cartomancie/Belline/44-Renommee(var).js-- -- --171
2/2/2026 1:59:21 PM | * Cartomancie/Belline/44-Renommee.css-- -- --1273
2/2/2026 1:59:21 PM | * Backup/Cartomancie/Belline/44-Renommee.dat-- -- --279987
2/2/2026 1:59:21 PM | * Cartomancie/Belline/44-Renommee.php-- -- --29641
2/2/2026 1:59:21 PM | * Cartomancie/Belline/45-Hasard(var).js-- -- --171
2/2/2026 1:59:21 PM | * Cartomancie/Belline/45-Hasard.css-- -- --1273
2/2/2026 1:59:21 PM | * Backup/Cartomancie/Belline/45-Hasard.dat-- -- --280066
2/2/2026 1:59:21 PM | * Cartomancie/Belline/45-Hasard.php-- -- --29621
2/2/2026 1:59:21 PM | * Cartomancie/Belline/46-Bonheur(var).js-- -- --171
2/2/2026 1:59:21 PM | * Cartomancie/Belline/46-Bonheur.css-- -- --1273
2/2/2026 1:59:21 PM | * Backup/Cartomancie/Belline/46-Bonheur.dat-- -- --279832
2/2/2026 1:59:21 PM | * Cartomancie/Belline/46-Bonheur.php-- -- --29484
2/2/2026 1:59:21 PM | * Cartomancie/Belline/47-Infortune(var).js-- -- --171
2/2/2026 1:59:21 PM | * Cartomancie/Belline/47-Infortune.css-- -- --1273
2/2/2026 1:59:21 PM | * Backup/Cartomancie/Belline/47-Infortune.dat-- -- --280238
2/2/2026 1:59:21 PM | * Cartomancie/Belline/47-Infortune.php-- -- --29894
2/2/2026 1:59:21 PM | * Cartomancie/Belline/48-Sterilite(var).js-- -- --171
2/2/2026 1:59:21 PM | * Cartomancie/Belline/48-Sterilite.css-- -- --1274
2/2/2026 1:59:21 PM | * Backup/Cartomancie/Belline/48-Sterilite.dat-- -- --279948
2/2/2026 1:59:21 PM | * Cartomancie/Belline/48-Sterilite.php-- -- --29603
2/2/2026 1:59:21 PM | * Cartomancie/Belline/49-Fatalite(var).js-- -- --171
2/2/2026 1:59:21 PM | * Cartomancie/Belline/49-Fatalite.css-- -- --1274
2/2/2026 1:59:21 PM | * Backup/Cartomancie/Belline/49-Fatalite.dat-- -- --280143
2/2/2026 1:59:21 PM | * Cartomancie/Belline/49-Fatalite.php-- -- --29795
2/2/2026 1:59:21 PM | * Cartomancie/Belline/50-Grace(var).js-- -- --171
2/2/2026 1:59:21 PM | * Cartomancie/Belline/50-Grace.css-- -- --1273
2/2/2026 1:59:21 PM | * Backup/Cartomancie/Belline/50-Grace.dat-- -- --280172
2/2/2026 1:59:21 PM | * Cartomancie/Belline/50-Grace.php-- -- --29803
2/2/2026 1:59:21 PM | * Cartomancie/Belline/51-Ruine(var).js-- -- --171
2/2/2026 1:59:21 PM | * Cartomancie/Belline/51-Ruine.css-- -- --1273
2/2/2026 1:59:21 PM | * Backup/Cartomancie/Belline/51-Ruine.dat-- -- --280475
2/2/2026 1:59:21 PM | * Cartomancie/Belline/51-Ruine.php-- -- --30106
2/2/2026 1:59:21 PM | * Cartomancie/Belline/52-Retard(var).js-- -- --171
2/2/2026 1:59:21 PM | * Cartomancie/Belline/52-Retard.css-- -- --1273
2/2/2026 1:59:21 PM | * Backup/Cartomancie/Belline/52-Retard.dat-- -- --279600
2/2/2026 1:59:21 PM | * Cartomancie/Belline/52-Retard.php-- -- --29242
2/2/2026 1:59:21 PM | * Cartomancie/Belline/53-Cloitre(var).js-- -- --171
2/2/2026 1:59:21 PM | * Cartomancie/Belline/53-Cloitre.css-- -- --1273
2/2/2026 1:59:21 PM | * Backup/Cartomancie/Belline/53-Cloitre.dat-- -- --280107
2/2/2026 1:59:21 PM | * Cartomancie/Belline/53-Cloitre.php-- -- --29742
2/2/2026 1:59:21 PM | * Cartomancie/Belline/Accueil(var).js-- -- --171
2/2/2026 1:59:21 PM | * Cartomancie/Belline/Accueil.css-- -- --8991
2/2/2026 1:59:21 PM | * Backup/Cartomancie/Belline/Accueil.dat-- -- --2231345
2/2/2026 1:59:21 PM | * Cartomancie/Belline/Accueil.php-- -- --64215
2/2/2026 1:59:21 PM | * Cartomancie/Tarots/01-Fou(var).js-- -- --171
2/2/2026 1:59:21 PM | * Cartomancie/Tarots/01-Fou.css-- -- --1196
2/2/2026 1:59:21 PM | * Backup/Cartomancie/Tarots/01-Fou.dat-- -- --280282
2/2/2026 1:59:21 PM | * Cartomancie/Tarots/01-Fou.php-- -- --29990
2/2/2026 1:59:21 PM | * Cartomancie/Tarots/02-Bateleur(var).js-- -- --171
2/2/2026 1:59:21 PM | * Cartomancie/Tarots/02-Bateleur.css-- -- --1196
2/2/2026 1:59:21 PM | * Backup/Cartomancie/Tarots/02-Bateleur.dat-- -- --279858
2/2/2026 1:59:21 PM | * Cartomancie/Tarots/02-Bateleur.php-- -- --29578
2/2/2026 1:59:21 PM | * Cartomancie/Tarots/03-Papesse(var).js-- -- --171
2/2/2026 1:59:21 PM | * Cartomancie/Tarots/03-Papesse.css-- -- --1196
2/2/2026 1:59:21 PM | * Backup/Cartomancie/Tarots/03-Papesse.dat-- -- --280097
2/2/2026 1:59:21 PM | * Cartomancie/Tarots/03-Papesse.php-- -- --29804
2/2/2026 1:59:21 PM | * Cartomancie/Tarots/04-Imperatrice(var).js-- -- --171
2/2/2026 1:59:21 PM | * Cartomancie/Tarots/04-Imperatrice.css-- -- --1196
2/2/2026 1:59:21 PM | * Backup/Cartomancie/Tarots/04-Imperatrice.dat-- -- --280707
2/2/2026 1:59:21 PM | * Cartomancie/Tarots/04-Imperatrice.php-- -- --30336
2/2/2026 1:59:21 PM | * Cartomancie/Tarots/05-Empereur(var).js-- -- --171
2/2/2026 1:59:21 PM | * Cartomancie/Tarots/05-Empereur.css-- -- --1196
2/2/2026 1:59:21 PM | * Backup/Cartomancie/Tarots/05-Empereur.dat-- -- --280211
2/2/2026 1:59:21 PM | * Cartomancie/Tarots/05-Empereur.php-- -- --29929
2/2/2026 1:59:21 PM | * Cartomancie/Tarots/06-Pape(var).js-- -- --171
2/2/2026 1:59:21 PM | * Cartomancie/Tarots/06-Pape.css-- -- --1196
2/2/2026 1:59:21 PM | * Backup/Cartomancie/Tarots/06-Pape.dat-- -- --280407
2/2/2026 1:59:21 PM | * Cartomancie/Tarots/06-Pape.php-- -- --30100
2/2/2026 1:59:21 PM | * Cartomancie/Tarots/07-Amoureux(var).js-- -- --171
2/2/2026 1:59:21 PM | * Cartomancie/Tarots/07-Amoureux.css-- -- --1273
2/2/2026 1:59:21 PM | * Backup/Cartomancie/Tarots/07-Amoureux.dat-- -- --280399
2/2/2026 1:59:21 PM | * Cartomancie/Tarots/07-Amoureux.php-- -- --29925
2/2/2026 1:59:21 PM | * Cartomancie/Tarots/08-Chariot(var).js-- -- --171
2/2/2026 1:59:21 PM | * Cartomancie/Tarots/08-Chariot.css-- -- --1273
2/2/2026 1:59:21 PM | * Backup/Cartomancie/Tarots/08-Chariot.dat-- -- --280797
2/2/2026 1:59:21 PM | * Cartomancie/Tarots/08-Chariot.php-- -- --30346
2/2/2026 1:59:21 PM | * Cartomancie/Tarots/09-Justice(var).js-- -- --171
2/2/2026 1:59:21 PM | * Cartomancie/Tarots/09-Justice.css-- -- --1273
2/2/2026 1:59:21 PM | * Backup/Cartomancie/Tarots/09-Justice.dat-- -- --280695
2/2/2026 1:59:21 PM | * Cartomancie/Tarots/09-Justice.php-- -- --30322
2/2/2026 1:59:21 PM | * Cartomancie/Tarots/10-Hermite(var).js-- -- --171
2/2/2026 1:59:21 PM | * Cartomancie/Tarots/10-Hermite.css-- -- --1273
2/2/2026 1:59:21 PM | * Backup/Cartomancie/Tarots/10-Hermite.dat-- -- --280698
2/2/2026 1:59:21 PM | * Cartomancie/Tarots/10-Hermite.php-- -- --30317
2/2/2026 1:59:21 PM | * Cartomancie/Tarots/11-Roue(var).js-- -- --171
2/2/2026 1:59:21 PM | * Cartomancie/Tarots/11-Roue.css-- -- --1273
2/2/2026 1:59:21 PM | * Backup/Cartomancie/Tarots/11-Roue.dat-- -- --280283
2/2/2026 1:59:21 PM | * Cartomancie/Tarots/11-Roue.php-- -- --29888
2/2/2026 1:59:21 PM | * Cartomancie/Tarots/12-Force(var).js-- -- --171
2/2/2026 1:59:21 PM | * Cartomancie/Tarots/12-Force.css-- -- --1273
2/2/2026 1:59:21 PM | * Backup/Cartomancie/Tarots/12-Force.dat-- -- --280246
2/2/2026 1:59:21 PM | * Cartomancie/Tarots/12-Force.php-- -- --29757
2/2/2026 1:59:21 PM | * Cartomancie/Tarots/13-Pendu(var).js-- -- --171
2/2/2026 1:59:21 PM | * Cartomancie/Tarots/13-Pendu.css-- -- --1273
2/2/2026 1:59:21 PM | * Backup/Cartomancie/Tarots/13-Pendu.dat-- -- --280007
2/2/2026 1:59:21 PM | * Cartomancie/Tarots/13-Pendu.php-- -- --30009
2/2/2026 1:59:21 PM | * Cartomancie/Tarots/14-Mort(var).js-- -- --171
2/2/2026 1:59:21 PM | * Cartomancie/Tarots/14-Mort.css-- -- --1273
2/2/2026 1:59:21 PM | * Backup/Cartomancie/Tarots/14-Mort.dat-- -- --280194
2/2/2026 1:59:21 PM | * Cartomancie/Tarots/14-Mort.php-- -- --29807
2/2/2026 1:59:21 PM | * Cartomancie/Tarots/15-Temperance(var).js-- -- --171
2/2/2026 1:59:21 PM | * Cartomancie/Tarots/15-Temperance.css-- -- --1273
2/2/2026 1:59:21 PM | * Backup/Cartomancie/Tarots/15-Temperance.dat-- -- --279885
2/2/2026 1:59:21 PM | * Cartomancie/Tarots/15-Temperance.php-- -- --29942
2/2/2026 1:59:21 PM | * Cartomancie/Tarots/16-Diable(var).js-- -- --171
2/2/2026 1:59:21 PM | * Cartomancie/Tarots/16-Diable.css-- -- --1273
2/2/2026 1:59:21 PM | * Backup/Cartomancie/Tarots/16-Diable.dat-- -- --280340
2/2/2026 1:59:21 PM | * Cartomancie/Tarots/16-Diable.php-- -- --29948
2/2/2026 1:59:21 PM | * Cartomancie/Tarots/16-Maison-Dieu(var).js-- -- --171
2/2/2026 1:59:21 PM | * Cartomancie/Tarots/16-Maison-Dieu.css-- -- --1273
2/2/2026 1:59:21 PM | * Backup/Cartomancie/Tarots/16-Maison-Dieu.dat-- -- --280578
2/2/2026 1:59:21 PM | * Cartomancie/Tarots/16-Maison-Dieu.php-- -- --30101
2/2/2026 1:59:21 PM | * Cartomancie/Tarots/17-Etoile(var).js-- -- --171
2/2/2026 1:59:21 PM | * Cartomancie/Tarots/17-Etoile.css-- -- --1273
2/2/2026 1:59:21 PM | * Backup/Cartomancie/Tarots/17-Etoile.dat-- -- --280190
2/2/2026 1:59:21 PM | * Cartomancie/Tarots/17-Etoile.php-- -- --29806
2/2/2026 1:59:21 PM | * Cartomancie/Tarots/18-Lune(var).js-- -- --171
2/2/2026 1:59:21 PM | * Cartomancie/Tarots/18-Lune.css-- -- --1273
2/2/2026 1:59:21 PM | * Backup/Cartomancie/Tarots/18-Lune.dat-- -- --280617
2/2/2026 1:59:21 PM | * Cartomancie/Tarots/18-Lune.php-- -- --30221
2/2/2026 1:59:21 PM | * Cartomancie/Tarots/19-Soleil(var).js-- -- --171
2/2/2026 1:59:21 PM | * Cartomancie/Tarots/19-Soleil.css-- -- --1273
2/2/2026 1:59:21 PM | * Backup/Cartomancie/Tarots/19-Soleil.dat-- -- --280461
2/2/2026 1:59:21 PM | * Cartomancie/Tarots/19-Soleil.php-- -- --30069
2/2/2026 1:59:21 PM | * Cartomancie/Tarots/20-Jugement(var).js-- -- --171
2/2/2026 1:59:21 PM | * Cartomancie/Tarots/20-Jugement.css-- -- --1273
2/2/2026 1:59:21 PM | * Backup/Cartomancie/Tarots/20-Jugement.dat-- -- --280333
2/2/2026 1:59:21 PM | * Cartomancie/Tarots/20-Jugement.php-- -- --29945
2/2/2026 1:59:21 PM | * Cartomancie/Tarots/21-Monde(var).js-- -- --171
2/2/2026 1:59:21 PM | * Cartomancie/Tarots/21-Monde.css-- -- --1273
2/2/2026 1:59:21 PM | * Backup/Cartomancie/Tarots/21-Monde.dat-- -- --280375
2/2/2026 1:59:21 PM | * Cartomancie/Tarots/21-Monde.php-- -- --29886
2/2/2026 1:59:21 PM | * Cartomancie/Tarots/Accueil(var).js-- -- --171
2/2/2026 1:59:21 PM | * Cartomancie/Tarots/Accueil.css-- -- --3694
2/2/2026 1:59:21 PM | * Backup/Cartomancie/Tarots/Accueil.dat-- -- --916733
2/2/2026 1:59:21 PM | * Cartomancie/Tarots/Accueil.php-- -- --41770
2/2/2026 1:59:21 PM | * CGU/CGU(var).js-- -- --171
2/2/2026 1:59:21 PM | * CGU/CGU.css-- -- --1071
2/2/2026 1:59:21 PM | * Backup/CGU/CGU.dat-- -- --253336
2/2/2026 1:59:21 PM | * CGU/CGU.php-- -- --35991
2/2/2026 1:59:21 PM | * Chat/Echec(var).js-- -- --171
2/2/2026 1:59:21 PM | * Chat/Echec.css-- -- --940
2/2/2026 1:59:21 PM | * Backup/Chat/Echec.dat-- -- --219249
2/2/2026 1:59:21 PM | * Chat/Echec.php-- -- --27636
2/2/2026 1:59:21 PM | * Chat/Envoi(var).js-- -- --171
2/2/2026 1:59:21 PM | * Chat/Envoi.css-- -- --862
2/2/2026 1:59:21 PM | * Backup/Chat/Envoi.dat-- -- --191901
2/2/2026 1:59:21 PM | * Chat/Envoi.php-- -- --27306
2/2/2026 1:59:21 PM | * Chat/Formulaire(var).js-- -- --1103
2/2/2026 1:59:21 PM | * Chat/Formulaire(var).php-- -- --4015
2/2/2026 1:59:21 PM | * Chat/Formulaire.css-- -- --4727
2/2/2026 1:59:21 PM | * Backup/Chat/Formulaire.dat-- -- --1028557
2/2/2026 1:59:21 PM | * Chat/Formulaire.php-- -- --57961
2/2/2026 1:59:21 PM | * Domicile/Echec(var).js-- -- --171
2/2/2026 1:59:21 PM | * Domicile/Echec.css-- -- --939
2/2/2026 1:59:21 PM | * Backup/Domicile/Echec.dat-- -- --219269
2/2/2026 1:59:21 PM | * Domicile/Echec.php-- -- --27666
2/2/2026 1:59:21 PM | * Domicile/Envoi(var).js-- -- --171
2/2/2026 1:59:21 PM | * Domicile/Envoi.css-- -- --862
2/2/2026 1:59:21 PM | * Backup/Domicile/Envoi.dat-- -- --191883
2/2/2026 1:59:21 PM | * Domicile/Envoi.php-- -- --27323
2/2/2026 1:59:21 PM | * Domicile/Formulaire(var).js-- -- --1111
2/2/2026 1:59:21 PM | * Domicile/Formulaire(var).php-- -- --3500
2/2/2026 1:59:21 PM | * Domicile/Formulaire.css-- -- --4727
2/2/2026 1:59:21 PM | * Backup/Domicile/Formulaire.dat-- -- --1021545
2/2/2026 1:59:21 PM | * Domicile/Formulaire.php-- -- --57864
2/2/2026 1:59:21 PM | * Dons/Dons(var).js-- -- --171
2/2/2026 1:59:21 PM | * Dons/Dons.css-- -- --1483
2/2/2026 1:59:21 PM | * Backup/Dons/Dons.dat-- -- --331108
2/2/2026 1:59:21 PM | * Dons/Dons.php-- -- --31799
2/2/2026 1:59:21 PM | * Gratuite/Echec(var).js-- -- --171
2/2/2026 1:59:21 PM | * Gratuite/Echec.css-- -- --939
2/2/2026 1:59:21 PM | * Backup/Gratuite/Echec.dat-- -- --217184
2/2/2026 1:59:21 PM | * Gratuite/Echec.php-- -- --27640
2/2/2026 1:59:21 PM | * Gratuite/Envoi(var).js-- -- --171
2/2/2026 1:59:21 PM | * Gratuite/Envoi.css-- -- --862
2/2/2026 1:59:21 PM | * Backup/Gratuite/Envoi.dat-- -- --191819
2/2/2026 1:59:21 PM | * Gratuite/Envoi.php-- -- --26857
2/2/2026 1:59:21 PM | * Gratuite/Formulaire(var).js-- -- --1147
2/2/2026 1:59:21 PM | * Gratuite/Formulaire(var).php-- -- --3811
2/2/2026 1:59:21 PM | * Gratuite/Formulaire.css-- -- --5107
2/2/2026 1:59:21 PM | * Backup/Gratuite/Formulaire.dat-- -- --1033193
2/2/2026 1:59:21 PM | * Gratuite/Formulaire.php-- -- --58348
2/2/2026 1:59:21 PM | * Magie/Echec(var).js-- -- --171
2/2/2026 1:59:21 PM | * Magie/Echec.css-- -- --939
2/2/2026 1:59:21 PM | * Backup/Magie/Echec.dat-- -- --217239
2/2/2026 1:59:21 PM | * Magie/Echec.php-- -- --27684
2/2/2026 1:59:21 PM | * Magie/Envoi(var).js-- -- --171
2/2/2026 1:59:21 PM | * Magie/Envoi.css-- -- --862
2/2/2026 1:59:21 PM | * Backup/Magie/Envoi.dat-- -- --190054
2/2/2026 1:59:21 PM | * Magie/Envoi.php-- -- --27376
2/2/2026 1:59:21 PM | * Magie/Formulaire(var).js-- -- --1133
2/2/2026 1:59:21 PM | * Magie/Formulaire(var).php-- -- --5375
2/2/2026 1:59:21 PM | * Magie/Formulaire.css-- -- --4882
2/2/2026 1:59:21 PM | * Backup/Magie/Formulaire.dat-- -- --1097064
2/2/2026 1:59:21 PM | * Magie/Formulaire.php-- -- --62137
2/2/2026 1:59:21 PM | * Mail/Echec(var).js-- -- --103
2/2/2026 1:59:21 PM | * Mail/Echec.css-- -- --887
2/2/2026 1:59:21 PM | * Backup/Mail/Echec.dat-- -- --192434
2/2/2026 1:59:21 PM | * Mail/Echec.php-- -- --27619
2/2/2026 1:59:21 PM | * Mail/Envoi(var).js-- -- --103
2/2/2026 1:59:21 PM | * Mail/Envoi.css-- -- --809
2/2/2026 1:59:21 PM | * Backup/Mail/Envoi.dat-- -- --167126
2/2/2026 1:59:21 PM | * Mail/Envoi.php-- -- --27325
2/2/2026 1:59:21 PM | * Mail/Formulaire(var).js-- -- --1103
2/2/2026 1:59:21 PM | * Mail/Formulaire(var).php-- -- --2242
2/2/2026 1:59:21 PM | * Mail/Formulaire.css-- -- --4265
2/2/2026 1:59:21 PM | * Backup/Mail/Formulaire.dat-- -- --808848
2/2/2026 1:59:21 PM | * Mail/Formulaire.php-- -- --49788
2/2/2026 1:59:21 PM | * Methodes/Accueil(var).js-- -- --171
2/2/2026 1:59:21 PM | * Methodes/Accueil.css-- -- --1721
2/2/2026 1:59:21 PM | * Backup/Methodes/Accueil.dat-- -- --450511
2/2/2026 1:59:21 PM | * Methodes/Accueil.php-- -- --42516
2/2/2026 1:59:21 PM | * Methodes/Croix(var).js-- -- --171
2/2/2026 1:59:21 PM | * Methodes/Croix.css-- -- --3694
2/2/2026 1:59:21 PM | * Backup/Methodes/Croix.dat-- -- --950261
2/2/2026 1:59:21 PM | * Methodes/Croix.php-- -- --51120
2/2/2026 1:59:21 PM | * Methodes/Ligne(var).js-- -- --171
2/2/2026 1:59:21 PM | * Methodes/Ligne.css-- -- --3890
2/2/2026 1:59:21 PM | * Backup/Methodes/Ligne.dat-- -- --995220
2/2/2026 1:59:21 PM | * Methodes/Ligne.php-- -- --59071
2/2/2026 1:59:21 PM | * Methodes/Pyramide(var).js-- -- --171
2/2/2026 1:59:21 PM | * Methodes/Pyramide.css-- -- --2041
2/2/2026 1:59:21 PM | * Backup/Methodes/Pyramide.dat-- -- --484510
2/2/2026 1:59:21 PM | * Methodes/Pyramide.php-- -- --45006
2/2/2026 1:59:21 PM | * Paiement/Paiement_accepte(var).js-- -- --171
2/2/2026 1:59:21 PM | * Paiement/Paiement_accepte.css-- -- --862
2/2/2026 1:59:21 PM | * Backup/Paiement/Paiement_accepte.dat-- -- --189913
2/2/2026 1:59:21 PM | * Paiement/Paiement_accepte.php-- -- --27555
2/2/2026 1:59:21 PM | * Paiement/Paiement_avorte(var).js-- -- --171
2/2/2026 1:59:21 PM | * Paiement/Paiement_avorte.css-- -- --862
2/2/2026 1:59:21 PM | * Backup/Paiement/Paiement_avorte.dat-- -- --189611
2/2/2026 1:59:21 PM | * Paiement/Paiement_avorte.php-- -- --27146
2/2/2026 1:59:21 PM | * Partenaires/Partenaires(var).js-- -- --171
2/2/2026 1:59:21 PM | * Partenaires/Partenaires.css-- -- --716
2/2/2026 1:59:21 PM | * Backup/Partenaires/Partenaires.dat-- -- --157327
2/2/2026 1:59:21 PM | * Partenaires/Partenaires.php-- -- --26561
2/2/2026 1:59:21 PM | * Planetes/Accueil(var).js-- -- --171
2/2/2026 1:59:21 PM | * Planetes/Accueil.css-- -- --3106
2/2/2026 1:59:21 PM | * Backup/Planetes/Accueil.dat-- -- --814070
2/2/2026 1:59:21 PM | * Planetes/Accueil.php-- -- --40670
2/2/2026 1:59:21 PM | * Planetes/Jupiter(var).js-- -- --171
2/2/2026 1:59:21 PM | * Planetes/Jupiter.css-- -- --1182
2/2/2026 1:59:21 PM | * Backup/Planetes/Jupiter.dat-- -- --280107
2/2/2026 1:59:21 PM | * Planetes/Jupiter.php-- -- --30328
2/2/2026 1:59:21 PM | * Planetes/Lune(var).js-- -- --239
2/2/2026 1:59:21 PM | * Planetes/Lune.css-- -- --1236
2/2/2026 1:59:21 PM | * Backup/Planetes/Lune.dat-- -- --301576
2/2/2026 1:59:21 PM | * Planetes/Lune.php-- -- --30807
2/2/2026 1:59:21 PM | * Planetes/Mars(var).js-- -- --239
2/2/2026 1:59:21 PM | * Planetes/Mars.css-- -- --1236
2/2/2026 1:59:21 PM | * Backup/Planetes/Mars.dat-- -- --301227
2/2/2026 1:59:21 PM | * Planetes/Mars.php-- -- --30458
2/2/2026 1:59:21 PM | * Planetes/Mercure(var).js-- -- --239
2/2/2026 1:59:21 PM | * Planetes/Mercure.css-- -- --1236
2/2/2026 1:59:21 PM | * Backup/Planetes/Mercure.dat-- -- --302114
2/2/2026 1:59:21 PM | * Planetes/Mercure.php-- -- --31239
2/2/2026 1:59:21 PM | * Planetes/Neptune(var).js-- -- --239
2/2/2026 1:59:21 PM | * Planetes/Neptune.css-- -- --1236
2/2/2026 1:59:21 PM | * Backup/Planetes/Neptune.dat-- -- --301299
2/2/2026 1:59:21 PM | * Planetes/Neptune.php-- -- --30532
2/2/2026 1:59:21 PM | * Planetes/Pluton(var).js-- -- --239
2/2/2026 1:59:21 PM | * Planetes/Pluton.css-- -- --1236
2/2/2026 1:59:21 PM | * Backup/Planetes/Pluton.dat-- -- --301229
2/2/2026 1:59:21 PM | * Planetes/Pluton.php-- -- --30464
2/2/2026 1:59:21 PM | * Planetes/Saturne(var).js-- -- --239
2/2/2026 1:59:21 PM | * Planetes/Saturne.css-- -- --1250
2/2/2026 1:59:21 PM | * Backup/Planetes/Saturne.dat-- -- --303218
2/2/2026 1:59:21 PM | * Planetes/Saturne.php-- -- --30493
2/2/2026 1:59:21 PM | * Planetes/Soleil(var).js-- -- --239
2/2/2026 1:59:21 PM | * Planetes/Soleil.css-- -- --1251
2/2/2026 1:59:21 PM | * Backup/Planetes/Soleil.dat-- -- --304680
2/2/2026 1:59:21 PM | * Planetes/Soleil.php-- -- --30176
2/2/2026 1:59:21 PM | * Planetes/Uranus(var).js-- -- --239
2/2/2026 1:59:21 PM | * Planetes/Uranus.css-- -- --1251
2/2/2026 1:59:21 PM | * Backup/Planetes/Uranus.dat-- -- --304436
2/2/2026 1:59:21 PM | * Planetes/Uranus.php-- -- --29890
2/2/2026 1:59:21 PM | * Planetes/Venus(var).js-- -- --239
2/2/2026 1:59:21 PM | * Planetes/Venus.css-- -- --1251
2/2/2026 1:59:21 PM | * Backup/Planetes/Venus.dat-- -- --305172
2/2/2026 1:59:21 PM | * Planetes/Venus.php-- -- --30537
2/2/2026 1:59:21 PM | * index(var).js-- -- --171
2/2/2026 1:59:21 PM | * index.css-- -- --1183
2/2/2026 1:59:21 PM | * Backup/index.dat-- -- --230945
2/2/2026 1:59:21 PM | * index.php-- -- --33630
2/2/2026 1:59:21 PM | * Templates/Base.css-- -- --4396
2/2/2026 1:59:21 PM | * Templates/Base.php-- -- --25722
2/2/2026 1:59:21 PM | * Backup/Templates/Base.tdat-- -- --1006726
2/2/2026 1:59:21 PM | * sitemap.xml-- -- --26907
2/2/2026 1:59:21 PM | * robots.txt-- -- --39
2/2/2026 1:59:21 PM | * Backup/Belline net.ope-- -- --3598
2/2/2026 1:59:26 PM | 
2/2/2026 1:59:26 PM | 
--------------------------------Phase 1 Terminé--------------------------------
2/2/2026 1:59:26 PM | 

2/2/2026 2:03:38 PM | Debut Mise en ligne différentielle (Site):
2/2/2026 2:03:39 PM | Listing terminé :
2/2/2026 2:03:39 PM | 

2/2/2026 2:03:39 PM | * Planetes-- -- --Folder create
2/2/2026 2:03:39 PM | * Partenaires-- -- --Folder create
2/2/2026 2:03:39 PM | * Paiement-- -- --Folder create
2/2/2026 2:03:39 PM | * Online-- -- --Folder create
2/2/2026 2:03:39 PM | * Online/Templates-- -- --Folder create
2/2/2026 2:03:39 PM | * Methodes-- -- --Folder create
2/2/2026 2:03:39 PM | * Mail-- -- --Folder create
2/2/2026 2:03:39 PM | * Magie-- -- --Folder create
2/2/2026 2:03:39 PM | * Gratuite-- -- --Folder create
2/2/2026 2:03:39 PM | * Dons-- -- --Folder create
2/2/2026 2:03:39 PM | * Domicile-- -- --Folder create
2/2/2026 2:03:39 PM | * Chat-- -- --Folder create
2/2/2026 2:03:39 PM | * CGU-- -- --Folder create
2/2/2026 2:03:39 PM | * Cartomancie-- -- --Folder create
2/2/2026 2:03:39 PM | * Cartomancie/Tarots-- -- --Folder create
2/2/2026 2:03:39 PM | * Cartomancie/Belline-- -- --Folder create
2/2/2026 2:03:39 PM | * Cartomancie/32-cartes-- -- --Folder create
2/2/2026 2:03:39 PM | * Cartomancie/32-cartes/Trefle-- -- --Folder create
2/2/2026 2:03:39 PM | * Cartomancie/32-cartes/Pique-- -- --Folder create
2/2/2026 2:03:39 PM | * Cartomancie/32-cartes/Coeur-- -- --Folder create
2/2/2026 2:03:39 PM | * Cartomancie/32-cartes/Carreau-- -- --Folder create
2/2/2026 2:03:39 PM | * Admin-- -- --Folder create
2/2/2026 2:03:39 PM | * Admin/sounds-- -- --Folder create
2/2/2026 2:03:39 PM | * Backup-- -- --Folder create
2/2/2026 2:03:39 PM | * Templates-- -- --Folder create
2/2/2026 2:03:39 PM | * WEFiles-- -- --Folder create
2/2/2026 2:03:39 PM | * WEFiles/Image-- -- --Folder create
2/2/2026 2:03:39 PM | * WEFiles/Image/WEImage-- -- --Folder create
2/2/2026 2:03:39 PM | * Backup/.htaccess-- -- --33
2/2/2026 2:03:39 PM | * .htaccess-- -- --0
2/2/2026 2:03:39 PM | * Admin/status.css-- -- --0
2/2/2026 2:03:39 PM | * Chat/Envoi(var).js-- -- --171
2/2/2026 2:03:39 PM | * Chat/Envoi.css-- -- --862
2/2/2026 2:03:39 PM | * Backup/Chat/Envoi.dat-- -- --191900
2/2/2026 2:03:39 PM | * Chat/Envoi.php-- -- --27310
2/2/2026 2:03:39 PM | * Domicile/Envoi(var).js-- -- --171
2/2/2026 2:03:39 PM | * Domicile/Envoi.css-- -- --862
2/2/2026 2:03:39 PM | * Backup/Domicile/Envoi.dat-- -- --191878
2/2/2026 2:03:39 PM | * Domicile/Envoi.php-- -- --27327
2/2/2026 2:03:39 PM | * Gratuite/Envoi(var).js-- -- --171
2/2/2026 2:03:39 PM | * Gratuite/Envoi.css-- -- --862
2/2/2026 2:03:39 PM | * Backup/Gratuite/Envoi.dat-- -- --191819
2/2/2026 2:03:39 PM | * Gratuite/Envoi.php-- -- --26857
2/2/2026 2:03:39 PM | * Magie/Envoi(var).js-- -- --171
2/2/2026 2:03:39 PM | * Magie/Envoi.css-- -- --862
2/2/2026 2:03:39 PM | * Backup/Magie/Envoi.dat-- -- --189954
2/2/2026 2:03:39 PM | * Magie/Envoi.php-- -- --27380
2/2/2026 2:03:39 PM | * Mail/Envoi(var).js-- -- --103
2/2/2026 2:03:39 PM | * Mail/Envoi.css-- -- --809
2/2/2026 2:03:39 PM | * Backup/Mail/Envoi.dat-- -- --167130
2/2/2026 2:03:39 PM | * Mail/Envoi.php-- -- --27329
2/2/2026 2:03:39 PM | * index(var).js-- -- --171
2/2/2026 2:03:39 PM | * index.css-- -- --1183
2/2/2026 2:03:39 PM | * Backup/index.dat-- -- --230945
2/2/2026 2:03:39 PM | * index.php-- -- --33485
2/2/2026 2:03:39 PM | * sitemap.xml-- -- --26907
2/2/2026 2:03:39 PM | * robots.txt-- -- --39
2/2/2026 2:03:39 PM | * Backup/Belline net.ope-- -- --3598
2/2/2026 2:03:41 PM | 
2/2/2026 2:03:41 PM | 
--------------------------------Phase 1 Terminé--------------------------------
2/2/2026 2:03:41 PM | 

2/2/2026 2:04:38 PM | Debut Mise en ligne différentielle (Site):
2/2/2026 2:04:38 PM | Listing terminé :
2/2/2026 2:04:38 PM | 

2/2/2026 2:04:38 PM | * Planetes-- -- --Folder create
2/2/2026 2:04:38 PM | * Partenaires-- -- --Folder create
2/2/2026 2:04:38 PM | * Paiement-- -- --Folder create
2/2/2026 2:04:38 PM | * Online-- -- --Folder create
2/2/2026 2:04:38 PM | * Online/Templates-- -- --Folder create
2/2/2026 2:04:38 PM | * Methodes-- -- --Folder create
2/2/2026 2:04:38 PM | * Mail-- -- --Folder create
2/2/2026 2:04:38 PM | * Magie-- -- --Folder create
2/2/2026 2:04:38 PM | * Gratuite-- -- --Folder create
2/2/2026 2:04:38 PM | * Dons-- -- --Folder create
2/2/2026 2:04:38 PM | * Domicile-- -- --Folder create
2/2/2026 2:04:38 PM | * Chat-- -- --Folder create
2/2/2026 2:04:38 PM | * CGU-- -- --Folder create
2/2/2026 2:04:38 PM | * Cartomancie-- -- --Folder create
2/2/2026 2:04:38 PM | * Cartomancie/Tarots-- -- --Folder create
2/2/2026 2:04:38 PM | * Cartomancie/Belline-- -- --Folder create
2/2/2026 2:04:38 PM | * Cartomancie/32-cartes-- -- --Folder create
2/2/2026 2:04:38 PM | * Cartomancie/32-cartes/Trefle-- -- --Folder create
2/2/2026 2:04:38 PM | * Cartomancie/32-cartes/Pique-- -- --Folder create
2/2/2026 2:04:38 PM | * Cartomancie/32-cartes/Coeur-- -- --Folder create
2/2/2026 2:04:38 PM | * Cartomancie/32-cartes/Carreau-- -- --Folder create
2/2/2026 2:04:38 PM | * Admin-- -- --Folder create
2/2/2026 2:04:38 PM | * Admin/sounds-- -- --Folder create
2/2/2026 2:04:38 PM | * Backup-- -- --Folder create
2/2/2026 2:04:38 PM | * Templates-- -- --Folder create
2/2/2026 2:04:38 PM | * WEFiles-- -- --Folder create
2/2/2026 2:04:38 PM | * WEFiles/Image-- -- --Folder create
2/2/2026 2:04:38 PM | * WEFiles/Image/WEImage-- -- --Folder create
2/2/2026 2:04:38 PM | * Backup/.htaccess-- -- --33
2/2/2026 2:04:38 PM | * .htaccess-- -- --0
2/2/2026 2:04:38 PM | * Admin/status.css-- -- --0
2/2/2026 2:04:38 PM | * sitemap.xml-- -- --26907
2/2/2026 2:04:38 PM | * robots.txt-- -- --39
2/2/2026 2:04:38 PM | * Backup/Belline net.ope-- -- --3598
2/2/2026 2:04:40 PM | 
2/2/2026 2:04:40 PM | 
--------------------------------Phase 1 Terminé--------------------------------
2/2/2026 2:04:40 PM | 

2/2/2026 2:18:32 PM | Debut Mise en ligne différentielle (Site):
2/2/2026 2:18:48 PM | Listing terminé :
2/2/2026 2:18:48 PM | 

2/2/2026 2:18:48 PM | * Tchat-- -- --Folder create
2/2/2026 2:18:48 PM | * Tchat/widgets-- -- --Folder create
2/2/2026 2:18:48 PM | * Tchat/templates-- -- --Folder create
2/2/2026 2:18:48 PM | * Tchat/stickers-- -- --Folder create
2/2/2026 2:18:48 PM | * Tchat/stickers/Stickers-- -- --Folder create
2/2/2026 2:18:48 PM | * Tchat/stickers/Deutsch-- -- --Folder create
2/2/2026 2:18:48 PM | * Tchat/splash-- -- --Folder create
2/2/2026 2:18:48 PM | * Tchat/lang-- -- --Folder create
2/2/2026 2:18:48 PM | * Tchat/install-- -- --Folder create
2/2/2026 2:18:48 PM | * Tchat/incl-- -- --Folder create
2/2/2026 2:18:48 PM | * Tchat/img-- -- --Folder create
2/2/2026 2:18:48 PM | * Tchat/backgrounds-- -- --Folder create
2/2/2026 2:18:48 PM | * Tchat/avatars-- -- --Folder create
2/2/2026 2:18:48 PM | * Tchat/attachments-- -- --Folder create
2/2/2026 2:18:48 PM | * Tchat/app-- -- --Folder create
2/2/2026 2:18:48 PM | * Tchat/admin-- -- --Folder create
2/2/2026 2:18:48 PM | * Tchat/admin/font-- -- --Folder create
2/2/2026 2:18:48 PM | * Planetes-- -- --Folder create
2/2/2026 2:18:48 PM | * Partenaires-- -- --Folder create
2/2/2026 2:18:48 PM | * Paiement-- -- --Folder create
2/2/2026 2:18:48 PM | * Online-- -- --Folder create
2/2/2026 2:18:48 PM | * Online/Templates-- -- --Folder create
2/2/2026 2:18:48 PM | * Methodes-- -- --Folder create
2/2/2026 2:18:48 PM | * Mail-- -- --Folder create
2/2/2026 2:18:48 PM | * Magie-- -- --Folder create
2/2/2026 2:18:48 PM | * Gratuite-- -- --Folder create
2/2/2026 2:18:48 PM | * Dons-- -- --Folder create
2/2/2026 2:18:48 PM | * Domicile-- -- --Folder create
2/2/2026 2:18:48 PM | * Chat-- -- --Folder create
2/2/2026 2:18:48 PM | * CGU-- -- --Folder create
2/2/2026 2:18:48 PM | * Cartomancie-- -- --Folder create
2/2/2026 2:18:48 PM | * Cartomancie/Tarots-- -- --Folder create
2/2/2026 2:18:48 PM | * Cartomancie/Belline-- -- --Folder create
2/2/2026 2:18:48 PM | * Cartomancie/32-cartes-- -- --Folder create
2/2/2026 2:18:48 PM | * Cartomancie/32-cartes/Trefle-- -- --Folder create
2/2/2026 2:18:48 PM | * Cartomancie/32-cartes/Pique-- -- --Folder create
2/2/2026 2:18:48 PM | * Cartomancie/32-cartes/Coeur-- -- --Folder create
2/2/2026 2:18:48 PM | * Cartomancie/32-cartes/Carreau-- -- --Folder create
2/2/2026 2:18:48 PM | * Admin-- -- --Folder create
2/2/2026 2:18:48 PM | * Admin/sounds-- -- --Folder create
2/2/2026 2:18:48 PM | * Backup-- -- --Folder create
2/2/2026 2:18:48 PM | * Templates-- -- --Folder create
2/2/2026 2:18:48 PM | * WEFiles-- -- --Folder create
2/2/2026 2:18:48 PM | * WEFiles/Image-- -- --Folder create
2/2/2026 2:18:48 PM | * WEFiles/Image/WEImage-- -- --Folder create
2/2/2026 2:18:48 PM | * Backup/.htaccess-- -- --33
2/2/2026 2:18:48 PM | * .htaccess-- -- --0
2/2/2026 2:18:48 PM | * Admin/status.css-- -- --0
2/2/2026 2:18:48 PM | * Cartomancie/32-cartes/Carreau/07(var).js-- -- --171
2/2/2026 2:18:48 PM | * Cartomancie/32-cartes/Carreau/07.css-- -- --1196
2/2/2026 2:18:48 PM | * Backup/Cartomancie/32-cartes/Carreau/07.dat-- -- --278233
2/2/2026 2:18:48 PM | * Cartomancie/32-cartes/Carreau/07.php-- -- --29650
2/2/2026 2:18:48 PM | * Cartomancie/32-cartes/Carreau/08(var).js-- -- --171
2/2/2026 2:18:48 PM | * Cartomancie/32-cartes/Carreau/08.css-- -- --1197
2/2/2026 2:18:48 PM | * Backup/Cartomancie/32-cartes/Carreau/08.dat-- -- --279197
2/2/2026 2:18:48 PM | * Cartomancie/32-cartes/Carreau/08.php-- -- --30518
2/2/2026 2:18:48 PM | * Cartomancie/32-cartes/Carreau/09(var).js-- -- --171
2/2/2026 2:18:48 PM | * Cartomancie/32-cartes/Carreau/09.css-- -- --1196
2/2/2026 2:18:48 PM | * Backup/Cartomancie/32-cartes/Carreau/09.dat-- -- --277444
2/2/2026 2:18:48 PM | * Cartomancie/32-cartes/Carreau/09.php-- -- --29304
2/2/2026 2:18:48 PM | * Cartomancie/32-cartes/Carreau/10(var).js-- -- --171
2/2/2026 2:18:48 PM | * Cartomancie/32-cartes/Carreau/10.css-- -- --1196
2/2/2026 2:18:48 PM | * Backup/Cartomancie/32-cartes/Carreau/10.dat-- -- --278108
2/2/2026 2:18:48 PM | * Cartomancie/32-cartes/Carreau/10.php-- -- --29579
2/2/2026 2:18:48 PM | * Cartomancie/32-cartes/Carreau/11-Valet(var).js-- -- --171
2/2/2026 2:18:48 PM | * Cartomancie/32-cartes/Carreau/11-Valet.css-- -- --1196
2/2/2026 2:18:48 PM | * Backup/Cartomancie/32-cartes/Carreau/11-Valet.dat-- -- --278300
2/2/2026 2:18:48 PM | * Cartomancie/32-cartes/Carreau/11-Valet.php-- -- --30176
2/2/2026 2:18:48 PM | * Cartomancie/32-cartes/Carreau/12-Dame(var).js-- -- --171
2/2/2026 2:18:48 PM | * Cartomancie/32-cartes/Carreau/12-Dame.css-- -- --1196
2/2/2026 2:18:48 PM | * Backup/Cartomancie/32-cartes/Carreau/12-Dame.dat-- -- --277737
2/2/2026 2:18:48 PM | * Cartomancie/32-cartes/Carreau/12-Dame.php-- -- --29830
2/2/2026 2:18:48 PM | * Cartomancie/32-cartes/Carreau/13-Roi(var).js-- -- --171
2/2/2026 2:18:48 PM | * Cartomancie/32-cartes/Carreau/13-Roi.css-- -- --1196
2/2/2026 2:18:48 PM | * Backup/Cartomancie/32-cartes/Carreau/13-Roi.dat-- -- --278040
2/2/2026 2:18:48 PM | * Cartomancie/32-cartes/Carreau/13-Roi.php-- -- --29910
2/2/2026 2:18:48 PM | * Cartomancie/32-cartes/Carreau/14-As(var).js-- -- --171
2/2/2026 2:18:48 PM | * Cartomancie/32-cartes/Carreau/14-As.css-- -- --1196
2/2/2026 2:18:48 PM | * Backup/Cartomancie/32-cartes/Carreau/14-As.dat-- -- --278005
2/2/2026 2:18:48 PM | * Cartomancie/32-cartes/Carreau/14-As.php-- -- --29746
2/2/2026 2:18:48 PM | * Cartomancie/32-cartes/Coeur/07(var).js-- -- --171
2/2/2026 2:18:48 PM | * Cartomancie/32-cartes/Coeur/07.css-- -- --1196
2/2/2026 2:18:48 PM | * Backup/Cartomancie/32-cartes/Coeur/07.dat-- -- --277977
2/2/2026 2:18:48 PM | * Cartomancie/32-cartes/Coeur/07.php-- -- --29679
2/2/2026 2:18:48 PM | * Cartomancie/32-cartes/Coeur/08(var).js-- -- --171
2/2/2026 2:18:48 PM | * Cartomancie/32-cartes/Coeur/08.css-- -- --1196
2/2/2026 2:18:48 PM | * Backup/Cartomancie/32-cartes/Coeur/08.dat-- -- --277840
2/2/2026 2:18:48 PM | * Cartomancie/32-cartes/Coeur/08.php-- -- --29532
2/2/2026 2:18:48 PM | * Cartomancie/32-cartes/Coeur/09(var).js-- -- --171
2/2/2026 2:18:48 PM | * Cartomancie/32-cartes/Coeur/09.css-- -- --1196
2/2/2026 2:18:48 PM | * Backup/Cartomancie/32-cartes/Coeur/09.dat-- -- --277886
2/2/2026 2:18:48 PM | * Cartomancie/32-cartes/Coeur/09.php-- -- --29578
2/2/2026 2:18:48 PM | * Cartomancie/32-cartes/Coeur/10(var).js-- -- --171
2/2/2026 2:18:48 PM | * Cartomancie/32-cartes/Coeur/10.css-- -- --1211
2/2/2026 2:18:48 PM | * Backup/Cartomancie/32-cartes/Coeur/10.dat-- -- --284142
2/2/2026 2:18:48 PM | * Cartomancie/32-cartes/Coeur/10.php-- -- --30249
2/2/2026 2:18:48 PM | * Cartomancie/32-cartes/Coeur/11-Valet(var).js-- -- --171
2/2/2026 2:18:48 PM | * Cartomancie/32-cartes/Coeur/11-Valet.css-- -- --1196
2/2/2026 2:18:48 PM | * Backup/Cartomancie/32-cartes/Coeur/11-Valet.dat-- -- --278378
2/2/2026 2:18:48 PM | * Cartomancie/32-cartes/Coeur/11-Valet.php-- -- --30088
2/2/2026 2:18:48 PM | * Cartomancie/32-cartes/Coeur/12-Dame(var).js-- -- --171
2/2/2026 2:18:48 PM | * Cartomancie/32-cartes/Coeur/12-Dame.css-- -- --1196
2/2/2026 2:18:48 PM | * Backup/Cartomancie/32-cartes/Coeur/12-Dame.dat-- -- --277992
2/2/2026 2:18:48 PM | * Cartomancie/32-cartes/Coeur/12-Dame.php-- -- --29699
2/2/2026 2:18:48 PM | * Cartomancie/32-cartes/Coeur/13-Roi(var).js-- -- --103
2/2/2026 2:18:48 PM | * Cartomancie/32-cartes/Coeur/13-Roi.css-- -- --1143
2/2/2026 2:18:48 PM | * Backup/Cartomancie/32-cartes/Coeur/13-Roi.dat-- -- --255808
2/2/2026 2:18:48 PM | * Cartomancie/32-cartes/Coeur/13-Roi.php-- -- --30091
2/2/2026 2:18:48 PM | * Cartomancie/32-cartes/Coeur/14-As(var).js-- -- --103
2/2/2026 2:18:48 PM | * Cartomancie/32-cartes/Coeur/14-As.css-- -- --1143
2/2/2026 2:18:48 PM | * Backup/Cartomancie/32-cartes/Coeur/14-As.dat-- -- --255095
2/2/2026 2:18:48 PM | * Cartomancie/32-cartes/Coeur/14-As.php-- -- --29487
2/2/2026 2:18:48 PM | * Cartomancie/32-cartes/Pique/07(var).js-- -- --239
2/2/2026 2:18:48 PM | * Cartomancie/32-cartes/Pique/07.css-- -- --1249
2/2/2026 2:18:48 PM | * Backup/Cartomancie/32-cartes/Pique/07.dat-- -- --299014
2/2/2026 2:18:48 PM | * Cartomancie/32-cartes/Pique/07.php-- -- --29731
2/2/2026 2:18:48 PM | * Cartomancie/32-cartes/Pique/08(var).js-- -- --171
2/2/2026 2:18:48 PM | * Cartomancie/32-cartes/Pique/08.css-- -- --1196
2/2/2026 2:18:48 PM | * Backup/Cartomancie/32-cartes/Pique/08.dat-- -- --280545
2/2/2026 2:18:48 PM | * Cartomancie/32-cartes/Pique/08.php-- -- --30322
2/2/2026 2:18:48 PM | * Cartomancie/32-cartes/Pique/09(var).js-- -- --171
2/2/2026 2:18:48 PM | * Cartomancie/32-cartes/Pique/09.css-- -- --1196
2/2/2026 2:18:48 PM | * Backup/Cartomancie/32-cartes/Pique/09.dat-- -- --278107
2/2/2026 2:18:48 PM | * Cartomancie/32-cartes/Pique/09.php-- -- --29876
2/2/2026 2:18:48 PM | * Cartomancie/32-cartes/Pique/10(var).js-- -- --171
2/2/2026 2:18:48 PM | * Cartomancie/32-cartes/Pique/10.css-- -- --1196
2/2/2026 2:18:48 PM | * Backup/Cartomancie/32-cartes/Pique/10.dat-- -- --277812
2/2/2026 2:18:48 PM | * Cartomancie/32-cartes/Pique/10.php-- -- --29551
2/2/2026 2:18:48 PM | * Cartomancie/32-cartes/Pique/11-Valet(var).js-- -- --171
2/2/2026 2:18:48 PM | * Cartomancie/32-cartes/Pique/11-Valet.css-- -- --1197
2/2/2026 2:18:48 PM | * Backup/Cartomancie/32-cartes/Pique/11-Valet.dat-- -- --277946
2/2/2026 2:18:48 PM | * Cartomancie/32-cartes/Pique/11-Valet.php-- -- --29702
2/2/2026 2:18:48 PM | * Cartomancie/32-cartes/Pique/12-Dame(var).js-- -- --171
2/2/2026 2:18:48 PM | * Cartomancie/32-cartes/Pique/12-Dame.css-- -- --1197
2/2/2026 2:18:48 PM | * Backup/Cartomancie/32-cartes/Pique/12-Dame.dat-- -- --278107
2/2/2026 2:18:48 PM | * Cartomancie/32-cartes/Pique/12-Dame.php-- -- --29860
2/2/2026 2:18:48 PM | * Cartomancie/32-cartes/Pique/13-Roi(var).js-- -- --171
2/2/2026 2:18:48 PM | * Cartomancie/32-cartes/Pique/13-Roi.css-- -- --1196
2/2/2026 2:18:48 PM | * Backup/Cartomancie/32-cartes/Pique/13-Roi.dat-- -- --278324
2/2/2026 2:18:48 PM | * Cartomancie/32-cartes/Pique/13-Roi.php-- -- --30071
2/2/2026 2:18:48 PM | * Cartomancie/32-cartes/Pique/14-As(var).js-- -- --103
2/2/2026 2:18:48 PM | * Cartomancie/32-cartes/Pique/14-As.css-- -- --1143
2/2/2026 2:18:48 PM | * Backup/Cartomancie/32-cartes/Pique/14-As.dat-- -- --255319
2/2/2026 2:18:48 PM | * Cartomancie/32-cartes/Pique/14-As.php-- -- --29695
2/2/2026 2:18:48 PM | * Cartomancie/32-cartes/Trefle/07(var).js-- -- --171
2/2/2026 2:18:48 PM | * Cartomancie/32-cartes/Trefle/07.css-- -- --1274
2/2/2026 2:18:48 PM | * Backup/Cartomancie/32-cartes/Trefle/07.dat-- -- --278687
2/2/2026 2:18:48 PM | * Cartomancie/32-cartes/Trefle/07.php-- -- --30355
2/2/2026 2:18:48 PM | * Cartomancie/32-cartes/Trefle/08(var).js-- -- --171
2/2/2026 2:18:48 PM | * Cartomancie/32-cartes/Trefle/08.css-- -- --1273
2/2/2026 2:18:48 PM | * Backup/Cartomancie/32-cartes/Trefle/08.dat-- -- --278708
2/2/2026 2:18:48 PM | * Cartomancie/32-cartes/Trefle/08.php-- -- --30368
2/2/2026 2:18:48 PM | * Cartomancie/32-cartes/Trefle/09(var).js-- -- --171
2/2/2026 2:18:48 PM | * Cartomancie/32-cartes/Trefle/09.css-- -- --1274
2/2/2026 2:18:48 PM | * Backup/Cartomancie/32-cartes/Trefle/09.dat-- -- --278085
2/2/2026 2:18:48 PM | * Cartomancie/32-cartes/Trefle/09.php-- -- --29744
2/2/2026 2:18:48 PM | * Cartomancie/32-cartes/Trefle/10(var).js-- -- --171
2/2/2026 2:18:48 PM | * Cartomancie/32-cartes/Trefle/10.css-- -- --1274
2/2/2026 2:18:48 PM | * Backup/Cartomancie/32-cartes/Trefle/10.dat-- -- --278158
2/2/2026 2:18:48 PM | * Cartomancie/32-cartes/Trefle/10.php-- -- --29817
2/2/2026 2:18:48 PM | * Cartomancie/32-cartes/Trefle/11-Valet(var).js-- -- --171
2/2/2026 2:18:48 PM | * Cartomancie/32-cartes/Trefle/11-Valet.css-- -- --1273
2/2/2026 2:18:48 PM | * Backup/Cartomancie/32-cartes/Trefle/11-Valet.dat-- -- --278223
2/2/2026 2:18:48 PM | * Cartomancie/32-cartes/Trefle/11-Valet.php-- -- --29900
2/2/2026 2:18:48 PM | * Cartomancie/32-cartes/Trefle/12-Dame(var).js-- -- --171
2/2/2026 2:18:48 PM | * Cartomancie/32-cartes/Trefle/12-Dame.css-- -- --1273
2/2/2026 2:18:48 PM | * Backup/Cartomancie/32-cartes/Trefle/12-Dame.dat-- -- --278052
2/2/2026 2:18:48 PM | * Cartomancie/32-cartes/Trefle/12-Dame.php-- -- --29727
2/2/2026 2:18:48 PM | * Cartomancie/32-cartes/Trefle/13-Roi(var).js-- -- --171
2/2/2026 2:18:48 PM | * Cartomancie/32-cartes/Trefle/13-Roi.css-- -- --1274
2/2/2026 2:18:48 PM | * Backup/Cartomancie/32-cartes/Trefle/13-Roi.dat-- -- --277772
2/2/2026 2:18:48 PM | * Cartomancie/32-cartes/Trefle/13-Roi.php-- -- --29443
2/2/2026 2:18:48 PM | * Cartomancie/32-cartes/Trefle/14-As(var).js-- -- --171
2/2/2026 2:18:48 PM | * Cartomancie/32-cartes/Trefle/14-As.css-- -- --1273
2/2/2026 2:18:48 PM | * Backup/Cartomancie/32-cartes/Trefle/14-As.dat-- -- --277993
2/2/2026 2:18:48 PM | * Cartomancie/32-cartes/Trefle/14-As.php-- -- --29662
2/2/2026 2:18:48 PM | * Cartomancie/32-cartes/Accueil(var).js-- -- --171
2/2/2026 2:18:48 PM | * Cartomancie/32-cartes/Accueil.css-- -- --5807
2/2/2026 2:18:48 PM | * Backup/Cartomancie/32-cartes/Accueil.dat-- -- --1364076
2/2/2026 2:18:48 PM | * Cartomancie/32-cartes/Accueil.php-- -- --50753
2/2/2026 2:18:48 PM | * Cartomancie/Belline/01-Bleu(var).js-- -- --171
2/2/2026 2:18:48 PM | * Cartomancie/Belline/01-Bleu.css-- -- --1273
2/2/2026 2:18:48 PM | * Backup/Cartomancie/Belline/01-Bleu.dat-- -- --279645
2/2/2026 2:18:48 PM | * Cartomancie/Belline/01-Bleu.php-- -- --29255
2/2/2026 2:18:48 PM | * Cartomancie/Belline/02-Destinee(var).js-- -- --171
2/2/2026 2:18:48 PM | * Cartomancie/Belline/02-Destinee.css-- -- --1273
2/2/2026 2:18:48 PM | * Backup/Cartomancie/Belline/02-Destinee.dat-- -- --279977
2/2/2026 2:18:48 PM | * Cartomancie/Belline/02-Destinee.php-- -- --29591
2/2/2026 2:18:48 PM | * Cartomancie/Belline/03-Homme(var).js-- -- --171
2/2/2026 2:18:48 PM | * Cartomancie/Belline/03-Homme.css-- -- --1273
2/2/2026 2:18:48 PM | * Backup/Cartomancie/Belline/03-Homme.dat-- -- --280141
2/2/2026 2:18:48 PM | * Cartomancie/Belline/03-Homme.php-- -- --29740
2/2/2026 2:18:48 PM | * Cartomancie/Belline/04-Femme(var).js-- -- --171
2/2/2026 2:18:48 PM | * Cartomancie/Belline/04-Femme.css-- -- --1273
2/2/2026 2:18:48 PM | * Backup/Cartomancie/Belline/04-Femme.dat-- -- --279738
2/2/2026 2:18:48 PM | * Cartomancie/Belline/04-Femme.php-- -- --29333
2/2/2026 2:18:48 PM | * Cartomancie/Belline/05-Nativite(var).js-- -- --171
2/2/2026 2:18:48 PM | * Cartomancie/Belline/05-Nativite.css-- -- --1273
2/2/2026 2:18:48 PM | * Backup/Cartomancie/Belline/05-Nativite.dat-- -- --279973
2/2/2026 2:18:48 PM | * Cartomancie/Belline/05-Nativite.php-- -- --29602
2/2/2026 2:18:48 PM | * Cartomancie/Belline/06-Reussite(var).js-- -- --171
2/2/2026 2:18:48 PM | * Cartomancie/Belline/06-Reussite.css-- -- --1273
2/2/2026 2:18:48 PM | * Backup/Cartomancie/Belline/06-Reussite.dat-- -- --280262
2/2/2026 2:18:48 PM | * Cartomancie/Belline/06-Reussite.php-- -- --29796
2/2/2026 2:18:48 PM | * Cartomancie/Belline/07-Elevation(var).js-- -- --171
2/2/2026 2:18:48 PM | * Cartomancie/Belline/07-Elevation.css-- -- --1273
2/2/2026 2:18:48 PM | * Backup/Cartomancie/Belline/07-Elevation.dat-- -- --280125
2/2/2026 2:18:48 PM | * Cartomancie/Belline/07-Elevation.php-- -- --29735
2/2/2026 2:18:48 PM | * Cartomancie/Belline/08-Honneurs(var).js-- -- --171
2/2/2026 2:18:48 PM | * Cartomancie/Belline/08-Honneurs.css-- -- --1274
2/2/2026 2:18:48 PM | * Backup/Cartomancie/Belline/08-Honneurs.dat-- -- --280170
2/2/2026 2:18:48 PM | * Cartomancie/Belline/08-Honneurs.php-- -- --29729
2/2/2026 2:18:48 PM | * Cartomancie/Belline/09-Pensee(var).js-- -- --171
2/2/2026 2:18:48 PM | * Cartomancie/Belline/09-Pensee.css-- -- --1273
2/2/2026 2:18:48 PM | * Backup/Cartomancie/Belline/09-Pensee.dat-- -- --280200
2/2/2026 2:18:48 PM | * Cartomancie/Belline/09-Pensee.php-- -- --29813
2/2/2026 2:18:48 PM | * Cartomancie/Belline/10-Campagne(var).js-- -- --171
2/2/2026 2:18:48 PM | * Cartomancie/Belline/10-Campagne.css-- -- --1273
2/2/2026 2:18:48 PM | * Backup/Cartomancie/Belline/10-Campagne.dat-- -- --280039
2/2/2026 2:18:48 PM | * Cartomancie/Belline/10-Campagne.php-- -- --29703
2/2/2026 2:18:48 PM | * Cartomancie/Belline/11-Presents(var).js-- -- --171
2/2/2026 2:18:48 PM | * Cartomancie/Belline/11-Presents.css-- -- --1274
2/2/2026 2:18:48 PM | * Backup/Cartomancie/Belline/11-Presents.dat-- -- --280163
2/2/2026 2:18:48 PM | * Cartomancie/Belline/11-Presents.php-- -- --29725
2/2/2026 2:18:48 PM | * Cartomancie/Belline/12-Trahison(var).js-- -- --171
2/2/2026 2:18:48 PM | * Cartomancie/Belline/12-Trahison.css-- -- --1273
2/2/2026 2:18:48 PM | * Backup/Cartomancie/Belline/12-Trahison.dat-- -- --280085
2/2/2026 2:18:48 PM | * Cartomancie/Belline/12-Trahison.php-- -- --29731
2/2/2026 2:18:48 PM | * Cartomancie/Belline/13-Depart(var).js-- -- --171
2/2/2026 2:18:48 PM | * Cartomancie/Belline/13-Depart.css-- -- --1273
2/2/2026 2:18:48 PM | * Backup/Cartomancie/Belline/13-Depart.dat-- -- --279967
2/2/2026 2:18:48 PM | * Cartomancie/Belline/13-Depart.php-- -- --29600
2/2/2026 2:18:48 PM | * Cartomancie/Belline/14-Inconstance(var).js-- -- --171
2/2/2026 2:18:48 PM | * Cartomancie/Belline/14-Inconstance.css-- -- --1274
2/2/2026 2:18:48 PM | * Backup/Cartomancie/Belline/14-Inconstance.dat-- -- --280304
2/2/2026 2:18:48 PM | * Cartomancie/Belline/14-Inconstance.php-- -- --29963
2/2/2026 2:18:48 PM | * Cartomancie/Belline/15-Decouverte(var).js-- -- --171
2/2/2026 2:18:48 PM | * Cartomancie/Belline/15-Decouverte.css-- -- --1274
2/2/2026 2:18:48 PM | * Backup/Cartomancie/Belline/15-Decouverte.dat-- -- --280613
2/2/2026 2:18:48 PM | * Cartomancie/Belline/15-Decouverte.php-- -- --30279
2/2/2026 2:18:48 PM | * Cartomancie/Belline/16-Eau(var).js-- -- --171
2/2/2026 2:18:48 PM | * Cartomancie/Belline/16-Eau.css-- -- --1273
2/2/2026 2:18:48 PM | * Backup/Cartomancie/Belline/16-Eau.dat-- -- --280105
2/2/2026 2:18:48 PM | * Cartomancie/Belline/16-Eau.php-- -- --29732
2/2/2026 2:18:48 PM | * Cartomancie/Belline/17-Penates(var).js-- -- --171
2/2/2026 2:18:48 PM | * Cartomancie/Belline/17-Penates.css-- -- --1273
2/2/2026 2:18:48 PM | * Backup/Cartomancie/Belline/17-Penates.dat-- -- --280277
2/2/2026 2:18:48 PM | * Cartomancie/Belline/17-Penates.php-- -- --29912
2/2/2026 2:18:48 PM | * Cartomancie/Belline/18-Maladie(var).js-- -- --171
2/2/2026 2:18:48 PM | * Cartomancie/Belline/18-Maladie.css-- -- --1273
2/2/2026 2:18:48 PM | * Backup/Cartomancie/Belline/18-Maladie.dat-- -- --280043
2/2/2026 2:18:48 PM | * Cartomancie/Belline/18-Maladie.php-- -- --29583
2/2/2026 2:18:48 PM | * Cartomancie/Belline/19-Changement(var).js-- -- --171
2/2/2026 2:18:48 PM | * Cartomancie/Belline/19-Changement.css-- -- --1273
2/2/2026 2:18:48 PM | * Backup/Cartomancie/Belline/19-Changement.dat-- -- --280213
2/2/2026 2:18:48 PM | * Cartomancie/Belline/19-Changement.php-- -- --29871
2/2/2026 2:18:48 PM | * Cartomancie/Belline/20-Argent(var).js-- -- --171
2/2/2026 2:18:48 PM | * Cartomancie/Belline/20-Argent.css-- -- --1273
2/2/2026 2:18:48 PM | * Backup/Cartomancie/Belline/20-Argent.dat-- -- --279808
2/2/2026 2:18:48 PM | * Cartomancie/Belline/20-Argent.php-- -- --29458
2/2/2026 2:18:48 PM | * Cartomancie/Belline/21-Intelligence(var).js-- -- --171
2/2/2026 2:18:48 PM | * Cartomancie/Belline/21-Intelligence.css-- -- --1273
2/2/2026 2:18:48 PM | * Backup/Cartomancie/Belline/21-Intelligence.dat-- -- --280269
2/2/2026 2:18:48 PM | * Cartomancie/Belline/21-Intelligence.php-- -- --29931
2/2/2026 2:18:48 PM | * Cartomancie/Belline/22-Vol(var).js-- -- --171
2/2/2026 2:18:48 PM | * Cartomancie/Belline/22-Vol.css-- -- --1273
2/2/2026 2:18:48 PM | * Backup/Cartomancie/Belline/22-Vol.dat-- -- --279645
2/2/2026 2:18:48 PM | * Cartomancie/Belline/22-Vol.php-- -- --29618
2/2/2026 2:18:48 PM | * Cartomancie/Belline/23-Entreprises(var).js-- -- --171
2/2/2026 2:18:48 PM | * Cartomancie/Belline/23-Entreprises.css-- -- --1273
2/2/2026 2:18:48 PM | * Backup/Cartomancie/Belline/23-Entreprises.dat-- -- --278282
2/2/2026 2:18:48 PM | * Cartomancie/Belline/23-Entreprises.php-- -- --29627
2/2/2026 2:18:48 PM | * Cartomancie/Belline/24-Trafic(var).js-- -- --171
2/2/2026 2:18:48 PM | * Cartomancie/Belline/24-Trafic.css-- -- --1273
2/2/2026 2:18:48 PM | * Backup/Cartomancie/Belline/24-Trafic.dat-- -- --279936
2/2/2026 2:18:48 PM | * Cartomancie/Belline/24-Trafic.php-- -- --29586
2/2/2026 2:18:48 PM | * Cartomancie/Belline/25-Nouvelle(var).js-- -- --171
2/2/2026 2:18:48 PM | * Cartomancie/Belline/25-Nouvelle.css-- -- --1273
2/2/2026 2:18:48 PM | * Backup/Cartomancie/Belline/25-Nouvelle.dat-- -- --279638
2/2/2026 2:18:48 PM | * Cartomancie/Belline/25-Nouvelle.php-- -- --29301
2/2/2026 2:18:48 PM | * Cartomancie/Belline/26-Plaisirs(var).js-- -- --171
2/2/2026 2:18:48 PM | * Cartomancie/Belline/26-Plaisirs.css-- -- --1274
2/2/2026 2:18:48 PM | * Backup/Cartomancie/Belline/26-Plaisirs.dat-- -- --279841
2/2/2026 2:18:48 PM | * Cartomancie/Belline/26-Plaisirs.php-- -- --29503
2/2/2026 2:18:48 PM | * Cartomancie/Belline/27-Paix(var).js-- -- --171
2/2/2026 2:18:48 PM | * Cartomancie/Belline/27-Paix.css-- -- --1273
2/2/2026 2:18:48 PM | * Backup/Cartomancie/Belline/27-Paix.dat-- -- --280325
2/2/2026 2:18:48 PM | * Cartomancie/Belline/27-Paix.php-- -- --29980
2/2/2026 2:18:48 PM | * Cartomancie/Belline/28-Union(var).js-- -- --171
2/2/2026 2:18:48 PM | * Cartomancie/Belline/28-Union.css-- -- --1273
2/2/2026 2:18:48 PM | * Backup/Cartomancie/Belline/28-Union.dat-- -- --279818
2/2/2026 2:18:48 PM | * Cartomancie/Belline/28-Union.php-- -- --29445
2/2/2026 2:18:48 PM | * Cartomancie/Belline/29-Famille(var).js-- -- --171
2/2/2026 2:18:48 PM | * Cartomancie/Belline/29-Famille.css-- -- --1273
2/2/2026 2:18:48 PM | * Backup/Cartomancie/Belline/29-Famille.dat-- -- --279929
2/2/2026 2:18:48 PM | * Cartomancie/Belline/29-Famille.php-- -- --29590
2/2/2026 2:18:48 PM | * Cartomancie/Belline/30-Amor(var).js-- -- --171
2/2/2026 2:18:48 PM | * Cartomancie/Belline/30-Amor.css-- -- --1274
2/2/2026 2:18:48 PM | * Backup/Cartomancie/Belline/30-Amor.dat-- -- --279918
2/2/2026 2:18:48 PM | * Cartomancie/Belline/30-Amor.php-- -- --29571
2/2/2026 2:18:48 PM | * Cartomancie/Belline/31-Table(var).js-- -- --171
2/2/2026 2:18:48 PM | * Cartomancie/Belline/31-Table.css-- -- --1273
2/2/2026 2:18:48 PM | * Backup/Cartomancie/Belline/31-Table.dat-- -- --279902
2/2/2026 2:18:48 PM | * Cartomancie/Belline/31-Table.php-- -- --29559
2/2/2026 2:18:49 PM | * Cartomancie/Belline/32-Passions(var).js-- -- --171
2/2/2026 2:18:49 PM | * Cartomancie/Belline/32-Passions.css-- -- --1274
2/2/2026 2:18:49 PM | * Backup/Cartomancie/Belline/32-Passions.dat-- -- --280306
2/2/2026 2:18:49 PM | * Cartomancie/Belline/32-Passions.php-- -- --29968
2/2/2026 2:18:49 PM | * Cartomancie/Belline/33-Mechancete(var).js-- -- --239
2/2/2026 2:18:49 PM | * Cartomancie/Belline/33-Mechancete.css-- -- --1327
2/2/2026 2:18:49 PM | * Backup/Cartomancie/Belline/33-Mechancete.dat-- -- --300765
2/2/2026 2:18:49 PM | * Cartomancie/Belline/33-Mechancete.php-- -- --29509
2/2/2026 2:18:49 PM | * Cartomancie/Belline/34-Proces(var).js-- -- --171
2/2/2026 2:18:49 PM | * Cartomancie/Belline/34-Proces.css-- -- --1274
2/2/2026 2:18:49 PM | * Backup/Cartomancie/Belline/34-Proces.dat-- -- --279868
2/2/2026 2:18:49 PM | * Cartomancie/Belline/34-Proces.php-- -- --29526
2/2/2026 2:18:49 PM | * Cartomancie/Belline/35-Despotisme(var).js-- -- --171
2/2/2026 2:18:49 PM | * Cartomancie/Belline/35-Despotisme.css-- -- --1274
2/2/2026 2:18:49 PM | * Backup/Cartomancie/Belline/35-Despotisme.dat-- -- --280026
2/2/2026 2:18:49 PM | * Cartomancie/Belline/35-Despotisme.php-- -- --29683
2/2/2026 2:18:49 PM | * Cartomancie/Belline/36-Ennemis(var).js-- -- --171
2/2/2026 2:18:49 PM | * Cartomancie/Belline/36-Ennemis.css-- -- --1273
2/2/2026 2:18:49 PM | * Backup/Cartomancie/Belline/36-Ennemis.dat-- -- --279966
2/2/2026 2:18:49 PM | * Cartomancie/Belline/36-Ennemis.php-- -- --29618
2/2/2026 2:18:49 PM | * Cartomancie/Belline/37-Pourparlers(var).js-- -- --171
2/2/2026 2:18:49 PM | * Cartomancie/Belline/37-Pourparlers.css-- -- --1274
2/2/2026 2:18:49 PM | * Backup/Cartomancie/Belline/37-Pourparlers.dat-- -- --280030
2/2/2026 2:18:49 PM | * Cartomancie/Belline/37-Pourparlers.php-- -- --29698
2/2/2026 2:18:49 PM | * Cartomancie/Belline/38-Feu(var).js-- -- --171
2/2/2026 2:18:49 PM | * Cartomancie/Belline/38-Feu.css-- -- --1273
2/2/2026 2:18:49 PM | * Backup/Cartomancie/Belline/38-Feu.dat-- -- --279955
2/2/2026 2:18:49 PM | * Cartomancie/Belline/38-Feu.php-- -- --29608
2/2/2026 2:18:49 PM | * Cartomancie/Belline/39-Accident(var).js-- -- --171
2/2/2026 2:18:49 PM | * Cartomancie/Belline/39-Accident.css-- -- --1273
2/2/2026 2:18:49 PM | * Backup/Cartomancie/Belline/39-Accident.dat-- -- --280107
2/2/2026 2:18:49 PM | * Cartomancie/Belline/39-Accident.php-- -- --29753
2/2/2026 2:18:49 PM | * Cartomancie/Belline/40-Appui(var).js-- -- --171
2/2/2026 2:18:49 PM | * Cartomancie/Belline/40-Appui.css-- -- --1274
2/2/2026 2:18:49 PM | * Backup/Cartomancie/Belline/40-Appui.dat-- -- --279884
2/2/2026 2:18:49 PM | * Cartomancie/Belline/40-Appui.php-- -- --29540
2/2/2026 2:18:49 PM | * Cartomancie/Belline/41-Beaute(var).js-- -- --171
2/2/2026 2:18:49 PM | * Cartomancie/Belline/41-Beaute.css-- -- --1273
2/2/2026 2:18:49 PM | * Backup/Cartomancie/Belline/41-Beaute.dat-- -- --279622
2/2/2026 2:18:49 PM | * Cartomancie/Belline/41-Beaute.php-- -- --29696
2/2/2026 2:18:49 PM | * Cartomancie/Belline/42-Heritage(var).js-- -- --171
2/2/2026 2:18:49 PM | * Cartomancie/Belline/42-Heritage.css-- -- --1273
2/2/2026 2:18:49 PM | * Backup/Cartomancie/Belline/42-Heritage.dat-- -- --279984
2/2/2026 2:18:49 PM | * Cartomancie/Belline/42-Heritage.php-- -- --29638
2/2/2026 2:18:49 PM | * Cartomancie/Belline/43-Sagesse(var).js-- -- --171
2/2/2026 2:18:49 PM | * Cartomancie/Belline/43-Sagesse.css-- -- --1273
2/2/2026 2:18:49 PM | * Backup/Cartomancie/Belline/43-Sagesse.dat-- -- --280071
2/2/2026 2:18:49 PM | * Cartomancie/Belline/43-Sagesse.php-- -- --29628
2/2/2026 2:18:49 PM | * Cartomancie/Belline/44-Renommee(var).js-- -- --171
2/2/2026 2:18:49 PM | * Cartomancie/Belline/44-Renommee.css-- -- --1273
2/2/2026 2:18:49 PM | * Backup/Cartomancie/Belline/44-Renommee.dat-- -- --279987
2/2/2026 2:18:49 PM | * Cartomancie/Belline/44-Renommee.php-- -- --29641
2/2/2026 2:18:49 PM | * Cartomancie/Belline/45-Hasard(var).js-- -- --171
2/2/2026 2:18:49 PM | * Cartomancie/Belline/45-Hasard.css-- -- --1273
2/2/2026 2:18:49 PM | * Backup/Cartomancie/Belline/45-Hasard.dat-- -- --280066
2/2/2026 2:18:49 PM | * Cartomancie/Belline/45-Hasard.php-- -- --29621
2/2/2026 2:18:49 PM | * Cartomancie/Belline/46-Bonheur(var).js-- -- --171
2/2/2026 2:18:49 PM | * Cartomancie/Belline/46-Bonheur.css-- -- --1273
2/2/2026 2:18:49 PM | * Backup/Cartomancie/Belline/46-Bonheur.dat-- -- --279832
2/2/2026 2:18:49 PM | * Cartomancie/Belline/46-Bonheur.php-- -- --29484
2/2/2026 2:18:49 PM | * Cartomancie/Belline/47-Infortune(var).js-- -- --171
2/2/2026 2:18:49 PM | * Cartomancie/Belline/47-Infortune.css-- -- --1273
2/2/2026 2:18:49 PM | * Backup/Cartomancie/Belline/47-Infortune.dat-- -- --280238
2/2/2026 2:18:49 PM | * Cartomancie/Belline/47-Infortune.php-- -- --29894
2/2/2026 2:18:49 PM | * Cartomancie/Belline/48-Sterilite(var).js-- -- --171
2/2/2026 2:18:49 PM | * Cartomancie/Belline/48-Sterilite.css-- -- --1274
2/2/2026 2:18:49 PM | * Backup/Cartomancie/Belline/48-Sterilite.dat-- -- --279948
2/2/2026 2:18:49 PM | * Cartomancie/Belline/48-Sterilite.php-- -- --29603
2/2/2026 2:18:49 PM | * Cartomancie/Belline/49-Fatalite(var).js-- -- --171
2/2/2026 2:18:49 PM | * Cartomancie/Belline/49-Fatalite.css-- -- --1274
2/2/2026 2:18:49 PM | * Backup/Cartomancie/Belline/49-Fatalite.dat-- -- --280143
2/2/2026 2:18:49 PM | * Cartomancie/Belline/49-Fatalite.php-- -- --29795
2/2/2026 2:18:49 PM | * Cartomancie/Belline/50-Grace(var).js-- -- --171
2/2/2026 2:18:49 PM | * Cartomancie/Belline/50-Grace.css-- -- --1273
2/2/2026 2:18:49 PM | * Backup/Cartomancie/Belline/50-Grace.dat-- -- --280172
2/2/2026 2:18:49 PM | * Cartomancie/Belline/50-Grace.php-- -- --29803
2/2/2026 2:18:49 PM | * Cartomancie/Belline/51-Ruine(var).js-- -- --171
2/2/2026 2:18:49 PM | * Cartomancie/Belline/51-Ruine.css-- -- --1273
2/2/2026 2:18:49 PM | * Backup/Cartomancie/Belline/51-Ruine.dat-- -- --280475
2/2/2026 2:18:49 PM | * Cartomancie/Belline/51-Ruine.php-- -- --30106
2/2/2026 2:18:49 PM | * Cartomancie/Belline/52-Retard(var).js-- -- --171
2/2/2026 2:18:49 PM | * Cartomancie/Belline/52-Retard.css-- -- --1273
2/2/2026 2:18:49 PM | * Backup/Cartomancie/Belline/52-Retard.dat-- -- --279600
2/2/2026 2:18:49 PM | * Cartomancie/Belline/52-Retard.php-- -- --29242
2/2/2026 2:18:49 PM | * Cartomancie/Belline/53-Cloitre(var).js-- -- --171
2/2/2026 2:18:49 PM | * Cartomancie/Belline/53-Cloitre.css-- -- --1273
2/2/2026 2:18:49 PM | * Backup/Cartomancie/Belline/53-Cloitre.dat-- -- --280107
2/2/2026 2:18:49 PM | * Cartomancie/Belline/53-Cloitre.php-- -- --29742
2/2/2026 2:18:49 PM | * Cartomancie/Belline/Accueil(var).js-- -- --171
2/2/2026 2:18:49 PM | * Cartomancie/Belline/Accueil.css-- -- --8991
2/2/2026 2:18:49 PM | * Backup/Cartomancie/Belline/Accueil.dat-- -- --2231345
2/2/2026 2:18:49 PM | * Cartomancie/Belline/Accueil.php-- -- --64215
2/2/2026 2:18:49 PM | * Cartomancie/Tarots/01-Fou(var).js-- -- --171
2/2/2026 2:18:49 PM | * Cartomancie/Tarots/01-Fou.css-- -- --1196
2/2/2026 2:18:49 PM | * Backup/Cartomancie/Tarots/01-Fou.dat-- -- --280282
2/2/2026 2:18:49 PM | * Cartomancie/Tarots/01-Fou.php-- -- --29990
2/2/2026 2:18:49 PM | * Cartomancie/Tarots/02-Bateleur(var).js-- -- --171
2/2/2026 2:18:49 PM | * Cartomancie/Tarots/02-Bateleur.css-- -- --1196
2/2/2026 2:18:49 PM | * Backup/Cartomancie/Tarots/02-Bateleur.dat-- -- --279858
2/2/2026 2:18:49 PM | * Cartomancie/Tarots/02-Bateleur.php-- -- --29578
2/2/2026 2:18:49 PM | * Cartomancie/Tarots/03-Papesse(var).js-- -- --171
2/2/2026 2:18:49 PM | * Cartomancie/Tarots/03-Papesse.css-- -- --1196
2/2/2026 2:18:49 PM | * Backup/Cartomancie/Tarots/03-Papesse.dat-- -- --280097
2/2/2026 2:18:49 PM | * Cartomancie/Tarots/03-Papesse.php-- -- --29804
2/2/2026 2:18:49 PM | * Cartomancie/Tarots/04-Imperatrice(var).js-- -- --171
2/2/2026 2:18:49 PM | * Cartomancie/Tarots/04-Imperatrice.css-- -- --1196
2/2/2026 2:18:49 PM | * Backup/Cartomancie/Tarots/04-Imperatrice.dat-- -- --280707
2/2/2026 2:18:49 PM | * Cartomancie/Tarots/04-Imperatrice.php-- -- --30336
2/2/2026 2:18:49 PM | * Cartomancie/Tarots/05-Empereur(var).js-- -- --171
2/2/2026 2:18:49 PM | * Cartomancie/Tarots/05-Empereur.css-- -- --1196
2/2/2026 2:18:49 PM | * Backup/Cartomancie/Tarots/05-Empereur.dat-- -- --280211
2/2/2026 2:18:49 PM | * Cartomancie/Tarots/05-Empereur.php-- -- --29929
2/2/2026 2:18:49 PM | * Cartomancie/Tarots/06-Pape(var).js-- -- --171
2/2/2026 2:18:49 PM | * Cartomancie/Tarots/06-Pape.css-- -- --1196
2/2/2026 2:18:49 PM | * Backup/Cartomancie/Tarots/06-Pape.dat-- -- --280407
2/2/2026 2:18:49 PM | * Cartomancie/Tarots/06-Pape.php-- -- --30100
2/2/2026 2:18:49 PM | * Cartomancie/Tarots/07-Amoureux(var).js-- -- --171
2/2/2026 2:18:49 PM | * Cartomancie/Tarots/07-Amoureux.css-- -- --1273
2/2/2026 2:18:49 PM | * Backup/Cartomancie/Tarots/07-Amoureux.dat-- -- --280399
2/2/2026 2:18:49 PM | * Cartomancie/Tarots/07-Amoureux.php-- -- --29925
2/2/2026 2:18:49 PM | * Cartomancie/Tarots/08-Chariot(var).js-- -- --171
2/2/2026 2:18:49 PM | * Cartomancie/Tarots/08-Chariot.css-- -- --1273
2/2/2026 2:18:49 PM | * Backup/Cartomancie/Tarots/08-Chariot.dat-- -- --280797
2/2/2026 2:18:49 PM | * Cartomancie/Tarots/08-Chariot.php-- -- --30346
2/2/2026 2:18:49 PM | * Cartomancie/Tarots/09-Justice(var).js-- -- --171
2/2/2026 2:18:49 PM | * Cartomancie/Tarots/09-Justice.css-- -- --1273
2/2/2026 2:18:49 PM | * Backup/Cartomancie/Tarots/09-Justice.dat-- -- --280695
2/2/2026 2:18:49 PM | * Cartomancie/Tarots/09-Justice.php-- -- --30322
2/2/2026 2:18:49 PM | * Cartomancie/Tarots/10-Hermite(var).js-- -- --171
2/2/2026 2:18:49 PM | * Cartomancie/Tarots/10-Hermite.css-- -- --1273
2/2/2026 2:18:49 PM | * Backup/Cartomancie/Tarots/10-Hermite.dat-- -- --280698
2/2/2026 2:18:49 PM | * Cartomancie/Tarots/10-Hermite.php-- -- --30317
2/2/2026 2:18:49 PM | * Cartomancie/Tarots/11-Roue(var).js-- -- --171
2/2/2026 2:18:49 PM | * Cartomancie/Tarots/11-Roue.css-- -- --1273
2/2/2026 2:18:49 PM | * Backup/Cartomancie/Tarots/11-Roue.dat-- -- --280283
2/2/2026 2:18:49 PM | * Cartomancie/Tarots/11-Roue.php-- -- --29888
2/2/2026 2:18:49 PM | * Cartomancie/Tarots/12-Force(var).js-- -- --171
2/2/2026 2:18:49 PM | * Cartomancie/Tarots/12-Force.css-- -- --1273
2/2/2026 2:18:49 PM | * Backup/Cartomancie/Tarots/12-Force.dat-- -- --280246
2/2/2026 2:18:49 PM | * Cartomancie/Tarots/12-Force.php-- -- --29757
2/2/2026 2:18:49 PM | * Cartomancie/Tarots/13-Pendu(var).js-- -- --171
2/2/2026 2:18:49 PM | * Cartomancie/Tarots/13-Pendu.css-- -- --1273
2/2/2026 2:18:49 PM | * Backup/Cartomancie/Tarots/13-Pendu.dat-- -- --280007
2/2/2026 2:18:49 PM | * Cartomancie/Tarots/13-Pendu.php-- -- --30009
2/2/2026 2:18:49 PM | * Cartomancie/Tarots/14-Mort(var).js-- -- --171
2/2/2026 2:18:49 PM | * Cartomancie/Tarots/14-Mort.css-- -- --1273
2/2/2026 2:18:49 PM | * Backup/Cartomancie/Tarots/14-Mort.dat-- -- --280194
2/2/2026 2:18:49 PM | * Cartomancie/Tarots/14-Mort.php-- -- --29807
2/2/2026 2:18:49 PM | * Cartomancie/Tarots/15-Temperance(var).js-- -- --171
2/2/2026 2:18:49 PM | * Cartomancie/Tarots/15-Temperance.css-- -- --1273
2/2/2026 2:18:49 PM | * Backup/Cartomancie/Tarots/15-Temperance.dat-- -- --279885
2/2/2026 2:18:49 PM | * Cartomancie/Tarots/15-Temperance.php-- -- --29942
2/2/2026 2:18:49 PM | * Cartomancie/Tarots/16-Diable(var).js-- -- --171
2/2/2026 2:18:49 PM | * Cartomancie/Tarots/16-Diable.css-- -- --1273
2/2/2026 2:18:49 PM | * Backup/Cartomancie/Tarots/16-Diable.dat-- -- --280340
2/2/2026 2:18:49 PM | * Cartomancie/Tarots/16-Diable.php-- -- --29948
2/2/2026 2:18:49 PM | * Cartomancie/Tarots/16-Maison-Dieu(var).js-- -- --171
2/2/2026 2:18:49 PM | * Cartomancie/Tarots/16-Maison-Dieu.css-- -- --1273
2/2/2026 2:18:49 PM | * Backup/Cartomancie/Tarots/16-Maison-Dieu.dat-- -- --280578
2/2/2026 2:18:49 PM | * Cartomancie/Tarots/16-Maison-Dieu.php-- -- --30101
2/2/2026 2:18:49 PM | * Cartomancie/Tarots/17-Etoile(var).js-- -- --171
2/2/2026 2:18:49 PM | * Cartomancie/Tarots/17-Etoile.css-- -- --1273
2/2/2026 2:18:49 PM | * Backup/Cartomancie/Tarots/17-Etoile.dat-- -- --280190
2/2/2026 2:18:49 PM | * Cartomancie/Tarots/17-Etoile.php-- -- --29806
2/2/2026 2:18:49 PM | * Cartomancie/Tarots/18-Lune(var).js-- -- --171
2/2/2026 2:18:49 PM | * Cartomancie/Tarots/18-Lune.css-- -- --1273
2/2/2026 2:18:49 PM | * Backup/Cartomancie/Tarots/18-Lune.dat-- -- --280617
2/2/2026 2:18:49 PM | * Cartomancie/Tarots/18-Lune.php-- -- --30221
2/2/2026 2:18:49 PM | * Cartomancie/Tarots/19-Soleil(var).js-- -- --171
2/2/2026 2:18:49 PM | * Cartomancie/Tarots/19-Soleil.css-- -- --1273
2/2/2026 2:18:49 PM | * Backup/Cartomancie/Tarots/19-Soleil.dat-- -- --280461
2/2/2026 2:18:49 PM | * Cartomancie/Tarots/19-Soleil.php-- -- --30069
2/2/2026 2:18:49 PM | * Cartomancie/Tarots/20-Jugement(var).js-- -- --171
2/2/2026 2:18:49 PM | * Cartomancie/Tarots/20-Jugement.css-- -- --1273
2/2/2026 2:18:49 PM | * Backup/Cartomancie/Tarots/20-Jugement.dat-- -- --280333
2/2/2026 2:18:49 PM | * Cartomancie/Tarots/20-Jugement.php-- -- --29945
2/2/2026 2:18:49 PM | * Cartomancie/Tarots/21-Monde(var).js-- -- --171
2/2/2026 2:18:49 PM | * Cartomancie/Tarots/21-Monde.css-- -- --1273
2/2/2026 2:18:49 PM | * Backup/Cartomancie/Tarots/21-Monde.dat-- -- --280375
2/2/2026 2:18:49 PM | * Cartomancie/Tarots/21-Monde.php-- -- --29886
2/2/2026 2:18:49 PM | * Cartomancie/Tarots/Accueil(var).js-- -- --171
2/2/2026 2:18:49 PM | * Cartomancie/Tarots/Accueil.css-- -- --3694
2/2/2026 2:18:49 PM | * Backup/Cartomancie/Tarots/Accueil.dat-- -- --916733
2/2/2026 2:18:49 PM | * Cartomancie/Tarots/Accueil.php-- -- --41770
2/2/2026 2:18:49 PM | * CGU/CGU(var).js-- -- --171
2/2/2026 2:18:49 PM | * CGU/CGU.css-- -- --1071
2/2/2026 2:18:49 PM | * Backup/CGU/CGU.dat-- -- --253336
2/2/2026 2:18:49 PM | * CGU/CGU.php-- -- --35991
2/2/2026 2:18:49 PM | * Chat/Echec(var).js-- -- --171
2/2/2026 2:18:49 PM | * Chat/Echec.css-- -- --940
2/2/2026 2:18:49 PM | * Backup/Chat/Echec.dat-- -- --219249
2/2/2026 2:18:49 PM | * Chat/Echec.php-- -- --27636
2/2/2026 2:18:49 PM | * Chat/Envoi(var).js-- -- --171
2/2/2026 2:18:49 PM | * Chat/Envoi.css-- -- --862
2/2/2026 2:18:49 PM | * Backup/Chat/Envoi.dat-- -- --191900
2/2/2026 2:18:49 PM | * Chat/Envoi.php-- -- --27310
2/2/2026 2:18:49 PM | * Chat/Formulaire(var).js-- -- --1103
2/2/2026 2:18:49 PM | * Chat/Formulaire(var).php-- -- --4015
2/2/2026 2:18:49 PM | * Chat/Formulaire.css-- -- --4727
2/2/2026 2:18:49 PM | * Backup/Chat/Formulaire.dat-- -- --1028557
2/2/2026 2:18:49 PM | * Chat/Formulaire.php-- -- --57961
2/2/2026 2:18:49 PM | * Domicile/Echec(var).js-- -- --171
2/2/2026 2:18:49 PM | * Domicile/Echec.css-- -- --939
2/2/2026 2:18:49 PM | * Backup/Domicile/Echec.dat-- -- --219269
2/2/2026 2:18:49 PM | * Domicile/Echec.php-- -- --27666
2/2/2026 2:18:49 PM | * Domicile/Envoi(var).js-- -- --171
2/2/2026 2:18:49 PM | * Domicile/Envoi.css-- -- --862
2/2/2026 2:18:49 PM | * Backup/Domicile/Envoi.dat-- -- --191878
2/2/2026 2:18:49 PM | * Domicile/Envoi.php-- -- --27327
2/2/2026 2:18:49 PM | * Domicile/Formulaire(var).js-- -- --1111
2/2/2026 2:18:49 PM | * Domicile/Formulaire(var).php-- -- --3500
2/2/2026 2:18:49 PM | * Domicile/Formulaire.css-- -- --4727
2/2/2026 2:18:49 PM | * Backup/Domicile/Formulaire.dat-- -- --1021545
2/2/2026 2:18:49 PM | * Domicile/Formulaire.php-- -- --57864
2/2/2026 2:18:49 PM | * Dons/Dons(var).js-- -- --171
2/2/2026 2:18:49 PM | * Dons/Dons.css-- -- --1483
2/2/2026 2:18:49 PM | * Backup/Dons/Dons.dat-- -- --331108
2/2/2026 2:18:49 PM | * Dons/Dons.php-- -- --31799
2/2/2026 2:18:49 PM | * Gratuite/Echec(var).js-- -- --171
2/2/2026 2:18:49 PM | * Gratuite/Echec.css-- -- --939
2/2/2026 2:18:49 PM | * Backup/Gratuite/Echec.dat-- -- --217184
2/2/2026 2:18:49 PM | * Gratuite/Echec.php-- -- --27640
2/2/2026 2:18:49 PM | * Gratuite/Envoi(var).js-- -- --171
2/2/2026 2:18:49 PM | * Gratuite/Envoi.css-- -- --862
2/2/2026 2:18:49 PM | * Backup/Gratuite/Envoi.dat-- -- --191819
2/2/2026 2:18:49 PM | * Gratuite/Envoi.php-- -- --26857
2/2/2026 2:18:49 PM | * Gratuite/Formulaire(var).js-- -- --1147
2/2/2026 2:18:49 PM | * Gratuite/Formulaire(var).php-- -- --3811
2/2/2026 2:18:49 PM | * Gratuite/Formulaire.css-- -- --5107
2/2/2026 2:18:49 PM | * Backup/Gratuite/Formulaire.dat-- -- --1033193
2/2/2026 2:18:49 PM | * Gratuite/Formulaire.php-- -- --58348
2/2/2026 2:18:49 PM | * Magie/Echec(var).js-- -- --171
2/2/2026 2:18:49 PM | * Magie/Echec.css-- -- --939
2/2/2026 2:18:49 PM | * Backup/Magie/Echec.dat-- -- --217239
2/2/2026 2:18:49 PM | * Magie/Echec.php-- -- --27684
2/2/2026 2:18:49 PM | * Magie/Envoi(var).js-- -- --171
2/2/2026 2:18:49 PM | * Magie/Envoi.css-- -- --862
2/2/2026 2:18:49 PM | * Backup/Magie/Envoi.dat-- -- --189954
2/2/2026 2:18:49 PM | * Magie/Envoi.php-- -- --27380
2/2/2026 2:18:49 PM | * Magie/Formulaire(var).js-- -- --1133
2/2/2026 2:18:49 PM | * Magie/Formulaire(var).php-- -- --5375
2/2/2026 2:18:49 PM | * Magie/Formulaire.css-- -- --4882
2/2/2026 2:18:49 PM | * Backup/Magie/Formulaire.dat-- -- --1097064
2/2/2026 2:18:49 PM | * Magie/Formulaire.php-- -- --62137
2/2/2026 2:18:49 PM | * Mail/Echec(var).js-- -- --103
2/2/2026 2:18:49 PM | * Mail/Echec.css-- -- --887
2/2/2026 2:18:49 PM | * Backup/Mail/Echec.dat-- -- --192434
2/2/2026 2:18:49 PM | * Mail/Echec.php-- -- --27619
2/2/2026 2:18:49 PM | * Mail/Envoi(var).js-- -- --103
2/2/2026 2:18:49 PM | * Mail/Envoi.css-- -- --809
2/2/2026 2:18:49 PM | * Backup/Mail/Envoi.dat-- -- --167130
2/2/2026 2:18:49 PM | * Mail/Envoi.php-- -- --27329
2/2/2026 2:18:49 PM | * Mail/Formulaire(var).js-- -- --1103
2/2/2026 2:18:49 PM | * Mail/Formulaire(var).php-- -- --2242
2/2/2026 2:18:49 PM | * Mail/Formulaire.css-- -- --4265
2/2/2026 2:18:49 PM | * Backup/Mail/Formulaire.dat-- -- --808848
2/2/2026 2:18:49 PM | * Mail/Formulaire.php-- -- --49788
2/2/2026 2:18:49 PM | * Methodes/Accueil(var).js-- -- --171
2/2/2026 2:18:49 PM | * Methodes/Accueil.css-- -- --1721
2/2/2026 2:18:49 PM | * Backup/Methodes/Accueil.dat-- -- --450511
2/2/2026 2:18:49 PM | * Methodes/Accueil.php-- -- --42516
2/2/2026 2:18:49 PM | * Methodes/Croix(var).js-- -- --171
2/2/2026 2:18:49 PM | * Methodes/Croix.css-- -- --3694
2/2/2026 2:18:49 PM | * Backup/Methodes/Croix.dat-- -- --950261
2/2/2026 2:18:49 PM | * Methodes/Croix.php-- -- --51120
2/2/2026 2:18:49 PM | * Methodes/Ligne(var).js-- -- --171
2/2/2026 2:18:49 PM | * Methodes/Ligne.css-- -- --3890
2/2/2026 2:18:49 PM | * Backup/Methodes/Ligne.dat-- -- --995220
2/2/2026 2:18:49 PM | * Methodes/Ligne.php-- -- --59071
2/2/2026 2:18:49 PM | * Methodes/Pyramide(var).js-- -- --171
2/2/2026 2:18:49 PM | * Methodes/Pyramide.css-- -- --2041
2/2/2026 2:18:49 PM | * Backup/Methodes/Pyramide.dat-- -- --484510
2/2/2026 2:18:49 PM | * Methodes/Pyramide.php-- -- --45006
2/2/2026 2:18:49 PM | * Paiement/Paiement_accepte(var).js-- -- --171
2/2/2026 2:18:49 PM | * Paiement/Paiement_accepte.css-- -- --862
2/2/2026 2:18:49 PM | * Backup/Paiement/Paiement_accepte.dat-- -- --189913
2/2/2026 2:18:49 PM | * Paiement/Paiement_accepte.php-- -- --27555
2/2/2026 2:18:49 PM | * Paiement/Paiement_avorte(var).js-- -- --171
2/2/2026 2:18:49 PM | * Paiement/Paiement_avorte.css-- -- --862
2/2/2026 2:18:49 PM | * Backup/Paiement/Paiement_avorte.dat-- -- --189611
2/2/2026 2:18:49 PM | * Paiement/Paiement_avorte.php-- -- --27146
2/2/2026 2:18:49 PM | * Partenaires/Partenaires(var).js-- -- --171
2/2/2026 2:18:49 PM | * Partenaires/Partenaires.css-- -- --716
2/2/2026 2:18:49 PM | * Backup/Partenaires/Partenaires.dat-- -- --157327
2/2/2026 2:18:49 PM | * Partenaires/Partenaires.php-- -- --26561
2/2/2026 2:18:49 PM | * Planetes/Accueil(var).js-- -- --171
2/2/2026 2:18:49 PM | * Planetes/Accueil.css-- -- --3106
2/2/2026 2:18:49 PM | * Backup/Planetes/Accueil.dat-- -- --814070
2/2/2026 2:18:49 PM | * Planetes/Accueil.php-- -- --40670
2/2/2026 2:18:49 PM | * Planetes/Jupiter(var).js-- -- --171
2/2/2026 2:18:49 PM | * Planetes/Jupiter.css-- -- --1182
2/2/2026 2:18:49 PM | * Backup/Planetes/Jupiter.dat-- -- --280107
2/2/2026 2:18:49 PM | * Planetes/Jupiter.php-- -- --30328
2/2/2026 2:18:49 PM | * Planetes/Lune(var).js-- -- --239
2/2/2026 2:18:49 PM | * Planetes/Lune.css-- -- --1236
2/2/2026 2:18:49 PM | * Backup/Planetes/Lune.dat-- -- --301576
2/2/2026 2:18:49 PM | * Planetes/Lune.php-- -- --30807
2/2/2026 2:18:49 PM | * Planetes/Mars(var).js-- -- --239
2/2/2026 2:18:49 PM | * Planetes/Mars.css-- -- --1236
2/2/2026 2:18:49 PM | * Backup/Planetes/Mars.dat-- -- --301227
2/2/2026 2:18:49 PM | * Planetes/Mars.php-- -- --30458
2/2/2026 2:18:49 PM | * Planetes/Mercure(var).js-- -- --239
2/2/2026 2:18:49 PM | * Planetes/Mercure.css-- -- --1236
2/2/2026 2:18:49 PM | * Backup/Planetes/Mercure.dat-- -- --302114
2/2/2026 2:18:49 PM | * Planetes/Mercure.php-- -- --31239
2/2/2026 2:18:49 PM | * Planetes/Neptune(var).js-- -- --239
2/2/2026 2:18:49 PM | * Planetes/Neptune.css-- -- --1236
2/2/2026 2:18:49 PM | * Backup/Planetes/Neptune.dat-- -- --301299
2/2/2026 2:18:49 PM | * Planetes/Neptune.php-- -- --30532
2/2/2026 2:18:49 PM | * Planetes/Pluton(var).js-- -- --239
2/2/2026 2:18:49 PM | * Planetes/Pluton.css-- -- --1236
2/2/2026 2:18:49 PM | * Backup/Planetes/Pluton.dat-- -- --301229
2/2/2026 2:18:49 PM | * Planetes/Pluton.php-- -- --30464
2/2/2026 2:18:49 PM | * Planetes/Saturne(var).js-- -- --239
2/2/2026 2:18:49 PM | * Planetes/Saturne.css-- -- --1250
2/2/2026 2:18:49 PM | * Backup/Planetes/Saturne.dat-- -- --303218
2/2/2026 2:18:49 PM | * Planetes/Saturne.php-- -- --30493
2/2/2026 2:18:49 PM | * Planetes/Soleil(var).js-- -- --239
2/2/2026 2:18:49 PM | * Planetes/Soleil.css-- -- --1251
2/2/2026 2:18:49 PM | * Backup/Planetes/Soleil.dat-- -- --304680
2/2/2026 2:18:49 PM | * Planetes/Soleil.php-- -- --30176
2/2/2026 2:18:49 PM | * Planetes/Uranus(var).js-- -- --239
2/2/2026 2:18:49 PM | * Planetes/Uranus.css-- -- --1251
2/2/2026 2:18:49 PM | * Backup/Planetes/Uranus.dat-- -- --304436
2/2/2026 2:18:49 PM | * Planetes/Uranus.php-- -- --29890
2/2/2026 2:18:49 PM | * Planetes/Venus(var).js-- -- --239
2/2/2026 2:18:49 PM | * Planetes/Venus.css-- -- --1251
2/2/2026 2:18:49 PM | * Backup/Planetes/Venus.dat-- -- --305172
2/2/2026 2:18:49 PM | * Planetes/Venus.php-- -- --30537
2/2/2026 2:18:49 PM | * index(var).js-- -- --171
2/2/2026 2:18:49 PM | * index.css-- -- --1183
2/2/2026 2:18:49 PM | * Backup/index.dat-- -- --230945
2/2/2026 2:18:49 PM | * index.php-- -- --33630
2/2/2026 2:18:49 PM | * Templates/Base.css-- -- --4396
2/2/2026 2:18:49 PM | * Templates/Base.php-- -- --25722
2/2/2026 2:18:49 PM | * Backup/Templates/Base.tdat-- -- --1006741
2/2/2026 2:18:49 PM | * sitemap.xml-- -- --26907
2/2/2026 2:18:49 PM | * robots.txt-- -- --39
2/2/2026 2:18:49 PM | * Backup/Belline net.ope-- -- --3598
2/2/2026 2:18:52 PM | 
2/2/2026 2:18:52 PM | 
--------------------------------Phase 1 Terminé--------------------------------
2/2/2026 2:18:52 PM | 

2/3/2026 9:18:50 AM | Debut Mise en ligne différentielle (Site):
2/3/2026 9:19:01 AM | Listing terminé :
2/3/2026 9:19:01 AM | 

2/3/2026 9:19:01 AM | * Tchat-- -- --Folder create
2/3/2026 9:19:01 AM | * Tchat/widgets-- -- --Folder create
2/3/2026 9:19:01 AM | * Tchat/templates-- -- --Folder create
2/3/2026 9:19:01 AM | * Tchat/stickers-- -- --Folder create
2/3/2026 9:19:01 AM | * Tchat/stickers/Stickers-- -- --Folder create
2/3/2026 9:19:01 AM | * Tchat/stickers/Deutsch-- -- --Folder create
2/3/2026 9:19:01 AM | * Tchat/splash-- -- --Folder create
2/3/2026 9:19:01 AM | * Tchat/lang-- -- --Folder create
2/3/2026 9:19:01 AM | * Tchat/install-- -- --Folder create
2/3/2026 9:19:01 AM | * Tchat/incl-- -- --Folder create
2/3/2026 9:19:01 AM | * Tchat/img-- -- --Folder create
2/3/2026 9:19:01 AM | * Tchat/backgrounds-- -- --Folder create
2/3/2026 9:19:01 AM | * Tchat/avatars-- -- --Folder create
2/3/2026 9:19:01 AM | * Tchat/attachments-- -- --Folder create
2/3/2026 9:19:01 AM | * Tchat/app-- -- --Folder create
2/3/2026 9:19:01 AM | * Tchat/admin-- -- --Folder create
2/3/2026 9:19:01 AM | * Tchat/admin/font-- -- --Folder create
2/3/2026 9:19:01 AM | * Planetes-- -- --Folder create
2/3/2026 9:19:01 AM | * Partenaires-- -- --Folder create
2/3/2026 9:19:01 AM | * Paiement-- -- --Folder create
2/3/2026 9:19:01 AM | * Online-- -- --Folder create
2/3/2026 9:19:01 AM | * Online/Templates-- -- --Folder create
2/3/2026 9:19:01 AM | * Methodes-- -- --Folder create
2/3/2026 9:19:01 AM | * Mail-- -- --Folder create
2/3/2026 9:19:01 AM | * Magie-- -- --Folder create
2/3/2026 9:19:01 AM | * Gratuite-- -- --Folder create
2/3/2026 9:19:01 AM | * Dons-- -- --Folder create
2/3/2026 9:19:01 AM | * Domicile-- -- --Folder create
2/3/2026 9:19:01 AM | * Chat-- -- --Folder create
2/3/2026 9:19:01 AM | * CGU-- -- --Folder create
2/3/2026 9:19:01 AM | * Cartomancie-- -- --Folder create
2/3/2026 9:19:01 AM | * Cartomancie/Tarots-- -- --Folder create
2/3/2026 9:19:01 AM | * Cartomancie/Belline-- -- --Folder create
2/3/2026 9:19:01 AM | * Cartomancie/32-cartes-- -- --Folder create
2/3/2026 9:19:01 AM | * Cartomancie/32-cartes/Trefle-- -- --Folder create
2/3/2026 9:19:01 AM | * Cartomancie/32-cartes/Pique-- -- --Folder create
2/3/2026 9:19:02 AM | * Cartomancie/32-cartes/Coeur-- -- --Folder create
2/3/2026 9:19:02 AM | * Cartomancie/32-cartes/Carreau-- -- --Folder create
2/3/2026 9:19:02 AM | * Admin-- -- --Folder create
2/3/2026 9:19:02 AM | * Admin/sounds-- -- --Folder create
2/3/2026 9:19:02 AM | * Backup-- -- --Folder create
2/3/2026 9:19:02 AM | * Templates-- -- --Folder create
2/3/2026 9:19:02 AM | * WEFiles-- -- --Folder create
2/3/2026 9:19:02 AM | * WEFiles/Image-- -- --Folder create
2/3/2026 9:19:02 AM | * WEFiles/Image/WEImage-- -- --Folder create
2/3/2026 9:19:02 AM | * Backup/.htaccess-- -- --33
2/3/2026 9:19:02 AM | * .htaccess-- -- --0
2/3/2026 9:19:02 AM | * Admin/status.css-- -- --0
2/3/2026 9:19:02 AM | * Paiement/Paiement_avorte(var).js-- -- --171
2/3/2026 9:19:02 AM | * Paiement/Paiement_avorte.css-- -- --862
2/3/2026 9:19:02 AM | * Backup/Paiement/Paiement_avorte.dat-- -- --189602
2/3/2026 9:19:02 AM | * Paiement/Paiement_avorte.php-- -- --27146
2/3/2026 9:19:02 AM | * index(var).js-- -- --171
2/3/2026 9:19:02 AM | * index.css-- -- --1183
2/3/2026 9:19:02 AM | * Backup/index.dat-- -- --231001
2/3/2026 9:19:02 AM | * index.php-- -- --33686
2/3/2026 9:19:02 AM | * sitemap.xml-- -- --26907
2/3/2026 9:19:02 AM | * robots.txt-- -- --39
2/3/2026 9:19:02 AM | * Backup/Belline net.ope-- -- --3598
2/3/2026 9:19:04 AM | 
2/3/2026 9:19:04 AM | 
--------------------------------Phase 1 Terminé--------------------------------
2/3/2026 9:19:04 AM | 

2/12/2026 7:06:14 PM | Debut Mise en ligne différentielle (Site):
2/12/2026 7:06:15 PM | Listing terminé :
2/12/2026 7:06:15 PM | 

2/12/2026 7:06:15 PM | * Tchat-- -- --Folder create
2/12/2026 7:06:15 PM | * Tchat/widgets-- -- --Folder create
2/12/2026 7:06:15 PM | * Tchat/templates-- -- --Folder create
2/12/2026 7:06:15 PM | * Tchat/stickers-- -- --Folder create
2/12/2026 7:06:15 PM | * Tchat/stickers/Stickers-- -- --Folder create
2/12/2026 7:06:15 PM | * Tchat/stickers/Deutsch-- -- --Folder create
2/12/2026 7:06:15 PM | * Tchat/splash-- -- --Folder create
2/12/2026 7:06:15 PM | * Tchat/lang-- -- --Folder create
2/12/2026 7:06:15 PM | * Tchat/install-- -- --Folder create
2/12/2026 7:06:15 PM | * Tchat/incl-- -- --Folder create
2/12/2026 7:06:15 PM | * Tchat/img-- -- --Folder create
2/12/2026 7:06:15 PM | * Tchat/backgrounds-- -- --Folder create
2/12/2026 7:06:15 PM | * Tchat/avatars-- -- --Folder create
2/12/2026 7:06:15 PM | * Tchat/attachments-- -- --Folder create
2/12/2026 7:06:15 PM | * Tchat/app-- -- --Folder create
2/12/2026 7:06:15 PM | * Tchat/admin-- -- --Folder create
2/12/2026 7:06:15 PM | * Tchat/admin/font-- -- --Folder create
2/12/2026 7:06:15 PM | * Planetes-- -- --Folder create
2/12/2026 7:06:15 PM | * Partenaires-- -- --Folder create
2/12/2026 7:06:15 PM | * Paiement-- -- --Folder create
2/12/2026 7:06:15 PM | * Online-- -- --Folder create
2/12/2026 7:06:15 PM | * Online/Templates-- -- --Folder create
2/12/2026 7:06:15 PM | * Methodes-- -- --Folder create
2/12/2026 7:06:15 PM | * Mail-- -- --Folder create
2/12/2026 7:06:15 PM | * Magie-- -- --Folder create
2/12/2026 7:06:15 PM | * Gratuite-- -- --Folder create
2/12/2026 7:06:15 PM | * Dons-- -- --Folder create
2/12/2026 7:06:15 PM | * Domicile-- -- --Folder create
2/12/2026 7:06:15 PM | * Chat-- -- --Folder create
2/12/2026 7:06:15 PM | * CGU-- -- --Folder create
2/12/2026 7:06:15 PM | * Cartomancie-- -- --Folder create
2/12/2026 7:06:15 PM | * Cartomancie/Tarots-- -- --Folder create
2/12/2026 7:06:15 PM | * Cartomancie/Belline-- -- --Folder create
2/12/2026 7:06:15 PM | * Cartomancie/32-cartes-- -- --Folder create
2/12/2026 7:06:15 PM | * Cartomancie/32-cartes/Trefle-- -- --Folder create
2/12/2026 7:06:15 PM | * Cartomancie/32-cartes/Pique-- -- --Folder create
2/12/2026 7:06:15 PM | * Cartomancie/32-cartes/Coeur-- -- --Folder create
2/12/2026 7:06:15 PM | * Cartomancie/32-cartes/Carreau-- -- --Folder create
2/12/2026 7:06:15 PM | * Admin-- -- --Folder create
2/12/2026 7:06:15 PM | * Admin/sounds-- -- --Folder create
2/12/2026 7:06:15 PM | * Backup-- -- --Folder create
2/12/2026 7:06:15 PM | * Templates-- -- --Folder create
2/12/2026 7:06:15 PM | * WEFiles-- -- --Folder create
2/12/2026 7:06:15 PM | * WEFiles/Image-- -- --Folder create
2/12/2026 7:06:15 PM | * WEFiles/Image/WEImage-- -- --Folder create
2/12/2026 7:06:15 PM | * Backup/.htaccess-- -- --33
2/12/2026 7:06:15 PM | * .htaccess-- -- --0
2/12/2026 7:06:15 PM | * Admin/status.css-- -- --0
2/12/2026 7:06:15 PM | * Magie/Formulaire(var).js-- -- --1133
2/12/2026 7:06:15 PM | * Magie/Formulaire(var).php-- -- --5375
2/12/2026 7:06:15 PM | * Magie/Formulaire.css-- -- --4882
2/12/2026 7:06:15 PM | * Backup/Magie/Formulaire.dat-- -- --1097190
2/12/2026 7:06:15 PM | * Magie/Formulaire.php-- -- --62168
2/12/2026 7:06:15 PM | * sitemap.xml-- -- --26907
2/12/2026 7:06:15 PM | * robots.txt-- -- --39
2/12/2026 7:06:15 PM | * Backup/Belline net.ope-- -- --3598
2/12/2026 7:06:17 PM | 
2/12/2026 7:06:17 PM | 
--------------------------------Phase 1 Terminé--------------------------------
2/12/2026 7:06:17 PM | 

2/22/2026 5:50:04 PM | Debut Mise en ligne différentielle (Site):
2/22/2026 5:50:07 PM | Listing terminé :
2/22/2026 5:50:07 PM | 

2/22/2026 5:50:07 PM | * Tchat-- -- --Folder create
2/22/2026 5:50:07 PM | * Tchat/widgets-- -- --Folder create
2/22/2026 5:50:07 PM | * Tchat/templates-- -- --Folder create
2/22/2026 5:50:07 PM | * Tchat/stickers-- -- --Folder create
2/22/2026 5:50:07 PM | * Tchat/stickers/Stickers-- -- --Folder create
2/22/2026 5:50:07 PM | * Tchat/stickers/Deutsch-- -- --Folder create
2/22/2026 5:50:07 PM | * Tchat/splash-- -- --Folder create
2/22/2026 5:50:07 PM | * Tchat/lang-- -- --Folder create
2/22/2026 5:50:07 PM | * Tchat/install-- -- --Folder create
2/22/2026 5:50:07 PM | * Tchat/incl-- -- --Folder create
2/22/2026 5:50:07 PM | * Tchat/img-- -- --Folder create
2/22/2026 5:50:07 PM | * Tchat/backgrounds-- -- --Folder create
2/22/2026 5:50:07 PM | * Tchat/avatars-- -- --Folder create
2/22/2026 5:50:07 PM | * Tchat/attachments-- -- --Folder create
2/22/2026 5:50:07 PM | * Tchat/app-- -- --Folder create
2/22/2026 5:50:07 PM | * Tchat/admin-- -- --Folder create
2/22/2026 5:50:07 PM | * Tchat/admin/font-- -- --Folder create
2/22/2026 5:50:07 PM | * Planetes-- -- --Folder create
2/22/2026 5:50:07 PM | * Partenaires-- -- --Folder create
2/22/2026 5:50:07 PM | * Paiement-- -- --Folder create
2/22/2026 5:50:07 PM | * Online-- -- --Folder create
2/22/2026 5:50:07 PM | * Online/Templates-- -- --Folder create
2/22/2026 5:50:07 PM | * Methodes-- -- --Folder create
2/22/2026 5:50:07 PM | * Mail-- -- --Folder create
2/22/2026 5:50:07 PM | * Magie-- -- --Folder create
2/22/2026 5:50:07 PM | * Gratuite-- -- --Folder create
2/22/2026 5:50:07 PM | * Dons-- -- --Folder create
2/22/2026 5:50:07 PM | * Domicile-- -- --Folder create
2/22/2026 5:50:07 PM | * Chat-- -- --Folder create
2/22/2026 5:50:07 PM | * CGU-- -- --Folder create
2/22/2026 5:50:07 PM | * Cartomancie-- -- --Folder create
2/22/2026 5:50:07 PM | * Cartomancie/Tarots-- -- --Folder create
2/22/2026 5:50:07 PM | * Cartomancie/Belline-- -- --Folder create
2/22/2026 5:50:07 PM | * Cartomancie/32-cartes-- -- --Folder create
2/22/2026 5:50:07 PM | * Cartomancie/32-cartes/Trefle-- -- --Folder create
2/22/2026 5:50:07 PM | * Cartomancie/32-cartes/Pique-- -- --Folder create
2/22/2026 5:50:07 PM | * Cartomancie/32-cartes/Coeur-- -- --Folder create
2/22/2026 5:50:07 PM | * Cartomancie/32-cartes/Carreau-- -- --Folder create
2/22/2026 5:50:07 PM | * Admin-- -- --Folder create
2/22/2026 5:50:07 PM | * Admin/sounds-- -- --Folder create
2/22/2026 5:50:07 PM | * Backup-- -- --Folder create
2/22/2026 5:50:07 PM | * Templates-- -- --Folder create
2/22/2026 5:50:07 PM | * WEFiles-- -- --Folder create
2/22/2026 5:50:07 PM | * WEFiles/Image-- -- --Folder create
2/22/2026 5:50:07 PM | * WEFiles/Image/WEImage-- -- --Folder create
2/22/2026 5:50:07 PM | * Backup/.htaccess-- -- --33
2/22/2026 5:50:07 PM | * .htaccess-- -- --0
2/22/2026 5:50:07 PM | * Admin/status.css-- -- --0
2/22/2026 5:50:07 PM | * Partenaires/Partenaires(var).js-- -- --103
2/22/2026 5:50:07 PM | * Partenaires/Partenaires.css-- -- --702
2/22/2026 5:50:07 PM | * Backup/Partenaires/Partenaires.dat-- -- --172765
2/22/2026 5:50:07 PM | * Partenaires/Partenaires.php-- -- --27334
2/22/2026 5:50:07 PM | * sitemap.xml-- -- --26907
2/22/2026 5:50:07 PM | * robots.txt-- -- --39
2/22/2026 5:50:07 PM | * Backup/Belline net.ope-- -- --3598
2/22/2026 5:50:09 PM | 
2/22/2026 5:50:09 PM | 
--------------------------------Phase 1 Terminé--------------------------------
2/22/2026 5:50:09 PM | 

2/22/2026 6:12:42 PM | Debut Mise en ligne différentielle (Site):
2/22/2026 6:12:43 PM | Listing terminé :
2/22/2026 6:12:43 PM | 

2/22/2026 6:12:43 PM | * Tchat-- -- --Folder create
2/22/2026 6:12:43 PM | * Tchat/widgets-- -- --Folder create
2/22/2026 6:12:43 PM | * Tchat/templates-- -- --Folder create
2/22/2026 6:12:43 PM | * Tchat/stickers-- -- --Folder create
2/22/2026 6:12:43 PM | * Tchat/stickers/Stickers-- -- --Folder create
2/22/2026 6:12:43 PM | * Tchat/stickers/Deutsch-- -- --Folder create
2/22/2026 6:12:43 PM | * Tchat/splash-- -- --Folder create
2/22/2026 6:12:43 PM | * Tchat/lang-- -- --Folder create
2/22/2026 6:12:43 PM | * Tchat/install-- -- --Folder create
2/22/2026 6:12:43 PM | * Tchat/incl-- -- --Folder create
2/22/2026 6:12:43 PM | * Tchat/img-- -- --Folder create
2/22/2026 6:12:43 PM | * Tchat/backgrounds-- -- --Folder create
2/22/2026 6:12:43 PM | * Tchat/avatars-- -- --Folder create
2/22/2026 6:12:43 PM | * Tchat/attachments-- -- --Folder create
2/22/2026 6:12:43 PM | * Tchat/app-- -- --Folder create
2/22/2026 6:12:43 PM | * Tchat/admin-- -- --Folder create
2/22/2026 6:12:43 PM | * Tchat/admin/font-- -- --Folder create
2/22/2026 6:12:43 PM | * Planetes-- -- --Folder create
2/22/2026 6:12:43 PM | * Partenaires-- -- --Folder create
2/22/2026 6:12:43 PM | * Paiement-- -- --Folder create
2/22/2026 6:12:43 PM | * Online-- -- --Folder create
2/22/2026 6:12:43 PM | * Online/Templates-- -- --Folder create
2/22/2026 6:12:43 PM | * Methodes-- -- --Folder create
2/22/2026 6:12:43 PM | * Mail-- -- --Folder create
2/22/2026 6:12:43 PM | * Magie-- -- --Folder create
2/22/2026 6:12:43 PM | * Gratuite-- -- --Folder create
2/22/2026 6:12:43 PM | * Dons-- -- --Folder create
2/22/2026 6:12:43 PM | * Domicile-- -- --Folder create
2/22/2026 6:12:43 PM | * Chat-- -- --Folder create
2/22/2026 6:12:43 PM | * CGU-- -- --Folder create
2/22/2026 6:12:43 PM | * Cartomancie-- -- --Folder create
2/22/2026 6:12:43 PM | * Cartomancie/Tarots-- -- --Folder create
2/22/2026 6:12:43 PM | * Cartomancie/Belline-- -- --Folder create
2/22/2026 6:12:43 PM | * Cartomancie/32-cartes-- -- --Folder create
2/22/2026 6:12:43 PM | * Cartomancie/32-cartes/Trefle-- -- --Folder create
2/22/2026 6:12:43 PM | * Cartomancie/32-cartes/Pique-- -- --Folder create
2/22/2026 6:12:43 PM | * Cartomancie/32-cartes/Coeur-- -- --Folder create
2/22/2026 6:12:43 PM | * Cartomancie/32-cartes/Carreau-- -- --Folder create
2/22/2026 6:12:43 PM | * Admin-- -- --Folder create
2/22/2026 6:12:43 PM | * Admin/sounds-- -- --Folder create
2/22/2026 6:12:43 PM | * Backup-- -- --Folder create
2/22/2026 6:12:43 PM | * Templates-- -- --Folder create
2/22/2026 6:12:43 PM | * WEFiles-- -- --Folder create
2/22/2026 6:12:43 PM | * WEFiles/Image-- -- --Folder create
2/22/2026 6:12:43 PM | * WEFiles/Image/WEImage-- -- --Folder create
2/22/2026 6:12:43 PM | * Backup/.htaccess-- -- --33
2/22/2026 6:12:43 PM | * .htaccess-- -- --0
2/22/2026 6:12:43 PM | * Admin/status.css-- -- --0
2/22/2026 6:12:43 PM | * index(var).js-- -- --171
2/22/2026 6:12:43 PM | * index.css-- -- --1126
2/22/2026 6:12:43 PM | * Backup/index.dat-- -- --229996
2/22/2026 6:12:43 PM | * index.php-- -- --36301
2/22/2026 6:12:43 PM | * sitemap.xml-- -- --26907
2/22/2026 6:12:43 PM | * robots.txt-- -- --39
2/22/2026 6:12:43 PM | * Backup/Belline net.ope-- -- --3598
2/22/2026 6:12:45 PM | 
2/22/2026 6:12:45 PM | 
--------------------------------Phase 1 Terminé--------------------------------
2/22/2026 6:12:45 PM | 

