3/5/2026 6:30:53 PM | Debut Mise en ligne complete (Site):
3/5/2026 6:31:11 PM | Listing terminé :
3/5/2026 6:31:11 PM | 

3/5/2026 6:31:11 PM | * Files/Fonts-- -- --Folder create
3/5/2026 6:31:11 PM | * Files/Other-- -- --Folder create
3/5/2026 6:31:11 PM | * Tchat-- -- --Folder create
3/5/2026 6:31:11 PM | * Tchat/widgets-- -- --Folder create
3/5/2026 6:31:11 PM | * Tchat/templates-- -- --Folder create
3/5/2026 6:31:11 PM | * Tchat/stickers-- -- --Folder create
3/5/2026 6:31:11 PM | * Tchat/stickers/Stickers-- -- --Folder create
3/5/2026 6:31:11 PM | * Tchat/stickers/Deutsch-- -- --Folder create
3/5/2026 6:31:11 PM | * Tchat/splash-- -- --Folder create
3/5/2026 6:31:11 PM | * Tchat/lang-- -- --Folder create
3/5/2026 6:31:11 PM | * Tchat/install-- -- --Folder create
3/5/2026 6:31:11 PM | * Tchat/incl-- -- --Folder create
3/5/2026 6:31:11 PM | * Tchat/img-- -- --Folder create
3/5/2026 6:31:11 PM | * Tchat/backgrounds-- -- --Folder create
3/5/2026 6:31:11 PM | * Tchat/avatars-- -- --Folder create
3/5/2026 6:31:11 PM | * Tchat/attachments-- -- --Folder create
3/5/2026 6:31:11 PM | * Tchat/app-- -- --Folder create
3/5/2026 6:31:11 PM | * Tchat/admin-- -- --Folder create
3/5/2026 6:31:11 PM | * Tchat/admin/font-- -- --Folder create
3/5/2026 6:31:11 PM | * Planetes-- -- --Folder create
3/5/2026 6:31:11 PM | * Partenaires-- -- --Folder create
3/5/2026 6:31:11 PM | * Paiement-- -- --Folder create
3/5/2026 6:31:11 PM | * Online-- -- --Folder create
3/5/2026 6:31:11 PM | * Online/Templates-- -- --Folder create
3/5/2026 6:31:11 PM | * Methodes-- -- --Folder create
3/5/2026 6:31:11 PM | * Mail-- -- --Folder create
3/5/2026 6:31:11 PM | * Magie-- -- --Folder create
3/5/2026 6:31:11 PM | * Gratuite-- -- --Folder create
3/5/2026 6:31:11 PM | * Dons-- -- --Folder create
3/5/2026 6:31:11 PM | * Domicile-- -- --Folder create
3/5/2026 6:31:11 PM | * Chat-- -- --Folder create
3/5/2026 6:31:11 PM | * CGU-- -- --Folder create
3/5/2026 6:31:11 PM | * Cartomancie-- -- --Folder create
3/5/2026 6:31:11 PM | * Cartomancie/Tarots-- -- --Folder create
3/5/2026 6:31:11 PM | * Cartomancie/Belline-- -- --Folder create
3/5/2026 6:31:11 PM | * Cartomancie/32-cartes-- -- --Folder create
3/5/2026 6:31:11 PM | * Cartomancie/32-cartes/Trefle-- -- --Folder create
3/5/2026 6:31:11 PM | * Cartomancie/32-cartes/Pique-- -- --Folder create
3/5/2026 6:31:11 PM | * Cartomancie/32-cartes/Coeur-- -- --Folder create
3/5/2026 6:31:11 PM | * Cartomancie/32-cartes/Carreau-- -- --Folder create
3/5/2026 6:31:11 PM | * Admin-- -- --Folder create
3/5/2026 6:31:11 PM | * Admin/sounds-- -- --Folder create
3/5/2026 6:31:11 PM | * WEFiles-- -- --Folder create
3/5/2026 6:31:11 PM | * WEFiles/Xml-- -- --Folder create
3/5/2026 6:31:11 PM | * WEFiles/Server-- -- --Folder create
3/5/2026 6:31:11 PM | * WEFiles/Server/language-- -- --Folder create
3/5/2026 6:31:11 PM | * WEFiles/Server/DB-- -- --Folder create
3/5/2026 6:31:11 PM | * WEFiles/Server/DB/DBTools-- -- --Folder create
3/5/2026 6:31:11 PM | * WEFiles/Server/class-- -- --Folder create
3/5/2026 6:31:11 PM | * WEFiles/Other-- -- --Folder create
3/5/2026 6:31:11 PM | * WEFiles/Image-- -- --Folder create
3/5/2026 6:31:11 PM | * WEFiles/Font-- -- --Folder create
3/5/2026 6:31:11 PM | * WEFiles/EG-- -- --Folder create
3/5/2026 6:31:11 PM | * WEFiles/Css-- -- --Folder create
3/5/2026 6:31:11 PM | * WEFiles/Css/v02-- -- --Folder create
3/5/2026 6:31:11 PM | * WEFiles/Css/v01-- -- --Folder create
3/5/2026 6:31:11 PM | * WEFiles/Client-- -- --Folder create
3/5/2026 6:31:11 PM | * WEFiles/Client/jQuery-- -- --Folder create
3/5/2026 6:31:11 PM | * WEFiles/Client/jQuery/Plugins-- -- --Folder create
3/5/2026 6:31:11 PM | * WEFiles/Client/Common-- -- --Folder create
3/5/2026 6:31:11 PM | * Templates-- -- --Folder create
3/5/2026 6:31:11 PM | * Files-- -- --Folder create
3/5/2026 6:31:11 PM | * Files/Video-- -- --Folder create
3/5/2026 6:31:11 PM | * Files/Other-- -- --Folder create
3/5/2026 6:31:11 PM | * Files/Media-- -- --Folder create
3/5/2026 6:31:11 PM | * Files/Image-- -- --Folder create
3/5/2026 6:31:11 PM | * Files/Fonts-- -- --Folder create
3/5/2026 6:31:11 PM | * Files/Flash-- -- --Folder create
3/5/2026 6:31:11 PM | * Files/Audio-- -- --Folder create
3/5/2026 6:31:11 PM | * Data-- -- --Folder create
3/5/2026 6:31:11 PM | * Backup-- -- --Folder create
3/5/2026 6:31:11 PM | * Common-- -- --Folder create
3/5/2026 6:31:11 PM | * Files/Image/32 cartes-- -- --Folder create
3/5/2026 6:31:11 PM | * Files/Image/32 cartes/Carreau-- -- --Folder create
3/5/2026 6:31:11 PM | * Files/Image/Accueil-- -- --Folder create
3/5/2026 6:31:11 PM | * WEFiles/Image/WEImage-- -- --Folder create
3/5/2026 6:31:11 PM | * Files/Image/32 cartes/Coeur-- -- --Folder create
3/5/2026 6:31:11 PM | * Files/Image/32 cartes/Pique-- -- --Folder create
3/5/2026 6:31:11 PM | * Files/Image/32 cartes/Trefle-- -- --Folder create
3/5/2026 6:31:11 PM | * Files/Image/Belline-- -- --Folder create
3/5/2026 6:31:11 PM | * Files/Image/Tarot-- -- --Folder create
3/5/2026 6:31:11 PM | * WEFiles/Image/Skin-- -- --Folder create
3/5/2026 6:31:11 PM | * Files/Image/Planetes-- -- --Folder create
3/5/2026 6:31:11 PM | * Files\Other-- -- --Folder create
3/5/2026 6:31:11 PM | * Files\Fonts-- -- --Folder create
3/5/2026 6:31:11 PM | * Backup/.htaccess-- -- --33
3/5/2026 6:31:11 PM | * Data/.htaccess-- -- --13
3/5/2026 6:31:11 PM | * WEFiles/Client/Common/oe.min.js-- -- --16317
3/5/2026 6:31:11 PM | * WEFiles/Client/jQuery/Plugins/jquery.form.js-- -- --11659
3/5/2026 6:31:11 PM | * WEFiles/Client/jQuery/Plugins/jquery.ui.core.js-- -- --19590
3/5/2026 6:31:11 PM | * WEFiles/Client/jQuery/Plugins/jquery.ui.effects.js-- -- --25199
3/5/2026 6:31:11 PM | * WEFiles/Client/jQuery/1.10.2.js-- -- --93107
3/5/2026 6:31:11 PM | * WEFiles/Client/jQuery/migrate.js-- -- --7202
3/5/2026 6:31:11 PM | * WEFiles/Client/OEDB.js-- -- --1856
3/5/2026 6:31:11 PM | * WEFiles/Client/OEDBClasses.js-- -- --2280
3/5/2026 6:31:11 PM | * WEFiles/Client/opentip-jquery.min.js-- -- --44974
3/5/2026 6:31:11 PM | * WEFiles/Css/v01/openElement.css-- -- --5851
3/5/2026 6:31:11 PM | * WEFiles/Css/v02/openElement.css-- -- --6102
3/5/2026 6:31:11 PM | * WEFiles/Css/v02/openElement.int.css-- -- --6177
3/5/2026 6:31:11 PM | * WEFiles/Css/ie7.css-- -- --833
3/5/2026 6:31:11 PM | * WEFiles/Css/opentip.css-- -- --9211
3/5/2026 6:31:11 PM | * WEFiles/Image/Code.png-- -- --831
3/5/2026 6:31:11 PM | * WEFiles/Image/delete.png-- -- --1465
3/5/2026 6:31:11 PM | * WEFiles/Image/empty.png-- -- --184
3/5/2026 6:31:11 PM | * WEFiles/Image/information2.png-- -- --3246
3/5/2026 6:31:11 PM | * WEFiles/Image/loading.gif-- -- --1924
3/5/2026 6:31:11 PM | * WEFiles/Image/Loading2.gif-- -- --4941
3/5/2026 6:31:11 PM | * WEFiles/Image/mask.png-- -- --213
3/5/2026 6:31:11 PM | * WEFiles/Image/ModalBackgound.png-- -- --27145
3/5/2026 6:31:11 PM | * WEFiles/Image/ModalPopupBlock.png-- -- --268
3/5/2026 6:31:11 PM | * WEFiles/Image/ServerError.png-- -- --2602
3/5/2026 6:31:11 PM | * WEFiles/Image/warning.png-- -- --816
3/5/2026 6:31:11 PM | * WEFiles/Image/WEW3C.png-- -- --1882
3/5/2026 6:31:11 PM | * WEFiles/Server/class/class-phpmailer.php-- -- --65668
3/5/2026 6:31:11 PM | * WEFiles/Server/class/class-smtp.php-- -- --32456
3/5/2026 6:31:11 PM | * WEFiles/Server/DB/DBTools/OEDataContainers.php-- -- --57685
3/5/2026 6:31:11 PM | * WEFiles/Server/DB/DBTools/OEDBRequest.php-- -- --36412
3/5/2026 6:31:11 PM | * WEFiles/Server/DB/DBTools/OEDynUtils.php-- -- --15107
3/5/2026 6:31:11 PM | * WEFiles/Server/DB/.htaccess-- -- --13
3/5/2026 6:31:11 PM | * WEFiles/Server/DB/OEDB.php-- -- --28741
3/5/2026 6:31:11 PM | * WEFiles/Server/DB/OEDBClasses.php-- -- --84483
3/5/2026 6:31:11 PM | * WEFiles/Server/DB/sqllogin.php-- -- --1479
3/5/2026 6:31:11 PM | * WEFiles/Server/language/phpmailer.lang-en.php-- -- --1188
3/5/2026 6:31:11 PM | * WEFiles/Server/language/phpmailer.lang-fr.php-- -- --1297
3/5/2026 6:31:11 PM | * WEFiles/Server/openElement.php-- -- --13870
3/5/2026 6:31:11 PM | * WEFiles/Server/VarText.php-- -- --4496
3/5/2026 6:31:11 PM | * .htaccess-- -- --0
3/5/2026 6:31:11 PM | * Admin/sounds/enter.mp3-- -- --55725
3/5/2026 6:31:11 PM | * Admin/sounds/leave.mp3-- -- --8808
3/5/2026 6:31:11 PM | * Admin/index.php-- -- --1690
3/5/2026 6:31:11 PM | * Admin/status.css-- -- --0
3/5/2026 6:31:11 PM | * Admin/status.js-- -- --3855
3/5/2026 6:31:11 PM | * Admin/status.txt-- -- --10
3/5/2026 6:31:11 PM | * Admin/track.js-- -- --1774
3/5/2026 6:31:11 PM | * Admin/track.php-- -- --1499
3/5/2026 6:31:11 PM | * Admin/tracking.json-- -- --240
3/5/2026 6:31:11 PM | * Cartomancie/32-cartes/Carreau/07(var).js-- -- --171
3/5/2026 6:31:11 PM | * Cartomancie/32-cartes/Carreau/07.css-- -- --1196
3/5/2026 6:31:11 PM | * WEFiles/Client/WEDisableRightClick-v21.js-- -- --358
3/5/2026 6:31:11 PM | * Files/Image/32 cartes/Carreau/10 - 7 de carreau.png-- -- --1787
3/5/2026 6:31:11 PM | * Files/Image/Accueil/Gauche.png-- -- --3174
3/5/2026 6:31:11 PM | * WEFiles/Image/WEImage/Gauche-WE8748c811df.png-- -- --2718
3/5/2026 6:31:11 PM | * Files/Image/Accueil/Accueil.jpg-- -- --4054
3/5/2026 6:31:11 PM | * WEFiles/Image/WEImage/Accueil-WE35e9fb608b.jpg-- -- --3874
3/5/2026 6:31:11 PM | * Files/Image/Accueil/Droite.png-- -- --3105
3/5/2026 6:31:11 PM | * WEFiles/Image/WEImage/Droite-WEfe7fdfe667.png-- -- --2695
3/5/2026 6:31:11 PM | * Files/Image/Accueil/Boutton jaune.png-- -- --92447
3/5/2026 6:31:11 PM | * WEFiles/Image/WEImage/Boutton jaune-WE6bfa2bde55.png-- -- --3244
3/5/2026 6:31:11 PM | * WEFiles/Image/WEImage/Boutton jaune-WEffb6971bb7.png-- -- --3244
3/5/2026 6:31:11 PM | * WEFiles/Image/WEImage/Boutton jaune-WEd455aa7eda.png-- -- --3244
3/5/2026 6:31:11 PM | * WEFiles/Image/WEImage/Boutton jaune-WEe44e1035c5.png-- -- --3244
3/5/2026 6:31:11 PM | * WEFiles/Image/WEImage/Boutton jaune-WE86a40d28ea.png-- -- --3244
3/5/2026 6:31:11 PM | * WEFiles/Image/WEImage/Boutton jaune-WEc2e5636060.png-- -- --3244
3/5/2026 6:31:11 PM | * WEFiles/Image/WEImage/Boutton jaune-WE7c7323bef4.png-- -- --3244
3/5/2026 6:31:11 PM | * WEFiles/Image/WEImage/Boutton jaune-WE4a31ad1669.png-- -- --3244
3/5/2026 6:31:11 PM | * WEFiles/Image/WEImage/Boutton jaune-WEfbbd66bdb6.png-- -- --3244
3/5/2026 6:31:11 PM | * Files/Image/Accueil/Bougies.jpg-- -- --9527
3/5/2026 6:31:11 PM | * WEFiles/Image/WEImage/Bougies-WEfc5b3ec259.jpg-- -- --4765
3/5/2026 6:31:11 PM | * WEFiles/Image/WEImage/Boutton jaune-WEb2ebd8dcb7.png-- -- --3244
3/5/2026 6:31:11 PM | * Files/Image/Accueil/Jeu de tarot 1.jpg-- -- --40238
3/5/2026 6:31:11 PM | * Backup/Cartomancie/32-cartes/Carreau/07.dat-- -- --278233
3/5/2026 6:31:11 PM | * Cartomancie/32-cartes/Carreau/07.php-- -- --34586
3/5/2026 6:31:11 PM | * Cartomancie/32-cartes/Carreau/08(var).js-- -- --171
3/5/2026 6:31:11 PM | * Cartomancie/32-cartes/Carreau/08.css-- -- --1197
3/5/2026 6:31:11 PM | * Files/Image/32 cartes/Carreau/11 - 8 de carreau.png-- -- --1919
3/5/2026 6:31:11 PM | * WEFiles/Image/WEImage/Droite-WE9a2b68a0a2.png-- -- --2616
3/5/2026 6:31:11 PM | * Backup/Cartomancie/32-cartes/Carreau/08.dat-- -- --279197
3/5/2026 6:31:11 PM | * Cartomancie/32-cartes/Carreau/08.php-- -- --35454
3/5/2026 6:31:11 PM | * Cartomancie/32-cartes/Carreau/09(var).js-- -- --171
3/5/2026 6:31:11 PM | * Cartomancie/32-cartes/Carreau/09.css-- -- --1196
3/5/2026 6:31:11 PM | * Files/Image/32 cartes/Carreau/12 - 9 de carreau.png-- -- --2089
3/5/2026 6:31:11 PM | * WEFiles/Image/WEImage/Droite-WE353f3c09bb.png-- -- --2590
3/5/2026 6:31:11 PM | * Backup/Cartomancie/32-cartes/Carreau/09.dat-- -- --277444
3/5/2026 6:31:11 PM | * Cartomancie/32-cartes/Carreau/09.php-- -- --34240
3/5/2026 6:31:11 PM | * Cartomancie/32-cartes/Carreau/10(var).js-- -- --171
3/5/2026 6:31:11 PM | * Cartomancie/32-cartes/Carreau/10.css-- -- --1196
3/5/2026 6:31:11 PM | * Files/Image/32 cartes/Carreau/13 - 10 de carreau.png-- -- --2277
3/5/2026 6:31:11 PM | * Backup/Cartomancie/32-cartes/Carreau/10.dat-- -- --278108
3/5/2026 6:31:11 PM | * Cartomancie/32-cartes/Carreau/10.php-- -- --34515
3/5/2026 6:31:11 PM | * Cartomancie/32-cartes/Carreau/11-Valet(var).js-- -- --171
3/5/2026 6:31:11 PM | * Cartomancie/32-cartes/Carreau/11-Valet.css-- -- --1196
3/5/2026 6:31:11 PM | * Files/Image/32 cartes/Carreau/14 - Valet de carreau.png-- -- --14292
3/5/2026 6:31:11 PM | * Backup/Cartomancie/32-cartes/Carreau/11-Valet.dat-- -- --278300
3/5/2026 6:31:11 PM | * Cartomancie/32-cartes/Carreau/11-Valet.php-- -- --35112
3/5/2026 6:31:11 PM | * Cartomancie/32-cartes/Carreau/12-Dame(var).js-- -- --171
3/5/2026 6:31:11 PM | * Cartomancie/32-cartes/Carreau/12-Dame.css-- -- --1196
3/5/2026 6:31:11 PM | * Files/Image/32 cartes/Carreau/15 - Dame de carreau.png-- -- --14559
3/5/2026 6:31:11 PM | * Backup/Cartomancie/32-cartes/Carreau/12-Dame.dat-- -- --277737
3/5/2026 6:31:11 PM | * Cartomancie/32-cartes/Carreau/12-Dame.php-- -- --34766
3/5/2026 6:31:11 PM | * Cartomancie/32-cartes/Carreau/13-Roi(var).js-- -- --171
3/5/2026 6:31:11 PM | * Cartomancie/32-cartes/Carreau/13-Roi.css-- -- --1196
3/5/2026 6:31:11 PM | * Files/Image/32 cartes/Carreau/16 - Roi de carreau.png-- -- --15499
3/5/2026 6:31:11 PM | * Backup/Cartomancie/32-cartes/Carreau/13-Roi.dat-- -- --278040
3/5/2026 6:31:11 PM | * Cartomancie/32-cartes/Carreau/13-Roi.php-- -- --34846
3/5/2026 6:31:11 PM | * Cartomancie/32-cartes/Carreau/14-As(var).js-- -- --171
3/5/2026 6:31:11 PM | * Cartomancie/32-cartes/Carreau/14-As.css-- -- --1196
3/5/2026 6:31:11 PM | * Files/Image/32 cartes/Carreau/9 - As de carreau.png-- -- --871
3/5/2026 6:31:11 PM | * Backup/Cartomancie/32-cartes/Carreau/14-As.dat-- -- --278005
3/5/2026 6:31:11 PM | * Cartomancie/32-cartes/Carreau/14-As.php-- -- --34682
3/5/2026 6:31:11 PM | * Cartomancie/32-cartes/Coeur/07(var).js-- -- --171
3/5/2026 6:31:11 PM | * Cartomancie/32-cartes/Coeur/07.css-- -- --1196
3/5/2026 6:31:11 PM | * Files/Image/32 cartes/Coeur/18 - 7 de coeur.png-- -- --2061
3/5/2026 6:31:11 PM | * Backup/Cartomancie/32-cartes/Coeur/07.dat-- -- --277977
3/5/2026 6:31:11 PM | * Cartomancie/32-cartes/Coeur/07.php-- -- --34615
3/5/2026 6:31:11 PM | * Cartomancie/32-cartes/Coeur/08(var).js-- -- --171
3/5/2026 6:31:11 PM | * Cartomancie/32-cartes/Coeur/08.css-- -- --1196
3/5/2026 6:31:11 PM | * Files/Image/32 cartes/Coeur/19 - 8 de coeur.png-- -- --2250
3/5/2026 6:31:11 PM | * Backup/Cartomancie/32-cartes/Coeur/08.dat-- -- --277840
3/5/2026 6:31:11 PM | * Cartomancie/32-cartes/Coeur/08.php-- -- --34468
3/5/2026 6:31:11 PM | * Cartomancie/32-cartes/Coeur/09(var).js-- -- --171
3/5/2026 6:31:11 PM | * Cartomancie/32-cartes/Coeur/09.css-- -- --1196
3/5/2026 6:31:11 PM | * Files/Image/32 cartes/Coeur/20 - 9 de coeur.png-- -- --2390
3/5/2026 6:31:11 PM | * Backup/Cartomancie/32-cartes/Coeur/09.dat-- -- --277886
3/5/2026 6:31:11 PM | * Cartomancie/32-cartes/Coeur/09.php-- -- --34514
3/5/2026 6:31:11 PM | * Cartomancie/32-cartes/Coeur/10(var).js-- -- --171
3/5/2026 6:31:11 PM | * Cartomancie/32-cartes/Coeur/10.css-- -- --1211
3/5/2026 6:31:11 PM | * Files/Image/32 cartes/Coeur/21 - 10 de coeur.png-- -- --20434
3/5/2026 6:31:11 PM | * WEFiles/Image/WEImage/21 - 10 de coeur-WE3a9a1e9adb.png-- -- --4594
3/5/2026 6:31:11 PM | * Backup/Cartomancie/32-cartes/Coeur/10.dat-- -- --284142
3/5/2026 6:31:11 PM | * Cartomancie/32-cartes/Coeur/10.php-- -- --35185
3/5/2026 6:31:11 PM | * Cartomancie/32-cartes/Coeur/11-Valet(var).js-- -- --171
3/5/2026 6:31:11 PM | * Cartomancie/32-cartes/Coeur/11-Valet.css-- -- --1196
3/5/2026 6:31:11 PM | * Files/Image/32 cartes/Coeur/22 - Valet de coeur.png-- -- --14869
3/5/2026 6:31:11 PM | * Backup/Cartomancie/32-cartes/Coeur/11-Valet.dat-- -- --278378
3/5/2026 6:31:11 PM | * Cartomancie/32-cartes/Coeur/11-Valet.php-- -- --35024
3/5/2026 6:31:11 PM | * Cartomancie/32-cartes/Coeur/12-Dame(var).js-- -- --171
3/5/2026 6:31:11 PM | * Cartomancie/32-cartes/Coeur/12-Dame.css-- -- --1196
3/5/2026 6:31:11 PM | * Files/Image/32 cartes/Coeur/23 - Dame de coeur.png-- -- --16161
3/5/2026 6:31:11 PM | * Backup/Cartomancie/32-cartes/Coeur/12-Dame.dat-- -- --277992
3/5/2026 6:31:11 PM | * Cartomancie/32-cartes/Coeur/12-Dame.php-- -- --34635
3/5/2026 6:31:11 PM | * Cartomancie/32-cartes/Coeur/13-Roi(var).js-- -- --103
3/5/2026 6:31:11 PM | * Cartomancie/32-cartes/Coeur/13-Roi.css-- -- --1143
3/5/2026 6:31:11 PM | * Files/Image/32 cartes/Coeur/24 - Roi de coeur.png-- -- --14906
3/5/2026 6:31:11 PM | * Backup/Cartomancie/32-cartes/Coeur/13-Roi.dat-- -- --255808
3/5/2026 6:31:11 PM | * Cartomancie/32-cartes/Coeur/13-Roi.php-- -- --35027
3/5/2026 6:31:11 PM | * Cartomancie/32-cartes/Coeur/14-As(var).js-- -- --103
3/5/2026 6:31:11 PM | * Cartomancie/32-cartes/Coeur/14-As.css-- -- --1143
3/5/2026 6:31:11 PM | * Files/Image/32 cartes/Coeur/17 - As de coeur.png-- -- --1016
3/5/2026 6:31:11 PM | * Backup/Cartomancie/32-cartes/Coeur/14-As.dat-- -- --255095
3/5/2026 6:31:11 PM | * Cartomancie/32-cartes/Coeur/14-As.php-- -- --34423
3/5/2026 6:31:11 PM | * Cartomancie/32-cartes/Pique/07(var).js-- -- --239
3/5/2026 6:31:11 PM | * Cartomancie/32-cartes/Pique/07.css-- -- --1249
3/5/2026 6:31:11 PM | * Files/Image/32 cartes/Pique/2 - 7 de pique.png-- -- --1824
3/5/2026 6:31:11 PM | * Backup/Cartomancie/32-cartes/Pique/07.dat-- -- --299014
3/5/2026 6:31:11 PM | * Cartomancie/32-cartes/Pique/07.php-- -- --34667
3/5/2026 6:31:11 PM | * Cartomancie/32-cartes/Pique/08(var).js-- -- --171
3/5/2026 6:31:11 PM | * Cartomancie/32-cartes/Pique/08.css-- -- --1196
3/5/2026 6:31:11 PM | * Files/Image/32 cartes/Pique/02 - 8 de pique.jpg-- -- --29933
3/5/2026 6:31:11 PM | * WEFiles/Image/WEImage/02 - 8 de pique-WE886f33726b.jpg-- -- --10180
3/5/2026 6:31:11 PM | * WEFiles/Image/WEImage/Droite-WE2c43c9233a.png-- -- --3053
3/5/2026 6:31:11 PM | * Backup/Cartomancie/32-cartes/Pique/08.dat-- -- --280545
3/5/2026 6:31:11 PM | * Cartomancie/32-cartes/Pique/08.php-- -- --35258
3/5/2026 6:31:11 PM | * Cartomancie/32-cartes/Pique/09(var).js-- -- --171
3/5/2026 6:31:11 PM | * Cartomancie/32-cartes/Pique/09.css-- -- --1196
3/5/2026 6:31:11 PM | * Files/Image/32 cartes/Pique/4 - 9 de pique.png-- -- --2134
3/5/2026 6:31:12 PM | * Backup/Cartomancie/32-cartes/Pique/09.dat-- -- --278107
3/5/2026 6:31:12 PM | * Cartomancie/32-cartes/Pique/09.php-- -- --34812
3/5/2026 6:31:12 PM | * Cartomancie/32-cartes/Pique/10(var).js-- -- --171
3/5/2026 6:31:12 PM | * Cartomancie/32-cartes/Pique/10.css-- -- --1196
3/5/2026 6:31:12 PM | * Files/Image/32 cartes/Pique/5 - 10 de pique.png-- -- --2356
3/5/2026 6:31:12 PM | * Backup/Cartomancie/32-cartes/Pique/10.dat-- -- --277812
3/5/2026 6:31:12 PM | * Cartomancie/32-cartes/Pique/10.php-- -- --34487
3/5/2026 6:31:12 PM | * Cartomancie/32-cartes/Pique/11-Valet(var).js-- -- --171
3/5/2026 6:31:12 PM | * Cartomancie/32-cartes/Pique/11-Valet.css-- -- --1197
3/5/2026 6:31:12 PM | * Files/Image/32 cartes/Pique/6 - Valet de pique.png-- -- --15773
3/5/2026 6:31:12 PM | * Backup/Cartomancie/32-cartes/Pique/11-Valet.dat-- -- --277946
3/5/2026 6:31:12 PM | * Cartomancie/32-cartes/Pique/11-Valet.php-- -- --34638
3/5/2026 6:31:12 PM | * Cartomancie/32-cartes/Pique/12-Dame(var).js-- -- --171
3/5/2026 6:31:12 PM | * Cartomancie/32-cartes/Pique/12-Dame.css-- -- --1197
3/5/2026 6:31:12 PM | * Files/Image/32 cartes/Pique/7 - Dame de pique.png-- -- --14987
3/5/2026 6:31:12 PM | * Backup/Cartomancie/32-cartes/Pique/12-Dame.dat-- -- --278107
3/5/2026 6:31:12 PM | * Cartomancie/32-cartes/Pique/12-Dame.php-- -- --34796
3/5/2026 6:31:12 PM | * Cartomancie/32-cartes/Pique/13-Roi(var).js-- -- --171
3/5/2026 6:31:12 PM | * Cartomancie/32-cartes/Pique/13-Roi.css-- -- --1196
3/5/2026 6:31:12 PM | * Files/Image/32 cartes/Pique/8 - Roi de pique.png-- -- --15329
3/5/2026 6:31:12 PM | * Backup/Cartomancie/32-cartes/Pique/13-Roi.dat-- -- --278324
3/5/2026 6:31:12 PM | * Cartomancie/32-cartes/Pique/13-Roi.php-- -- --35007
3/5/2026 6:31:12 PM | * Cartomancie/32-cartes/Pique/14-As(var).js-- -- --103
3/5/2026 6:31:12 PM | * Cartomancie/32-cartes/Pique/14-As.css-- -- --1143
3/5/2026 6:31:12 PM | * Files/Image/32 cartes/Pique/1 - As de pique.png-- -- --863
3/5/2026 6:31:12 PM | * Backup/Cartomancie/32-cartes/Pique/14-As.dat-- -- --255319
3/5/2026 6:31:12 PM | * Cartomancie/32-cartes/Pique/14-As.php-- -- --34631
3/5/2026 6:31:12 PM | * Cartomancie/32-cartes/Trefle/07(var).js-- -- --171
3/5/2026 6:31:12 PM | * Cartomancie/32-cartes/Trefle/07.css-- -- --1274
3/5/2026 6:31:12 PM | * Files/Image/32 cartes/Trefle/26 - 7 de trefle.png-- -- --1992
3/5/2026 6:31:12 PM | * Backup/Cartomancie/32-cartes/Trefle/07.dat-- -- --278687
3/5/2026 6:31:12 PM | * Cartomancie/32-cartes/Trefle/07.php-- -- --35291
3/5/2026 6:31:12 PM | * Cartomancie/32-cartes/Trefle/08(var).js-- -- --171
3/5/2026 6:31:12 PM | * Cartomancie/32-cartes/Trefle/08.css-- -- --1273
3/5/2026 6:31:12 PM | * Files/Image/32 cartes/Trefle/27 - 8 de trefle.png-- -- --2198
3/5/2026 6:31:12 PM | * Backup/Cartomancie/32-cartes/Trefle/08.dat-- -- --278708
3/5/2026 6:31:12 PM | * Cartomancie/32-cartes/Trefle/08.php-- -- --35304
3/5/2026 6:31:12 PM | * Cartomancie/32-cartes/Trefle/09(var).js-- -- --171
3/5/2026 6:31:12 PM | * Cartomancie/32-cartes/Trefle/09.css-- -- --1274
3/5/2026 6:31:12 PM | * Files/Image/32 cartes/Trefle/28 - 9 de trefle.png-- -- --2378
3/5/2026 6:31:12 PM | * Backup/Cartomancie/32-cartes/Trefle/09.dat-- -- --278085
3/5/2026 6:31:12 PM | * Cartomancie/32-cartes/Trefle/09.php-- -- --34680
3/5/2026 6:31:12 PM | * Cartomancie/32-cartes/Trefle/10(var).js-- -- --171
3/5/2026 6:31:12 PM | * Cartomancie/32-cartes/Trefle/10.css-- -- --1274
3/5/2026 6:31:12 PM | * Files/Image/32 cartes/Trefle/29 - 10 de trefle.png-- -- --2604
3/5/2026 6:31:12 PM | * Backup/Cartomancie/32-cartes/Trefle/10.dat-- -- --278158
3/5/2026 6:31:12 PM | * Cartomancie/32-cartes/Trefle/10.php-- -- --34753
3/5/2026 6:31:12 PM | * Cartomancie/32-cartes/Trefle/11-Valet(var).js-- -- --171
3/5/2026 6:31:12 PM | * Cartomancie/32-cartes/Trefle/11-Valet.css-- -- --1273
3/5/2026 6:31:12 PM | * Files/Image/32 cartes/Trefle/30 - Valet de trefle.png-- -- --16252
3/5/2026 6:31:12 PM | * Backup/Cartomancie/32-cartes/Trefle/11-Valet.dat-- -- --278223
3/5/2026 6:31:12 PM | * Cartomancie/32-cartes/Trefle/11-Valet.php-- -- --34836
3/5/2026 6:31:12 PM | * Cartomancie/32-cartes/Trefle/12-Dame(var).js-- -- --171
3/5/2026 6:31:12 PM | * Cartomancie/32-cartes/Trefle/12-Dame.css-- -- --1273
3/5/2026 6:31:12 PM | * Files/Image/32 cartes/Trefle/31 - Dame de trefle.png-- -- --15728
3/5/2026 6:31:12 PM | * Backup/Cartomancie/32-cartes/Trefle/12-Dame.dat-- -- --278052
3/5/2026 6:31:12 PM | * Cartomancie/32-cartes/Trefle/12-Dame.php-- -- --34663
3/5/2026 6:31:12 PM | * Cartomancie/32-cartes/Trefle/13-Roi(var).js-- -- --171
3/5/2026 6:31:12 PM | * Cartomancie/32-cartes/Trefle/13-Roi.css-- -- --1274
3/5/2026 6:31:12 PM | * Files/Image/32 cartes/Trefle/32 - Roi de trefle.png-- -- --16738
3/5/2026 6:31:12 PM | * Backup/Cartomancie/32-cartes/Trefle/13-Roi.dat-- -- --277772
3/5/2026 6:31:12 PM | * Cartomancie/32-cartes/Trefle/13-Roi.php-- -- --34379
3/5/2026 6:31:12 PM | * Cartomancie/32-cartes/Trefle/14-As(var).js-- -- --171
3/5/2026 6:31:12 PM | * Cartomancie/32-cartes/Trefle/14-As.css-- -- --1273
3/5/2026 6:31:12 PM | * Files/Image/32 cartes/Trefle/25 - As de trefle.png-- -- --854
3/5/2026 6:31:12 PM | * Backup/Cartomancie/32-cartes/Trefle/14-As.dat-- -- --277993
3/5/2026 6:31:12 PM | * Cartomancie/32-cartes/Trefle/14-As.php-- -- --34598
3/5/2026 6:31:12 PM | * Cartomancie/32-cartes/Accueil(var).js-- -- --171
3/5/2026 6:31:12 PM | * Cartomancie/32-cartes/Accueil.css-- -- --5807
3/5/2026 6:31:12 PM | * Files/Image/Accueil/32 cartes.jpg-- -- --7310
3/5/2026 6:31:12 PM | * WEFiles/Image/WEImage/02 - 8 de pique-WE877cd49c42.jpg-- -- --9718
3/5/2026 6:31:12 PM | * WEFiles/Image/WEImage/21 - 10 de coeur-WEb9ec81dca5.png-- -- --4594
3/5/2026 6:31:12 PM | * Backup/Cartomancie/32-cartes/Accueil.dat-- -- --1364076
3/5/2026 6:31:12 PM | * Cartomancie/32-cartes/Accueil.php-- -- --55689
3/5/2026 6:31:12 PM | * Cartomancie/Belline/01-Bleu(var).js-- -- --171
3/5/2026 6:31:12 PM | * Cartomancie/Belline/01-Bleu.css-- -- --1273
3/5/2026 6:31:12 PM | * Files/Image/Belline/0-carte-bleue.jpg-- -- --34479
3/5/2026 6:31:12 PM | * WEFiles/Image/WEImage/0-carte-bleue-WEdb043cfb4d.jpg-- -- --16621
3/5/2026 6:31:12 PM | * Backup/Cartomancie/Belline/01-Bleu.dat-- -- --279645
3/5/2026 6:31:12 PM | * Cartomancie/Belline/01-Bleu.php-- -- --34191
3/5/2026 6:31:12 PM | * Cartomancie/Belline/02-Destinee(var).js-- -- --171
3/5/2026 6:31:12 PM | * Cartomancie/Belline/02-Destinee.css-- -- --1273
3/5/2026 6:31:12 PM | * Files/Image/Belline/1-la-destinee.jpg-- -- --43957
3/5/2026 6:31:12 PM | * WEFiles/Image/WEImage/1-la-destinee-WE7b70f51a31.jpg-- -- --21266
3/5/2026 6:31:12 PM | * Backup/Cartomancie/Belline/02-Destinee.dat-- -- --279977
3/5/2026 6:31:12 PM | * Cartomancie/Belline/02-Destinee.php-- -- --34527
3/5/2026 6:31:12 PM | * Cartomancie/Belline/03-Homme(var).js-- -- --171
3/5/2026 6:31:12 PM | * Cartomancie/Belline/03-Homme.css-- -- --1273
3/5/2026 6:31:12 PM | * Files/Image/Belline/2-etoile-homme.jpg-- -- --49995
3/5/2026 6:31:12 PM | * WEFiles/Image/WEImage/2-etoile-homme-WE7df2104ac0.jpg-- -- --23876
3/5/2026 6:31:12 PM | * Backup/Cartomancie/Belline/03-Homme.dat-- -- --280141
3/5/2026 6:31:12 PM | * Cartomancie/Belline/03-Homme.php-- -- --34676
3/5/2026 6:31:12 PM | * Cartomancie/Belline/04-Femme(var).js-- -- --171
3/5/2026 6:31:12 PM | * Cartomancie/Belline/04-Femme.css-- -- --1273
3/5/2026 6:31:12 PM | * Files/Image/Belline/3-etoile-femme.jpg-- -- --45028
3/5/2026 6:31:12 PM | * WEFiles/Image/WEImage/3-etoile-femme-WE0df16acbeb.jpg-- -- --22055
3/5/2026 6:31:12 PM | * Backup/Cartomancie/Belline/04-Femme.dat-- -- --279738
3/5/2026 6:31:12 PM | * Cartomancie/Belline/04-Femme.php-- -- --34269
3/5/2026 6:31:12 PM | * Cartomancie/Belline/05-Nativite(var).js-- -- --171
3/5/2026 6:31:12 PM | * Cartomancie/Belline/05-Nativite.css-- -- --1273
3/5/2026 6:31:12 PM | * Files/Image/Belline/4-nativite.jpg-- -- --43627
3/5/2026 6:31:12 PM | * WEFiles/Image/WEImage/4-nativite-WE7a14e2eed5.jpg-- -- --21299
3/5/2026 6:31:12 PM | * Backup/Cartomancie/Belline/05-Nativite.dat-- -- --279973
3/5/2026 6:31:12 PM | * Cartomancie/Belline/05-Nativite.php-- -- --34538
3/5/2026 6:31:12 PM | * Cartomancie/Belline/06-Reussite(var).js-- -- --171
3/5/2026 6:31:12 PM | * Cartomancie/Belline/06-Reussite.css-- -- --1273
3/5/2026 6:31:12 PM | * Files/Image/Belline/5-reussite.jpg-- -- --45667
3/5/2026 6:31:12 PM | * WEFiles/Image/WEImage/5-reussite-WE066ee1c1af.jpg-- -- --22099
3/5/2026 6:31:12 PM | * Backup/Cartomancie/Belline/06-Reussite.dat-- -- --280262
3/5/2026 6:31:12 PM | * Cartomancie/Belline/06-Reussite.php-- -- --34732
3/5/2026 6:31:12 PM | * Cartomancie/Belline/07-Elevation(var).js-- -- --171
3/5/2026 6:31:12 PM | * Cartomancie/Belline/07-Elevation.css-- -- --1273
3/5/2026 6:31:12 PM | * Files/Image/Belline/6-elevation.jpg-- -- --47880
3/5/2026 6:31:12 PM | * WEFiles/Image/WEImage/6-elevation-WEf642687925.jpg-- -- --22680
3/5/2026 6:31:12 PM | * Backup/Cartomancie/Belline/07-Elevation.dat-- -- --280125
3/5/2026 6:31:12 PM | * Cartomancie/Belline/07-Elevation.php-- -- --34671
3/5/2026 6:31:12 PM | * Cartomancie/Belline/08-Honneurs(var).js-- -- --171
3/5/2026 6:31:12 PM | * Cartomancie/Belline/08-Honneurs.css-- -- --1274
3/5/2026 6:31:12 PM | * Files/Image/Belline/7-honneurs.jpg-- -- --47239
3/5/2026 6:31:12 PM | * WEFiles/Image/WEImage/7-honneurs-WEb6c29fd13a.jpg-- -- --22827
3/5/2026 6:31:12 PM | * Backup/Cartomancie/Belline/08-Honneurs.dat-- -- --280170
3/5/2026 6:31:12 PM | * Cartomancie/Belline/08-Honneurs.php-- -- --34665
3/5/2026 6:31:12 PM | * Cartomancie/Belline/09-Pensee(var).js-- -- --171
3/5/2026 6:31:12 PM | * Cartomancie/Belline/09-Pensee.css-- -- --1273
3/5/2026 6:31:12 PM | * Files/Image/Belline/8-pensee.jpg-- -- --53230
3/5/2026 6:31:12 PM | * WEFiles/Image/WEImage/8-pensee-WE872d7bd5d0.jpg-- -- --25121
3/5/2026 6:31:12 PM | * Backup/Cartomancie/Belline/09-Pensee.dat-- -- --280200
3/5/2026 6:31:12 PM | * Cartomancie/Belline/09-Pensee.php-- -- --34749
3/5/2026 6:31:12 PM | * Cartomancie/Belline/10-Campagne(var).js-- -- --171
3/5/2026 6:31:12 PM | * Cartomancie/Belline/10-Campagne.css-- -- --1273
3/5/2026 6:31:12 PM | * Files/Image/Belline/9-campagne.jpg-- -- --54175
3/5/2026 6:31:12 PM | * WEFiles/Image/WEImage/9-campagne-WE83b0d9a96a.jpg-- -- --25704
3/5/2026 6:31:12 PM | * Backup/Cartomancie/Belline/10-Campagne.dat-- -- --280039
3/5/2026 6:31:12 PM | * Cartomancie/Belline/10-Campagne.php-- -- --34639
3/5/2026 6:31:12 PM | * Cartomancie/Belline/11-Presents(var).js-- -- --171
3/5/2026 6:31:12 PM | * Cartomancie/Belline/11-Presents.css-- -- --1274
3/5/2026 6:31:12 PM | * Files/Image/Belline/10-presents.jpg-- -- --51023
3/5/2026 6:31:12 PM | * WEFiles/Image/WEImage/10-presents-WE9e492a2d8e.jpg-- -- --24195
3/5/2026 6:31:12 PM | * Backup/Cartomancie/Belline/11-Presents.dat-- -- --280163
3/5/2026 6:31:12 PM | * Cartomancie/Belline/11-Presents.php-- -- --34661
3/5/2026 6:31:12 PM | * Cartomancie/Belline/12-Trahison(var).js-- -- --171
3/5/2026 6:31:12 PM | * Cartomancie/Belline/12-Trahison.css-- -- --1273
3/5/2026 6:31:12 PM | * Files/Image/Belline/11-trahison.jpg-- -- --50231
3/5/2026 6:31:12 PM | * WEFiles/Image/WEImage/11-trahison-WE77661cf90e.jpg-- -- --23947
3/5/2026 6:31:12 PM | * Backup/Cartomancie/Belline/12-Trahison.dat-- -- --280085
3/5/2026 6:31:12 PM | * Cartomancie/Belline/12-Trahison.php-- -- --34667
3/5/2026 6:31:12 PM | * Cartomancie/Belline/13-Depart(var).js-- -- --171
3/5/2026 6:31:12 PM | * Cartomancie/Belline/13-Depart.css-- -- --1273
3/5/2026 6:31:12 PM | * Files/Image/Belline/12-depart.jpg-- -- --51503
3/5/2026 6:31:12 PM | * WEFiles/Image/WEImage/12-depart-WE72490b2a99.jpg-- -- --24438
3/5/2026 6:31:12 PM | * Backup/Cartomancie/Belline/13-Depart.dat-- -- --279967
3/5/2026 6:31:12 PM | * Cartomancie/Belline/13-Depart.php-- -- --34536
3/5/2026 6:31:12 PM | * Cartomancie/Belline/14-Inconstance(var).js-- -- --171
3/5/2026 6:31:12 PM | * Cartomancie/Belline/14-Inconstance.css-- -- --1274
3/5/2026 6:31:12 PM | * Files/Image/Belline/13-inconstance.jpg-- -- --52885
3/5/2026 6:31:12 PM | * WEFiles/Image/WEImage/13-inconstance-WE494eab14a6.jpg-- -- --24925
3/5/2026 6:31:12 PM | * Backup/Cartomancie/Belline/14-Inconstance.dat-- -- --280304
3/5/2026 6:31:12 PM | * Cartomancie/Belline/14-Inconstance.php-- -- --34899
3/5/2026 6:31:12 PM | * Cartomancie/Belline/15-Decouverte(var).js-- -- --171
3/5/2026 6:31:12 PM | * Cartomancie/Belline/15-Decouverte.css-- -- --1274
3/5/2026 6:31:12 PM | * Files/Image/Belline/14-decouverte.jpg-- -- --50905
3/5/2026 6:31:12 PM | * WEFiles/Image/WEImage/14-decouverte-WE19451356e2.jpg-- -- --23883
3/5/2026 6:31:12 PM | * Backup/Cartomancie/Belline/15-Decouverte.dat-- -- --280613
3/5/2026 6:31:12 PM | * Cartomancie/Belline/15-Decouverte.php-- -- --35215
3/5/2026 6:31:12 PM | * Cartomancie/Belline/16-Eau(var).js-- -- --171
3/5/2026 6:31:12 PM | * Cartomancie/Belline/16-Eau.css-- -- --1273
3/5/2026 6:31:12 PM | * Files/Image/Belline/15-eau.jpg-- -- --48989
3/5/2026 6:31:12 PM | * WEFiles/Image/WEImage/15-eau-WEe74d6382c6.jpg-- -- --23399
3/5/2026 6:31:12 PM | * Backup/Cartomancie/Belline/16-Eau.dat-- -- --280105
3/5/2026 6:31:12 PM | * Cartomancie/Belline/16-Eau.php-- -- --34668
3/5/2026 6:31:12 PM | * Cartomancie/Belline/17-Penates(var).js-- -- --171
3/5/2026 6:31:12 PM | * Cartomancie/Belline/17-Penates.css-- -- --1273
3/5/2026 6:31:12 PM | * Files/Image/Belline/16-penates.jpg-- -- --51234
3/5/2026 6:31:12 PM | * WEFiles/Image/WEImage/16-penates-WE66d3a4add4.jpg-- -- --24339
3/5/2026 6:31:12 PM | * Backup/Cartomancie/Belline/17-Penates.dat-- -- --280277
3/5/2026 6:31:12 PM | * Cartomancie/Belline/17-Penates.php-- -- --34848
3/5/2026 6:31:12 PM | * Cartomancie/Belline/18-Maladie(var).js-- -- --171
3/5/2026 6:31:12 PM | * Cartomancie/Belline/18-Maladie.css-- -- --1273
3/5/2026 6:31:12 PM | * Files/Image/Belline/17-maladie.jpg-- -- --52903
3/5/2026 6:31:12 PM | * WEFiles/Image/WEImage/17-maladie-WE8d180b2ae2.jpg-- -- --24821
3/5/2026 6:31:12 PM | * Backup/Cartomancie/Belline/18-Maladie.dat-- -- --280043
3/5/2026 6:31:12 PM | * Cartomancie/Belline/18-Maladie.php-- -- --34519
3/5/2026 6:31:12 PM | * Cartomancie/Belline/19-Changement(var).js-- -- --171
3/5/2026 6:31:12 PM | * Cartomancie/Belline/19-Changement.css-- -- --1273
3/5/2026 6:31:12 PM | * Files/Image/Belline/18-changement.jpg-- -- --53311
3/5/2026 6:31:12 PM | * WEFiles/Image/WEImage/18-changement-WE02ebc566e0.jpg-- -- --25355
3/5/2026 6:31:12 PM | * Backup/Cartomancie/Belline/19-Changement.dat-- -- --280213
3/5/2026 6:31:12 PM | * Cartomancie/Belline/19-Changement.php-- -- --34807
3/5/2026 6:31:12 PM | * Cartomancie/Belline/20-Argent(var).js-- -- --171
3/5/2026 6:31:12 PM | * Cartomancie/Belline/20-Argent.css-- -- --1273
3/5/2026 6:31:12 PM | * Files/Image/Belline/19-argent.jpg-- -- --50756
3/5/2026 6:31:12 PM | * WEFiles/Image/WEImage/19-argent-WE053a547865.jpg-- -- --24102
3/5/2026 6:31:12 PM | * Backup/Cartomancie/Belline/20-Argent.dat-- -- --279808
3/5/2026 6:31:12 PM | * Cartomancie/Belline/20-Argent.php-- -- --34394
3/5/2026 6:31:12 PM | * Cartomancie/Belline/21-Intelligence(var).js-- -- --171
3/5/2026 6:31:12 PM | * Cartomancie/Belline/21-Intelligence.css-- -- --1273
3/5/2026 6:31:12 PM | * Files/Image/Belline/20-intelligence.jpg-- -- --51868
3/5/2026 6:31:12 PM | * WEFiles/Image/WEImage/20-intelligence-WEdf8b369242.jpg-- -- --24724
3/5/2026 6:31:12 PM | * Backup/Cartomancie/Belline/21-Intelligence.dat-- -- --280269
3/5/2026 6:31:12 PM | * Cartomancie/Belline/21-Intelligence.php-- -- --34867
3/5/2026 6:31:12 PM | * Cartomancie/Belline/22-Vol(var).js-- -- --171
3/5/2026 6:31:12 PM | * Cartomancie/Belline/22-Vol.css-- -- --1273
3/5/2026 6:31:12 PM | * Files/Image/Belline/21-vol.jpg-- -- --53944
3/5/2026 6:31:12 PM | * WEFiles/Image/WEImage/21-vol-WEc97603b0f7.jpg-- -- --25403
3/5/2026 6:31:12 PM | * Backup/Cartomancie/Belline/22-Vol.dat-- -- --279645
3/5/2026 6:31:12 PM | * Cartomancie/Belline/22-Vol.php-- -- --34554
3/5/2026 6:31:12 PM | * Cartomancie/Belline/23-Entreprises(var).js-- -- --171
3/5/2026 6:31:12 PM | * Cartomancie/Belline/23-Entreprises.css-- -- --1273
3/5/2026 6:31:12 PM | * Files/Image/Belline/22-entreprises.jpg-- -- --52957
3/5/2026 6:31:12 PM | * WEFiles/Image/WEImage/22-entreprises-WE6f56d8eec0.jpg-- -- --25022
3/5/2026 6:31:12 PM | * Backup/Cartomancie/Belline/23-Entreprises.dat-- -- --278282
3/5/2026 6:31:12 PM | * Cartomancie/Belline/23-Entreprises.php-- -- --34563
3/5/2026 6:31:12 PM | * Cartomancie/Belline/24-Trafic(var).js-- -- --171
3/5/2026 6:31:12 PM | * Cartomancie/Belline/24-Trafic.css-- -- --1273
3/5/2026 6:31:12 PM | * Files/Image/Belline/23-trafic.jpg-- -- --51472
3/5/2026 6:31:12 PM | * WEFiles/Image/WEImage/23-trafic-WE9a2fafe4e8.jpg-- -- --24645
3/5/2026 6:31:12 PM | * Backup/Cartomancie/Belline/24-Trafic.dat-- -- --279936
3/5/2026 6:31:12 PM | * Cartomancie/Belline/24-Trafic.php-- -- --34522
3/5/2026 6:31:12 PM | * Cartomancie/Belline/25-Nouvelle(var).js-- -- --171
3/5/2026 6:31:12 PM | * Cartomancie/Belline/25-Nouvelle.css-- -- --1273
3/5/2026 6:31:12 PM | * Files/Image/Belline/24-nouvelle.jpg-- -- --50017
3/5/2026 6:31:12 PM | * WEFiles/Image/WEImage/24-nouvelle-WEdb013868cf.jpg-- -- --23787
3/5/2026 6:31:12 PM | * Backup/Cartomancie/Belline/25-Nouvelle.dat-- -- --279638
3/5/2026 6:31:12 PM | * Cartomancie/Belline/25-Nouvelle.php-- -- --34237
3/5/2026 6:31:12 PM | * Cartomancie/Belline/26-Plaisirs(var).js-- -- --171
3/5/2026 6:31:12 PM | * Cartomancie/Belline/26-Plaisirs.css-- -- --1274
3/5/2026 6:31:12 PM | * Files/Image/Belline/25-plaisirs.jpg-- -- --47509
3/5/2026 6:31:12 PM | * WEFiles/Image/WEImage/25-plaisirs-WE8f66d8199f.jpg-- -- --22794
3/5/2026 6:31:12 PM | * Backup/Cartomancie/Belline/26-Plaisirs.dat-- -- --279841
3/5/2026 6:31:12 PM | * Cartomancie/Belline/26-Plaisirs.php-- -- --34439
3/5/2026 6:31:12 PM | * Cartomancie/Belline/27-Paix(var).js-- -- --171
3/5/2026 6:31:12 PM | * Cartomancie/Belline/27-Paix.css-- -- --1273
3/5/2026 6:31:12 PM | * Files/Image/Belline/26-paix.jpg-- -- --50619
3/5/2026 6:31:12 PM | * WEFiles/Image/WEImage/26-paix-WEe5fcdff509.jpg-- -- --24114
3/5/2026 6:31:12 PM | * Backup/Cartomancie/Belline/27-Paix.dat-- -- --280325
3/5/2026 6:31:12 PM | * Cartomancie/Belline/27-Paix.php-- -- --34916
3/5/2026 6:31:12 PM | * Cartomancie/Belline/28-Union(var).js-- -- --171
3/5/2026 6:31:12 PM | * Cartomancie/Belline/28-Union.css-- -- --1273
3/5/2026 6:31:12 PM | * Files/Image/Belline/27-union.jpg-- -- --47738
3/5/2026 6:31:12 PM | * WEFiles/Image/WEImage/27-union-WEad02825a0e.jpg-- -- --23044
3/5/2026 6:31:12 PM | * Backup/Cartomancie/Belline/28-Union.dat-- -- --279818
3/5/2026 6:31:12 PM | * Cartomancie/Belline/28-Union.php-- -- --34381
3/5/2026 6:31:12 PM | * Cartomancie/Belline/29-Famille(var).js-- -- --171
3/5/2026 6:31:12 PM | * Cartomancie/Belline/29-Famille.css-- -- --1273
3/5/2026 6:31:12 PM | * Files/Image/Belline/28-famille.jpg-- -- --46697
3/5/2026 6:31:12 PM | * WEFiles/Image/WEImage/28-famille-WE5facdf729a.jpg-- -- --22309
3/5/2026 6:31:12 PM | * Backup/Cartomancie/Belline/29-Famille.dat-- -- --279929
3/5/2026 6:31:12 PM | * Cartomancie/Belline/29-Famille.php-- -- --34526
3/5/2026 6:31:12 PM | * Cartomancie/Belline/30-Amor(var).js-- -- --171
3/5/2026 6:31:12 PM | * Cartomancie/Belline/30-Amor.css-- -- --1274
3/5/2026 6:31:12 PM | * Files/Image/Belline/29-amour.jpg-- -- --52481
3/5/2026 6:31:12 PM | * WEFiles/Image/WEImage/29-amour-WE2e0460cf1e.jpg-- -- --24450
3/5/2026 6:31:12 PM | * Backup/Cartomancie/Belline/30-Amor.dat-- -- --279918
3/5/2026 6:31:12 PM | * Cartomancie/Belline/30-Amor.php-- -- --34507
3/5/2026 6:31:12 PM | * Cartomancie/Belline/31-Table(var).js-- -- --171
3/5/2026 6:31:12 PM | * Cartomancie/Belline/31-Table.css-- -- --1273
3/5/2026 6:31:12 PM | * Files/Image/Belline/30-table.jpg-- -- --51287
3/5/2026 6:31:12 PM | * WEFiles/Image/WEImage/30-table-WE07374451a8.jpg-- -- --24304
3/5/2026 6:31:12 PM | * Backup/Cartomancie/Belline/31-Table.dat-- -- --279902
3/5/2026 6:31:12 PM | * Cartomancie/Belline/31-Table.php-- -- --34495
3/5/2026 6:31:12 PM | * Cartomancie/Belline/32-Passions(var).js-- -- --171
3/5/2026 6:31:12 PM | * Cartomancie/Belline/32-Passions.css-- -- --1274
3/5/2026 6:31:12 PM | * Files/Image/Belline/31-passions.jpg-- -- --53512
3/5/2026 6:31:12 PM | * WEFiles/Image/WEImage/31-passions-WE1d4defad7a.jpg-- -- --25197
3/5/2026 6:31:12 PM | * Backup/Cartomancie/Belline/32-Passions.dat-- -- --280306
3/5/2026 6:31:12 PM | * Cartomancie/Belline/32-Passions.php-- -- --34904
3/5/2026 6:31:12 PM | * Cartomancie/Belline/33-Mechancete(var).js-- -- --239
3/5/2026 6:31:12 PM | * Cartomancie/Belline/33-Mechancete.css-- -- --1327
3/5/2026 6:31:12 PM | * Files/Image/Belline/32-mechancete.jpg-- -- --48491
3/5/2026 6:31:12 PM | * WEFiles/Image/WEImage/32-mechancete-WE58835079a0.jpg-- -- --23365
3/5/2026 6:31:12 PM | * Backup/Cartomancie/Belline/33-Mechancete.dat-- -- --300765
3/5/2026 6:31:12 PM | * Cartomancie/Belline/33-Mechancete.php-- -- --34445
3/5/2026 6:31:12 PM | * Cartomancie/Belline/34-Proces(var).js-- -- --171
3/5/2026 6:31:12 PM | * Cartomancie/Belline/34-Proces.css-- -- --1274
3/5/2026 6:31:12 PM | * Files/Image/Belline/33-proces.jpg-- -- --45396
3/5/2026 6:31:12 PM | * WEFiles/Image/WEImage/33-proces-WEcf460c5806.jpg-- -- --21986
3/5/2026 6:31:12 PM | * Backup/Cartomancie/Belline/34-Proces.dat-- -- --279868
3/5/2026 6:31:12 PM | * Cartomancie/Belline/34-Proces.php-- -- --34462
3/5/2026 6:31:12 PM | * Cartomancie/Belline/35-Despotisme(var).js-- -- --171
3/5/2026 6:31:12 PM | * Cartomancie/Belline/35-Despotisme.css-- -- --1274
3/5/2026 6:31:12 PM | * Files/Image/Belline/34-despotisme.jpg-- -- --48615
3/5/2026 6:31:12 PM | * WEFiles/Image/WEImage/34-despotisme-WE564b200078.jpg-- -- --23531
3/5/2026 6:31:12 PM | * Backup/Cartomancie/Belline/35-Despotisme.dat-- -- --280026
3/5/2026 6:31:12 PM | * Cartomancie/Belline/35-Despotisme.php-- -- --34619
3/5/2026 6:31:12 PM | * Cartomancie/Belline/36-Ennemis(var).js-- -- --171
3/5/2026 6:31:12 PM | * Cartomancie/Belline/36-Ennemis.css-- -- --1273
3/5/2026 6:31:12 PM | * Files/Image/Belline/35-ennemis.jpg-- -- --42674
3/5/2026 6:31:12 PM | * WEFiles/Image/WEImage/35-ennemis-WE41f429de7d.jpg-- -- --20736
3/5/2026 6:31:12 PM | * Backup/Cartomancie/Belline/36-Ennemis.dat-- -- --279966
3/5/2026 6:31:12 PM | * Cartomancie/Belline/36-Ennemis.php-- -- --34554
3/5/2026 6:31:12 PM | * Cartomancie/Belline/37-Pourparlers(var).js-- -- --171
3/5/2026 6:31:12 PM | * Cartomancie/Belline/37-Pourparlers.css-- -- --1274
3/5/2026 6:31:12 PM | * Files/Image/Belline/36-pourparlers.jpg-- -- --53037
3/5/2026 6:31:12 PM | * WEFiles/Image/WEImage/36-pourparlers-WE8da72345ea.jpg-- -- --25242
3/5/2026 6:31:12 PM | * Backup/Cartomancie/Belline/37-Pourparlers.dat-- -- --280030
3/5/2026 6:31:12 PM | * Cartomancie/Belline/37-Pourparlers.php-- -- --34634
3/5/2026 6:31:12 PM | * Cartomancie/Belline/38-Feu(var).js-- -- --171
3/5/2026 6:31:12 PM | * Cartomancie/Belline/38-Feu.css-- -- --1273
3/5/2026 6:31:12 PM | * Files/Image/Belline/37-feu.jpg-- -- --55183
3/5/2026 6:31:12 PM | * WEFiles/Image/WEImage/37-feu-WEa0313bc98d.jpg-- -- --26008
3/5/2026 6:31:13 PM | * Backup/Cartomancie/Belline/38-Feu.dat-- -- --279955
3/5/2026 6:31:13 PM | * Cartomancie/Belline/38-Feu.php-- -- --34544
3/5/2026 6:31:13 PM | * Cartomancie/Belline/39-Accident(var).js-- -- --171
3/5/2026 6:31:13 PM | * Cartomancie/Belline/39-Accident.css-- -- --1273
3/5/2026 6:31:13 PM | * Files/Image/Belline/38-accident.jpg-- -- --56740
3/5/2026 6:31:13 PM | * WEFiles/Image/WEImage/38-accident-WEc747a262c9.jpg-- -- --26775
3/5/2026 6:31:13 PM | * Backup/Cartomancie/Belline/39-Accident.dat-- -- --280107
3/5/2026 6:31:13 PM | * Cartomancie/Belline/39-Accident.php-- -- --34689
3/5/2026 6:31:13 PM | * Cartomancie/Belline/40-Appui(var).js-- -- --171
3/5/2026 6:31:13 PM | * Cartomancie/Belline/40-Appui.css-- -- --1274
3/5/2026 6:31:13 PM | * Files/Image/Belline/39-appui.jpg-- -- --50045
3/5/2026 6:31:13 PM | * WEFiles/Image/WEImage/39-appui-WE4f2e549802.jpg-- -- --23885
3/5/2026 6:31:13 PM | * Backup/Cartomancie/Belline/40-Appui.dat-- -- --279884
3/5/2026 6:31:13 PM | * Cartomancie/Belline/40-Appui.php-- -- --34476
3/5/2026 6:31:13 PM | * Cartomancie/Belline/41-Beaute(var).js-- -- --171
3/5/2026 6:31:13 PM | * Cartomancie/Belline/41-Beaute.css-- -- --1273
3/5/2026 6:31:13 PM | * Files/Image/Belline/40-beaute.jpg-- -- --46319
3/5/2026 6:31:13 PM | * WEFiles/Image/WEImage/40-beaute-WEe27f480757.jpg-- -- --22559
3/5/2026 6:31:13 PM | * Backup/Cartomancie/Belline/41-Beaute.dat-- -- --279622
3/5/2026 6:31:13 PM | * Cartomancie/Belline/41-Beaute.php-- -- --34632
3/5/2026 6:31:13 PM | * Cartomancie/Belline/42-Heritage(var).js-- -- --171
3/5/2026 6:31:13 PM | * Cartomancie/Belline/42-Heritage.css-- -- --1273
3/5/2026 6:31:13 PM | * Files/Image/Belline/41-heritage.jpg-- -- --49041
3/5/2026 6:31:13 PM | * WEFiles/Image/WEImage/41-heritage-WE2f224978dc.jpg-- -- --23333
3/5/2026 6:31:13 PM | * Backup/Cartomancie/Belline/42-Heritage.dat-- -- --279984
3/5/2026 6:31:13 PM | * Cartomancie/Belline/42-Heritage.php-- -- --34574
3/5/2026 6:31:13 PM | * Cartomancie/Belline/43-Sagesse(var).js-- -- --171
3/5/2026 6:31:13 PM | * Cartomancie/Belline/43-Sagesse.css-- -- --1273
3/5/2026 6:31:13 PM | * Files/Image/Belline/42-sagesse.jpg-- -- --49614
3/5/2026 6:31:13 PM | * WEFiles/Image/WEImage/42-sagesse-WE958233075f.jpg-- -- --23422
3/5/2026 6:31:13 PM | * Backup/Cartomancie/Belline/43-Sagesse.dat-- -- --280071
3/5/2026 6:31:13 PM | * Cartomancie/Belline/43-Sagesse.php-- -- --34564
3/5/2026 6:31:13 PM | * Cartomancie/Belline/44-Renommee(var).js-- -- --171
3/5/2026 6:31:13 PM | * Cartomancie/Belline/44-Renommee.css-- -- --1273
3/5/2026 6:31:13 PM | * Files/Image/Belline/43-renommee.jpg-- -- --49669
3/5/2026 6:31:13 PM | * WEFiles/Image/WEImage/43-renommee-WE924cdf31ea.jpg-- -- --23964
3/5/2026 6:31:13 PM | * Backup/Cartomancie/Belline/44-Renommee.dat-- -- --279987
3/5/2026 6:31:13 PM | * Cartomancie/Belline/44-Renommee.php-- -- --34577
3/5/2026 6:31:13 PM | * Cartomancie/Belline/45-Hasard(var).js-- -- --171
3/5/2026 6:31:13 PM | * Cartomancie/Belline/45-Hasard.css-- -- --1273
3/5/2026 6:31:13 PM | * Files/Image/Belline/44-hazard.jpg-- -- --45993
3/5/2026 6:31:13 PM | * WEFiles/Image/WEImage/44-hazard-WE82e792245f.jpg-- -- --22177
3/5/2026 6:31:13 PM | * Backup/Cartomancie/Belline/45-Hasard.dat-- -- --280066
3/5/2026 6:31:13 PM | * Cartomancie/Belline/45-Hasard.php-- -- --34557
3/5/2026 6:31:13 PM | * Cartomancie/Belline/46-Bonheur(var).js-- -- --171
3/5/2026 6:31:13 PM | * Cartomancie/Belline/46-Bonheur.css-- -- --1273
3/5/2026 6:31:13 PM | * Files/Image/Belline/45-bonheur.jpg-- -- --46424
3/5/2026 6:31:13 PM | * WEFiles/Image/WEImage/45-bonheur-WEc95915f98e.jpg-- -- --21930
3/5/2026 6:31:13 PM | * Backup/Cartomancie/Belline/46-Bonheur.dat-- -- --279832
3/5/2026 6:31:13 PM | * Cartomancie/Belline/46-Bonheur.php-- -- --34420
3/5/2026 6:31:13 PM | * Cartomancie/Belline/47-Infortune(var).js-- -- --171
3/5/2026 6:31:13 PM | * Cartomancie/Belline/47-Infortune.css-- -- --1273
3/5/2026 6:31:13 PM | * Files/Image/Belline/46-infortune.jpg-- -- --47621
3/5/2026 6:31:13 PM | * WEFiles/Image/WEImage/46-infortune-WE5d62def407.jpg-- -- --22937
3/5/2026 6:31:13 PM | * Backup/Cartomancie/Belline/47-Infortune.dat-- -- --280238
3/5/2026 6:31:13 PM | * Cartomancie/Belline/47-Infortune.php-- -- --34830
3/5/2026 6:31:13 PM | * Cartomancie/Belline/48-Sterilite(var).js-- -- --171
3/5/2026 6:31:13 PM | * Cartomancie/Belline/48-Sterilite.css-- -- --1274
3/5/2026 6:31:13 PM | * Files/Image/Belline/47-sterilite.jpg-- -- --44699
3/5/2026 6:31:13 PM | * WEFiles/Image/WEImage/47-sterilite-WE7596d751f9.jpg-- -- --21693
3/5/2026 6:31:13 PM | * Backup/Cartomancie/Belline/48-Sterilite.dat-- -- --279948
3/5/2026 6:31:13 PM | * Cartomancie/Belline/48-Sterilite.php-- -- --34539
3/5/2026 6:31:13 PM | * Cartomancie/Belline/49-Fatalite(var).js-- -- --171
3/5/2026 6:31:13 PM | * Cartomancie/Belline/49-Fatalite.css-- -- --1274
3/5/2026 6:31:13 PM | * Files/Image/Belline/48-fatalite.jpg-- -- --29272
3/5/2026 6:31:13 PM | * WEFiles/Image/WEImage/48-fatalite-WE677a64e2ba.jpg-- -- --22502
3/5/2026 6:31:13 PM | * Backup/Cartomancie/Belline/49-Fatalite.dat-- -- --280143
3/5/2026 6:31:13 PM | * Cartomancie/Belline/49-Fatalite.php-- -- --34731
3/5/2026 6:31:13 PM | * Cartomancie/Belline/50-Grace(var).js-- -- --171
3/5/2026 6:31:13 PM | * Cartomancie/Belline/50-Grace.css-- -- --1273
3/5/2026 6:31:13 PM | * Files/Image/Belline/49-grace.jpg-- -- --50573
3/5/2026 6:31:13 PM | * WEFiles/Image/WEImage/49-grace-WE7399a0d371.jpg-- -- --24306
3/5/2026 6:31:13 PM | * Backup/Cartomancie/Belline/50-Grace.dat-- -- --280172
3/5/2026 6:31:13 PM | * Cartomancie/Belline/50-Grace.php-- -- --34739
3/5/2026 6:31:13 PM | * Cartomancie/Belline/51-Ruine(var).js-- -- --171
3/5/2026 6:31:13 PM | * Cartomancie/Belline/51-Ruine.css-- -- --1273
3/5/2026 6:31:13 PM | * Files/Image/Belline/50-ruine.jpg-- -- --30533
3/5/2026 6:31:13 PM | * WEFiles/Image/WEImage/50-ruine-WE557b30045a.jpg-- -- --23585
3/5/2026 6:31:13 PM | * Backup/Cartomancie/Belline/51-Ruine.dat-- -- --280475
3/5/2026 6:31:13 PM | * Cartomancie/Belline/51-Ruine.php-- -- --35042
3/5/2026 6:31:13 PM | * Cartomancie/Belline/52-Retard(var).js-- -- --171
3/5/2026 6:31:13 PM | * Cartomancie/Belline/52-Retard.css-- -- --1273
3/5/2026 6:31:13 PM | * Files/Image/Belline/51-retard.jpg-- -- --28171
3/5/2026 6:31:13 PM | * WEFiles/Image/WEImage/51-retard-WEda10aef84b.jpg-- -- --21463
3/5/2026 6:31:13 PM | * Backup/Cartomancie/Belline/52-Retard.dat-- -- --279600
3/5/2026 6:31:13 PM | * Cartomancie/Belline/52-Retard.php-- -- --34178
3/5/2026 6:31:13 PM | * Cartomancie/Belline/53-Cloitre(var).js-- -- --171
3/5/2026 6:31:13 PM | * Cartomancie/Belline/53-Cloitre.css-- -- --1273
3/5/2026 6:31:13 PM | * Files/Image/Belline/52-cloitre.jpg-- -- --30088
3/5/2026 6:31:13 PM | * WEFiles/Image/WEImage/52-cloitre-WEf5808988d6.jpg-- -- --22975
3/5/2026 6:31:13 PM | * Backup/Cartomancie/Belline/53-Cloitre.dat-- -- --280107
3/5/2026 6:31:13 PM | * Cartomancie/Belline/53-Cloitre.php-- -- --34678
3/5/2026 6:31:13 PM | * Cartomancie/Belline/Accueil(var).js-- -- --171
3/5/2026 6:31:13 PM | * Cartomancie/Belline/Accueil.css-- -- --8991
3/5/2026 6:31:13 PM | * Files/Image/Accueil/Belline.jpg-- -- --12402
3/5/2026 6:31:13 PM | * WEFiles/Image/WEImage/0-carte-bleue-WEc3945add51.jpg-- -- --16621
3/5/2026 6:31:13 PM | * WEFiles/Image/WEImage/1-la-destinee-WEf233dfae72.jpg-- -- --21266
3/5/2026 6:31:13 PM | * WEFiles/Image/WEImage/2-etoile-homme-WEa09ac3f13d.jpg-- -- --23876
3/5/2026 6:31:13 PM | * WEFiles/Image/WEImage/3-etoile-femme-WEadca021082.jpg-- -- --22055
3/5/2026 6:31:13 PM | * WEFiles/Image/WEImage/4-nativite-WEe56c1186ee.jpg-- -- --21299
3/5/2026 6:31:13 PM | * WEFiles/Image/WEImage/5-reussite-WE8821b48006.jpg-- -- --22099
3/5/2026 6:31:13 PM | * WEFiles/Image/WEImage/6-elevation-WE298015b596.jpg-- -- --22680
3/5/2026 6:31:13 PM | * WEFiles/Image/WEImage/7-honneurs-WEf4683512e6.jpg-- -- --22827
3/5/2026 6:31:13 PM | * WEFiles/Image/WEImage/8-pensee-WE06228c5547.jpg-- -- --25121
3/5/2026 6:31:13 PM | * WEFiles/Image/WEImage/9-campagne-WEbc262a8f77.jpg-- -- --25704
3/5/2026 6:31:13 PM | * WEFiles/Image/WEImage/10-presents-WEc2a723d78a.jpg-- -- --24195
3/5/2026 6:31:13 PM | * WEFiles/Image/WEImage/11-trahison-WEd19ffd4f04.jpg-- -- --23947
3/5/2026 6:31:13 PM | * WEFiles/Image/WEImage/12-depart-WE83f11ef897.jpg-- -- --24438
3/5/2026 6:31:13 PM | * WEFiles/Image/WEImage/13-inconstance-WEac199f1e20.jpg-- -- --24925
3/5/2026 6:31:13 PM | * WEFiles/Image/WEImage/14-decouverte-WE3eb8a0bbe2.jpg-- -- --23883
3/5/2026 6:31:13 PM | * WEFiles/Image/WEImage/15-eau-WE491620894a.jpg-- -- --23399
3/5/2026 6:31:13 PM | * WEFiles/Image/WEImage/16-penates-WEd567c5febb.jpg-- -- --24339
3/5/2026 6:31:13 PM | * WEFiles/Image/WEImage/17-maladie-WEdf3066514c.jpg-- -- --24821
3/5/2026 6:31:13 PM | * WEFiles/Image/WEImage/18-changement-WE2330abd838.jpg-- -- --25355
3/5/2026 6:31:13 PM | * WEFiles/Image/WEImage/19-argent-WEa6bd4d68ad.jpg-- -- --24102
3/5/2026 6:31:13 PM | * WEFiles/Image/WEImage/20-intelligence-WE18c06556ce.jpg-- -- --24724
3/5/2026 6:31:13 PM | * WEFiles/Image/WEImage/21-vol-WE8f7c80bfdb.jpg-- -- --25403
3/5/2026 6:31:13 PM | * WEFiles/Image/WEImage/22-entreprises-WE3913e007cc.jpg-- -- --25022
3/5/2026 6:31:13 PM | * WEFiles/Image/WEImage/23-trafic-WEfec3576937.jpg-- -- --24645
3/5/2026 6:31:13 PM | * WEFiles/Image/WEImage/24-nouvelle-WEc4f3d6cf19.jpg-- -- --23787
3/5/2026 6:31:13 PM | * WEFiles/Image/WEImage/25-plaisirs-WE27672598b2.jpg-- -- --22794
3/5/2026 6:31:13 PM | * WEFiles/Image/WEImage/26-paix-WE102fecc1bf.jpg-- -- --24114
3/5/2026 6:31:13 PM | * WEFiles/Image/WEImage/27-union-WEd1f095fa5c.jpg-- -- --23044
3/5/2026 6:31:13 PM | * WEFiles/Image/WEImage/28-famille-WE7c74916ae3.jpg-- -- --22309
3/5/2026 6:31:13 PM | * WEFiles/Image/WEImage/29-amour-WEb36d46c32a.jpg-- -- --24450
3/5/2026 6:31:13 PM | * WEFiles/Image/WEImage/30-table-WE7ca0d9284d.jpg-- -- --24304
3/5/2026 6:31:13 PM | * WEFiles/Image/WEImage/31-passions-WE1bc78495f3.jpg-- -- --25197
3/5/2026 6:31:13 PM | * WEFiles/Image/WEImage/32-mechancete-WE9f6fc111bc.jpg-- -- --23365
3/5/2026 6:31:13 PM | * WEFiles/Image/WEImage/33-proces-WE12cb82bffa.jpg-- -- --21986
3/5/2026 6:31:13 PM | * WEFiles/Image/WEImage/34-despotisme-WEd989c2635f.jpg-- -- --23531
3/5/2026 6:31:13 PM | * WEFiles/Image/WEImage/35-ennemis-WE0b86c73eb3.jpg-- -- --20736
3/5/2026 6:31:13 PM | * WEFiles/Image/WEImage/36-pourparlers-WEda9ca58e95.jpg-- -- --25242
3/5/2026 6:31:13 PM | * WEFiles/Image/WEImage/37-feu-WE006d341622.jpg-- -- --26008
3/5/2026 6:31:13 PM | * WEFiles/Image/WEImage/38-accident-WEaf6192ffe7.jpg-- -- --26775
3/5/2026 6:31:13 PM | * WEFiles/Image/WEImage/39-appui-WEa446aa5b93.jpg-- -- --23885
3/5/2026 6:31:13 PM | * WEFiles/Image/WEImage/40-beaute-WEa1b086d7ad.jpg-- -- --22559
3/5/2026 6:31:13 PM | * WEFiles/Image/WEImage/41-heritage-WEf0b2b8f8e9.jpg-- -- --23333
3/5/2026 6:31:13 PM | * WEFiles/Image/WEImage/42-sagesse-WE1253733d27.jpg-- -- --23422
3/5/2026 6:31:13 PM | * WEFiles/Image/WEImage/43-renommee-WE9b99bf85fd.jpg-- -- --23964
3/5/2026 6:31:13 PM | * WEFiles/Image/WEImage/44-hazard-WEa862356204.jpg-- -- --22177
3/5/2026 6:31:13 PM | * WEFiles/Image/WEImage/45-bonheur-WEd1bfeb508a.jpg-- -- --21930
3/5/2026 6:31:13 PM | * WEFiles/Image/WEImage/46-infortune-WEfdcda75616.jpg-- -- --22937
3/5/2026 6:31:13 PM | * WEFiles/Image/WEImage/47-sterilite-WE7826cf93c1.jpg-- -- --21693
3/5/2026 6:31:13 PM | * WEFiles/Image/WEImage/48-fatalite-WEf9d6375eda.jpg-- -- --22502
3/5/2026 6:31:13 PM | * WEFiles/Image/WEImage/49-grace-WE8057268386.jpg-- -- --24306
3/5/2026 6:31:13 PM | * WEFiles/Image/WEImage/50-ruine-WEdb085c3830.jpg-- -- --23585
3/5/2026 6:31:13 PM | * WEFiles/Image/WEImage/51-retard-WE4770478a8c.jpg-- -- --21463
3/5/2026 6:31:13 PM | * WEFiles/Image/WEImage/52-cloitre-WE654bc55bc8.jpg-- -- --22975
3/5/2026 6:31:13 PM | * Backup/Cartomancie/Belline/Accueil.dat-- -- --2231345
3/5/2026 6:31:13 PM | * Cartomancie/Belline/Accueil.php-- -- --69151
3/5/2026 6:31:13 PM | * Cartomancie/Tarots/01-Fou(var).js-- -- --171
3/5/2026 6:31:13 PM | * Cartomancie/Tarots/01-Fou.css-- -- --1196
3/5/2026 6:31:13 PM | * Files/Image/Tarot/22-fou.jpg-- -- --49103
3/5/2026 6:31:13 PM | * WEFiles/Image/WEImage/22-fou-WE136dcac669.jpg-- -- --28658
3/5/2026 6:31:13 PM | * WEFiles/Image/WEImage/Gauche-WE4d4a3cf9ee.png-- -- --2718
3/5/2026 6:31:13 PM | * WEFiles/Image/WEImage/Accueil-WE2111f7c350.jpg-- -- --3874
3/5/2026 6:31:13 PM | * WEFiles/Image/WEImage/Droite-WE91a5eb4290.png-- -- --2695
3/5/2026 6:31:13 PM | * Backup/Cartomancie/Tarots/01-Fou.dat-- -- --280282
3/5/2026 6:31:13 PM | * Cartomancie/Tarots/01-Fou.php-- -- --34926
3/5/2026 6:31:13 PM | * Cartomancie/Tarots/02-Bateleur(var).js-- -- --171
3/5/2026 6:31:13 PM | * Cartomancie/Tarots/02-Bateleur.css-- -- --1196
3/5/2026 6:31:13 PM | * Files/Image/Tarot/01-bateleur.jpg-- -- --60179
3/5/2026 6:31:13 PM | * WEFiles/Image/WEImage/01-bateleur-WE7ba46fd908.jpg-- -- --29203
3/5/2026 6:31:13 PM | * WEFiles/Image/WEImage/Gauche-WEa732d2328b.png-- -- --2718
3/5/2026 6:31:13 PM | * WEFiles/Image/WEImage/Accueil-WE50f4222eb0.jpg-- -- --3874
3/5/2026 6:31:13 PM | * WEFiles/Image/WEImage/Droite-WE9b5a591d95.png-- -- --2695
3/5/2026 6:31:13 PM | * Backup/Cartomancie/Tarots/02-Bateleur.dat-- -- --279858
3/5/2026 6:31:13 PM | * Cartomancie/Tarots/02-Bateleur.php-- -- --34514
3/5/2026 6:31:13 PM | * Cartomancie/Tarots/03-Papesse(var).js-- -- --171
3/5/2026 6:31:13 PM | * Cartomancie/Tarots/03-Papesse.css-- -- --1196
3/5/2026 6:31:13 PM | * Files/Image/Tarot/02-papesse.jpg-- -- --56822
3/5/2026 6:31:13 PM | * WEFiles/Image/WEImage/02-papesse-WEffbcc116e6.jpg-- -- --26381
3/5/2026 6:31:13 PM | * Backup/Cartomancie/Tarots/03-Papesse.dat-- -- --280097
3/5/2026 6:31:13 PM | * Cartomancie/Tarots/03-Papesse.php-- -- --34740
3/5/2026 6:31:13 PM | * Cartomancie/Tarots/04-Imperatrice(var).js-- -- --171
3/5/2026 6:31:13 PM | * Cartomancie/Tarots/04-Imperatrice.css-- -- --1196
3/5/2026 6:31:13 PM | * Files/Image/Tarot/03-imperatrice.jpg-- -- --59019
3/5/2026 6:31:13 PM | * WEFiles/Image/WEImage/03-imperatrice-WEd20130df2e.jpg-- -- --26848
3/5/2026 6:31:13 PM | * Backup/Cartomancie/Tarots/04-Imperatrice.dat-- -- --280707
3/5/2026 6:31:13 PM | * Cartomancie/Tarots/04-Imperatrice.php-- -- --35272
3/5/2026 6:31:13 PM | * Cartomancie/Tarots/05-Empereur(var).js-- -- --171
3/5/2026 6:31:13 PM | * Cartomancie/Tarots/05-Empereur.css-- -- --1196
3/5/2026 6:31:13 PM | * Files/Image/Tarot/04-empereur.jpg-- -- --46967
3/5/2026 6:31:13 PM | * WEFiles/Image/WEImage/04-empereur-WE1973b16bec.jpg-- -- --26975
3/5/2026 6:31:13 PM | * Backup/Cartomancie/Tarots/05-Empereur.dat-- -- --280211
3/5/2026 6:31:13 PM | * Cartomancie/Tarots/05-Empereur.php-- -- --34865
3/5/2026 6:31:13 PM | * Cartomancie/Tarots/06-Pape(var).js-- -- --171
3/5/2026 6:31:13 PM | * Cartomancie/Tarots/06-Pape.css-- -- --1196
3/5/2026 6:31:13 PM | * Files/Image/Tarot/05-pape.jpg-- -- --49323
3/5/2026 6:31:13 PM | * WEFiles/Image/WEImage/05-pape-WE15db416ce2.jpg-- -- --27280
3/5/2026 6:31:13 PM | * Backup/Cartomancie/Tarots/06-Pape.dat-- -- --280407
3/5/2026 6:31:13 PM | * Cartomancie/Tarots/06-Pape.php-- -- --35036
3/5/2026 6:31:13 PM | * Cartomancie/Tarots/07-Amoureux(var).js-- -- --171
3/5/2026 6:31:13 PM | * Cartomancie/Tarots/07-Amoureux.css-- -- --1273
3/5/2026 6:31:13 PM | * Files/Image/Tarot/06-amoureux.jpg-- -- --52712
3/5/2026 6:31:13 PM | * WEFiles/Image/WEImage/06-amoureux-WE4530543429.jpg-- -- --29769
3/5/2026 6:31:13 PM | * Backup/Cartomancie/Tarots/07-Amoureux.dat-- -- --280399
3/5/2026 6:31:13 PM | * Cartomancie/Tarots/07-Amoureux.php-- -- --34861
3/5/2026 6:31:13 PM | * Cartomancie/Tarots/08-Chariot(var).js-- -- --171
3/5/2026 6:31:13 PM | * Cartomancie/Tarots/08-Chariot.css-- -- --1273
3/5/2026 6:31:13 PM | * Files/Image/Tarot/07-chariot.jpg-- -- --55433
3/5/2026 6:31:13 PM | * WEFiles/Image/WEImage/07-chariot-WEd8c2907bbd.jpg-- -- --30148
3/5/2026 6:31:13 PM | * Backup/Cartomancie/Tarots/08-Chariot.dat-- -- --280797
3/5/2026 6:31:13 PM | * Cartomancie/Tarots/08-Chariot.php-- -- --35282
3/5/2026 6:31:13 PM | * Cartomancie/Tarots/09-Justice(var).js-- -- --171
3/5/2026 6:31:13 PM | * Cartomancie/Tarots/09-Justice.css-- -- --1273
3/5/2026 6:31:13 PM | * Files/Image/Tarot/08-justice.jpg-- -- --50298
3/5/2026 6:31:13 PM | * WEFiles/Image/WEImage/08-justice-WEddbe1ff53a.jpg-- -- --27418
3/5/2026 6:31:13 PM | * Backup/Cartomancie/Tarots/09-Justice.dat-- -- --280695
3/5/2026 6:31:13 PM | * Cartomancie/Tarots/09-Justice.php-- -- --35258
3/5/2026 6:31:13 PM | * Cartomancie/Tarots/10-Hermite(var).js-- -- --171
3/5/2026 6:31:13 PM | * Cartomancie/Tarots/10-Hermite.css-- -- --1273
3/5/2026 6:31:13 PM | * Files/Image/Tarot/09-hermite.jpg-- -- --43680
3/5/2026 6:31:13 PM | * WEFiles/Image/WEImage/09-hermite-WE2d6ce643e5.jpg-- -- --24687
3/5/2026 6:31:13 PM | * WEFiles/Image/WEImage/Gauche-WEa446f2129f.png-- -- --2718
3/5/2026 6:31:13 PM | * WEFiles/Image/WEImage/Accueil-WE2af63fbad2.jpg-- -- --3874
3/5/2026 6:31:13 PM | * WEFiles/Image/WEImage/Droite-WEfade369a23.png-- -- --2695
3/5/2026 6:31:13 PM | * Backup/Cartomancie/Tarots/10-Hermite.dat-- -- --280698
3/5/2026 6:31:13 PM | * Cartomancie/Tarots/10-Hermite.php-- -- --35253
3/5/2026 6:31:13 PM | * Cartomancie/Tarots/11-Roue(var).js-- -- --171
3/5/2026 6:31:13 PM | * Cartomancie/Tarots/11-Roue.css-- -- --1273
3/5/2026 6:31:13 PM | * Files/Image/Tarot/10-roue-fortune.jpg-- -- --56967
3/5/2026 6:31:13 PM | * WEFiles/Image/WEImage/10-roue-fortune-WEe28df1c0c6.jpg-- -- --27106
3/5/2026 6:31:13 PM | * Backup/Cartomancie/Tarots/11-Roue.dat-- -- --280283
3/5/2026 6:31:13 PM | * Cartomancie/Tarots/11-Roue.php-- -- --34824
3/5/2026 6:31:13 PM | * Cartomancie/Tarots/12-Force(var).js-- -- --171
3/5/2026 6:31:13 PM | * Cartomancie/Tarots/12-Force.css-- -- --1273
3/5/2026 6:31:13 PM | * Files/Image/Tarot/11-force.jpg-- -- --45907
3/5/2026 6:31:13 PM | * WEFiles/Image/WEImage/11-force-WE786743e866.jpg-- -- --25591
3/5/2026 6:31:13 PM | * Backup/Cartomancie/Tarots/12-Force.dat-- -- --280246
3/5/2026 6:31:13 PM | * Cartomancie/Tarots/12-Force.php-- -- --34693
3/5/2026 6:31:13 PM | * Cartomancie/Tarots/13-Pendu(var).js-- -- --171
3/5/2026 6:31:13 PM | * Cartomancie/Tarots/13-Pendu.css-- -- --1273
3/5/2026 6:31:13 PM | * Files/Image/Tarot/12-pendu.jpg-- -- --43364
3/5/2026 6:31:13 PM | * WEFiles/Image/WEImage/12-pendu-WE50e41addc6.jpg-- -- --26041
3/5/2026 6:31:13 PM | * Backup/Cartomancie/Tarots/13-Pendu.dat-- -- --280007
3/5/2026 6:31:13 PM | * Cartomancie/Tarots/13-Pendu.php-- -- --34945
3/5/2026 6:31:13 PM | * Cartomancie/Tarots/14-Mort(var).js-- -- --171
3/5/2026 6:31:13 PM | * Cartomancie/Tarots/14-Mort.css-- -- --1273
3/5/2026 6:31:13 PM | * Files/Image/Tarot/13-mort.jpg-- -- --45509
3/5/2026 6:31:13 PM | * WEFiles/Image/WEImage/13-mort-WE4bd40d619d.jpg-- -- --26218
3/5/2026 6:31:13 PM | * Backup/Cartomancie/Tarots/14-Mort.dat-- -- --280194
3/5/2026 6:31:13 PM | * Cartomancie/Tarots/14-Mort.php-- -- --34743
3/5/2026 6:31:13 PM | * Cartomancie/Tarots/15-Temperance(var).js-- -- --171
3/5/2026 6:31:13 PM | * Cartomancie/Tarots/15-Temperance.css-- -- --1273
3/5/2026 6:31:13 PM | * Files/Image/Tarot/14-temperance.jpg-- -- --48281
3/5/2026 6:31:13 PM | * WEFiles/Image/WEImage/14-temperance-WE52d764d06b.jpg-- -- --27306
3/5/2026 6:31:13 PM | * Backup/Cartomancie/Tarots/15-Temperance.dat-- -- --279885
3/5/2026 6:31:13 PM | * Cartomancie/Tarots/15-Temperance.php-- -- --34878
3/5/2026 6:31:13 PM | * Cartomancie/Tarots/16-Diable(var).js-- -- --171
3/5/2026 6:31:13 PM | * Cartomancie/Tarots/16-Diable.css-- -- --1273
3/5/2026 6:31:13 PM | * Files/Image/Tarot/15-diable.jpg-- -- --52454
3/5/2026 6:31:13 PM | * WEFiles/Image/WEImage/15-diable-WEa540223994.jpg-- -- --29311
3/5/2026 6:31:13 PM | * Backup/Cartomancie/Tarots/16-Diable.dat-- -- --280340
3/5/2026 6:31:13 PM | * Cartomancie/Tarots/16-Diable.php-- -- --34884
3/5/2026 6:31:13 PM | * Cartomancie/Tarots/16-Maison-Dieu(var).js-- -- --171
3/5/2026 6:31:13 PM | * Cartomancie/Tarots/16-Maison-Dieu.css-- -- --1273
3/5/2026 6:31:13 PM | * Files/Image/Tarot/16-maison-dieu.jpg-- -- --56068
3/5/2026 6:31:13 PM | * WEFiles/Image/WEImage/16-maison-dieu-WE70b8e87b6b.jpg-- -- --31901
3/5/2026 6:31:13 PM | * Backup/Cartomancie/Tarots/16-Maison-Dieu.dat-- -- --280578
3/5/2026 6:31:13 PM | * Cartomancie/Tarots/16-Maison-Dieu.php-- -- --35037
3/5/2026 6:31:13 PM | * Cartomancie/Tarots/17-Etoile(var).js-- -- --171
3/5/2026 6:31:13 PM | * Cartomancie/Tarots/17-Etoile.css-- -- --1273
3/5/2026 6:31:13 PM | * Files/Image/Tarot/17-etoile.jpg-- -- --51159
3/5/2026 6:31:13 PM | * WEFiles/Image/WEImage/17-etoile-WE9b81b88cda.jpg-- -- --30082
3/5/2026 6:31:13 PM | * Backup/Cartomancie/Tarots/17-Etoile.dat-- -- --280190
3/5/2026 6:31:13 PM | * Cartomancie/Tarots/17-Etoile.php-- -- --34742
3/5/2026 6:31:13 PM | * Cartomancie/Tarots/18-Lune(var).js-- -- --171
3/5/2026 6:31:13 PM | * Cartomancie/Tarots/18-Lune.css-- -- --1273
3/5/2026 6:31:13 PM | * Files/Image/Tarot/18-lune.jpg-- -- --50288
3/5/2026 6:31:13 PM | * WEFiles/Image/WEImage/18-lune-WE9e5f9ab3bb.jpg-- -- --28283
3/5/2026 6:31:13 PM | * Backup/Cartomancie/Tarots/18-Lune.dat-- -- --280617
3/5/2026 6:31:13 PM | * Cartomancie/Tarots/18-Lune.php-- -- --35157
3/5/2026 6:31:13 PM | * Cartomancie/Tarots/19-Soleil(var).js-- -- --171
3/5/2026 6:31:13 PM | * Cartomancie/Tarots/19-Soleil.css-- -- --1273
3/5/2026 6:31:13 PM | * Files/Image/Tarot/19-soleil.jpg-- -- --56052
3/5/2026 6:31:13 PM | * WEFiles/Image/WEImage/19-soleil-WE99526f499a.jpg-- -- --30584
3/5/2026 6:31:13 PM | * Backup/Cartomancie/Tarots/19-Soleil.dat-- -- --280461
3/5/2026 6:31:13 PM | * Cartomancie/Tarots/19-Soleil.php-- -- --35005
3/5/2026 6:31:13 PM | * Cartomancie/Tarots/20-Jugement(var).js-- -- --171
3/5/2026 6:31:13 PM | * Cartomancie/Tarots/20-Jugement.css-- -- --1273
3/5/2026 6:31:13 PM | * Files/Image/Tarot/20-jugement.jpg-- -- --53817
3/5/2026 6:31:13 PM | * WEFiles/Image/WEImage/20-jugement-WE91df521314.jpg-- -- --30208
3/5/2026 6:31:13 PM | * Backup/Cartomancie/Tarots/20-Jugement.dat-- -- --280333
3/5/2026 6:31:13 PM | * Cartomancie/Tarots/20-Jugement.php-- -- --34881
3/5/2026 6:31:13 PM | * Cartomancie/Tarots/21-Monde(var).js-- -- --171
3/5/2026 6:31:13 PM | * Cartomancie/Tarots/21-Monde.css-- -- --1273
3/5/2026 6:31:13 PM | * Files/Image/Tarot/21-monde.jpg-- -- --56862
3/5/2026 6:31:13 PM | * WEFiles/Image/WEImage/21-monde-WEb005f7af9b.jpg-- -- --30136
3/5/2026 6:31:13 PM | * Backup/Cartomancie/Tarots/21-Monde.dat-- -- --280375
3/5/2026 6:31:13 PM | * Cartomancie/Tarots/21-Monde.php-- -- --34822
3/5/2026 6:31:13 PM | * Cartomancie/Tarots/Accueil(var).js-- -- --171
3/5/2026 6:31:13 PM | * Cartomancie/Tarots/Accueil.css-- -- --3694
3/5/2026 6:31:13 PM | * Files/Image/Accueil/Tarot.jpg-- -- --17650
3/5/2026 6:31:13 PM | * WEFiles/Image/WEImage/01-bateleur-WE6d3419d779.jpg-- -- --29203
3/5/2026 6:31:13 PM | * WEFiles/Image/WEImage/02-papesse-WE50580922d4.jpg-- -- --25415
3/5/2026 6:31:13 PM | * WEFiles/Image/WEImage/03-imperatrice-WEb0d9caea35.jpg-- -- --26063
3/5/2026 6:31:13 PM | * WEFiles/Image/WEImage/04-empereur-WE478a5290c7.jpg-- -- --26975
3/5/2026 6:31:13 PM | * WEFiles/Image/WEImage/05-pape-WEe5b1889210.jpg-- -- --28192
3/5/2026 6:31:13 PM | * WEFiles/Image/WEImage/06-amoureux-WE39b56057f4.jpg-- -- --30388
3/5/2026 6:31:13 PM | * WEFiles/Image/WEImage/07-chariot-WE52e777a7a1.jpg-- -- --33487
3/5/2026 6:31:14 PM | * WEFiles/Image/WEImage/08-justice-WE9a42f24a2b.jpg-- -- --26547
3/5/2026 6:31:14 PM | * WEFiles/Image/WEImage/09-hermite-WEe57be2aedd.jpg-- -- --24687
3/5/2026 6:31:14 PM | * WEFiles/Image/WEImage/10-roue-fortune-WEe17cf2609e.jpg-- -- --28543
3/5/2026 6:31:14 PM | * WEFiles/Image/WEImage/11-force-WE274fb52a6d.jpg-- -- --26436
3/5/2026 6:31:14 PM | * WEFiles/Image/WEImage/12-pendu-WE046d19d19b.jpg-- -- --26768
3/5/2026 6:31:14 PM | * WEFiles/Image/WEImage/13-mort-WEecd0c8e974.jpg-- -- --24479
3/5/2026 6:31:14 PM | * WEFiles/Image/WEImage/14-temperance-WEa8a4154925.jpg-- -- --28108
3/5/2026 6:31:14 PM | * WEFiles/Image/WEImage/15-diable-WE5ecd4327b0.jpg-- -- --30013
3/5/2026 6:31:14 PM | * WEFiles/Image/WEImage/16-maison-dieu-WEe6cb42e66f.jpg-- -- --32631
3/5/2026 6:31:14 PM | * WEFiles/Image/WEImage/17-etoile-WE237e1e6365.jpg-- -- --30932
3/5/2026 6:31:14 PM | * WEFiles/Image/WEImage/18-lune-WE3df4baec47.jpg-- -- --29770
3/5/2026 6:31:14 PM | * WEFiles/Image/WEImage/19-soleil-WEf96f176167.jpg-- -- --29768
3/5/2026 6:31:14 PM | * WEFiles/Image/WEImage/20-jugement-WE354ed7079e.jpg-- -- --28857
3/5/2026 6:31:14 PM | * WEFiles/Image/WEImage/21-monde-WE163e8024a2.jpg-- -- --28902
3/5/2026 6:31:14 PM | * WEFiles/Image/WEImage/22-fou-WE649e23ff30.jpg-- -- --26701
3/5/2026 6:31:14 PM | * Backup/Cartomancie/Tarots/Accueil.dat-- -- --916733
3/5/2026 6:31:14 PM | * Cartomancie/Tarots/Accueil.php-- -- --46706
3/5/2026 6:31:14 PM | * CGU/CGU(var).js-- -- --171
3/5/2026 6:31:14 PM | * CGU/CGU.css-- -- --1071
3/5/2026 6:31:14 PM | * WEFiles/Image/WEImage/Accueil-WEbe3ff0985f.jpg-- -- --2387
3/5/2026 6:31:14 PM | * Backup/CGU/CGU.dat-- -- --253336
3/5/2026 6:31:14 PM | * CGU/CGU.php-- -- --40927
3/5/2026 6:31:14 PM | * Chat/Echec(var).js-- -- --171
3/5/2026 6:31:14 PM | * Chat/Echec.css-- -- --940
3/5/2026 6:31:14 PM | * WEFiles/Image/WEImage/Gauche-WE208f1ef3b4.png-- -- --2718
3/5/2026 6:31:14 PM | * Backup/Chat/Echec.dat-- -- --219249
3/5/2026 6:31:14 PM | * Chat/Echec.php-- -- --32572
3/5/2026 6:31:14 PM | * Chat/Envoi(var).js-- -- --171
3/5/2026 6:31:14 PM | * Chat/Envoi.css-- -- --862
3/5/2026 6:31:14 PM | * WEFiles/Image/WEImage/Accueil-WEd42f892cad.jpg-- -- --3874
3/5/2026 6:31:14 PM | * Backup/Chat/Envoi.dat-- -- --191900
3/5/2026 6:31:14 PM | * Chat/Envoi.php-- -- --32246
3/5/2026 6:31:14 PM | * Chat/Formulaire(var).js-- -- --1103
3/5/2026 6:31:14 PM | * Chat/Formulaire(var).php-- -- --4015
3/5/2026 6:31:14 PM | * Chat/Formulaire.css-- -- --4727
3/5/2026 6:31:14 PM | * WEFiles/Server/WESendMail-v210.php-- -- --12362
3/5/2026 6:31:14 PM | * WEFiles/Client/WESendMail-v210.js-- -- --3670
3/5/2026 6:31:14 PM | * Files/Image/Accueil/tchat 1.png-- -- --76056
3/5/2026 6:31:14 PM | * WEFiles/Image/WEImage/tchat 1-WEbe52c3d2d0.png-- -- --5507
3/5/2026 6:31:14 PM | * WEFiles/Image/Skin/26c70838.png-- -- --160
3/5/2026 6:31:14 PM | * WEFiles/Image/Skin/58294202.png-- -- --764
3/5/2026 6:31:14 PM | * WEFiles/Image/Skin/c01bce0b.png-- -- --160
3/5/2026 6:31:14 PM | * WEFiles/Image/Skin/3b9d0c7d.png-- -- --764
3/5/2026 6:31:14 PM | * WEFiles/Image/Skin/4aee5dd2.png-- -- --160
3/5/2026 6:31:14 PM | * WEFiles/Image/Skin/f05956f4.png-- -- --764
3/5/2026 6:31:14 PM | * WEFiles/Image/Skin/cbb1ae94.png-- -- --160
3/5/2026 6:31:14 PM | * WEFiles/Image/Skin/966687aa.png-- -- --764
3/5/2026 6:31:14 PM | * Backup/Chat/Formulaire.dat-- -- --1028557
3/5/2026 6:31:14 PM | * Chat/Formulaire.php-- -- --62897
3/5/2026 6:31:14 PM | * Domicile/Echec(var).js-- -- --171
3/5/2026 6:31:14 PM | * Domicile/Echec.css-- -- --939
3/5/2026 6:31:14 PM | * WEFiles/Image/WEImage/Gauche-WEeb04b63038.png-- -- --2718
3/5/2026 6:31:14 PM | * Backup/Domicile/Echec.dat-- -- --219269
3/5/2026 6:31:14 PM | * Domicile/Echec.php-- -- --32602
3/5/2026 6:31:14 PM | * Domicile/Envoi(var).js-- -- --171
3/5/2026 6:31:14 PM | * Domicile/Envoi.css-- -- --862
3/5/2026 6:31:14 PM | * WEFiles/Image/WEImage/Accueil-WE06a8c8e743.jpg-- -- --3874
3/5/2026 6:31:14 PM | * Backup/Domicile/Envoi.dat-- -- --191878
3/5/2026 6:31:14 PM | * Domicile/Envoi.php-- -- --32263
3/5/2026 6:31:14 PM | * Domicile/Formulaire(var).js-- -- --1111
3/5/2026 6:31:14 PM | * Domicile/Formulaire(var).php-- -- --3500
3/5/2026 6:31:14 PM | * Domicile/Formulaire.css-- -- --4727
3/5/2026 6:31:14 PM | * WEFiles/Image/WEImage/tchat 1-WE805a3e04b0.png-- -- --5507
3/5/2026 6:31:14 PM | * Backup/Domicile/Formulaire.dat-- -- --1021545
3/5/2026 6:31:14 PM | * Domicile/Formulaire.php-- -- --62800
3/5/2026 6:31:14 PM | * Dons/Dons(var).js-- -- --171
3/5/2026 6:31:14 PM | * Dons/Dons.css-- -- --1483
3/5/2026 6:31:14 PM | * Files/Image/Accueil/images.jpg-- -- --4321
3/5/2026 6:31:14 PM | * Files/Image/Accueil/Wero.jpeg-- -- --16156
3/5/2026 6:31:14 PM | * WEFiles/Image/WEImage/Wero-WE8f1a3ab3a8.jpeg-- -- --4788
3/5/2026 6:31:14 PM | * Backup/Dons/Dons.dat-- -- --331108
3/5/2026 6:31:14 PM | * Dons/Dons.php-- -- --36735
3/5/2026 6:31:14 PM | * Gratuite/Echec(var).js-- -- --171
3/5/2026 6:31:14 PM | * Gratuite/Echec.css-- -- --939
3/5/2026 6:31:14 PM | * WEFiles/Image/WEImage/Gauche-WE93f894d194.png-- -- --2718
3/5/2026 6:31:14 PM | * Backup/Gratuite/Echec.dat-- -- --217184
3/5/2026 6:31:14 PM | * Gratuite/Echec.php-- -- --32576
3/5/2026 6:31:14 PM | * Gratuite/Envoi(var).js-- -- --171
3/5/2026 6:31:14 PM | * Gratuite/Envoi.css-- -- --862
3/5/2026 6:31:14 PM | * WEFiles/Image/WEImage/Accueil-WE98e28300c0.jpg-- -- --3874
3/5/2026 6:31:14 PM | * Backup/Gratuite/Envoi.dat-- -- --191819
3/5/2026 6:31:14 PM | * Gratuite/Envoi.php-- -- --31793
3/5/2026 6:31:14 PM | * Gratuite/Formulaire(var).js-- -- --1147
3/5/2026 6:31:14 PM | * Gratuite/Formulaire(var).php-- -- --3811
3/5/2026 6:31:14 PM | * Gratuite/Formulaire.css-- -- --5107
3/5/2026 6:31:14 PM | * WEFiles/Image/WEImage/tchat 1-WE6e5af4a4ef.png-- -- --5507
3/5/2026 6:31:14 PM | * WEFiles/Image/Skin/2b8cf417.png-- -- --160
3/5/2026 6:31:14 PM | * WEFiles/Image/Skin/85224292.png-- -- --764
3/5/2026 6:31:14 PM | * Backup/Gratuite/Formulaire.dat-- -- --1033193
3/5/2026 6:31:14 PM | * Gratuite/Formulaire.php-- -- --63284
3/5/2026 6:31:14 PM | * Magie/Echec(var).js-- -- --171
3/5/2026 6:31:14 PM | * Magie/Echec.css-- -- --939
3/5/2026 6:31:14 PM | * WEFiles/Image/WEImage/Gauche-WEed87283893.png-- -- --2718
3/5/2026 6:31:14 PM | * Backup/Magie/Echec.dat-- -- --217239
3/5/2026 6:31:14 PM | * Magie/Echec.php-- -- --32620
3/5/2026 6:31:14 PM | * Magie/Envoi(var).js-- -- --171
3/5/2026 6:31:14 PM | * Magie/Envoi.css-- -- --862
3/5/2026 6:31:14 PM | * WEFiles/Image/WEImage/Accueil-WE7d1525d48a.jpg-- -- --3874
3/5/2026 6:31:14 PM | * Backup/Magie/Envoi.dat-- -- --189954
3/5/2026 6:31:14 PM | * Magie/Envoi.php-- -- --32316
3/5/2026 6:31:14 PM | * Magie/Formulaire(var).js-- -- --1133
3/5/2026 6:31:14 PM | * Magie/Formulaire(var).php-- -- --5375
3/5/2026 6:31:14 PM | * Magie/Formulaire.css-- -- --4882
3/5/2026 6:31:14 PM | * WEFiles/Image/WEImage/Bougies-WEefa6d7021c.jpg-- -- --9176
3/5/2026 6:31:14 PM | * Backup/Magie/Formulaire.dat-- -- --1097190
3/5/2026 6:31:14 PM | * Magie/Formulaire.php-- -- --67104
3/5/2026 6:31:14 PM | * Mail/Echec(var).js-- -- --103
3/5/2026 6:31:14 PM | * Mail/Echec.css-- -- --887
3/5/2026 6:31:14 PM | * Backup/Mail/Echec.dat-- -- --192434
3/5/2026 6:31:14 PM | * Mail/Echec.php-- -- --32555
3/5/2026 6:31:14 PM | * Mail/Envoi(var).js-- -- --103
3/5/2026 6:31:14 PM | * Mail/Envoi.css-- -- --809
3/5/2026 6:31:14 PM | * Backup/Mail/Envoi.dat-- -- --167130
3/5/2026 6:31:14 PM | * Mail/Envoi.php-- -- --32265
3/5/2026 6:31:14 PM | * Mail/Formulaire(var).js-- -- --1103
3/5/2026 6:31:14 PM | * Mail/Formulaire(var).php-- -- --2242
3/5/2026 6:31:14 PM | * Mail/Formulaire.css-- -- --4265
3/5/2026 6:31:14 PM | * Backup/Mail/Formulaire.dat-- -- --808848
3/5/2026 6:31:14 PM | * Mail/Formulaire.php-- -- --54724
3/5/2026 6:31:14 PM | * Methodes/Accueil(var).js-- -- --171
3/5/2026 6:31:14 PM | * Methodes/Accueil.css-- -- --1721
3/5/2026 6:31:14 PM | * Files/Image/Accueil/1.png-- -- --3041
3/5/2026 6:31:14 PM | * WEFiles/Image/WEImage/1-WE7250e0a1ad.png-- -- --1190
3/5/2026 6:31:14 PM | * Files/Image/Accueil/2.png-- -- --3310
3/5/2026 6:31:14 PM | * WEFiles/Image/WEImage/2-WE393793b6bd.png-- -- --1320
3/5/2026 6:31:14 PM | * Files/Image/Accueil/3.png-- -- --3434
3/5/2026 6:31:14 PM | * WEFiles/Image/WEImage/3-WE66da039b22.png-- -- --1307
3/5/2026 6:31:14 PM | * WEFiles/Image/WEImage/Gauche-WE00354d3f05.png-- -- --2718
3/5/2026 6:31:14 PM | * WEFiles/Image/WEImage/Accueil-WEf7fa1d1209.jpg-- -- --3874
3/5/2026 6:31:14 PM | * WEFiles/Image/WEImage/Droite-WE8a2416573f.png-- -- --2695
3/5/2026 6:31:14 PM | * Backup/Methodes/Accueil.dat-- -- --450511
3/5/2026 6:31:14 PM | * Methodes/Accueil.php-- -- --47452
3/5/2026 6:31:14 PM | * Methodes/Croix(var).js-- -- --171
3/5/2026 6:31:14 PM | * Methodes/Croix.css-- -- --3694
3/5/2026 6:31:14 PM | * WEFiles/Image/WEImage/3-WE304adfb685.png-- -- --2040
3/5/2026 6:31:14 PM | * WEFiles/Image/WEImage/27-union-WEad232067db.jpg-- -- --22216
3/5/2026 6:31:14 PM | * WEFiles/Image/WEImage/1-WEf3d7e3bdae.png-- -- --1718
3/5/2026 6:31:14 PM | * WEFiles/Image/WEImage/23-trafic-WE817c43fb2f.jpg-- -- --23682
3/5/2026 6:31:14 PM | * WEFiles/Image/WEImage/12-depart-WE724f2651df.jpg-- -- --24438
3/5/2026 6:31:14 PM | * WEFiles/Image/WEImage/19-argent-WE1d1afd8aa8.jpg-- -- --23360
3/5/2026 6:31:14 PM | * WEFiles/Image/WEImage/2-WEcaa0419b1f.png-- -- --2014
3/5/2026 6:31:14 PM | * Files/Image/Accueil/5.png-- -- --3299
3/5/2026 6:31:14 PM | * WEFiles/Image/WEImage/5-WE91f286943b.png-- -- --2030
3/5/2026 6:31:14 PM | * Files/Image/Accueil/4.png-- -- --3223
3/5/2026 6:31:14 PM | * WEFiles/Image/WEImage/4-WE5dda532fe8.png-- -- --1977
3/5/2026 6:31:14 PM | * WEFiles/Image/WEImage/45-bonheur-WE8740bd5373.jpg-- -- --21214
3/5/2026 6:31:14 PM | * WEFiles/Image/WEImage/12-depart-WE02ca9eea02.jpg-- -- --24438
3/5/2026 6:31:14 PM | * WEFiles/Image/WEImage/23-trafic-WEfcb0fb8132.jpg-- -- --23682
3/5/2026 6:31:14 PM | * WEFiles/Image/WEImage/27-union-WE14efbe401b.jpg-- -- --22216
3/5/2026 6:31:14 PM | * WEFiles/Image/WEImage/45-bonheur-WE36e87317ea.jpg-- -- --21214
3/5/2026 6:31:14 PM | * WEFiles/Image/WEImage/19-argent-WE233e9250bb.jpg-- -- --23360
3/5/2026 6:31:14 PM | * Backup/Methodes/Croix.dat-- -- --950261
3/5/2026 6:31:14 PM | * Methodes/Croix.php-- -- --56056
3/5/2026 6:31:14 PM | * Methodes/Ligne(var).js-- -- --171
3/5/2026 6:31:14 PM | * Methodes/Ligne.css-- -- --3890
3/5/2026 6:31:14 PM | * WEFiles/Image/WEImage/24-nouvelle-WE9d724d2704.jpg-- -- --23787
3/5/2026 6:31:14 PM | * WEFiles/Image/WEImage/42-sagesse-WE6f8938dff7.jpg-- -- --23422
3/5/2026 6:31:14 PM | * WEFiles/Image/WEImage/18-changement-WEd722438703.jpg-- -- --25355
3/5/2026 6:31:14 PM | * WEFiles/Image/WEImage/12-depart-WEe114e21111.jpg-- -- --24438
3/5/2026 6:31:14 PM | * WEFiles/Image/WEImage/45-bonheur-WEe87e513a0c.jpg-- -- --21930
3/5/2026 6:31:14 PM | * WEFiles/Image/WEImage/1-WE911af8f758.png-- -- --1190
3/5/2026 6:31:14 PM | * WEFiles/Image/WEImage/2-WE55f9c1745e.png-- -- --1320
3/5/2026 6:31:14 PM | * WEFiles/Image/WEImage/3-WEb9247fe37f.png-- -- --1307
3/5/2026 6:31:14 PM | * WEFiles/Image/WEImage/4-WE27f423fdde.png-- -- --1284
3/5/2026 6:31:14 PM | * WEFiles/Image/WEImage/5-WE731ea884e8.png-- -- --1308
3/5/2026 6:31:14 PM | * WEFiles/Image/WEImage/24-nouvelle-WEcea4daa356.jpg-- -- --23787
3/5/2026 6:31:14 PM | * WEFiles/Image/WEImage/42-sagesse-WE5c774e6769.jpg-- -- --23422
3/5/2026 6:31:14 PM | * WEFiles/Image/WEImage/18-changement-WEf12d19052a.jpg-- -- --25355
3/5/2026 6:31:14 PM | * WEFiles/Image/WEImage/12-depart-WE510788372b.jpg-- -- --24438
3/5/2026 6:31:14 PM | * WEFiles/Image/WEImage/45-bonheur-WE29fa2df527.jpg-- -- --21930
3/5/2026 6:31:14 PM | * WEFiles/Image/WEImage/Gauche-WE4ddf6deeaf.png-- -- --2718
3/5/2026 6:31:14 PM | * WEFiles/Image/WEImage/Accueil-WE76b583f815.jpg-- -- --3874
3/5/2026 6:31:14 PM | * WEFiles/Image/WEImage/Droite-WEc76c93cb8b.png-- -- --2695
3/5/2026 6:31:14 PM | * Backup/Methodes/Ligne.dat-- -- --995220
3/5/2026 6:31:14 PM | * Methodes/Ligne.php-- -- --64007
3/5/2026 6:31:14 PM | * Methodes/Pyramide(var).js-- -- --171
3/5/2026 6:31:14 PM | * Methodes/Pyramide.css-- -- --2041
3/5/2026 6:31:14 PM | * WEFiles/Image/WEImage/2-etoile-homme-WEc94468ad7b.jpg-- -- --23250
3/5/2026 6:31:14 PM | * WEFiles/Image/WEImage/12-depart-WEd0387bab4c.jpg-- -- --23711
3/5/2026 6:31:14 PM | * WEFiles/Image/WEImage/39-appui-WEa380a4237c.jpg-- -- --23040
3/5/2026 6:31:14 PM | * WEFiles/Image/WEImage/18-changement-WEc7d9d582f1.jpg-- -- --24447
3/5/2026 6:31:14 PM | * WEFiles/Image/WEImage/6-elevation-WE1e33cb71db.jpg-- -- --22079
3/5/2026 6:31:14 PM | * WEFiles/Image/WEImage/15-eau-WE4b219cd00e.jpg-- -- --22524
3/5/2026 6:31:14 PM | * Backup/Methodes/Pyramide.dat-- -- --484510
3/5/2026 6:31:14 PM | * Methodes/Pyramide.php-- -- --49942
3/5/2026 6:31:14 PM | * Online/Templates/Base.css-- -- --3244
3/5/2026 6:31:14 PM | * Online/Templates/Base.php-- -- --14585
3/5/2026 6:31:14 PM | * Online/test.php-- -- --23
3/5/2026 6:31:14 PM | * Paiement/Paiement_accepte(var).js-- -- --171
3/5/2026 6:31:14 PM | * Paiement/Paiement_accepte.css-- -- --862
3/5/2026 6:31:14 PM | * WEFiles/Image/WEImage/Accueil-WE30fa075e81.jpg-- -- --3874
3/5/2026 6:31:14 PM | * Backup/Paiement/Paiement_accepte.dat-- -- --189913
3/5/2026 6:31:14 PM | * Paiement/Paiement_accepte.php-- -- --32491
3/5/2026 6:31:14 PM | * Paiement/Paiement_avorte(var).js-- -- --171
3/5/2026 6:31:14 PM | * Paiement/Paiement_avorte.css-- -- --862
3/5/2026 6:31:14 PM | * WEFiles/Image/WEImage/Gauche-WEb09f76add7.png-- -- --2718
3/5/2026 6:31:14 PM | * Backup/Paiement/Paiement_avorte.dat-- -- --189602
3/5/2026 6:31:14 PM | * Paiement/Paiement_avorte.php-- -- --32082
3/5/2026 6:31:14 PM | * Partenaires/Partenaires(var).js-- -- --103
3/5/2026 6:31:14 PM | * Partenaires/Partenaires.css-- -- --702
3/5/2026 6:31:14 PM | * Backup/Partenaires/Partenaires.dat-- -- --172765
3/5/2026 6:31:14 PM | * Partenaires/Partenaires.php-- -- --32403
3/5/2026 6:31:14 PM | * Planetes/Accueil(var).js-- -- --171
3/5/2026 6:31:14 PM | * Planetes/Accueil.css-- -- --3106
3/5/2026 6:31:14 PM | * Files/Image/Accueil/Bouton bleu.png-- -- --137102
3/5/2026 6:31:14 PM | * WEFiles/Image/WEImage/Bouton bleu-WEdab9839490.png-- -- --1710
3/5/2026 6:31:14 PM | * WEFiles/Image/WEImage/Bouton bleu-WE02cee3cc08.png-- -- --1633
3/5/2026 6:31:14 PM | * WEFiles/Image/WEImage/Bouton bleu-WE9c53aa2298.png-- -- --1633
3/5/2026 6:31:14 PM | * WEFiles/Image/WEImage/Bouton bleu-WE02d3eed8ec.png-- -- --1633
3/5/2026 6:31:14 PM | * WEFiles/Image/WEImage/Bouton bleu-WE1c3e772b01.png-- -- --1633
3/5/2026 6:31:14 PM | * WEFiles/Image/WEImage/Bouton bleu-WE6178a147ed.png-- -- --1633
3/5/2026 6:31:14 PM | * WEFiles/Image/WEImage/Bouton bleu-WE7f5b1b3746.png-- -- --1633
3/5/2026 6:31:14 PM | * WEFiles/Image/WEImage/Bouton bleu-WEa5e3af1ed5.png-- -- --1633
3/5/2026 6:31:14 PM | * WEFiles/Image/WEImage/Bouton bleu-WEaf1a6f3fc5.png-- -- --1633
3/5/2026 6:31:14 PM | * WEFiles/Image/WEImage/Bouton bleu-WEdbd394a7a4.png-- -- --1633
3/5/2026 6:31:14 PM | * WEFiles/Image/WEImage/Gauche-WEfb6c808129.png-- -- --2718
3/5/2026 6:31:14 PM | * WEFiles/Image/WEImage/Accueil-WE7c630df5a2.jpg-- -- --3874
3/5/2026 6:31:14 PM | * WEFiles/Image/WEImage/Droite-WE51e853503d.png-- -- --2695
3/5/2026 6:31:14 PM | * Files/Image/Accueil/Terre.jpg-- -- --8412
3/5/2026 6:31:14 PM | * Backup/Planetes/Accueil.dat-- -- --814070
3/5/2026 6:31:14 PM | * Planetes/Accueil.php-- -- --45606
3/5/2026 6:31:14 PM | * Planetes/Jupiter(var).js-- -- --171
3/5/2026 6:31:14 PM | * Planetes/Jupiter.css-- -- --1182
3/5/2026 6:31:14 PM | * Files/Image/Planetes/jupiter.jpg-- -- --29347
3/5/2026 6:31:14 PM | * WEFiles/Image/WEImage/jupiter-WEb5704ff3ea.jpg-- -- --13385
3/5/2026 6:31:14 PM | * WEFiles/Image/WEImage/Gauche-WE1467c52a67.png-- -- --2718
3/5/2026 6:31:14 PM | * WEFiles/Image/WEImage/Accueil-WE5f75436086.jpg-- -- --3874
3/5/2026 6:31:14 PM | * WEFiles/Image/WEImage/Droite-WE4137f37838.png-- -- --2695
3/5/2026 6:31:14 PM | * Backup/Planetes/Jupiter.dat-- -- --280107
3/5/2026 6:31:14 PM | * Planetes/Jupiter.php-- -- --35264
3/5/2026 6:31:14 PM | * Planetes/Lune(var).js-- -- --239
3/5/2026 6:31:14 PM | * Planetes/Lune.css-- -- --1236
3/5/2026 6:31:14 PM | * Files/Image/Planetes/lune.jpg-- -- --33568
3/5/2026 6:31:14 PM | * WEFiles/Image/WEImage/lune-WEa744dc0aa6.jpg-- -- --11941
3/5/2026 6:31:14 PM | * Backup/Planetes/Lune.dat-- -- --301576
3/5/2026 6:31:14 PM | * Planetes/Lune.php-- -- --35743
3/5/2026 6:31:14 PM | * Planetes/Mars(var).js-- -- --239
3/5/2026 6:31:14 PM | * Planetes/Mars.css-- -- --1236
3/5/2026 6:31:14 PM | * Files/Image/Planetes/mars.jpg-- -- --17775
3/5/2026 6:31:14 PM | * WEFiles/Image/WEImage/mars-WE7824d02237.jpg-- -- --12953
3/5/2026 6:31:14 PM | * Backup/Planetes/Mars.dat-- -- --301227
3/5/2026 6:31:14 PM | * Planetes/Mars.php-- -- --35394
3/5/2026 6:31:14 PM | * Planetes/Mercure(var).js-- -- --239
3/5/2026 6:31:14 PM | * Planetes/Mercure.css-- -- --1236
3/5/2026 6:31:14 PM | * Files/Image/Planetes/mercure.jpg-- -- --42232
3/5/2026 6:31:14 PM | * WEFiles/Image/WEImage/mercure-WEeb1c7c3496.jpg-- -- --13768
3/5/2026 6:31:14 PM | * Backup/Planetes/Mercure.dat-- -- --302114
3/5/2026 6:31:14 PM | * Planetes/Mercure.php-- -- --36175
3/5/2026 6:31:14 PM | * Planetes/Neptune(var).js-- -- --239
3/5/2026 6:31:14 PM | * Planetes/Neptune.css-- -- --1236
3/5/2026 6:31:14 PM | * Files/Image/Planetes/Neptune.jpg-- -- --12751
3/5/2026 6:31:14 PM | * WEFiles/Image/WEImage/Neptune-WE92f6bc3ae0.jpg-- -- --10579
3/5/2026 6:31:14 PM | * Backup/Planetes/Neptune.dat-- -- --301299
3/5/2026 6:31:14 PM | * Planetes/Neptune.php-- -- --35468
3/5/2026 6:31:14 PM | * Planetes/Pluton(var).js-- -- --239
3/5/2026 6:31:14 PM | * Planetes/Pluton.css-- -- --1236
3/5/2026 6:31:14 PM | * Files/Image/Planetes/pluton.jpg-- -- --93930
3/5/2026 6:31:14 PM | * WEFiles/Image/WEImage/pluton-WE09f0021b47.jpg-- -- --12681
3/5/2026 6:31:14 PM | * Backup/Planetes/Pluton.dat-- -- --301229
3/5/2026 6:31:14 PM | * Planetes/Pluton.php-- -- --35400
3/5/2026 6:31:14 PM | * Planetes/Saturne(var).js-- -- --239
3/5/2026 6:31:14 PM | * Planetes/Saturne.css-- -- --1250
3/5/2026 6:31:14 PM | * Files/Image/Planetes/saturne 2.jpg-- -- --3967
3/5/2026 6:31:14 PM | * Backup/Planetes/Saturne.dat-- -- --303218
3/5/2026 6:31:14 PM | * Planetes/Saturne.php-- -- --35429
3/5/2026 6:31:14 PM | * Planetes/Soleil(var).js-- -- --239
3/5/2026 6:31:14 PM | * Planetes/Soleil.css-- -- --1251
3/5/2026 6:31:14 PM | * Files/Image/Planetes/soleil.jpg-- -- --32364
3/5/2026 6:31:14 PM | * WEFiles/Image/WEImage/soleil-WEd7300510eb.jpg-- -- --18014
3/5/2026 6:31:14 PM | * Backup/Planetes/Soleil.dat-- -- --304680
3/5/2026 6:31:14 PM | * Planetes/Soleil.php-- -- --35112
3/5/2026 6:31:14 PM | * Planetes/Uranus(var).js-- -- --239
3/5/2026 6:31:14 PM | * Planetes/Uranus.css-- -- --1251
3/5/2026 6:31:14 PM | * Files/Image/Planetes/Uranus.jpg-- -- --19137
3/5/2026 6:31:15 PM | * WEFiles/Image/WEImage/Uranus-WE574f9e9060.jpg-- -- --13291
3/5/2026 6:31:15 PM | * Backup/Planetes/Uranus.dat-- -- --304436
3/5/2026 6:31:15 PM | * Planetes/Uranus.php-- -- --34826
3/5/2026 6:31:15 PM | * Planetes/Venus(var).js-- -- --239
3/5/2026 6:31:15 PM | * Planetes/Venus.css-- -- --1251
3/5/2026 6:31:15 PM | * Files/Image/Planetes/venus.jpg-- -- --18973
3/5/2026 6:31:15 PM | * WEFiles/Image/WEImage/venus-WE5a03a66b9b.jpg-- -- --12538
3/5/2026 6:31:15 PM | * Backup/Planetes/Venus.dat-- -- --305172
3/5/2026 6:31:15 PM | * Planetes/Venus.php-- -- --35473
3/5/2026 6:31:15 PM | * Tchat/admin/font/inconsolata_latin.woff2-- -- --31760
3/5/2026 6:31:15 PM | * Tchat/admin/font/inconsolata_latin_ext.woff2-- -- --25816
3/5/2026 6:31:15 PM | * Tchat/admin/font/nunito_bold.woff2-- -- --17116
3/5/2026 6:31:15 PM | * Tchat/admin/font/nunito_cyrillic.woff2-- -- --10004
3/5/2026 6:31:15 PM | * Tchat/admin/font/nunito_cyrillic_bold.woff2-- -- --9872
3/5/2026 6:31:15 PM | * Tchat/admin/font/nunito_cyrillic_ext.woff2-- -- --13224
3/5/2026 6:31:15 PM | * Tchat/admin/font/nunito_cyrillic_ext_bold.woff2-- -- --13204
3/5/2026 6:31:15 PM | * Tchat/admin/font/nunito_latin.woff2-- -- --16980
3/5/2026 6:31:15 PM | * Tchat/admin/font/nunito_latin_ext.woff2-- -- --16076
3/5/2026 6:31:15 PM | * Tchat/admin/font/nunito_latin_ext_bold.woff2-- -- --16244
3/5/2026 6:31:15 PM | * Tchat/admin/font/nunito_vietnamese.woff2-- -- --6832
3/5/2026 6:31:15 PM | * Tchat/admin/font/nunito_vietnamese_bold.woff2-- -- --6904
3/5/2026 6:31:15 PM | * Tchat/admin/0d.css-- -- --29842
3/5/2026 6:31:15 PM | * Tchat/admin/0n.css-- -- --29839
3/5/2026 6:31:15 PM | * Tchat/admin/1.css-- -- --26524
3/5/2026 6:31:15 PM | * Tchat/admin/2.css-- -- --26500
3/5/2026 6:31:15 PM | * Tchat/admin/3.css-- -- --26441
3/5/2026 6:31:15 PM | * Tchat/admin/additions.pxtm-- -- --2407
3/5/2026 6:31:15 PM | * Tchat/admin/admin.js-- -- --4348
3/5/2026 6:31:15 PM | * Tchat/admin/allsounds.js-- -- --386275
3/5/2026 6:31:15 PM | * Tchat/admin/badwords.pxtm-- -- --1543
3/5/2026 6:31:15 PM | * Tchat/admin/board.pxtm-- -- --4397
3/5/2026 6:31:15 PM | * Tchat/admin/ctab.pxtm-- -- --2578
3/5/2026 6:31:15 PM | * Tchat/admin/customcss.pxtm-- -- --1180
3/5/2026 6:31:15 PM | * Tchat/admin/customjs.pxtm-- -- --1412
3/5/2026 6:31:15 PM | * Tchat/admin/database.pxtm-- -- --4491
3/5/2026 6:31:15 PM | * Tchat/admin/fusers.pxtm-- -- --8191
3/5/2026 6:31:15 PM | * Tchat/admin/gdpr.pxtm-- -- --7386
3/5/2026 6:31:15 PM | * Tchat/admin/general.pxtm-- -- --13694
3/5/2026 6:31:15 PM | * Tchat/admin/index.php-- -- --41
3/5/2026 6:31:15 PM | * Tchat/admin/logs.pxtm-- -- --4690
3/5/2026 6:31:15 PM | * Tchat/admin/mapps.pxtm-- -- --2589
3/5/2026 6:31:15 PM | * Tchat/admin/menu.pxtm-- -- --3787
3/5/2026 6:31:15 PM | * Tchat/admin/messages.pxtm-- -- --8657
3/5/2026 6:31:15 PM | * Tchat/admin/pwa.pxtm-- -- --3989
3/5/2026 6:31:15 PM | * Tchat/admin/recache_as.inc-- -- --2390
3/5/2026 6:31:15 PM | * Tchat/admin/room.pxtm-- -- --2091
3/5/2026 6:31:15 PM | * Tchat/admin/rooms.pxtm-- -- --4636
3/5/2026 6:31:15 PM | * Tchat/admin/settings.pxtm-- -- --2112
3/5/2026 6:31:15 PM | * Tchat/admin/sounds.pxtm-- -- --11484
3/5/2026 6:31:15 PM | * Tchat/admin/splash.pxtm-- -- --1640
3/5/2026 6:31:15 PM | * Tchat/admin/stats.pxtm-- -- --29132
3/5/2026 6:31:15 PM | * Tchat/admin/style.pxtm-- -- --15862
3/5/2026 6:31:15 PM | * Tchat/admin/stylemsg.pxtm-- -- --2526
3/5/2026 6:31:15 PM | * Tchat/admin/tips.pxtm-- -- --7897
3/5/2026 6:31:15 PM | * Tchat/admin/update.pxtm-- -- --36780
3/5/2026 6:31:15 PM | * Tchat/admin/user.pxtm-- -- --8498
3/5/2026 6:31:15 PM | * Tchat/admin/users.pxtm-- -- --7269
3/5/2026 6:31:15 PM | * Tchat/admin/utf8test.pxtm-- -- --12709
3/5/2026 6:31:15 PM | * Tchat/admin/vpro.pxtm-- -- --3335
3/5/2026 6:31:15 PM | * Tchat/admin/widgets.pxtm-- -- --27051
3/5/2026 6:31:15 PM | * Tchat/app/128.png-- -- --1197
3/5/2026 6:31:15 PM | * Tchat/app/256.png-- -- --2317
3/5/2026 6:31:15 PM | * Tchat/app/512.png-- -- --3703
3/5/2026 6:31:15 PM | * Tchat/app/network.html-- -- --1281
3/5/2026 6:31:15 PM | * Tchat/attachments/index.html-- -- --3
3/5/2026 6:31:15 PM | * Tchat/avatars/avt01.svg-- -- --3672
3/5/2026 6:31:15 PM | * Tchat/avatars/avt02.svg-- -- --5371
3/5/2026 6:31:15 PM | * Tchat/avatars/avt03.svg-- -- --4641
3/5/2026 6:31:15 PM | * Tchat/avatars/avt04.svg-- -- --3895
3/5/2026 6:31:15 PM | * Tchat/avatars/avt05.svg-- -- --5054
3/5/2026 6:31:15 PM | * Tchat/avatars/avt06.svg-- -- --4657
3/5/2026 6:31:15 PM | * Tchat/avatars/avt07.svg-- -- --4429
3/5/2026 6:31:15 PM | * Tchat/avatars/avt08.svg-- -- --4439
3/5/2026 6:31:15 PM | * Tchat/avatars/avt09.svg-- -- --5044
3/5/2026 6:31:15 PM | * Tchat/avatars/avt10.svg-- -- --3584
3/5/2026 6:31:15 PM | * Tchat/avatars/avt11.svg-- -- --3993
3/5/2026 6:31:15 PM | * Tchat/avatars/avt12.svg-- -- --3640
3/5/2026 6:31:15 PM | * Tchat/avatars/avt13.svg-- -- --3581
3/5/2026 6:31:15 PM | * Tchat/avatars/avt14.svg-- -- --4308
3/5/2026 6:31:15 PM | * Tchat/avatars/avt15.svg-- -- --5420
3/5/2026 6:31:15 PM | * Tchat/avatars/avt16.svg-- -- --4843
3/5/2026 6:31:15 PM | * Tchat/avatars/avt17.svg-- -- --5123
3/5/2026 6:31:15 PM | * Tchat/avatars/avt18.svg-- -- --3640
3/5/2026 6:31:15 PM | * Tchat/avatars/avt19.svg-- -- --5707
3/5/2026 6:31:15 PM | * Tchat/avatars/avt20.svg-- -- --3796
3/5/2026 6:31:15 PM | * Tchat/avatars/avt21.svg-- -- --4651
3/5/2026 6:31:15 PM | * Tchat/avatars/avt22.svg-- -- --4662
3/5/2026 6:31:15 PM | * Tchat/avatars/avt23.svg-- -- --4665
3/5/2026 6:31:15 PM | * Tchat/avatars/avt24.svg-- -- --4612
3/5/2026 6:31:15 PM | * Tchat/avatars/avt25.svg-- -- --5368
3/5/2026 6:31:15 PM | * Tchat/avatars/avt26.svg-- -- --4841
3/5/2026 6:31:15 PM | * Tchat/avatars/avt27.svg-- -- --5041
3/5/2026 6:31:15 PM | * Tchat/avatars/avt28.svg-- -- --4840
3/5/2026 6:31:15 PM | * Tchat/avatars/avt29.svg-- -- --4661
3/5/2026 6:31:15 PM | * Tchat/avatars/avt30.svg-- -- --3688
3/5/2026 6:31:15 PM | * Tchat/avatars/avt31.svg-- -- --4351
3/5/2026 6:31:15 PM | * Tchat/avatars/avt32.svg-- -- --4655
3/5/2026 6:31:15 PM | * Tchat/avatars/avt33.svg-- -- --3999
3/5/2026 6:31:15 PM | * Tchat/avatars/avt34.svg-- -- --4668
3/5/2026 6:31:15 PM | * Tchat/avatars/avt35.svg-- -- --4304
3/5/2026 6:31:15 PM | * Tchat/avatars/avt36.svg-- -- --5122
3/5/2026 6:31:15 PM | * Tchat/avatars/avt37.svg-- -- --4351
3/5/2026 6:31:15 PM | * Tchat/avatars/avt38.svg-- -- --3631
3/5/2026 6:31:15 PM | * Tchat/avatars/avt39.svg-- -- --3668
3/5/2026 6:31:15 PM | * Tchat/avatars/avt40.svg-- -- --3672
3/5/2026 6:31:15 PM | * Tchat/avatars/avt41.svg-- -- --3890
3/5/2026 6:31:15 PM | * Tchat/avatars/avt42.svg-- -- --4452
3/5/2026 6:31:15 PM | * Tchat/avatars/avt43.svg-- -- --3662
3/5/2026 6:31:15 PM | * Tchat/avatars/avt44.svg-- -- --5653
3/5/2026 6:31:15 PM | * Tchat/avatars/avt45.svg-- -- --4489
3/5/2026 6:31:15 PM | * Tchat/avatars/avt46.svg-- -- --4621
3/5/2026 6:31:15 PM | * Tchat/avatars/avt47.svg-- -- --3894
3/5/2026 6:31:15 PM | * Tchat/avatars/avt48.svg-- -- --5705
3/5/2026 6:31:15 PM | * Tchat/avatars/avt49.svg-- -- --3608
3/5/2026 6:31:15 PM | * Tchat/avatars/avt50.svg-- -- --4500
3/5/2026 6:31:15 PM | * Tchat/avatars/avt51.svg-- -- --4614
3/5/2026 6:31:15 PM | * Tchat/avatars/avt52.svg-- -- --4296
3/5/2026 6:31:15 PM | * Tchat/avatars/avt53.svg-- -- --3999
3/5/2026 6:31:15 PM | * Tchat/avatars/avt54.svg-- -- --3790
3/5/2026 6:31:15 PM | * Tchat/avatars/avt55.svg-- -- --4625
3/5/2026 6:31:15 PM | * Tchat/avatars/avt56.svg-- -- --4356
3/5/2026 6:31:15 PM | * Tchat/avatars/avt57.svg-- -- --3888
3/5/2026 6:31:15 PM | * Tchat/avatars/avt58.svg-- -- --3609
3/5/2026 6:31:15 PM | * Tchat/avatars/avt59.svg-- -- --5044
3/5/2026 6:31:15 PM | * Tchat/avatars/avt60.svg-- -- --4539
3/5/2026 6:31:15 PM | * Tchat/backgrounds/coffee1.jpg-- -- --101595
3/5/2026 6:31:15 PM | * Tchat/backgrounds/coffee2.jpg-- -- --85312
3/5/2026 6:31:15 PM | * Tchat/backgrounds/couple1.jpg-- -- --143625
3/5/2026 6:31:15 PM | * Tchat/backgrounds/couple2.jpg-- -- --91126
3/5/2026 6:31:15 PM | * Tchat/backgrounds/pasta1.jpg-- -- --118748
3/5/2026 6:31:15 PM | * Tchat/backgrounds/pasta2.jpg-- -- --69007
3/5/2026 6:31:15 PM | * Tchat/img/000.svg-- -- --592
3/5/2026 6:31:15 PM | * Tchat/img/001.svg-- -- --648
3/5/2026 6:31:15 PM | * Tchat/img/002.svg-- -- --1175
3/5/2026 6:31:15 PM | * Tchat/img/00a.svg-- -- --250
3/5/2026 6:31:15 PM | * Tchat/img/00b.svg-- -- --588
3/5/2026 6:31:15 PM | * Tchat/img/00c.svg-- -- --526
3/5/2026 6:31:15 PM | * Tchat/img/00d.svg-- -- --409
3/5/2026 6:31:15 PM | * Tchat/img/00e.svg-- -- --221
3/5/2026 6:31:15 PM | * Tchat/img/00f.svg-- -- --216
3/5/2026 6:31:15 PM | * Tchat/img/00g.svg-- -- --540
3/5/2026 6:31:15 PM | * Tchat/img/00h.svg-- -- --221
3/5/2026 6:31:15 PM | * Tchat/img/00i.svg-- -- --184
3/5/2026 6:31:15 PM | * Tchat/img/00j.svg-- -- --353
3/5/2026 6:31:15 PM | * Tchat/img/00k.svg-- -- --241
3/5/2026 6:31:15 PM | * Tchat/img/00l.svg-- -- --201
3/5/2026 6:31:15 PM | * Tchat/img/00m.svg-- -- --256
3/5/2026 6:31:15 PM | * Tchat/img/00n.svg-- -- --232
3/5/2026 6:31:15 PM | * Tchat/img/00o.svg-- -- --484
3/5/2026 6:31:15 PM | * Tchat/img/00p.svg-- -- --381
3/5/2026 6:31:15 PM | * Tchat/img/00q.svg-- -- --638
3/5/2026 6:31:15 PM | * Tchat/img/00r.svg-- -- --581
3/5/2026 6:31:15 PM | * Tchat/img/00s.svg-- -- --693
3/5/2026 6:31:15 PM | * Tchat/img/00t.svg-- -- --211
3/5/2026 6:31:15 PM | * Tchat/img/00u.svg-- -- --368
3/5/2026 6:31:15 PM | * Tchat/img/00v.svg-- -- --217
3/5/2026 6:31:15 PM | * Tchat/img/00w.svg-- -- --296
3/5/2026 6:31:15 PM | * Tchat/img/00x.svg-- -- --254
3/5/2026 6:31:15 PM | * Tchat/img/00y.svg-- -- --230
3/5/2026 6:31:15 PM | * Tchat/img/00z.svg-- -- --228
3/5/2026 6:31:15 PM | * Tchat/incl/cookieauth.php-- -- --605
3/5/2026 6:31:15 PM | * Tchat/incl/main.php-- -- --6530
3/5/2026 6:31:15 PM | * Tchat/incl/mysqli_functions.php-- -- --1269
3/5/2026 6:31:15 PM | * Tchat/incl/qrcode.js-- -- --33657
3/5/2026 6:31:15 PM | * Tchat/incl/vpro1.jpg-- -- --23470
3/5/2026 6:31:15 PM | * Tchat/incl/vpro2.png-- -- --31846
3/5/2026 6:31:15 PM | * Tchat/incl/vpro3.jpg-- -- --37515
3/5/2026 6:31:15 PM | * Tchat/incl/vpro4.png-- -- --29418
3/5/2026 6:31:15 PM | * Tchat/incl/vpro5.jpg-- -- --44512
3/5/2026 6:31:15 PM | * Tchat/incl/vpro6.jpg-- -- --88424
3/5/2026 6:31:15 PM | * Tchat/incl/vpro7.jpg-- -- --40429
3/5/2026 6:31:15 PM | * Tchat/incl/vpro8.jpg-- -- --53014
3/5/2026 6:31:15 PM | * Tchat/install/done.php-- -- --2633
3/5/2026 6:31:15 PM | * Tchat/install/index.php-- -- --1459
3/5/2026 6:31:15 PM | * Tchat/install/lang_english.utf8-- -- --5648
3/5/2026 6:31:15 PM | * Tchat/install/step1.php-- -- --5142
3/5/2026 6:31:15 PM | * Tchat/install/step2.php-- -- --53789
3/5/2026 6:31:15 PM | * Tchat/install/style.css-- -- --5305
3/5/2026 6:31:15 PM | * Tchat/install/testcon.php-- -- --635
3/5/2026 6:31:15 PM | * Tchat/lang/admin_english.utf8-- -- --73217
3/5/2026 6:31:15 PM | * Tchat/lang/languages.php-- -- --2241
3/5/2026 6:31:15 PM | * Tchat/lang/lang_albanian.utf8-- -- --11931
3/5/2026 6:31:15 PM | * Tchat/lang/lang_arabic.utf8-- -- --14247
3/5/2026 6:31:15 PM | * Tchat/lang/lang_chinese.utf8-- -- --11020
3/5/2026 6:31:15 PM | * Tchat/lang/lang_czech.utf8-- -- --11598
3/5/2026 6:31:15 PM | * Tchat/lang/lang_danish.utf8-- -- --11367
3/5/2026 6:31:15 PM | * Tchat/lang/lang_dutch.utf8-- -- --11493
3/5/2026 6:31:15 PM | * Tchat/lang/lang_english.utf8-- -- --11326
3/5/2026 6:31:15 PM | * Tchat/lang/lang_french.utf8-- -- --12386
3/5/2026 6:31:15 PM | * Tchat/lang/lang_german.utf8-- -- --12081
3/5/2026 6:31:15 PM | * Tchat/lang/lang_greek.utf8-- -- --17252
3/5/2026 6:31:15 PM | * Tchat/lang/lang_hungarian.utf8-- -- --12011
3/5/2026 6:31:15 PM | * Tchat/lang/lang_indonesian.utf8-- -- --11383
3/5/2026 6:31:15 PM | * Tchat/lang/lang_italian.utf8-- -- --11786
3/5/2026 6:31:15 PM | * Tchat/lang/lang_korean.utf8-- -- --13419
3/5/2026 6:31:15 PM | * Tchat/lang/lang_polish.utf8-- -- --11749
3/5/2026 6:31:15 PM | * Tchat/lang/lang_portuguese_br.utf8-- -- --11817
3/5/2026 6:31:15 PM | * Tchat/lang/lang_romanian.utf8-- -- --11769
3/5/2026 6:31:15 PM | * Tchat/lang/lang_russian.utf8-- -- --15885
3/5/2026 6:31:15 PM | * Tchat/lang/lang_spanish.utf8-- -- --12048
3/5/2026 6:31:15 PM | * Tchat/lang/lang_swedish.utf8-- -- --11627
3/5/2026 6:31:15 PM | * Tchat/lang/lang_turkish.utf8-- -- --11722
3/5/2026 6:31:15 PM | * Tchat/splash/chat-community.html-- -- --6217
3/5/2026 6:31:15 PM | * Tchat/splash/chat-community.woff2-- -- --13304
3/5/2026 6:31:15 PM | * Tchat/splash/coffee-widget.html-- -- --6575
3/5/2026 6:31:15 PM | * Tchat/splash/coffee-widget.woff-- -- --29812
3/5/2026 6:31:15 PM | * Tchat/splash/midnight-stories.html-- -- --3969
3/5/2026 6:31:15 PM | * Tchat/splash/midnight-stories.woff2-- -- --20468
3/5/2026 6:31:15 PM | * Tchat/stickers/Deutsch/de_call.svg-- -- --8739
3/5/2026 6:31:15 PM | * Tchat/stickers/Deutsch/de_cheers.svg-- -- --7035
3/5/2026 6:31:15 PM | * Tchat/stickers/Deutsch/de_chillen.svg-- -- --6737
3/5/2026 6:31:15 PM | * Tchat/stickers/Deutsch/de_danke.svg-- -- --7487
3/5/2026 6:31:15 PM | * Tchat/stickers/Deutsch/de_day.svg-- -- --7878
3/5/2026 6:31:15 PM | * Tchat/stickers/Deutsch/de_echt.svg-- -- --6340
3/5/2026 6:31:15 PM | * Tchat/stickers/Deutsch/de_mean.svg-- -- --12281
3/5/2026 6:31:15 PM | * Tchat/stickers/Deutsch/de_mude.svg-- -- --5785
3/5/2026 6:31:15 PM | * Tchat/stickers/Deutsch/de_nacht.svg-- -- --4663
3/5/2026 6:31:15 PM | * Tchat/stickers/Deutsch/de_schatz.svg-- -- --6559
3/5/2026 6:31:15 PM | * Tchat/stickers/Deutsch/de_seeya.svg-- -- --9037
3/5/2026 6:31:15 PM | * Tchat/stickers/Deutsch/de_sham.svg-- -- --13060
3/5/2026 6:31:15 PM | * Tchat/stickers/Deutsch/de_spielen.svg-- -- --9145
3/5/2026 6:31:15 PM | * Tchat/stickers/Deutsch/de_turlich.svg-- -- --9459
3/5/2026 6:31:15 PM | * Tchat/stickers/Deutsch/de_whatsup.svg-- -- --8844
3/5/2026 6:31:15 PM | * Tchat/stickers/Stickers/en_birthday.svg-- -- --11874
3/5/2026 6:31:15 PM | * Tchat/stickers/Stickers/en_brb.svg-- -- --3641
3/5/2026 6:31:15 PM | * Tchat/stickers/Stickers/en_call.svg-- -- --9706
3/5/2026 6:31:15 PM | * Tchat/stickers/Stickers/en_cheers.svg-- -- --7849
3/5/2026 6:31:15 PM | * Tchat/stickers/Stickers/en_cool.svg-- -- --3866
3/5/2026 6:31:15 PM | * Tchat/stickers/Stickers/en_flu.svg-- -- --5475
3/5/2026 6:31:15 PM | * Tchat/stickers/Stickers/en_go.svg-- -- --9058
3/5/2026 6:31:15 PM | * Tchat/stickers/Stickers/en_hate.svg-- -- --9691
3/5/2026 6:31:15 PM | * Tchat/stickers/Stickers/en_lol.svg-- -- --3564
3/5/2026 6:31:15 PM | * Tchat/stickers/Stickers/en_love.svg-- -- --3483
3/5/2026 6:31:15 PM | * Tchat/stickers/Stickers/en_luck.svg-- -- --5527
3/5/2026 6:31:15 PM | * Tchat/stickers/Stickers/en_morning.svg-- -- --10040
3/5/2026 6:31:15 PM | * Tchat/stickers/Stickers/en_night.svg-- -- --8044
3/5/2026 6:31:15 PM | * Tchat/stickers/Stickers/en_omg.svg-- -- --3197
3/5/2026 6:31:15 PM | * Tchat/stickers/Stickers/en_please.svg-- -- --6407
3/5/2026 6:31:15 PM | * Tchat/stickers/Stickers/en_rtfm.svg-- -- --4374
3/5/2026 6:31:15 PM | * Tchat/stickers/Stickers/en_thanks.svg-- -- --8163
3/5/2026 6:31:15 PM | * Tchat/stickers/Stickers/en_thumbd.svg-- -- --4979
3/5/2026 6:31:15 PM | * Tchat/stickers/Stickers/en_thumbu.svg-- -- --5019
3/5/2026 6:31:15 PM | * Tchat/stickers/Stickers/en_what.svg-- -- --5748
3/5/2026 6:31:15 PM | * Tchat/templates/blabax.pxtm-- -- --26852
3/5/2026 6:31:15 PM | * Tchat/templates/forget.pxtm-- -- --1530
3/5/2026 6:31:15 PM | * Tchat/templates/info.pxtm-- -- --1377
3/5/2026 6:31:15 PM | * Tchat/templates/login.pxtm-- -- --4634
3/5/2026 6:31:15 PM | * Tchat/templates/password_recovery_email.pxtm-- -- --3157
3/5/2026 6:31:15 PM | * Tchat/templates/password_recovery_question.pxtm-- -- --2678
3/5/2026 6:31:15 PM | * Tchat/templates/register.pxtm-- -- --5937
3/5/2026 6:31:15 PM | * Tchat/widgets/online_avt.php-- -- --1207
3/5/2026 6:31:15 PM | * Tchat/widgets/online_usr.php-- -- --696
3/5/2026 6:31:15 PM | * Tchat/widgets/statistics.php-- -- --970
3/5/2026 6:31:15 PM | * Tchat/widgets/usr_latest.php-- -- --784
3/5/2026 6:31:15 PM | * Tchat/widgets/usr_top_10.php-- -- --795
3/5/2026 6:31:15 PM | * Tchat/account.php-- -- --10971
3/5/2026 6:31:15 PM | * Tchat/admin.php-- -- --32321
3/5/2026 6:31:15 PM | * Tchat/avatar.php-- -- --645
3/5/2026 6:31:15 PM | * Tchat/ax_ping.php-- -- --5055
3/5/2026 6:31:15 PM | * Tchat/ban.php-- -- --1107
3/5/2026 6:31:15 PM | * Tchat/blabax.css-- -- --65909
3/5/2026 6:31:15 PM | * Tchat/blabax.js-- -- --36032
3/5/2026 6:31:15 PM | * Tchat/blabax.php-- -- --10238
3/5/2026 6:31:15 PM | * Tchat/config.php-- -- --8272
3/5/2026 6:31:15 PM | * Tchat/cron.php-- -- --2853
3/5/2026 6:31:15 PM | * Tchat/Echec(var).js-- -- --172
3/5/2026 6:31:15 PM | * Tchat/Echec.css-- -- --941
3/5/2026 6:31:15 PM | * Tchat/Echec.php-- -- --27872
3/5/2026 6:31:15 PM | * Tchat/emocodes.php-- -- --4616
3/5/2026 6:31:15 PM | * Tchat/emoticons.css-- -- --71284
3/5/2026 6:31:15 PM | * Tchat/Envoi(var).js-- -- --172
3/5/2026 6:31:15 PM | * Tchat/Envoi.css-- -- --863
3/5/2026 6:31:15 PM | * Tchat/Envoi.php-- -- --27542
3/5/2026 6:31:16 PM | * Tchat/errors.txt-- -- --0
3/5/2026 6:31:16 PM | * Tchat/forget.php-- -- --1505
3/5/2026 6:31:16 PM | * Tchat/index.php-- -- --1272
3/5/2026 6:31:16 PM | * Tchat/info.php-- -- --947
3/5/2026 6:31:16 PM | * Tchat/mavatar.php-- -- --4535
3/5/2026 6:31:16 PM | * Tchat/msgfetch.php-- -- --2682
3/5/2026 6:31:16 PM | * Tchat/profile.php-- -- --4099
3/5/2026 6:31:16 PM | * Tchat/pwa.js-- -- --366
3/5/2026 6:31:16 PM | * Tchat/pwa.webmanifest-- -- --506
3/5/2026 6:31:16 PM | * Tchat/sounds.js-- -- --36007
3/5/2026 6:31:16 PM | * Tchat/Tchat(var).js-- -- --1107
3/5/2026 6:31:16 PM | * Tchat/Tchat(var).php-- -- --4022
3/5/2026 6:31:16 PM | * Tchat/Tchat.css-- -- --4728
3/5/2026 6:31:16 PM | * Tchat/Tchat.php-- -- --58508
3/5/2026 6:31:16 PM | * Tchat/user.php-- -- --640
3/5/2026 6:31:16 PM | * Tchat/version.php-- -- --26
3/5/2026 6:31:16 PM | * Tchat/widget.php-- -- --1571
3/5/2026 6:31:16 PM | * bl-verification-36063.txt-- -- --25
3/5/2026 6:31:16 PM | * default_index.html-- -- --16768
3/5/2026 6:31:16 PM | * favicon.oe.ico-- -- --257670
3/5/2026 6:31:16 PM | * googleceeeddffd21d0292.html-- -- --53
3/5/2026 6:31:16 PM | * googlee2915bd326f7106a.html-- -- --53
3/5/2026 6:31:16 PM | * index(var).js-- -- --171
3/5/2026 6:31:16 PM | * index.css-- -- --917
3/5/2026 6:31:16 PM | * Backup/index.dat-- -- --152600
3/5/2026 6:31:16 PM | * index.php-- -- --36765
3/5/2026 6:31:16 PM | * robots.txt-- -- --39
3/5/2026 6:31:16 PM | * sitemap.xml-- -- --26907
3/5/2026 6:31:16 PM | * Files/Other/Jeu-de-tarot-1.ico-- -- --257670
3/5/2026 6:31:16 PM | * Files/Fonts/Aardvark Cafe.eot-- -- --29328
3/5/2026 6:31:16 PM | * Files/Fonts/Aardvark Cafe.ttf-- -- --29088
3/5/2026 6:31:16 PM | * Files/Fonts/Aardvark Cafe.woff-- -- --17936
3/5/2026 6:31:16 PM | * Files/Fonts/Abilane Free Trial.eot-- -- --94684
3/5/2026 6:31:16 PM | * Files/Fonts/Abilane Free Trial.ttf-- -- --94376
3/5/2026 6:31:16 PM | * Files/Fonts/Abilane Free Trial.woff-- -- --23208
3/5/2026 6:31:16 PM | * Files/Fonts/AboveStars.eot-- -- --19814
3/5/2026 6:31:16 PM | * Files/Fonts/AboveStars.ttf-- -- --19568
3/5/2026 6:31:16 PM | * Files/Fonts/AboveStars.woff-- -- --12868
3/5/2026 6:31:16 PM | * Files/Fonts/AcapelaDEMO.eot-- -- --102742
3/5/2026 6:31:16 PM | * Files/Fonts/AcapelaDEMO.ttf-- -- --102516
3/5/2026 6:31:16 PM | * Files/Fonts/AcapelaDEMO.woff-- -- --19504
3/5/2026 6:31:16 PM | * Files/Fonts/Acknesia.eot-- -- --37048
3/5/2026 6:31:16 PM | * Files/Fonts/Acknesia.ttf-- -- --36892
3/5/2026 6:31:16 PM | * Files/Fonts/Acknesia.woff-- -- --23220
3/5/2026 6:31:16 PM | * Files/Fonts/Aclonica Regular.eot-- -- --50764
3/5/2026 6:31:16 PM | * Files/Fonts/Aclonica Regular.ttf-- -- --50576
3/5/2026 6:31:16 PM | * Files/Fonts/Aclonica Regular.woff-- -- --26500
3/5/2026 6:31:16 PM | * Files/Fonts/ActaAmour Regular.eot-- -- --53868
3/5/2026 6:31:16 PM | * Files/Fonts/ActaAmour Regular.ttf-- -- --53672
3/5/2026 6:31:16 PM | * Files/Fonts/ActaAmour Regular.woff-- -- --33344
3/5/2026 6:31:16 PM | * Files/Fonts/Adorable Handmade.eot-- -- --72730
3/5/2026 6:31:16 PM | * Files/Fonts/Adorable Handmade.ttf-- -- --72524
3/5/2026 6:31:16 PM | * Files/Fonts/Adorable Handmade.woff-- -- --33764
3/5/2026 6:31:16 PM | * Files/Fonts/ADVENTURE AWAIT.eot-- -- --31026
3/5/2026 6:31:16 PM | * Files/Fonts/ADVENTURE AWAIT.ttf-- -- --30784
3/5/2026 6:31:16 PM | * Files/Fonts/ADVENTURE AWAIT.woff-- -- --20916
3/5/2026 6:31:16 PM | * Files/Fonts/Aesthetic.eot-- -- --168308
3/5/2026 6:31:16 PM | * Files/Fonts/Aesthetic.ttf-- -- --168132
3/5/2026 6:31:16 PM | * Files/Fonts/Aesthetic.woff-- -- --83632
3/5/2026 6:31:16 PM | * Files/Fonts/Fonts.css-- -- --4403
3/5/2026 6:31:16 PM | * Files/Fonts/Ubuntu Regular.eot-- -- --49202
3/5/2026 6:31:16 PM | * Files/Fonts/Ubuntu Regular.ttf-- -- --49024
3/5/2026 6:31:16 PM | * Files/Fonts/Ubuntu Regular.woff-- -- --26724
3/5/2026 6:31:16 PM | * Templates/Base.css-- -- --4681
3/5/2026 6:31:16 PM | * Templates/Base.php-- -- --30658
3/5/2026 6:31:16 PM | * Backup/Templates/Base.tdat-- -- --1105755
3/5/2026 6:31:16 PM | * Backup/Common/DataFileSyncFtp.xml-- -- --4647
3/5/2026 6:31:16 PM | * Backup/Common/FTPLog.txt-- -- --11321
3/5/2026 6:31:16 PM | * Backup/Common/Garbage.cfg-- -- --1569
3/5/2026 6:31:16 PM | * Backup/Common/Linkmap.cfg-- -- --3695301
3/5/2026 6:31:16 PM | * Backup/Common/Lock.cfg-- -- --441
3/5/2026 6:31:16 PM | * Backup/Common/OEGuideline.cfg-- -- --11370167
3/5/2026 6:31:16 PM | * Backup/Common/online-fonts.htm-- -- --79
3/5/2026 6:31:16 PM | * Backup/Common/Palette.xml-- -- --295
3/5/2026 6:31:16 PM | * Backup/Common/Palette.xml.upd-- -- --10
3/5/2026 6:31:16 PM | * Backup/Common/SiteConfig.cfg-- -- --39403
3/5/2026 6:31:16 PM | * Backup/Common/UploadAllFileList.cfg-- -- --254071
3/5/2026 6:31:16 PM | * Backup/Common/User.cfg-- -- --590
3/5/2026 6:31:16 PM | * Backup/Belline net.ope-- -- --3598
3/5/2026 6:32:47 PM | 
3/5/2026 6:32:47 PM | 
--------------------------------Phase 1 Terminé--------------------------------
3/5/2026 6:32:47 PM | 

3/5/2026 7:05:09 PM | Debut Mise en ligne différentielle (Site):
3/5/2026 7:05:26 PM | Listing terminé :
3/5/2026 7:05:26 PM | 

3/5/2026 7:05:26 PM | * Tchat-- -- --Folder create
3/5/2026 7:05:26 PM | * Tchat/widgets-- -- --Folder create
3/5/2026 7:05:26 PM | * Tchat/templates-- -- --Folder create
3/5/2026 7:05:26 PM | * Tchat/stickers-- -- --Folder create
3/5/2026 7:05:26 PM | * Tchat/stickers/Stickers-- -- --Folder create
3/5/2026 7:05:26 PM | * Tchat/stickers/Deutsch-- -- --Folder create
3/5/2026 7:05:26 PM | * Tchat/splash-- -- --Folder create
3/5/2026 7:05:26 PM | * Tchat/lang-- -- --Folder create
3/5/2026 7:05:26 PM | * Tchat/install-- -- --Folder create
3/5/2026 7:05:26 PM | * Tchat/incl-- -- --Folder create
3/5/2026 7:05:26 PM | * Tchat/img-- -- --Folder create
3/5/2026 7:05:26 PM | * Tchat/backgrounds-- -- --Folder create
3/5/2026 7:05:26 PM | * Tchat/avatars-- -- --Folder create
3/5/2026 7:05:26 PM | * Tchat/attachments-- -- --Folder create
3/5/2026 7:05:26 PM | * Tchat/app-- -- --Folder create
3/5/2026 7:05:26 PM | * Tchat/admin-- -- --Folder create
3/5/2026 7:05:26 PM | * Tchat/admin/font-- -- --Folder create
3/5/2026 7:05:26 PM | * Planetes-- -- --Folder create
3/5/2026 7:05:26 PM | * Partenaires-- -- --Folder create
3/5/2026 7:05:26 PM | * Paiement-- -- --Folder create
3/5/2026 7:05:26 PM | * Online-- -- --Folder create
3/5/2026 7:05:26 PM | * Online/Templates-- -- --Folder create
3/5/2026 7:05:26 PM | * Methodes-- -- --Folder create
3/5/2026 7:05:26 PM | * Mail-- -- --Folder create
3/5/2026 7:05:26 PM | * Magie-- -- --Folder create
3/5/2026 7:05:26 PM | * Gratuite-- -- --Folder create
3/5/2026 7:05:26 PM | * Dons-- -- --Folder create
3/5/2026 7:05:26 PM | * Domicile-- -- --Folder create
3/5/2026 7:05:26 PM | * Chat-- -- --Folder create
3/5/2026 7:05:26 PM | * CGU-- -- --Folder create
3/5/2026 7:05:26 PM | * Cartomancie-- -- --Folder create
3/5/2026 7:05:26 PM | * Cartomancie/Tarots-- -- --Folder create
3/5/2026 7:05:26 PM | * Cartomancie/Belline-- -- --Folder create
3/5/2026 7:05:26 PM | * Cartomancie/32-cartes-- -- --Folder create
3/5/2026 7:05:26 PM | * Cartomancie/32-cartes/Trefle-- -- --Folder create
3/5/2026 7:05:26 PM | * Cartomancie/32-cartes/Pique-- -- --Folder create
3/5/2026 7:05:26 PM | * Cartomancie/32-cartes/Coeur-- -- --Folder create
3/5/2026 7:05:26 PM | * Cartomancie/32-cartes/Carreau-- -- --Folder create
3/5/2026 7:05:26 PM | * Admin-- -- --Folder create
3/5/2026 7:05:26 PM | * Admin/sounds-- -- --Folder create
3/5/2026 7:05:26 PM | * Backup-- -- --Folder create
3/5/2026 7:05:26 PM | * Templates-- -- --Folder create
3/5/2026 7:05:26 PM | * WEFiles-- -- --Folder create
3/5/2026 7:05:26 PM | * WEFiles/Image-- -- --Folder create
3/5/2026 7:05:26 PM | * WEFiles/Image/WEImage-- -- --Folder create
3/5/2026 7:05:26 PM | * Backup/.htaccess-- -- --33
3/5/2026 7:05:26 PM | * .htaccess-- -- --0
3/5/2026 7:05:26 PM | * Admin/status.css-- -- --0
3/5/2026 7:05:26 PM | * Cartomancie/32-cartes/Carreau/07(var).js-- -- --171
3/5/2026 7:05:26 PM | * Cartomancie/32-cartes/Carreau/07.css-- -- --1196
3/5/2026 7:05:26 PM | * Backup/Cartomancie/32-cartes/Carreau/07.dat-- -- --278233
3/5/2026 7:05:26 PM | * Cartomancie/32-cartes/Carreau/07.php-- -- --33455
3/5/2026 7:05:26 PM | * Cartomancie/32-cartes/Carreau/08(var).js-- -- --171
3/5/2026 7:05:26 PM | * Cartomancie/32-cartes/Carreau/08.css-- -- --1197
3/5/2026 7:05:26 PM | * Backup/Cartomancie/32-cartes/Carreau/08.dat-- -- --279197
3/5/2026 7:05:26 PM | * Cartomancie/32-cartes/Carreau/08.php-- -- --34323
3/5/2026 7:05:26 PM | * Cartomancie/32-cartes/Carreau/09(var).js-- -- --171
3/5/2026 7:05:26 PM | * Cartomancie/32-cartes/Carreau/09.css-- -- --1196
3/5/2026 7:05:26 PM | * Backup/Cartomancie/32-cartes/Carreau/09.dat-- -- --277444
3/5/2026 7:05:26 PM | * Cartomancie/32-cartes/Carreau/09.php-- -- --33109
3/5/2026 7:05:26 PM | * Cartomancie/32-cartes/Carreau/10(var).js-- -- --171
3/5/2026 7:05:26 PM | * Cartomancie/32-cartes/Carreau/10.css-- -- --1196
3/5/2026 7:05:26 PM | * Backup/Cartomancie/32-cartes/Carreau/10.dat-- -- --278108
3/5/2026 7:05:26 PM | * Cartomancie/32-cartes/Carreau/10.php-- -- --33384
3/5/2026 7:05:26 PM | * Cartomancie/32-cartes/Carreau/11-Valet(var).js-- -- --171
3/5/2026 7:05:26 PM | * Cartomancie/32-cartes/Carreau/11-Valet.css-- -- --1196
3/5/2026 7:05:26 PM | * Backup/Cartomancie/32-cartes/Carreau/11-Valet.dat-- -- --278300
3/5/2026 7:05:26 PM | * Cartomancie/32-cartes/Carreau/11-Valet.php-- -- --33981
3/5/2026 7:05:26 PM | * Cartomancie/32-cartes/Carreau/12-Dame(var).js-- -- --171
3/5/2026 7:05:26 PM | * Cartomancie/32-cartes/Carreau/12-Dame.css-- -- --1196
3/5/2026 7:05:26 PM | * Backup/Cartomancie/32-cartes/Carreau/12-Dame.dat-- -- --277737
3/5/2026 7:05:26 PM | * Cartomancie/32-cartes/Carreau/12-Dame.php-- -- --33635
3/5/2026 7:05:26 PM | * Cartomancie/32-cartes/Carreau/13-Roi(var).js-- -- --171
3/5/2026 7:05:26 PM | * Cartomancie/32-cartes/Carreau/13-Roi.css-- -- --1196
3/5/2026 7:05:26 PM | * Backup/Cartomancie/32-cartes/Carreau/13-Roi.dat-- -- --278040
3/5/2026 7:05:26 PM | * Cartomancie/32-cartes/Carreau/13-Roi.php-- -- --33715
3/5/2026 7:05:26 PM | * Cartomancie/32-cartes/Carreau/14-As(var).js-- -- --171
3/5/2026 7:05:26 PM | * Cartomancie/32-cartes/Carreau/14-As.css-- -- --1196
3/5/2026 7:05:26 PM | * Backup/Cartomancie/32-cartes/Carreau/14-As.dat-- -- --278005
3/5/2026 7:05:26 PM | * Cartomancie/32-cartes/Carreau/14-As.php-- -- --33551
3/5/2026 7:05:26 PM | * Cartomancie/32-cartes/Coeur/07(var).js-- -- --171
3/5/2026 7:05:26 PM | * Cartomancie/32-cartes/Coeur/07.css-- -- --1196
3/5/2026 7:05:26 PM | * Backup/Cartomancie/32-cartes/Coeur/07.dat-- -- --277977
3/5/2026 7:05:26 PM | * Cartomancie/32-cartes/Coeur/07.php-- -- --33484
3/5/2026 7:05:26 PM | * Cartomancie/32-cartes/Coeur/08(var).js-- -- --171
3/5/2026 7:05:26 PM | * Cartomancie/32-cartes/Coeur/08.css-- -- --1196
3/5/2026 7:05:26 PM | * Backup/Cartomancie/32-cartes/Coeur/08.dat-- -- --277840
3/5/2026 7:05:26 PM | * Cartomancie/32-cartes/Coeur/08.php-- -- --33337
3/5/2026 7:05:26 PM | * Cartomancie/32-cartes/Coeur/09(var).js-- -- --171
3/5/2026 7:05:26 PM | * Cartomancie/32-cartes/Coeur/09.css-- -- --1196
3/5/2026 7:05:26 PM | * Backup/Cartomancie/32-cartes/Coeur/09.dat-- -- --277886
3/5/2026 7:05:26 PM | * Cartomancie/32-cartes/Coeur/09.php-- -- --33383
3/5/2026 7:05:26 PM | * Cartomancie/32-cartes/Coeur/10(var).js-- -- --171
3/5/2026 7:05:26 PM | * Cartomancie/32-cartes/Coeur/10.css-- -- --1211
3/5/2026 7:05:26 PM | * Backup/Cartomancie/32-cartes/Coeur/10.dat-- -- --284142
3/5/2026 7:05:26 PM | * Cartomancie/32-cartes/Coeur/10.php-- -- --34054
3/5/2026 7:05:26 PM | * Cartomancie/32-cartes/Coeur/11-Valet(var).js-- -- --171
3/5/2026 7:05:26 PM | * Cartomancie/32-cartes/Coeur/11-Valet.css-- -- --1196
3/5/2026 7:05:26 PM | * Backup/Cartomancie/32-cartes/Coeur/11-Valet.dat-- -- --278378
3/5/2026 7:05:26 PM | * Cartomancie/32-cartes/Coeur/11-Valet.php-- -- --33893
3/5/2026 7:05:26 PM | * Cartomancie/32-cartes/Coeur/12-Dame(var).js-- -- --171
3/5/2026 7:05:26 PM | * Cartomancie/32-cartes/Coeur/12-Dame.css-- -- --1196
3/5/2026 7:05:26 PM | * Backup/Cartomancie/32-cartes/Coeur/12-Dame.dat-- -- --277992
3/5/2026 7:05:26 PM | * Cartomancie/32-cartes/Coeur/12-Dame.php-- -- --33504
3/5/2026 7:05:26 PM | * Cartomancie/32-cartes/Coeur/13-Roi(var).js-- -- --103
3/5/2026 7:05:26 PM | * Cartomancie/32-cartes/Coeur/13-Roi.css-- -- --1143
3/5/2026 7:05:26 PM | * Backup/Cartomancie/32-cartes/Coeur/13-Roi.dat-- -- --255808
3/5/2026 7:05:26 PM | * Cartomancie/32-cartes/Coeur/13-Roi.php-- -- --33896
3/5/2026 7:05:26 PM | * Cartomancie/32-cartes/Coeur/14-As(var).js-- -- --103
3/5/2026 7:05:26 PM | * Cartomancie/32-cartes/Coeur/14-As.css-- -- --1143
3/5/2026 7:05:26 PM | * Backup/Cartomancie/32-cartes/Coeur/14-As.dat-- -- --255095
3/5/2026 7:05:26 PM | * Cartomancie/32-cartes/Coeur/14-As.php-- -- --33292
3/5/2026 7:05:26 PM | * Cartomancie/32-cartes/Pique/07(var).js-- -- --239
3/5/2026 7:05:26 PM | * Cartomancie/32-cartes/Pique/07.css-- -- --1249
3/5/2026 7:05:26 PM | * Backup/Cartomancie/32-cartes/Pique/07.dat-- -- --299014
3/5/2026 7:05:26 PM | * Cartomancie/32-cartes/Pique/07.php-- -- --33536
3/5/2026 7:05:26 PM | * Cartomancie/32-cartes/Pique/08(var).js-- -- --171
3/5/2026 7:05:26 PM | * Cartomancie/32-cartes/Pique/08.css-- -- --1196
3/5/2026 7:05:26 PM | * Backup/Cartomancie/32-cartes/Pique/08.dat-- -- --280545
3/5/2026 7:05:26 PM | * Cartomancie/32-cartes/Pique/08.php-- -- --34127
3/5/2026 7:05:26 PM | * Cartomancie/32-cartes/Pique/09(var).js-- -- --171
3/5/2026 7:05:26 PM | * Cartomancie/32-cartes/Pique/09.css-- -- --1196
3/5/2026 7:05:26 PM | * Backup/Cartomancie/32-cartes/Pique/09.dat-- -- --278107
3/5/2026 7:05:26 PM | * Cartomancie/32-cartes/Pique/09.php-- -- --33681
3/5/2026 7:05:26 PM | * Cartomancie/32-cartes/Pique/10(var).js-- -- --171
3/5/2026 7:05:26 PM | * Cartomancie/32-cartes/Pique/10.css-- -- --1196
3/5/2026 7:05:26 PM | * Backup/Cartomancie/32-cartes/Pique/10.dat-- -- --277812
3/5/2026 7:05:26 PM | * Cartomancie/32-cartes/Pique/10.php-- -- --33356
3/5/2026 7:05:26 PM | * Cartomancie/32-cartes/Pique/11-Valet(var).js-- -- --171
3/5/2026 7:05:26 PM | * Cartomancie/32-cartes/Pique/11-Valet.css-- -- --1197
3/5/2026 7:05:26 PM | * Backup/Cartomancie/32-cartes/Pique/11-Valet.dat-- -- --277946
3/5/2026 7:05:26 PM | * Cartomancie/32-cartes/Pique/11-Valet.php-- -- --33507
3/5/2026 7:05:26 PM | * Cartomancie/32-cartes/Pique/12-Dame(var).js-- -- --171
3/5/2026 7:05:26 PM | * Cartomancie/32-cartes/Pique/12-Dame.css-- -- --1197
3/5/2026 7:05:26 PM | * Backup/Cartomancie/32-cartes/Pique/12-Dame.dat-- -- --278107
3/5/2026 7:05:26 PM | * Cartomancie/32-cartes/Pique/12-Dame.php-- -- --33665
3/5/2026 7:05:26 PM | * Cartomancie/32-cartes/Pique/13-Roi(var).js-- -- --171
3/5/2026 7:05:26 PM | * Cartomancie/32-cartes/Pique/13-Roi.css-- -- --1196
3/5/2026 7:05:26 PM | * Backup/Cartomancie/32-cartes/Pique/13-Roi.dat-- -- --278324
3/5/2026 7:05:26 PM | * Cartomancie/32-cartes/Pique/13-Roi.php-- -- --33876
3/5/2026 7:05:26 PM | * Cartomancie/32-cartes/Pique/14-As(var).js-- -- --103
3/5/2026 7:05:26 PM | * Cartomancie/32-cartes/Pique/14-As.css-- -- --1143
3/5/2026 7:05:26 PM | * Backup/Cartomancie/32-cartes/Pique/14-As.dat-- -- --255319
3/5/2026 7:05:26 PM | * Cartomancie/32-cartes/Pique/14-As.php-- -- --33500
3/5/2026 7:05:26 PM | * Cartomancie/32-cartes/Trefle/07(var).js-- -- --171
3/5/2026 7:05:26 PM | * Cartomancie/32-cartes/Trefle/07.css-- -- --1274
3/5/2026 7:05:26 PM | * Backup/Cartomancie/32-cartes/Trefle/07.dat-- -- --278687
3/5/2026 7:05:26 PM | * Cartomancie/32-cartes/Trefle/07.php-- -- --34160
3/5/2026 7:05:26 PM | * Cartomancie/32-cartes/Trefle/08(var).js-- -- --171
3/5/2026 7:05:26 PM | * Cartomancie/32-cartes/Trefle/08.css-- -- --1273
3/5/2026 7:05:26 PM | * Backup/Cartomancie/32-cartes/Trefle/08.dat-- -- --278708
3/5/2026 7:05:26 PM | * Cartomancie/32-cartes/Trefle/08.php-- -- --34173
3/5/2026 7:05:26 PM | * Cartomancie/32-cartes/Trefle/09(var).js-- -- --171
3/5/2026 7:05:26 PM | * Cartomancie/32-cartes/Trefle/09.css-- -- --1274
3/5/2026 7:05:26 PM | * Backup/Cartomancie/32-cartes/Trefle/09.dat-- -- --278085
3/5/2026 7:05:26 PM | * Cartomancie/32-cartes/Trefle/09.php-- -- --33549
3/5/2026 7:05:26 PM | * Cartomancie/32-cartes/Trefle/10(var).js-- -- --171
3/5/2026 7:05:26 PM | * Cartomancie/32-cartes/Trefle/10.css-- -- --1274
3/5/2026 7:05:26 PM | * Backup/Cartomancie/32-cartes/Trefle/10.dat-- -- --278158
3/5/2026 7:05:26 PM | * Cartomancie/32-cartes/Trefle/10.php-- -- --33622
3/5/2026 7:05:26 PM | * Cartomancie/32-cartes/Trefle/11-Valet(var).js-- -- --171
3/5/2026 7:05:26 PM | * Cartomancie/32-cartes/Trefle/11-Valet.css-- -- --1273
3/5/2026 7:05:26 PM | * Backup/Cartomancie/32-cartes/Trefle/11-Valet.dat-- -- --278223
3/5/2026 7:05:26 PM | * Cartomancie/32-cartes/Trefle/11-Valet.php-- -- --33705
3/5/2026 7:05:26 PM | * Cartomancie/32-cartes/Trefle/12-Dame(var).js-- -- --171
3/5/2026 7:05:26 PM | * Cartomancie/32-cartes/Trefle/12-Dame.css-- -- --1273
3/5/2026 7:05:26 PM | * Backup/Cartomancie/32-cartes/Trefle/12-Dame.dat-- -- --278052
3/5/2026 7:05:26 PM | * Cartomancie/32-cartes/Trefle/12-Dame.php-- -- --33532
3/5/2026 7:05:26 PM | * Cartomancie/32-cartes/Trefle/13-Roi(var).js-- -- --171
3/5/2026 7:05:26 PM | * Cartomancie/32-cartes/Trefle/13-Roi.css-- -- --1274
3/5/2026 7:05:26 PM | * Backup/Cartomancie/32-cartes/Trefle/13-Roi.dat-- -- --277772
3/5/2026 7:05:26 PM | * Cartomancie/32-cartes/Trefle/13-Roi.php-- -- --33248
3/5/2026 7:05:26 PM | * Cartomancie/32-cartes/Trefle/14-As(var).js-- -- --171
3/5/2026 7:05:26 PM | * Cartomancie/32-cartes/Trefle/14-As.css-- -- --1273
3/5/2026 7:05:26 PM | * Backup/Cartomancie/32-cartes/Trefle/14-As.dat-- -- --277993
3/5/2026 7:05:26 PM | * Cartomancie/32-cartes/Trefle/14-As.php-- -- --33467
3/5/2026 7:05:26 PM | * Cartomancie/32-cartes/Accueil(var).js-- -- --171
3/5/2026 7:05:26 PM | * Cartomancie/32-cartes/Accueil.css-- -- --5807
3/5/2026 7:05:26 PM | * Backup/Cartomancie/32-cartes/Accueil.dat-- -- --1364076
3/5/2026 7:05:26 PM | * Cartomancie/32-cartes/Accueil.php-- -- --54570
3/5/2026 7:05:26 PM | * Cartomancie/Belline/01-Bleu(var).js-- -- --171
3/5/2026 7:05:26 PM | * Cartomancie/Belline/01-Bleu.css-- -- --1273
3/5/2026 7:05:26 PM | * Backup/Cartomancie/Belline/01-Bleu.dat-- -- --279645
3/5/2026 7:05:26 PM | * Cartomancie/Belline/01-Bleu.php-- -- --33072
3/5/2026 7:05:26 PM | * Cartomancie/Belline/02-Destinee(var).js-- -- --171
3/5/2026 7:05:26 PM | * Cartomancie/Belline/02-Destinee.css-- -- --1273
3/5/2026 7:05:26 PM | * Backup/Cartomancie/Belline/02-Destinee.dat-- -- --279977
3/5/2026 7:05:26 PM | * Cartomancie/Belline/02-Destinee.php-- -- --33408
3/5/2026 7:05:26 PM | * Cartomancie/Belline/03-Homme(var).js-- -- --171
3/5/2026 7:05:26 PM | * Cartomancie/Belline/03-Homme.css-- -- --1273
3/5/2026 7:05:26 PM | * Backup/Cartomancie/Belline/03-Homme.dat-- -- --280141
3/5/2026 7:05:26 PM | * Cartomancie/Belline/03-Homme.php-- -- --33557
3/5/2026 7:05:26 PM | * Cartomancie/Belline/04-Femme(var).js-- -- --171
3/5/2026 7:05:26 PM | * Cartomancie/Belline/04-Femme.css-- -- --1273
3/5/2026 7:05:26 PM | * Backup/Cartomancie/Belline/04-Femme.dat-- -- --279738
3/5/2026 7:05:26 PM | * Cartomancie/Belline/04-Femme.php-- -- --33150
3/5/2026 7:05:26 PM | * Cartomancie/Belline/05-Nativite(var).js-- -- --171
3/5/2026 7:05:26 PM | * Cartomancie/Belline/05-Nativite.css-- -- --1273
3/5/2026 7:05:26 PM | * Backup/Cartomancie/Belline/05-Nativite.dat-- -- --279973
3/5/2026 7:05:26 PM | * Cartomancie/Belline/05-Nativite.php-- -- --33419
3/5/2026 7:05:26 PM | * Cartomancie/Belline/06-Reussite(var).js-- -- --171
3/5/2026 7:05:26 PM | * Cartomancie/Belline/06-Reussite.css-- -- --1273
3/5/2026 7:05:26 PM | * Backup/Cartomancie/Belline/06-Reussite.dat-- -- --280262
3/5/2026 7:05:26 PM | * Cartomancie/Belline/06-Reussite.php-- -- --33613
3/5/2026 7:05:26 PM | * Cartomancie/Belline/07-Elevation(var).js-- -- --171
3/5/2026 7:05:26 PM | * Cartomancie/Belline/07-Elevation.css-- -- --1273
3/5/2026 7:05:26 PM | * Backup/Cartomancie/Belline/07-Elevation.dat-- -- --280125
3/5/2026 7:05:27 PM | * Cartomancie/Belline/07-Elevation.php-- -- --33552
3/5/2026 7:05:27 PM | * Cartomancie/Belline/08-Honneurs(var).js-- -- --171
3/5/2026 7:05:27 PM | * Cartomancie/Belline/08-Honneurs.css-- -- --1274
3/5/2026 7:05:27 PM | * Backup/Cartomancie/Belline/08-Honneurs.dat-- -- --280170
3/5/2026 7:05:27 PM | * Cartomancie/Belline/08-Honneurs.php-- -- --33546
3/5/2026 7:05:27 PM | * Cartomancie/Belline/09-Pensee(var).js-- -- --171
3/5/2026 7:05:27 PM | * Cartomancie/Belline/09-Pensee.css-- -- --1273
3/5/2026 7:05:27 PM | * Backup/Cartomancie/Belline/09-Pensee.dat-- -- --280200
3/5/2026 7:05:27 PM | * Cartomancie/Belline/09-Pensee.php-- -- --33630
3/5/2026 7:05:27 PM | * Cartomancie/Belline/10-Campagne(var).js-- -- --171
3/5/2026 7:05:27 PM | * Cartomancie/Belline/10-Campagne.css-- -- --1273
3/5/2026 7:05:27 PM | * Backup/Cartomancie/Belline/10-Campagne.dat-- -- --280039
3/5/2026 7:05:27 PM | * Cartomancie/Belline/10-Campagne.php-- -- --33520
3/5/2026 7:05:27 PM | * Cartomancie/Belline/11-Presents(var).js-- -- --171
3/5/2026 7:05:27 PM | * Cartomancie/Belline/11-Presents.css-- -- --1274
3/5/2026 7:05:27 PM | * Backup/Cartomancie/Belline/11-Presents.dat-- -- --280163
3/5/2026 7:05:27 PM | * Cartomancie/Belline/11-Presents.php-- -- --33542
3/5/2026 7:05:27 PM | * Cartomancie/Belline/12-Trahison(var).js-- -- --171
3/5/2026 7:05:27 PM | * Cartomancie/Belline/12-Trahison.css-- -- --1273
3/5/2026 7:05:27 PM | * Backup/Cartomancie/Belline/12-Trahison.dat-- -- --280085
3/5/2026 7:05:27 PM | * Cartomancie/Belline/12-Trahison.php-- -- --33548
3/5/2026 7:05:27 PM | * Cartomancie/Belline/13-Depart(var).js-- -- --171
3/5/2026 7:05:27 PM | * Cartomancie/Belline/13-Depart.css-- -- --1273
3/5/2026 7:05:27 PM | * Backup/Cartomancie/Belline/13-Depart.dat-- -- --279967
3/5/2026 7:05:27 PM | * Cartomancie/Belline/13-Depart.php-- -- --33417
3/5/2026 7:05:27 PM | * Cartomancie/Belline/14-Inconstance(var).js-- -- --171
3/5/2026 7:05:27 PM | * Cartomancie/Belline/14-Inconstance.css-- -- --1274
3/5/2026 7:05:27 PM | * Backup/Cartomancie/Belline/14-Inconstance.dat-- -- --280304
3/5/2026 7:05:27 PM | * Cartomancie/Belline/14-Inconstance.php-- -- --33780
3/5/2026 7:05:27 PM | * Cartomancie/Belline/15-Decouverte(var).js-- -- --171
3/5/2026 7:05:27 PM | * Cartomancie/Belline/15-Decouverte.css-- -- --1274
3/5/2026 7:05:27 PM | * Backup/Cartomancie/Belline/15-Decouverte.dat-- -- --280613
3/5/2026 7:05:27 PM | * Cartomancie/Belline/15-Decouverte.php-- -- --34096
3/5/2026 7:05:27 PM | * Cartomancie/Belline/16-Eau(var).js-- -- --171
3/5/2026 7:05:27 PM | * Cartomancie/Belline/16-Eau.css-- -- --1273
3/5/2026 7:05:27 PM | * Backup/Cartomancie/Belline/16-Eau.dat-- -- --280105
3/5/2026 7:05:27 PM | * Cartomancie/Belline/16-Eau.php-- -- --33549
3/5/2026 7:05:27 PM | * Cartomancie/Belline/17-Penates(var).js-- -- --171
3/5/2026 7:05:27 PM | * Cartomancie/Belline/17-Penates.css-- -- --1273
3/5/2026 7:05:27 PM | * Backup/Cartomancie/Belline/17-Penates.dat-- -- --280277
3/5/2026 7:05:27 PM | * Cartomancie/Belline/17-Penates.php-- -- --33729
3/5/2026 7:05:27 PM | * Cartomancie/Belline/18-Maladie(var).js-- -- --171
3/5/2026 7:05:27 PM | * Cartomancie/Belline/18-Maladie.css-- -- --1273
3/5/2026 7:05:27 PM | * Backup/Cartomancie/Belline/18-Maladie.dat-- -- --280043
3/5/2026 7:05:27 PM | * Cartomancie/Belline/18-Maladie.php-- -- --33400
3/5/2026 7:05:27 PM | * Cartomancie/Belline/19-Changement(var).js-- -- --171
3/5/2026 7:05:27 PM | * Cartomancie/Belline/19-Changement.css-- -- --1273
3/5/2026 7:05:27 PM | * Backup/Cartomancie/Belline/19-Changement.dat-- -- --280213
3/5/2026 7:05:27 PM | * Cartomancie/Belline/19-Changement.php-- -- --33688
3/5/2026 7:05:27 PM | * Cartomancie/Belline/20-Argent(var).js-- -- --171
3/5/2026 7:05:27 PM | * Cartomancie/Belline/20-Argent.css-- -- --1273
3/5/2026 7:05:27 PM | * Backup/Cartomancie/Belline/20-Argent.dat-- -- --279808
3/5/2026 7:05:27 PM | * Cartomancie/Belline/20-Argent.php-- -- --33275
3/5/2026 7:05:27 PM | * Cartomancie/Belline/21-Intelligence(var).js-- -- --171
3/5/2026 7:05:27 PM | * Cartomancie/Belline/21-Intelligence.css-- -- --1273
3/5/2026 7:05:27 PM | * Backup/Cartomancie/Belline/21-Intelligence.dat-- -- --280269
3/5/2026 7:05:27 PM | * Cartomancie/Belline/21-Intelligence.php-- -- --33748
3/5/2026 7:05:27 PM | * Cartomancie/Belline/22-Vol(var).js-- -- --171
3/5/2026 7:05:27 PM | * Cartomancie/Belline/22-Vol.css-- -- --1273
3/5/2026 7:05:27 PM | * Backup/Cartomancie/Belline/22-Vol.dat-- -- --279645
3/5/2026 7:05:27 PM | * Cartomancie/Belline/22-Vol.php-- -- --33435
3/5/2026 7:05:27 PM | * Cartomancie/Belline/23-Entreprises(var).js-- -- --171
3/5/2026 7:05:27 PM | * Cartomancie/Belline/23-Entreprises.css-- -- --1273
3/5/2026 7:05:27 PM | * Backup/Cartomancie/Belline/23-Entreprises.dat-- -- --278282
3/5/2026 7:05:27 PM | * Cartomancie/Belline/23-Entreprises.php-- -- --33444
3/5/2026 7:05:27 PM | * Cartomancie/Belline/24-Trafic(var).js-- -- --171
3/5/2026 7:05:27 PM | * Cartomancie/Belline/24-Trafic.css-- -- --1273
3/5/2026 7:05:27 PM | * Backup/Cartomancie/Belline/24-Trafic.dat-- -- --279936
3/5/2026 7:05:27 PM | * Cartomancie/Belline/24-Trafic.php-- -- --33403
3/5/2026 7:05:27 PM | * Cartomancie/Belline/25-Nouvelle(var).js-- -- --171
3/5/2026 7:05:27 PM | * Cartomancie/Belline/25-Nouvelle.css-- -- --1273
3/5/2026 7:05:27 PM | * Backup/Cartomancie/Belline/25-Nouvelle.dat-- -- --279638
3/5/2026 7:05:27 PM | * Cartomancie/Belline/25-Nouvelle.php-- -- --33118
3/5/2026 7:05:27 PM | * Cartomancie/Belline/26-Plaisirs(var).js-- -- --171
3/5/2026 7:05:27 PM | * Cartomancie/Belline/26-Plaisirs.css-- -- --1274
3/5/2026 7:05:27 PM | * Backup/Cartomancie/Belline/26-Plaisirs.dat-- -- --279841
3/5/2026 7:05:27 PM | * Cartomancie/Belline/26-Plaisirs.php-- -- --33320
3/5/2026 7:05:27 PM | * Cartomancie/Belline/27-Paix(var).js-- -- --171
3/5/2026 7:05:27 PM | * Cartomancie/Belline/27-Paix.css-- -- --1273
3/5/2026 7:05:27 PM | * Backup/Cartomancie/Belline/27-Paix.dat-- -- --280325
3/5/2026 7:05:27 PM | * Cartomancie/Belline/27-Paix.php-- -- --33797
3/5/2026 7:05:27 PM | * Cartomancie/Belline/28-Union(var).js-- -- --171
3/5/2026 7:05:27 PM | * Cartomancie/Belline/28-Union.css-- -- --1273
3/5/2026 7:05:27 PM | * Backup/Cartomancie/Belline/28-Union.dat-- -- --279818
3/5/2026 7:05:27 PM | * Cartomancie/Belline/28-Union.php-- -- --33262
3/5/2026 7:05:27 PM | * Cartomancie/Belline/29-Famille(var).js-- -- --171
3/5/2026 7:05:27 PM | * Cartomancie/Belline/29-Famille.css-- -- --1273
3/5/2026 7:05:27 PM | * Backup/Cartomancie/Belline/29-Famille.dat-- -- --279929
3/5/2026 7:05:27 PM | * Cartomancie/Belline/29-Famille.php-- -- --33407
3/5/2026 7:05:27 PM | * Cartomancie/Belline/30-Amor(var).js-- -- --171
3/5/2026 7:05:27 PM | * Cartomancie/Belline/30-Amor.css-- -- --1274
3/5/2026 7:05:27 PM | * Backup/Cartomancie/Belline/30-Amor.dat-- -- --279918
3/5/2026 7:05:27 PM | * Cartomancie/Belline/30-Amor.php-- -- --33388
3/5/2026 7:05:27 PM | * Cartomancie/Belline/31-Table(var).js-- -- --171
3/5/2026 7:05:27 PM | * Cartomancie/Belline/31-Table.css-- -- --1273
3/5/2026 7:05:27 PM | * Backup/Cartomancie/Belline/31-Table.dat-- -- --279902
3/5/2026 7:05:27 PM | * Cartomancie/Belline/31-Table.php-- -- --33376
3/5/2026 7:05:27 PM | * Cartomancie/Belline/32-Passions(var).js-- -- --171
3/5/2026 7:05:27 PM | * Cartomancie/Belline/32-Passions.css-- -- --1274
3/5/2026 7:05:27 PM | * Backup/Cartomancie/Belline/32-Passions.dat-- -- --280306
3/5/2026 7:05:27 PM | * Cartomancie/Belline/32-Passions.php-- -- --33785
3/5/2026 7:05:27 PM | * Cartomancie/Belline/33-Mechancete(var).js-- -- --239
3/5/2026 7:05:27 PM | * Cartomancie/Belline/33-Mechancete.css-- -- --1327
3/5/2026 7:05:27 PM | * Backup/Cartomancie/Belline/33-Mechancete.dat-- -- --300765
3/5/2026 7:05:27 PM | * Cartomancie/Belline/33-Mechancete.php-- -- --33326
3/5/2026 7:05:27 PM | * Cartomancie/Belline/34-Proces(var).js-- -- --171
3/5/2026 7:05:27 PM | * Cartomancie/Belline/34-Proces.css-- -- --1274
3/5/2026 7:05:27 PM | * Backup/Cartomancie/Belline/34-Proces.dat-- -- --279868
3/5/2026 7:05:27 PM | * Cartomancie/Belline/34-Proces.php-- -- --33343
3/5/2026 7:05:27 PM | * Cartomancie/Belline/35-Despotisme(var).js-- -- --171
3/5/2026 7:05:27 PM | * Cartomancie/Belline/35-Despotisme.css-- -- --1274
3/5/2026 7:05:27 PM | * Backup/Cartomancie/Belline/35-Despotisme.dat-- -- --280026
3/5/2026 7:05:27 PM | * Cartomancie/Belline/35-Despotisme.php-- -- --33500
3/5/2026 7:05:27 PM | * Cartomancie/Belline/36-Ennemis(var).js-- -- --171
3/5/2026 7:05:27 PM | * Cartomancie/Belline/36-Ennemis.css-- -- --1273
3/5/2026 7:05:27 PM | * Backup/Cartomancie/Belline/36-Ennemis.dat-- -- --279966
3/5/2026 7:05:27 PM | * Cartomancie/Belline/36-Ennemis.php-- -- --33435
3/5/2026 7:05:27 PM | * Cartomancie/Belline/37-Pourparlers(var).js-- -- --171
3/5/2026 7:05:27 PM | * Cartomancie/Belline/37-Pourparlers.css-- -- --1274
3/5/2026 7:05:27 PM | * Backup/Cartomancie/Belline/37-Pourparlers.dat-- -- --280030
3/5/2026 7:05:27 PM | * Cartomancie/Belline/37-Pourparlers.php-- -- --33515
3/5/2026 7:05:27 PM | * Cartomancie/Belline/38-Feu(var).js-- -- --171
3/5/2026 7:05:27 PM | * Cartomancie/Belline/38-Feu.css-- -- --1273
3/5/2026 7:05:27 PM | * Backup/Cartomancie/Belline/38-Feu.dat-- -- --279955
3/5/2026 7:05:27 PM | * Cartomancie/Belline/38-Feu.php-- -- --33425
3/5/2026 7:05:27 PM | * Cartomancie/Belline/39-Accident(var).js-- -- --171
3/5/2026 7:05:27 PM | * Cartomancie/Belline/39-Accident.css-- -- --1273
3/5/2026 7:05:27 PM | * Backup/Cartomancie/Belline/39-Accident.dat-- -- --280107
3/5/2026 7:05:27 PM | * Cartomancie/Belline/39-Accident.php-- -- --33570
3/5/2026 7:05:27 PM | * Cartomancie/Belline/40-Appui(var).js-- -- --171
3/5/2026 7:05:27 PM | * Cartomancie/Belline/40-Appui.css-- -- --1274
3/5/2026 7:05:27 PM | * Backup/Cartomancie/Belline/40-Appui.dat-- -- --279884
3/5/2026 7:05:27 PM | * Cartomancie/Belline/40-Appui.php-- -- --33357
3/5/2026 7:05:27 PM | * Cartomancie/Belline/41-Beaute(var).js-- -- --171
3/5/2026 7:05:27 PM | * Cartomancie/Belline/41-Beaute.css-- -- --1273
3/5/2026 7:05:27 PM | * Backup/Cartomancie/Belline/41-Beaute.dat-- -- --279622
3/5/2026 7:05:27 PM | * Cartomancie/Belline/41-Beaute.php-- -- --33513
3/5/2026 7:05:27 PM | * Cartomancie/Belline/42-Heritage(var).js-- -- --171
3/5/2026 7:05:27 PM | * Cartomancie/Belline/42-Heritage.css-- -- --1273
3/5/2026 7:05:27 PM | * Backup/Cartomancie/Belline/42-Heritage.dat-- -- --279984
3/5/2026 7:05:27 PM | * Cartomancie/Belline/42-Heritage.php-- -- --33455
3/5/2026 7:05:27 PM | * Cartomancie/Belline/43-Sagesse(var).js-- -- --171
3/5/2026 7:05:27 PM | * Cartomancie/Belline/43-Sagesse.css-- -- --1273
3/5/2026 7:05:27 PM | * Backup/Cartomancie/Belline/43-Sagesse.dat-- -- --280071
3/5/2026 7:05:27 PM | * Cartomancie/Belline/43-Sagesse.php-- -- --33445
3/5/2026 7:05:27 PM | * Cartomancie/Belline/44-Renommee(var).js-- -- --171
3/5/2026 7:05:27 PM | * Cartomancie/Belline/44-Renommee.css-- -- --1273
3/5/2026 7:05:27 PM | * Backup/Cartomancie/Belline/44-Renommee.dat-- -- --279987
3/5/2026 7:05:27 PM | * Cartomancie/Belline/44-Renommee.php-- -- --33458
3/5/2026 7:05:27 PM | * Cartomancie/Belline/45-Hasard(var).js-- -- --171
3/5/2026 7:05:27 PM | * Cartomancie/Belline/45-Hasard.css-- -- --1273
3/5/2026 7:05:27 PM | * Backup/Cartomancie/Belline/45-Hasard.dat-- -- --280066
3/5/2026 7:05:27 PM | * Cartomancie/Belline/45-Hasard.php-- -- --33438
3/5/2026 7:05:27 PM | * Cartomancie/Belline/46-Bonheur(var).js-- -- --171
3/5/2026 7:05:27 PM | * Cartomancie/Belline/46-Bonheur.css-- -- --1273
3/5/2026 7:05:27 PM | * Backup/Cartomancie/Belline/46-Bonheur.dat-- -- --279832
3/5/2026 7:05:27 PM | * Cartomancie/Belline/46-Bonheur.php-- -- --33301
3/5/2026 7:05:27 PM | * Cartomancie/Belline/47-Infortune(var).js-- -- --171
3/5/2026 7:05:27 PM | * Cartomancie/Belline/47-Infortune.css-- -- --1273
3/5/2026 7:05:27 PM | * Backup/Cartomancie/Belline/47-Infortune.dat-- -- --280238
3/5/2026 7:05:27 PM | * Cartomancie/Belline/47-Infortune.php-- -- --33711
3/5/2026 7:05:27 PM | * Cartomancie/Belline/48-Sterilite(var).js-- -- --171
3/5/2026 7:05:27 PM | * Cartomancie/Belline/48-Sterilite.css-- -- --1274
3/5/2026 7:05:27 PM | * Backup/Cartomancie/Belline/48-Sterilite.dat-- -- --279948
3/5/2026 7:05:27 PM | * Cartomancie/Belline/48-Sterilite.php-- -- --33420
3/5/2026 7:05:27 PM | * Cartomancie/Belline/49-Fatalite(var).js-- -- --171
3/5/2026 7:05:27 PM | * Cartomancie/Belline/49-Fatalite.css-- -- --1274
3/5/2026 7:05:27 PM | * Backup/Cartomancie/Belline/49-Fatalite.dat-- -- --280143
3/5/2026 7:05:27 PM | * Cartomancie/Belline/49-Fatalite.php-- -- --33612
3/5/2026 7:05:27 PM | * Cartomancie/Belline/50-Grace(var).js-- -- --171
3/5/2026 7:05:27 PM | * Cartomancie/Belline/50-Grace.css-- -- --1273
3/5/2026 7:05:27 PM | * Backup/Cartomancie/Belline/50-Grace.dat-- -- --280172
3/5/2026 7:05:27 PM | * Cartomancie/Belline/50-Grace.php-- -- --33620
3/5/2026 7:05:27 PM | * Cartomancie/Belline/51-Ruine(var).js-- -- --171
3/5/2026 7:05:27 PM | * Cartomancie/Belline/51-Ruine.css-- -- --1273
3/5/2026 7:05:27 PM | * Backup/Cartomancie/Belline/51-Ruine.dat-- -- --280475
3/5/2026 7:05:27 PM | * Cartomancie/Belline/51-Ruine.php-- -- --33923
3/5/2026 7:05:27 PM | * Cartomancie/Belline/52-Retard(var).js-- -- --171
3/5/2026 7:05:27 PM | * Cartomancie/Belline/52-Retard.css-- -- --1273
3/5/2026 7:05:27 PM | * Backup/Cartomancie/Belline/52-Retard.dat-- -- --279600
3/5/2026 7:05:27 PM | * Cartomancie/Belline/52-Retard.php-- -- --33059
3/5/2026 7:05:27 PM | * Cartomancie/Belline/53-Cloitre(var).js-- -- --171
3/5/2026 7:05:27 PM | * Cartomancie/Belline/53-Cloitre.css-- -- --1273
3/5/2026 7:05:27 PM | * Backup/Cartomancie/Belline/53-Cloitre.dat-- -- --280107
3/5/2026 7:05:27 PM | * Cartomancie/Belline/53-Cloitre.php-- -- --33559
3/5/2026 7:05:27 PM | * Cartomancie/Belline/Accueil(var).js-- -- --171
3/5/2026 7:05:27 PM | * Cartomancie/Belline/Accueil.css-- -- --8991
3/5/2026 7:05:27 PM | * Backup/Cartomancie/Belline/Accueil.dat-- -- --2231345
3/5/2026 7:05:27 PM | * Cartomancie/Belline/Accueil.php-- -- --68032
3/5/2026 7:05:27 PM | * Cartomancie/Tarots/01-Fou(var).js-- -- --171
3/5/2026 7:05:27 PM | * Cartomancie/Tarots/01-Fou.css-- -- --1196
3/5/2026 7:05:27 PM | * Backup/Cartomancie/Tarots/01-Fou.dat-- -- --280282
3/5/2026 7:05:27 PM | * Cartomancie/Tarots/01-Fou.php-- -- --33807
3/5/2026 7:05:27 PM | * Cartomancie/Tarots/02-Bateleur(var).js-- -- --171
3/5/2026 7:05:27 PM | * Cartomancie/Tarots/02-Bateleur.css-- -- --1196
3/5/2026 7:05:27 PM | * Backup/Cartomancie/Tarots/02-Bateleur.dat-- -- --279858
3/5/2026 7:05:27 PM | * Cartomancie/Tarots/02-Bateleur.php-- -- --33395
3/5/2026 7:05:27 PM | * Cartomancie/Tarots/03-Papesse(var).js-- -- --171
3/5/2026 7:05:27 PM | * Cartomancie/Tarots/03-Papesse.css-- -- --1196
3/5/2026 7:05:27 PM | * Backup/Cartomancie/Tarots/03-Papesse.dat-- -- --280097
3/5/2026 7:05:27 PM | * Cartomancie/Tarots/03-Papesse.php-- -- --33621
3/5/2026 7:05:27 PM | * Cartomancie/Tarots/04-Imperatrice(var).js-- -- --171
3/5/2026 7:05:27 PM | * Cartomancie/Tarots/04-Imperatrice.css-- -- --1196
3/5/2026 7:05:27 PM | * Backup/Cartomancie/Tarots/04-Imperatrice.dat-- -- --280707
3/5/2026 7:05:27 PM | * Cartomancie/Tarots/04-Imperatrice.php-- -- --34153
3/5/2026 7:05:27 PM | * Cartomancie/Tarots/05-Empereur(var).js-- -- --171
3/5/2026 7:05:27 PM | * Cartomancie/Tarots/05-Empereur.css-- -- --1196
3/5/2026 7:05:27 PM | * Backup/Cartomancie/Tarots/05-Empereur.dat-- -- --280211
3/5/2026 7:05:27 PM | * Cartomancie/Tarots/05-Empereur.php-- -- --33746
3/5/2026 7:05:27 PM | * Cartomancie/Tarots/06-Pape(var).js-- -- --171
3/5/2026 7:05:27 PM | * Cartomancie/Tarots/06-Pape.css-- -- --1196
3/5/2026 7:05:27 PM | * Backup/Cartomancie/Tarots/06-Pape.dat-- -- --280407
3/5/2026 7:05:27 PM | * Cartomancie/Tarots/06-Pape.php-- -- --33917
3/5/2026 7:05:27 PM | * Cartomancie/Tarots/07-Amoureux(var).js-- -- --171
3/5/2026 7:05:27 PM | * Cartomancie/Tarots/07-Amoureux.css-- -- --1273
3/5/2026 7:05:27 PM | * Backup/Cartomancie/Tarots/07-Amoureux.dat-- -- --280399
3/5/2026 7:05:27 PM | * Cartomancie/Tarots/07-Amoureux.php-- -- --33742
3/5/2026 7:05:27 PM | * Cartomancie/Tarots/08-Chariot(var).js-- -- --171
3/5/2026 7:05:27 PM | * Cartomancie/Tarots/08-Chariot.css-- -- --1273
3/5/2026 7:05:27 PM | * Backup/Cartomancie/Tarots/08-Chariot.dat-- -- --280797
3/5/2026 7:05:27 PM | * Cartomancie/Tarots/08-Chariot.php-- -- --34163
3/5/2026 7:05:27 PM | * Cartomancie/Tarots/09-Justice(var).js-- -- --171
3/5/2026 7:05:27 PM | * Cartomancie/Tarots/09-Justice.css-- -- --1273
3/5/2026 7:05:27 PM | * Backup/Cartomancie/Tarots/09-Justice.dat-- -- --280695
3/5/2026 7:05:27 PM | * Cartomancie/Tarots/09-Justice.php-- -- --34139
3/5/2026 7:05:27 PM | * Cartomancie/Tarots/10-Hermite(var).js-- -- --171
3/5/2026 7:05:27 PM | * Cartomancie/Tarots/10-Hermite.css-- -- --1273
3/5/2026 7:05:27 PM | * Backup/Cartomancie/Tarots/10-Hermite.dat-- -- --280698
3/5/2026 7:05:27 PM | * Cartomancie/Tarots/10-Hermite.php-- -- --34134
3/5/2026 7:05:27 PM | * Cartomancie/Tarots/11-Roue(var).js-- -- --171
3/5/2026 7:05:27 PM | * Cartomancie/Tarots/11-Roue.css-- -- --1273
3/5/2026 7:05:27 PM | * Backup/Cartomancie/Tarots/11-Roue.dat-- -- --280283
3/5/2026 7:05:27 PM | * Cartomancie/Tarots/11-Roue.php-- -- --33705
3/5/2026 7:05:27 PM | * Cartomancie/Tarots/12-Force(var).js-- -- --171
3/5/2026 7:05:27 PM | * Cartomancie/Tarots/12-Force.css-- -- --1273
3/5/2026 7:05:27 PM | * Backup/Cartomancie/Tarots/12-Force.dat-- -- --280246
3/5/2026 7:05:27 PM | * Cartomancie/Tarots/12-Force.php-- -- --33574
3/5/2026 7:05:27 PM | * Cartomancie/Tarots/13-Pendu(var).js-- -- --171
3/5/2026 7:05:27 PM | * Cartomancie/Tarots/13-Pendu.css-- -- --1273
3/5/2026 7:05:27 PM | * Backup/Cartomancie/Tarots/13-Pendu.dat-- -- --280007
3/5/2026 7:05:27 PM | * Cartomancie/Tarots/13-Pendu.php-- -- --33826
3/5/2026 7:05:27 PM | * Cartomancie/Tarots/14-Mort(var).js-- -- --171
3/5/2026 7:05:27 PM | * Cartomancie/Tarots/14-Mort.css-- -- --1273
3/5/2026 7:05:27 PM | * Backup/Cartomancie/Tarots/14-Mort.dat-- -- --280194
3/5/2026 7:05:27 PM | * Cartomancie/Tarots/14-Mort.php-- -- --33624
3/5/2026 7:05:27 PM | * Cartomancie/Tarots/15-Temperance(var).js-- -- --171
3/5/2026 7:05:27 PM | * Cartomancie/Tarots/15-Temperance.css-- -- --1273
3/5/2026 7:05:27 PM | * Backup/Cartomancie/Tarots/15-Temperance.dat-- -- --279885
3/5/2026 7:05:27 PM | * Cartomancie/Tarots/15-Temperance.php-- -- --33759
3/5/2026 7:05:27 PM | * Cartomancie/Tarots/16-Diable(var).js-- -- --171
3/5/2026 7:05:27 PM | * Cartomancie/Tarots/16-Diable.css-- -- --1273
3/5/2026 7:05:27 PM | * Backup/Cartomancie/Tarots/16-Diable.dat-- -- --280340
3/5/2026 7:05:27 PM | * Cartomancie/Tarots/16-Diable.php-- -- --33765
3/5/2026 7:05:27 PM | * Cartomancie/Tarots/16-Maison-Dieu(var).js-- -- --171
3/5/2026 7:05:27 PM | * Cartomancie/Tarots/16-Maison-Dieu.css-- -- --1273
3/5/2026 7:05:27 PM | * Backup/Cartomancie/Tarots/16-Maison-Dieu.dat-- -- --280578
3/5/2026 7:05:27 PM | * Cartomancie/Tarots/16-Maison-Dieu.php-- -- --33918
3/5/2026 7:05:27 PM | * Cartomancie/Tarots/17-Etoile(var).js-- -- --171
3/5/2026 7:05:27 PM | * Cartomancie/Tarots/17-Etoile.css-- -- --1273
3/5/2026 7:05:27 PM | * Backup/Cartomancie/Tarots/17-Etoile.dat-- -- --280190
3/5/2026 7:05:27 PM | * Cartomancie/Tarots/17-Etoile.php-- -- --33623
3/5/2026 7:05:27 PM | * Cartomancie/Tarots/18-Lune(var).js-- -- --171
3/5/2026 7:05:27 PM | * Cartomancie/Tarots/18-Lune.css-- -- --1273
3/5/2026 7:05:27 PM | * Backup/Cartomancie/Tarots/18-Lune.dat-- -- --280617
3/5/2026 7:05:27 PM | * Cartomancie/Tarots/18-Lune.php-- -- --34038
3/5/2026 7:05:27 PM | * Cartomancie/Tarots/19-Soleil(var).js-- -- --171
3/5/2026 7:05:27 PM | * Cartomancie/Tarots/19-Soleil.css-- -- --1273
3/5/2026 7:05:27 PM | * Backup/Cartomancie/Tarots/19-Soleil.dat-- -- --280461
3/5/2026 7:05:27 PM | * Cartomancie/Tarots/19-Soleil.php-- -- --33886
3/5/2026 7:05:27 PM | * Cartomancie/Tarots/20-Jugement(var).js-- -- --171
3/5/2026 7:05:27 PM | * Cartomancie/Tarots/20-Jugement.css-- -- --1273
3/5/2026 7:05:27 PM | * Backup/Cartomancie/Tarots/20-Jugement.dat-- -- --280333
3/5/2026 7:05:27 PM | * Cartomancie/Tarots/20-Jugement.php-- -- --33762
3/5/2026 7:05:27 PM | * Cartomancie/Tarots/21-Monde(var).js-- -- --171
3/5/2026 7:05:27 PM | * Cartomancie/Tarots/21-Monde.css-- -- --1273
3/5/2026 7:05:27 PM | * Backup/Cartomancie/Tarots/21-Monde.dat-- -- --280375
3/5/2026 7:05:27 PM | * Cartomancie/Tarots/21-Monde.php-- -- --33703
3/5/2026 7:05:27 PM | * Cartomancie/Tarots/Accueil(var).js-- -- --171
3/5/2026 7:05:27 PM | * Cartomancie/Tarots/Accueil.css-- -- --3694
3/5/2026 7:05:27 PM | * Backup/Cartomancie/Tarots/Accueil.dat-- -- --916733
3/5/2026 7:05:27 PM | * Cartomancie/Tarots/Accueil.php-- -- --45587
3/5/2026 7:05:27 PM | * CGU/CGU(var).js-- -- --171
3/5/2026 7:05:27 PM | * CGU/CGU.css-- -- --1071
3/5/2026 7:05:28 PM | * Backup/CGU/CGU.dat-- -- --253336
3/5/2026 7:05:28 PM | * CGU/CGU.php-- -- --39820
3/5/2026 7:05:28 PM | * Chat/Echec(var).js-- -- --171
3/5/2026 7:05:28 PM | * Chat/Echec.css-- -- --940
3/5/2026 7:05:28 PM | * Backup/Chat/Echec.dat-- -- --219249
3/5/2026 7:05:28 PM | * Chat/Echec.php-- -- --31465
3/5/2026 7:05:28 PM | * Chat/Envoi(var).js-- -- --171
3/5/2026 7:05:28 PM | * Chat/Envoi.css-- -- --862
3/5/2026 7:05:28 PM | * Backup/Chat/Envoi.dat-- -- --191900
3/5/2026 7:05:28 PM | * Chat/Envoi.php-- -- --31139
3/5/2026 7:05:28 PM | * Chat/Formulaire(var).js-- -- --1103
3/5/2026 7:05:28 PM | * Chat/Formulaire(var).php-- -- --4015
3/5/2026 7:05:28 PM | * Chat/Formulaire.css-- -- --4727
3/5/2026 7:05:28 PM | * Backup/Chat/Formulaire.dat-- -- --1028557
3/5/2026 7:05:28 PM | * Chat/Formulaire.php-- -- --61790
3/5/2026 7:05:28 PM | * Domicile/Echec(var).js-- -- --171
3/5/2026 7:05:28 PM | * Domicile/Echec.css-- -- --939
3/5/2026 7:05:28 PM | * Backup/Domicile/Echec.dat-- -- --219269
3/5/2026 7:05:28 PM | * Domicile/Echec.php-- -- --31495
3/5/2026 7:05:28 PM | * Domicile/Envoi(var).js-- -- --171
3/5/2026 7:05:28 PM | * Domicile/Envoi.css-- -- --862
3/5/2026 7:05:28 PM | * Backup/Domicile/Envoi.dat-- -- --191878
3/5/2026 7:05:28 PM | * Domicile/Envoi.php-- -- --31156
3/5/2026 7:05:28 PM | * Domicile/Formulaire(var).js-- -- --1111
3/5/2026 7:05:28 PM | * Domicile/Formulaire(var).php-- -- --3500
3/5/2026 7:05:28 PM | * Domicile/Formulaire.css-- -- --4727
3/5/2026 7:05:28 PM | * Backup/Domicile/Formulaire.dat-- -- --1021545
3/5/2026 7:05:28 PM | * Domicile/Formulaire.php-- -- --61693
3/5/2026 7:05:28 PM | * Dons/Dons(var).js-- -- --171
3/5/2026 7:05:28 PM | * Dons/Dons.css-- -- --1483
3/5/2026 7:05:28 PM | * Backup/Dons/Dons.dat-- -- --331108
3/5/2026 7:05:28 PM | * Dons/Dons.php-- -- --35628
3/5/2026 7:05:28 PM | * Gratuite/Echec(var).js-- -- --171
3/5/2026 7:05:28 PM | * Gratuite/Echec.css-- -- --939
3/5/2026 7:05:28 PM | * Backup/Gratuite/Echec.dat-- -- --217184
3/5/2026 7:05:28 PM | * Gratuite/Echec.php-- -- --31469
3/5/2026 7:05:28 PM | * Gratuite/Envoi(var).js-- -- --171
3/5/2026 7:05:28 PM | * Gratuite/Envoi.css-- -- --862
3/5/2026 7:05:28 PM | * Backup/Gratuite/Envoi.dat-- -- --191819
3/5/2026 7:05:28 PM | * Gratuite/Envoi.php-- -- --30686
3/5/2026 7:05:28 PM | * Gratuite/Formulaire(var).js-- -- --1147
3/5/2026 7:05:28 PM | * Gratuite/Formulaire(var).php-- -- --3811
3/5/2026 7:05:28 PM | * Gratuite/Formulaire.css-- -- --5107
3/5/2026 7:05:28 PM | * Backup/Gratuite/Formulaire.dat-- -- --1033193
3/5/2026 7:05:28 PM | * Gratuite/Formulaire.php-- -- --62177
3/5/2026 7:05:28 PM | * Magie/Echec(var).js-- -- --171
3/5/2026 7:05:28 PM | * Magie/Echec.css-- -- --939
3/5/2026 7:05:28 PM | * Backup/Magie/Echec.dat-- -- --217239
3/5/2026 7:05:28 PM | * Magie/Echec.php-- -- --31513
3/5/2026 7:05:28 PM | * Magie/Envoi(var).js-- -- --171
3/5/2026 7:05:28 PM | * Magie/Envoi.css-- -- --862
3/5/2026 7:05:28 PM | * Backup/Magie/Envoi.dat-- -- --189954
3/5/2026 7:05:28 PM | * Magie/Envoi.php-- -- --31209
3/5/2026 7:05:28 PM | * Magie/Formulaire(var).js-- -- --1133
3/5/2026 7:05:28 PM | * Magie/Formulaire(var).php-- -- --5375
3/5/2026 7:05:28 PM | * Magie/Formulaire.css-- -- --4882
3/5/2026 7:05:28 PM | * Backup/Magie/Formulaire.dat-- -- --1097190
3/5/2026 7:05:28 PM | * Magie/Formulaire.php-- -- --65997
3/5/2026 7:05:28 PM | * Mail/Echec(var).js-- -- --103
3/5/2026 7:05:28 PM | * Mail/Echec.css-- -- --887
3/5/2026 7:05:28 PM | * Backup/Mail/Echec.dat-- -- --192434
3/5/2026 7:05:28 PM | * Mail/Echec.php-- -- --31448
3/5/2026 7:05:28 PM | * Mail/Envoi(var).js-- -- --103
3/5/2026 7:05:28 PM | * Mail/Envoi.css-- -- --809
3/5/2026 7:05:28 PM | * Backup/Mail/Envoi.dat-- -- --167130
3/5/2026 7:05:28 PM | * Mail/Envoi.php-- -- --31158
3/5/2026 7:05:28 PM | * Mail/Formulaire(var).js-- -- --1103
3/5/2026 7:05:28 PM | * Mail/Formulaire(var).php-- -- --2242
3/5/2026 7:05:28 PM | * Mail/Formulaire.css-- -- --4265
3/5/2026 7:05:28 PM | * Backup/Mail/Formulaire.dat-- -- --808848
3/5/2026 7:05:28 PM | * Mail/Formulaire.php-- -- --53617
3/5/2026 7:05:28 PM | * Methodes/Accueil(var).js-- -- --171
3/5/2026 7:05:28 PM | * Methodes/Accueil.css-- -- --1721
3/5/2026 7:05:28 PM | * Backup/Methodes/Accueil.dat-- -- --450511
3/5/2026 7:05:28 PM | * Methodes/Accueil.php-- -- --46345
3/5/2026 7:05:28 PM | * Methodes/Croix(var).js-- -- --171
3/5/2026 7:05:28 PM | * Methodes/Croix.css-- -- --3694
3/5/2026 7:05:28 PM | * Backup/Methodes/Croix.dat-- -- --950261
3/5/2026 7:05:28 PM | * Methodes/Croix.php-- -- --54949
3/5/2026 7:05:28 PM | * Methodes/Ligne(var).js-- -- --171
3/5/2026 7:05:28 PM | * Methodes/Ligne.css-- -- --3890
3/5/2026 7:05:28 PM | * Backup/Methodes/Ligne.dat-- -- --995220
3/5/2026 7:05:28 PM | * Methodes/Ligne.php-- -- --62900
3/5/2026 7:05:28 PM | * Methodes/Pyramide(var).js-- -- --171
3/5/2026 7:05:28 PM | * Methodes/Pyramide.css-- -- --2041
3/5/2026 7:05:28 PM | * Backup/Methodes/Pyramide.dat-- -- --484510
3/5/2026 7:05:28 PM | * Methodes/Pyramide.php-- -- --48835
3/5/2026 7:05:28 PM | * Paiement/Paiement_accepte(var).js-- -- --171
3/5/2026 7:05:28 PM | * Paiement/Paiement_accepte.css-- -- --862
3/5/2026 7:05:28 PM | * Backup/Paiement/Paiement_accepte.dat-- -- --189913
3/5/2026 7:05:28 PM | * Paiement/Paiement_accepte.php-- -- --31384
3/5/2026 7:05:28 PM | * Paiement/Paiement_avorte(var).js-- -- --171
3/5/2026 7:05:28 PM | * Paiement/Paiement_avorte.css-- -- --862
3/5/2026 7:05:28 PM | * Backup/Paiement/Paiement_avorte.dat-- -- --189602
3/5/2026 7:05:28 PM | * Paiement/Paiement_avorte.php-- -- --30975
3/5/2026 7:05:28 PM | * Partenaires/Partenaires(var).js-- -- --103
3/5/2026 7:05:28 PM | * Partenaires/Partenaires.css-- -- --702
3/5/2026 7:05:28 PM | * Backup/Partenaires/Partenaires.dat-- -- --172765
3/5/2026 7:05:28 PM | * Partenaires/Partenaires.php-- -- --31257
3/5/2026 7:05:28 PM | * Planetes/Accueil(var).js-- -- --171
3/5/2026 7:05:28 PM | * Planetes/Accueil.css-- -- --3106
3/5/2026 7:05:28 PM | * Backup/Planetes/Accueil.dat-- -- --814070
3/5/2026 7:05:28 PM | * Planetes/Accueil.php-- -- --44499
3/5/2026 7:05:28 PM | * Planetes/Jupiter(var).js-- -- --171
3/5/2026 7:05:28 PM | * Planetes/Jupiter.css-- -- --1182
3/5/2026 7:05:28 PM | * Backup/Planetes/Jupiter.dat-- -- --280107
3/5/2026 7:05:28 PM | * Planetes/Jupiter.php-- -- --34157
3/5/2026 7:05:28 PM | * Planetes/Lune(var).js-- -- --239
3/5/2026 7:05:28 PM | * Planetes/Lune.css-- -- --1236
3/5/2026 7:05:28 PM | * Backup/Planetes/Lune.dat-- -- --301576
3/5/2026 7:05:28 PM | * Planetes/Lune.php-- -- --34636
3/5/2026 7:05:28 PM | * Planetes/Mars(var).js-- -- --239
3/5/2026 7:05:28 PM | * Planetes/Mars.css-- -- --1236
3/5/2026 7:05:28 PM | * Backup/Planetes/Mars.dat-- -- --301227
3/5/2026 7:05:28 PM | * Planetes/Mars.php-- -- --34287
3/5/2026 7:05:28 PM | * Planetes/Mercure(var).js-- -- --239
3/5/2026 7:05:28 PM | * Planetes/Mercure.css-- -- --1236
3/5/2026 7:05:28 PM | * Backup/Planetes/Mercure.dat-- -- --302114
3/5/2026 7:05:28 PM | * Planetes/Mercure.php-- -- --35068
3/5/2026 7:05:28 PM | * Planetes/Neptune(var).js-- -- --239
3/5/2026 7:05:28 PM | * Planetes/Neptune.css-- -- --1236
3/5/2026 7:05:28 PM | * Backup/Planetes/Neptune.dat-- -- --301299
3/5/2026 7:05:28 PM | * Planetes/Neptune.php-- -- --34361
3/5/2026 7:05:28 PM | * Planetes/Pluton(var).js-- -- --239
3/5/2026 7:05:28 PM | * Planetes/Pluton.css-- -- --1236
3/5/2026 7:05:28 PM | * Backup/Planetes/Pluton.dat-- -- --301229
3/5/2026 7:05:28 PM | * Planetes/Pluton.php-- -- --34293
3/5/2026 7:05:28 PM | * Planetes/Saturne(var).js-- -- --239
3/5/2026 7:05:28 PM | * Planetes/Saturne.css-- -- --1250
3/5/2026 7:05:28 PM | * Backup/Planetes/Saturne.dat-- -- --303218
3/5/2026 7:05:28 PM | * Planetes/Saturne.php-- -- --34322
3/5/2026 7:05:28 PM | * Planetes/Soleil(var).js-- -- --239
3/5/2026 7:05:28 PM | * Planetes/Soleil.css-- -- --1251
3/5/2026 7:05:28 PM | * Backup/Planetes/Soleil.dat-- -- --304680
3/5/2026 7:05:28 PM | * Planetes/Soleil.php-- -- --34005
3/5/2026 7:05:28 PM | * Planetes/Uranus(var).js-- -- --239
3/5/2026 7:05:28 PM | * Planetes/Uranus.css-- -- --1251
3/5/2026 7:05:28 PM | * Backup/Planetes/Uranus.dat-- -- --304436
3/5/2026 7:05:28 PM | * Planetes/Uranus.php-- -- --33719
3/5/2026 7:05:28 PM | * Planetes/Venus(var).js-- -- --239
3/5/2026 7:05:28 PM | * Planetes/Venus.css-- -- --1251
3/5/2026 7:05:28 PM | * Backup/Planetes/Venus.dat-- -- --305172
3/5/2026 7:05:28 PM | * Planetes/Venus.php-- -- --34366
3/5/2026 7:05:28 PM | * Tchat/errors.txt-- -- --0
3/5/2026 7:05:28 PM | * index(var).js-- -- --171
3/5/2026 7:05:28 PM | * index.css-- -- --917
3/5/2026 7:05:28 PM | * Backup/index.dat-- -- --152600
3/5/2026 7:05:28 PM | * index.php-- -- --35670
3/5/2026 7:05:28 PM | * Templates/Base.css-- -- --4496
3/5/2026 7:05:28 PM | * Templates/Base.php-- -- --29551
3/5/2026 7:05:28 PM | * Backup/Templates/Base.tdat-- -- --1058141
3/5/2026 7:05:28 PM | * sitemap.xml-- -- --26907
3/5/2026 7:05:28 PM | * robots.txt-- -- --39
3/5/2026 7:05:28 PM | * Backup/Belline net.ope-- -- --3598
3/5/2026 7:05:33 PM | 
3/5/2026 7:05:33 PM | 
--------------------------------Phase 1 Terminé--------------------------------
3/5/2026 7:05:33 PM | 

3/11/2026 3:57:55 PM | Debut Mise en ligne différentielle (Site):
3/11/2026 3:58:11 PM | Listing terminé :
3/11/2026 3:58:11 PM | 

3/11/2026 3:58:11 PM | * Tchat-- -- --Folder create
3/11/2026 3:58:11 PM | * Tchat/widgets-- -- --Folder create
3/11/2026 3:58:11 PM | * Tchat/templates-- -- --Folder create
3/11/2026 3:58:11 PM | * Tchat/stickers-- -- --Folder create
3/11/2026 3:58:11 PM | * Tchat/stickers/Stickers-- -- --Folder create
3/11/2026 3:58:11 PM | * Tchat/stickers/Deutsch-- -- --Folder create
3/11/2026 3:58:11 PM | * Tchat/splash-- -- --Folder create
3/11/2026 3:58:11 PM | * Tchat/lang-- -- --Folder create
3/11/2026 3:58:11 PM | * Tchat/install-- -- --Folder create
3/11/2026 3:58:11 PM | * Tchat/incl-- -- --Folder create
3/11/2026 3:58:11 PM | * Tchat/img-- -- --Folder create
3/11/2026 3:58:11 PM | * Tchat/backgrounds-- -- --Folder create
3/11/2026 3:58:11 PM | * Tchat/avatars-- -- --Folder create
3/11/2026 3:58:11 PM | * Tchat/attachments-- -- --Folder create
3/11/2026 3:58:11 PM | * Tchat/app-- -- --Folder create
3/11/2026 3:58:11 PM | * Tchat/admin-- -- --Folder create
3/11/2026 3:58:11 PM | * Tchat/admin/font-- -- --Folder create
3/11/2026 3:58:11 PM | * Planetes-- -- --Folder create
3/11/2026 3:58:11 PM | * Partenaires-- -- --Folder create
3/11/2026 3:58:11 PM | * Paiement-- -- --Folder create
3/11/2026 3:58:11 PM | * Online-- -- --Folder create
3/11/2026 3:58:11 PM | * Online/Templates-- -- --Folder create
3/11/2026 3:58:11 PM | * Methodes-- -- --Folder create
3/11/2026 3:58:11 PM | * Mail-- -- --Folder create
3/11/2026 3:58:11 PM | * Magie-- -- --Folder create
3/11/2026 3:58:11 PM | * Gratuite-- -- --Folder create
3/11/2026 3:58:11 PM | * Dons-- -- --Folder create
3/11/2026 3:58:11 PM | * Domicile-- -- --Folder create
3/11/2026 3:58:11 PM | * Chat-- -- --Folder create
3/11/2026 3:58:11 PM | * CGU-- -- --Folder create
3/11/2026 3:58:11 PM | * Cartomancie-- -- --Folder create
3/11/2026 3:58:11 PM | * Cartomancie/Tarots-- -- --Folder create
3/11/2026 3:58:11 PM | * Cartomancie/Belline-- -- --Folder create
3/11/2026 3:58:11 PM | * Cartomancie/32-cartes-- -- --Folder create
3/11/2026 3:58:11 PM | * Cartomancie/32-cartes/Trefle-- -- --Folder create
3/11/2026 3:58:11 PM | * Cartomancie/32-cartes/Pique-- -- --Folder create
3/11/2026 3:58:11 PM | * Cartomancie/32-cartes/Coeur-- -- --Folder create
3/11/2026 3:58:11 PM | * Cartomancie/32-cartes/Carreau-- -- --Folder create
3/11/2026 3:58:11 PM | * Admin-- -- --Folder create
3/11/2026 3:58:11 PM | * Admin/sounds-- -- --Folder create
3/11/2026 3:58:11 PM | * Backup-- -- --Folder create
3/11/2026 3:58:11 PM | * Templates-- -- --Folder create
3/11/2026 3:58:11 PM | * WEFiles-- -- --Folder create
3/11/2026 3:58:11 PM | * WEFiles/Image-- -- --Folder create
3/11/2026 3:58:11 PM | * WEFiles/Image/WEImage-- -- --Folder create
3/11/2026 3:58:11 PM | * Backup/.htaccess-- -- --33
3/11/2026 3:58:11 PM | * .htaccess-- -- --0
3/11/2026 3:58:11 PM | * Admin/status.css-- -- --0
3/11/2026 3:58:12 PM | * Cartomancie/32-cartes/Carreau/07(var).js-- -- --171
3/11/2026 3:58:12 PM | * Cartomancie/32-cartes/Carreau/07.css-- -- --1196
3/11/2026 3:58:12 PM | * Backup/Cartomancie/32-cartes/Carreau/07.dat-- -- --278233
3/11/2026 3:58:12 PM | * Cartomancie/32-cartes/Carreau/07.php-- -- --33420
3/11/2026 3:58:12 PM | * Cartomancie/32-cartes/Carreau/08(var).js-- -- --171
3/11/2026 3:58:12 PM | * Cartomancie/32-cartes/Carreau/08.css-- -- --1197
3/11/2026 3:58:12 PM | * Backup/Cartomancie/32-cartes/Carreau/08.dat-- -- --279197
3/11/2026 3:58:12 PM | * Cartomancie/32-cartes/Carreau/08.php-- -- --34288
3/11/2026 3:58:12 PM | * Cartomancie/32-cartes/Carreau/09(var).js-- -- --171
3/11/2026 3:58:12 PM | * Cartomancie/32-cartes/Carreau/09.css-- -- --1196
3/11/2026 3:58:12 PM | * Backup/Cartomancie/32-cartes/Carreau/09.dat-- -- --277444
3/11/2026 3:58:12 PM | * Cartomancie/32-cartes/Carreau/09.php-- -- --33074
3/11/2026 3:58:12 PM | * Cartomancie/32-cartes/Carreau/10(var).js-- -- --171
3/11/2026 3:58:12 PM | * Cartomancie/32-cartes/Carreau/10.css-- -- --1196
3/11/2026 3:58:12 PM | * Backup/Cartomancie/32-cartes/Carreau/10.dat-- -- --278108
3/11/2026 3:58:12 PM | * Cartomancie/32-cartes/Carreau/10.php-- -- --33349
3/11/2026 3:58:12 PM | * Cartomancie/32-cartes/Carreau/11-Valet(var).js-- -- --171
3/11/2026 3:58:12 PM | * Cartomancie/32-cartes/Carreau/11-Valet.css-- -- --1196
3/11/2026 3:58:12 PM | * Backup/Cartomancie/32-cartes/Carreau/11-Valet.dat-- -- --278300
3/11/2026 3:58:12 PM | * Cartomancie/32-cartes/Carreau/11-Valet.php-- -- --33946
3/11/2026 3:58:12 PM | * Cartomancie/32-cartes/Carreau/12-Dame(var).js-- -- --171
3/11/2026 3:58:12 PM | * Cartomancie/32-cartes/Carreau/12-Dame.css-- -- --1196
3/11/2026 3:58:12 PM | * Backup/Cartomancie/32-cartes/Carreau/12-Dame.dat-- -- --277737
3/11/2026 3:58:12 PM | * Cartomancie/32-cartes/Carreau/12-Dame.php-- -- --33600
3/11/2026 3:58:12 PM | * Cartomancie/32-cartes/Carreau/13-Roi(var).js-- -- --171
3/11/2026 3:58:12 PM | * Cartomancie/32-cartes/Carreau/13-Roi.css-- -- --1196
3/11/2026 3:58:12 PM | * Backup/Cartomancie/32-cartes/Carreau/13-Roi.dat-- -- --278040
3/11/2026 3:58:12 PM | * Cartomancie/32-cartes/Carreau/13-Roi.php-- -- --33680
3/11/2026 3:58:12 PM | * Cartomancie/32-cartes/Carreau/14-As(var).js-- -- --171
3/11/2026 3:58:12 PM | * Cartomancie/32-cartes/Carreau/14-As.css-- -- --1196
3/11/2026 3:58:12 PM | * Backup/Cartomancie/32-cartes/Carreau/14-As.dat-- -- --278005
3/11/2026 3:58:12 PM | * Cartomancie/32-cartes/Carreau/14-As.php-- -- --33516
3/11/2026 3:58:12 PM | * Cartomancie/32-cartes/Coeur/07(var).js-- -- --171
3/11/2026 3:58:12 PM | * Cartomancie/32-cartes/Coeur/07.css-- -- --1196
3/11/2026 3:58:12 PM | * Backup/Cartomancie/32-cartes/Coeur/07.dat-- -- --277977
3/11/2026 3:58:12 PM | * Cartomancie/32-cartes/Coeur/07.php-- -- --33449
3/11/2026 3:58:12 PM | * Cartomancie/32-cartes/Coeur/08(var).js-- -- --171
3/11/2026 3:58:12 PM | * Cartomancie/32-cartes/Coeur/08.css-- -- --1196
3/11/2026 3:58:12 PM | * Backup/Cartomancie/32-cartes/Coeur/08.dat-- -- --277840
3/11/2026 3:58:12 PM | * Cartomancie/32-cartes/Coeur/08.php-- -- --33302
3/11/2026 3:58:12 PM | * Cartomancie/32-cartes/Coeur/09(var).js-- -- --171
3/11/2026 3:58:12 PM | * Cartomancie/32-cartes/Coeur/09.css-- -- --1196
3/11/2026 3:58:12 PM | * Backup/Cartomancie/32-cartes/Coeur/09.dat-- -- --277886
3/11/2026 3:58:12 PM | * Cartomancie/32-cartes/Coeur/09.php-- -- --33348
3/11/2026 3:58:12 PM | * Cartomancie/32-cartes/Coeur/10(var).js-- -- --171
3/11/2026 3:58:12 PM | * Cartomancie/32-cartes/Coeur/10.css-- -- --1211
3/11/2026 3:58:12 PM | * Backup/Cartomancie/32-cartes/Coeur/10.dat-- -- --284142
3/11/2026 3:58:12 PM | * Cartomancie/32-cartes/Coeur/10.php-- -- --34019
3/11/2026 3:58:12 PM | * Cartomancie/32-cartes/Coeur/11-Valet(var).js-- -- --171
3/11/2026 3:58:12 PM | * Cartomancie/32-cartes/Coeur/11-Valet.css-- -- --1196
3/11/2026 3:58:12 PM | * Backup/Cartomancie/32-cartes/Coeur/11-Valet.dat-- -- --278378
3/11/2026 3:58:12 PM | * Cartomancie/32-cartes/Coeur/11-Valet.php-- -- --33858
3/11/2026 3:58:12 PM | * Cartomancie/32-cartes/Coeur/12-Dame(var).js-- -- --171
3/11/2026 3:58:12 PM | * Cartomancie/32-cartes/Coeur/12-Dame.css-- -- --1196
3/11/2026 3:58:12 PM | * Backup/Cartomancie/32-cartes/Coeur/12-Dame.dat-- -- --277992
3/11/2026 3:58:12 PM | * Cartomancie/32-cartes/Coeur/12-Dame.php-- -- --33469
3/11/2026 3:58:12 PM | * Cartomancie/32-cartes/Coeur/13-Roi(var).js-- -- --103
3/11/2026 3:58:12 PM | * Cartomancie/32-cartes/Coeur/13-Roi.css-- -- --1143
3/11/2026 3:58:12 PM | * Backup/Cartomancie/32-cartes/Coeur/13-Roi.dat-- -- --255808
3/11/2026 3:58:12 PM | * Cartomancie/32-cartes/Coeur/13-Roi.php-- -- --33861
3/11/2026 3:58:12 PM | * Cartomancie/32-cartes/Coeur/14-As(var).js-- -- --103
3/11/2026 3:58:12 PM | * Cartomancie/32-cartes/Coeur/14-As.css-- -- --1143
3/11/2026 3:58:12 PM | * Backup/Cartomancie/32-cartes/Coeur/14-As.dat-- -- --255095
3/11/2026 3:58:12 PM | * Cartomancie/32-cartes/Coeur/14-As.php-- -- --33257
3/11/2026 3:58:12 PM | * Cartomancie/32-cartes/Pique/07(var).js-- -- --239
3/11/2026 3:58:12 PM | * Cartomancie/32-cartes/Pique/07.css-- -- --1249
3/11/2026 3:58:12 PM | * Backup/Cartomancie/32-cartes/Pique/07.dat-- -- --299014
3/11/2026 3:58:12 PM | * Cartomancie/32-cartes/Pique/07.php-- -- --33501
3/11/2026 3:58:12 PM | * Cartomancie/32-cartes/Pique/08(var).js-- -- --171
3/11/2026 3:58:12 PM | * Cartomancie/32-cartes/Pique/08.css-- -- --1196
3/11/2026 3:58:12 PM | * Backup/Cartomancie/32-cartes/Pique/08.dat-- -- --280545
3/11/2026 3:58:12 PM | * Cartomancie/32-cartes/Pique/08.php-- -- --34092
3/11/2026 3:58:12 PM | * Cartomancie/32-cartes/Pique/09(var).js-- -- --171
3/11/2026 3:58:12 PM | * Cartomancie/32-cartes/Pique/09.css-- -- --1196
3/11/2026 3:58:12 PM | * Backup/Cartomancie/32-cartes/Pique/09.dat-- -- --278107
3/11/2026 3:58:12 PM | * Cartomancie/32-cartes/Pique/09.php-- -- --33646
3/11/2026 3:58:12 PM | * Cartomancie/32-cartes/Pique/10(var).js-- -- --171
3/11/2026 3:58:12 PM | * Cartomancie/32-cartes/Pique/10.css-- -- --1196
3/11/2026 3:58:12 PM | * Backup/Cartomancie/32-cartes/Pique/10.dat-- -- --277812
3/11/2026 3:58:12 PM | * Cartomancie/32-cartes/Pique/10.php-- -- --33321
3/11/2026 3:58:12 PM | * Cartomancie/32-cartes/Pique/11-Valet(var).js-- -- --171
3/11/2026 3:58:12 PM | * Cartomancie/32-cartes/Pique/11-Valet.css-- -- --1197
3/11/2026 3:58:12 PM | * Backup/Cartomancie/32-cartes/Pique/11-Valet.dat-- -- --277946
3/11/2026 3:58:12 PM | * Cartomancie/32-cartes/Pique/11-Valet.php-- -- --33472
3/11/2026 3:58:12 PM | * Cartomancie/32-cartes/Pique/12-Dame(var).js-- -- --171
3/11/2026 3:58:12 PM | * Cartomancie/32-cartes/Pique/12-Dame.css-- -- --1197
3/11/2026 3:58:12 PM | * Backup/Cartomancie/32-cartes/Pique/12-Dame.dat-- -- --278107
3/11/2026 3:58:12 PM | * Cartomancie/32-cartes/Pique/12-Dame.php-- -- --33630
3/11/2026 3:58:12 PM | * Cartomancie/32-cartes/Pique/13-Roi(var).js-- -- --171
3/11/2026 3:58:12 PM | * Cartomancie/32-cartes/Pique/13-Roi.css-- -- --1196
3/11/2026 3:58:12 PM | * Backup/Cartomancie/32-cartes/Pique/13-Roi.dat-- -- --278324
3/11/2026 3:58:12 PM | * Cartomancie/32-cartes/Pique/13-Roi.php-- -- --33841
3/11/2026 3:58:12 PM | * Cartomancie/32-cartes/Pique/14-As(var).js-- -- --103
3/11/2026 3:58:12 PM | * Cartomancie/32-cartes/Pique/14-As.css-- -- --1143
3/11/2026 3:58:12 PM | * Backup/Cartomancie/32-cartes/Pique/14-As.dat-- -- --255319
3/11/2026 3:58:12 PM | * Cartomancie/32-cartes/Pique/14-As.php-- -- --33465
3/11/2026 3:58:12 PM | * Cartomancie/32-cartes/Trefle/07(var).js-- -- --171
3/11/2026 3:58:12 PM | * Cartomancie/32-cartes/Trefle/07.css-- -- --1274
3/11/2026 3:58:12 PM | * Backup/Cartomancie/32-cartes/Trefle/07.dat-- -- --278687
3/11/2026 3:58:12 PM | * Cartomancie/32-cartes/Trefle/07.php-- -- --34125
3/11/2026 3:58:12 PM | * Cartomancie/32-cartes/Trefle/08(var).js-- -- --171
3/11/2026 3:58:12 PM | * Cartomancie/32-cartes/Trefle/08.css-- -- --1273
3/11/2026 3:58:12 PM | * Backup/Cartomancie/32-cartes/Trefle/08.dat-- -- --278708
3/11/2026 3:58:12 PM | * Cartomancie/32-cartes/Trefle/08.php-- -- --34138
3/11/2026 3:58:12 PM | * Cartomancie/32-cartes/Trefle/09(var).js-- -- --171
3/11/2026 3:58:12 PM | * Cartomancie/32-cartes/Trefle/09.css-- -- --1274
3/11/2026 3:58:12 PM | * Backup/Cartomancie/32-cartes/Trefle/09.dat-- -- --278085
3/11/2026 3:58:12 PM | * Cartomancie/32-cartes/Trefle/09.php-- -- --33514
3/11/2026 3:58:12 PM | * Cartomancie/32-cartes/Trefle/10(var).js-- -- --171
3/11/2026 3:58:12 PM | * Cartomancie/32-cartes/Trefle/10.css-- -- --1274
3/11/2026 3:58:12 PM | * Backup/Cartomancie/32-cartes/Trefle/10.dat-- -- --278158
3/11/2026 3:58:12 PM | * Cartomancie/32-cartes/Trefle/10.php-- -- --33587
3/11/2026 3:58:12 PM | * Cartomancie/32-cartes/Trefle/11-Valet(var).js-- -- --171
3/11/2026 3:58:12 PM | * Cartomancie/32-cartes/Trefle/11-Valet.css-- -- --1273
3/11/2026 3:58:12 PM | * Backup/Cartomancie/32-cartes/Trefle/11-Valet.dat-- -- --278223
3/11/2026 3:58:12 PM | * Cartomancie/32-cartes/Trefle/11-Valet.php-- -- --33670
3/11/2026 3:58:12 PM | * Cartomancie/32-cartes/Trefle/12-Dame(var).js-- -- --171
3/11/2026 3:58:12 PM | * Cartomancie/32-cartes/Trefle/12-Dame.css-- -- --1273
3/11/2026 3:58:12 PM | * Backup/Cartomancie/32-cartes/Trefle/12-Dame.dat-- -- --278052
3/11/2026 3:58:12 PM | * Cartomancie/32-cartes/Trefle/12-Dame.php-- -- --33497
3/11/2026 3:58:12 PM | * Cartomancie/32-cartes/Trefle/13-Roi(var).js-- -- --171
3/11/2026 3:58:12 PM | * Cartomancie/32-cartes/Trefle/13-Roi.css-- -- --1274
3/11/2026 3:58:12 PM | * Backup/Cartomancie/32-cartes/Trefle/13-Roi.dat-- -- --277772
3/11/2026 3:58:12 PM | * Cartomancie/32-cartes/Trefle/13-Roi.php-- -- --33213
3/11/2026 3:58:12 PM | * Cartomancie/32-cartes/Trefle/14-As(var).js-- -- --171
3/11/2026 3:58:12 PM | * Cartomancie/32-cartes/Trefle/14-As.css-- -- --1273
3/11/2026 3:58:12 PM | * Backup/Cartomancie/32-cartes/Trefle/14-As.dat-- -- --277993
3/11/2026 3:58:12 PM | * Cartomancie/32-cartes/Trefle/14-As.php-- -- --33432
3/11/2026 3:58:12 PM | * Cartomancie/32-cartes/Accueil(var).js-- -- --171
3/11/2026 3:58:12 PM | * Cartomancie/32-cartes/Accueil.css-- -- --5807
3/11/2026 3:58:12 PM | * Backup/Cartomancie/32-cartes/Accueil.dat-- -- --1364076
3/11/2026 3:58:12 PM | * Cartomancie/32-cartes/Accueil.php-- -- --54535
3/11/2026 3:58:12 PM | * Cartomancie/Belline/01-Bleu(var).js-- -- --171
3/11/2026 3:58:12 PM | * Cartomancie/Belline/01-Bleu.css-- -- --1273
3/11/2026 3:58:12 PM | * Backup/Cartomancie/Belline/01-Bleu.dat-- -- --279645
3/11/2026 3:58:12 PM | * Cartomancie/Belline/01-Bleu.php-- -- --33037
3/11/2026 3:58:12 PM | * Cartomancie/Belline/02-Destinee(var).js-- -- --171
3/11/2026 3:58:12 PM | * Cartomancie/Belline/02-Destinee.css-- -- --1273
3/11/2026 3:58:12 PM | * Backup/Cartomancie/Belline/02-Destinee.dat-- -- --279977
3/11/2026 3:58:12 PM | * Cartomancie/Belline/02-Destinee.php-- -- --33373
3/11/2026 3:58:12 PM | * Cartomancie/Belline/03-Homme(var).js-- -- --171
3/11/2026 3:58:12 PM | * Cartomancie/Belline/03-Homme.css-- -- --1273
3/11/2026 3:58:12 PM | * Backup/Cartomancie/Belline/03-Homme.dat-- -- --280141
3/11/2026 3:58:12 PM | * Cartomancie/Belline/03-Homme.php-- -- --33522
3/11/2026 3:58:12 PM | * Cartomancie/Belline/04-Femme(var).js-- -- --171
3/11/2026 3:58:12 PM | * Cartomancie/Belline/04-Femme.css-- -- --1273
3/11/2026 3:58:12 PM | * Backup/Cartomancie/Belline/04-Femme.dat-- -- --279738
3/11/2026 3:58:12 PM | * Cartomancie/Belline/04-Femme.php-- -- --33115
3/11/2026 3:58:12 PM | * Cartomancie/Belline/05-Nativite(var).js-- -- --171
3/11/2026 3:58:12 PM | * Cartomancie/Belline/05-Nativite.css-- -- --1273
3/11/2026 3:58:12 PM | * Backup/Cartomancie/Belline/05-Nativite.dat-- -- --279973
3/11/2026 3:58:12 PM | * Cartomancie/Belline/05-Nativite.php-- -- --33384
3/11/2026 3:58:12 PM | * Cartomancie/Belline/06-Reussite(var).js-- -- --171
3/11/2026 3:58:12 PM | * Cartomancie/Belline/06-Reussite.css-- -- --1273
3/11/2026 3:58:12 PM | * Backup/Cartomancie/Belline/06-Reussite.dat-- -- --280262
3/11/2026 3:58:12 PM | * Cartomancie/Belline/06-Reussite.php-- -- --33578
3/11/2026 3:58:12 PM | * Cartomancie/Belline/07-Elevation(var).js-- -- --171
3/11/2026 3:58:12 PM | * Cartomancie/Belline/07-Elevation.css-- -- --1273
3/11/2026 3:58:12 PM | * Backup/Cartomancie/Belline/07-Elevation.dat-- -- --280125
3/11/2026 3:58:12 PM | * Cartomancie/Belline/07-Elevation.php-- -- --33517
3/11/2026 3:58:12 PM | * Cartomancie/Belline/08-Honneurs(var).js-- -- --171
3/11/2026 3:58:12 PM | * Cartomancie/Belline/08-Honneurs.css-- -- --1274
3/11/2026 3:58:12 PM | * Backup/Cartomancie/Belline/08-Honneurs.dat-- -- --280170
3/11/2026 3:58:12 PM | * Cartomancie/Belline/08-Honneurs.php-- -- --33511
3/11/2026 3:58:12 PM | * Cartomancie/Belline/09-Pensee(var).js-- -- --171
3/11/2026 3:58:12 PM | * Cartomancie/Belline/09-Pensee.css-- -- --1273
3/11/2026 3:58:12 PM | * Backup/Cartomancie/Belline/09-Pensee.dat-- -- --280200
3/11/2026 3:58:12 PM | * Cartomancie/Belline/09-Pensee.php-- -- --33595
3/11/2026 3:58:12 PM | * Cartomancie/Belline/10-Campagne(var).js-- -- --171
3/11/2026 3:58:12 PM | * Cartomancie/Belline/10-Campagne.css-- -- --1273
3/11/2026 3:58:12 PM | * Backup/Cartomancie/Belline/10-Campagne.dat-- -- --280039
3/11/2026 3:58:12 PM | * Cartomancie/Belline/10-Campagne.php-- -- --33485
3/11/2026 3:58:12 PM | * Cartomancie/Belline/11-Presents(var).js-- -- --171
3/11/2026 3:58:12 PM | * Cartomancie/Belline/11-Presents.css-- -- --1274
3/11/2026 3:58:12 PM | * Backup/Cartomancie/Belline/11-Presents.dat-- -- --280163
3/11/2026 3:58:12 PM | * Cartomancie/Belline/11-Presents.php-- -- --33507
3/11/2026 3:58:12 PM | * Cartomancie/Belline/12-Trahison(var).js-- -- --171
3/11/2026 3:58:12 PM | * Cartomancie/Belline/12-Trahison.css-- -- --1273
3/11/2026 3:58:12 PM | * Backup/Cartomancie/Belline/12-Trahison.dat-- -- --280085
3/11/2026 3:58:12 PM | * Cartomancie/Belline/12-Trahison.php-- -- --33513
3/11/2026 3:58:12 PM | * Cartomancie/Belline/13-Depart(var).js-- -- --171
3/11/2026 3:58:12 PM | * Cartomancie/Belline/13-Depart.css-- -- --1273
3/11/2026 3:58:12 PM | * Backup/Cartomancie/Belline/13-Depart.dat-- -- --279967
3/11/2026 3:58:12 PM | * Cartomancie/Belline/13-Depart.php-- -- --33382
3/11/2026 3:58:12 PM | * Cartomancie/Belline/14-Inconstance(var).js-- -- --171
3/11/2026 3:58:12 PM | * Cartomancie/Belline/14-Inconstance.css-- -- --1274
3/11/2026 3:58:12 PM | * Backup/Cartomancie/Belline/14-Inconstance.dat-- -- --280304
3/11/2026 3:58:12 PM | * Cartomancie/Belline/14-Inconstance.php-- -- --33745
3/11/2026 3:58:12 PM | * Cartomancie/Belline/15-Decouverte(var).js-- -- --171
3/11/2026 3:58:12 PM | * Cartomancie/Belline/15-Decouverte.css-- -- --1274
3/11/2026 3:58:12 PM | * Backup/Cartomancie/Belline/15-Decouverte.dat-- -- --280613
3/11/2026 3:58:12 PM | * Cartomancie/Belline/15-Decouverte.php-- -- --34061
3/11/2026 3:58:12 PM | * Cartomancie/Belline/16-Eau(var).js-- -- --171
3/11/2026 3:58:12 PM | * Cartomancie/Belline/16-Eau.css-- -- --1273
3/11/2026 3:58:12 PM | * Backup/Cartomancie/Belline/16-Eau.dat-- -- --280105
3/11/2026 3:58:12 PM | * Cartomancie/Belline/16-Eau.php-- -- --33514
3/11/2026 3:58:12 PM | * Cartomancie/Belline/17-Penates(var).js-- -- --171
3/11/2026 3:58:12 PM | * Cartomancie/Belline/17-Penates.css-- -- --1273
3/11/2026 3:58:12 PM | * Backup/Cartomancie/Belline/17-Penates.dat-- -- --280277
3/11/2026 3:58:12 PM | * Cartomancie/Belline/17-Penates.php-- -- --33694
3/11/2026 3:58:12 PM | * Cartomancie/Belline/18-Maladie(var).js-- -- --171
3/11/2026 3:58:12 PM | * Cartomancie/Belline/18-Maladie.css-- -- --1273
3/11/2026 3:58:12 PM | * Backup/Cartomancie/Belline/18-Maladie.dat-- -- --280043
3/11/2026 3:58:12 PM | * Cartomancie/Belline/18-Maladie.php-- -- --33365
3/11/2026 3:58:12 PM | * Cartomancie/Belline/19-Changement(var).js-- -- --171
3/11/2026 3:58:12 PM | * Cartomancie/Belline/19-Changement.css-- -- --1273
3/11/2026 3:58:12 PM | * Backup/Cartomancie/Belline/19-Changement.dat-- -- --280213
3/11/2026 3:58:12 PM | * Cartomancie/Belline/19-Changement.php-- -- --33653
3/11/2026 3:58:12 PM | * Cartomancie/Belline/20-Argent(var).js-- -- --171
3/11/2026 3:58:12 PM | * Cartomancie/Belline/20-Argent.css-- -- --1273
3/11/2026 3:58:12 PM | * Backup/Cartomancie/Belline/20-Argent.dat-- -- --279808
3/11/2026 3:58:12 PM | * Cartomancie/Belline/20-Argent.php-- -- --33240
3/11/2026 3:58:12 PM | * Cartomancie/Belline/21-Intelligence(var).js-- -- --171
3/11/2026 3:58:12 PM | * Cartomancie/Belline/21-Intelligence.css-- -- --1273
3/11/2026 3:58:12 PM | * Backup/Cartomancie/Belline/21-Intelligence.dat-- -- --280269
3/11/2026 3:58:12 PM | * Cartomancie/Belline/21-Intelligence.php-- -- --33713
3/11/2026 3:58:12 PM | * Cartomancie/Belline/22-Vol(var).js-- -- --171
3/11/2026 3:58:12 PM | * Cartomancie/Belline/22-Vol.css-- -- --1273
3/11/2026 3:58:12 PM | * Backup/Cartomancie/Belline/22-Vol.dat-- -- --279645
3/11/2026 3:58:12 PM | * Cartomancie/Belline/22-Vol.php-- -- --33400
3/11/2026 3:58:12 PM | * Cartomancie/Belline/23-Entreprises(var).js-- -- --171
3/11/2026 3:58:12 PM | * Cartomancie/Belline/23-Entreprises.css-- -- --1273
3/11/2026 3:58:12 PM | * Backup/Cartomancie/Belline/23-Entreprises.dat-- -- --278282
3/11/2026 3:58:12 PM | * Cartomancie/Belline/23-Entreprises.php-- -- --33409
3/11/2026 3:58:12 PM | * Cartomancie/Belline/24-Trafic(var).js-- -- --171
3/11/2026 3:58:12 PM | * Cartomancie/Belline/24-Trafic.css-- -- --1273
3/11/2026 3:58:12 PM | * Backup/Cartomancie/Belline/24-Trafic.dat-- -- --279936
3/11/2026 3:58:12 PM | * Cartomancie/Belline/24-Trafic.php-- -- --33368
3/11/2026 3:58:12 PM | * Cartomancie/Belline/25-Nouvelle(var).js-- -- --171
3/11/2026 3:58:12 PM | * Cartomancie/Belline/25-Nouvelle.css-- -- --1273
3/11/2026 3:58:12 PM | * Backup/Cartomancie/Belline/25-Nouvelle.dat-- -- --279638
3/11/2026 3:58:12 PM | * Cartomancie/Belline/25-Nouvelle.php-- -- --33083
3/11/2026 3:58:12 PM | * Cartomancie/Belline/26-Plaisirs(var).js-- -- --171
3/11/2026 3:58:12 PM | * Cartomancie/Belline/26-Plaisirs.css-- -- --1274
3/11/2026 3:58:12 PM | * Backup/Cartomancie/Belline/26-Plaisirs.dat-- -- --279841
3/11/2026 3:58:12 PM | * Cartomancie/Belline/26-Plaisirs.php-- -- --33285
3/11/2026 3:58:12 PM | * Cartomancie/Belline/27-Paix(var).js-- -- --171
3/11/2026 3:58:12 PM | * Cartomancie/Belline/27-Paix.css-- -- --1273
3/11/2026 3:58:12 PM | * Backup/Cartomancie/Belline/27-Paix.dat-- -- --280325
3/11/2026 3:58:12 PM | * Cartomancie/Belline/27-Paix.php-- -- --33762
3/11/2026 3:58:12 PM | * Cartomancie/Belline/28-Union(var).js-- -- --171
3/11/2026 3:58:12 PM | * Cartomancie/Belline/28-Union.css-- -- --1273
3/11/2026 3:58:12 PM | * Backup/Cartomancie/Belline/28-Union.dat-- -- --279818
3/11/2026 3:58:12 PM | * Cartomancie/Belline/28-Union.php-- -- --33227
3/11/2026 3:58:12 PM | * Cartomancie/Belline/29-Famille(var).js-- -- --171
3/11/2026 3:58:12 PM | * Cartomancie/Belline/29-Famille.css-- -- --1273
3/11/2026 3:58:12 PM | * Backup/Cartomancie/Belline/29-Famille.dat-- -- --279929
3/11/2026 3:58:12 PM | * Cartomancie/Belline/29-Famille.php-- -- --33372
3/11/2026 3:58:12 PM | * Cartomancie/Belline/30-Amor(var).js-- -- --171
3/11/2026 3:58:12 PM | * Cartomancie/Belline/30-Amor.css-- -- --1274
3/11/2026 3:58:12 PM | * Backup/Cartomancie/Belline/30-Amor.dat-- -- --279918
3/11/2026 3:58:12 PM | * Cartomancie/Belline/30-Amor.php-- -- --33353
3/11/2026 3:58:12 PM | * Cartomancie/Belline/31-Table(var).js-- -- --171
3/11/2026 3:58:12 PM | * Cartomancie/Belline/31-Table.css-- -- --1273
3/11/2026 3:58:12 PM | * Backup/Cartomancie/Belline/31-Table.dat-- -- --279902
3/11/2026 3:58:12 PM | * Cartomancie/Belline/31-Table.php-- -- --33341
3/11/2026 3:58:12 PM | * Cartomancie/Belline/32-Passions(var).js-- -- --171
3/11/2026 3:58:12 PM | * Cartomancie/Belline/32-Passions.css-- -- --1274
3/11/2026 3:58:12 PM | * Backup/Cartomancie/Belline/32-Passions.dat-- -- --280306
3/11/2026 3:58:12 PM | * Cartomancie/Belline/32-Passions.php-- -- --33750
3/11/2026 3:58:12 PM | * Cartomancie/Belline/33-Mechancete(var).js-- -- --239
3/11/2026 3:58:12 PM | * Cartomancie/Belline/33-Mechancete.css-- -- --1327
3/11/2026 3:58:12 PM | * Backup/Cartomancie/Belline/33-Mechancete.dat-- -- --300765
3/11/2026 3:58:12 PM | * Cartomancie/Belline/33-Mechancete.php-- -- --33291
3/11/2026 3:58:12 PM | * Cartomancie/Belline/34-Proces(var).js-- -- --171
3/11/2026 3:58:12 PM | * Cartomancie/Belline/34-Proces.css-- -- --1274
3/11/2026 3:58:12 PM | * Backup/Cartomancie/Belline/34-Proces.dat-- -- --279868
3/11/2026 3:58:12 PM | * Cartomancie/Belline/34-Proces.php-- -- --33308
3/11/2026 3:58:12 PM | * Cartomancie/Belline/35-Despotisme(var).js-- -- --171
3/11/2026 3:58:12 PM | * Cartomancie/Belline/35-Despotisme.css-- -- --1274
3/11/2026 3:58:12 PM | * Backup/Cartomancie/Belline/35-Despotisme.dat-- -- --280026
3/11/2026 3:58:12 PM | * Cartomancie/Belline/35-Despotisme.php-- -- --33465
3/11/2026 3:58:12 PM | * Cartomancie/Belline/36-Ennemis(var).js-- -- --171
3/11/2026 3:58:12 PM | * Cartomancie/Belline/36-Ennemis.css-- -- --1273
3/11/2026 3:58:12 PM | * Backup/Cartomancie/Belline/36-Ennemis.dat-- -- --279966
3/11/2026 3:58:12 PM | * Cartomancie/Belline/36-Ennemis.php-- -- --33400
3/11/2026 3:58:12 PM | * Cartomancie/Belline/37-Pourparlers(var).js-- -- --171
3/11/2026 3:58:12 PM | * Cartomancie/Belline/37-Pourparlers.css-- -- --1274
3/11/2026 3:58:12 PM | * Backup/Cartomancie/Belline/37-Pourparlers.dat-- -- --280030
3/11/2026 3:58:12 PM | * Cartomancie/Belline/37-Pourparlers.php-- -- --33480
3/11/2026 3:58:12 PM | * Cartomancie/Belline/38-Feu(var).js-- -- --171
3/11/2026 3:58:12 PM | * Cartomancie/Belline/38-Feu.css-- -- --1273
3/11/2026 3:58:12 PM | * Backup/Cartomancie/Belline/38-Feu.dat-- -- --279955
3/11/2026 3:58:12 PM | * Cartomancie/Belline/38-Feu.php-- -- --33390
3/11/2026 3:58:12 PM | * Cartomancie/Belline/39-Accident(var).js-- -- --171
3/11/2026 3:58:12 PM | * Cartomancie/Belline/39-Accident.css-- -- --1273
3/11/2026 3:58:12 PM | * Backup/Cartomancie/Belline/39-Accident.dat-- -- --280107
3/11/2026 3:58:12 PM | * Cartomancie/Belline/39-Accident.php-- -- --33535
3/11/2026 3:58:12 PM | * Cartomancie/Belline/40-Appui(var).js-- -- --171
3/11/2026 3:58:12 PM | * Cartomancie/Belline/40-Appui.css-- -- --1274
3/11/2026 3:58:12 PM | * Backup/Cartomancie/Belline/40-Appui.dat-- -- --279884
3/11/2026 3:58:12 PM | * Cartomancie/Belline/40-Appui.php-- -- --33322
3/11/2026 3:58:12 PM | * Cartomancie/Belline/41-Beaute(var).js-- -- --171
3/11/2026 3:58:12 PM | * Cartomancie/Belline/41-Beaute.css-- -- --1273
3/11/2026 3:58:12 PM | * Backup/Cartomancie/Belline/41-Beaute.dat-- -- --279622
3/11/2026 3:58:12 PM | * Cartomancie/Belline/41-Beaute.php-- -- --33478
3/11/2026 3:58:12 PM | * Cartomancie/Belline/42-Heritage(var).js-- -- --171
3/11/2026 3:58:12 PM | * Cartomancie/Belline/42-Heritage.css-- -- --1273
3/11/2026 3:58:12 PM | * Backup/Cartomancie/Belline/42-Heritage.dat-- -- --279984
3/11/2026 3:58:12 PM | * Cartomancie/Belline/42-Heritage.php-- -- --33420
3/11/2026 3:58:12 PM | * Cartomancie/Belline/43-Sagesse(var).js-- -- --171
3/11/2026 3:58:12 PM | * Cartomancie/Belline/43-Sagesse.css-- -- --1273
3/11/2026 3:58:12 PM | * Backup/Cartomancie/Belline/43-Sagesse.dat-- -- --280071
3/11/2026 3:58:12 PM | * Cartomancie/Belline/43-Sagesse.php-- -- --33410
3/11/2026 3:58:12 PM | * Cartomancie/Belline/44-Renommee(var).js-- -- --171
3/11/2026 3:58:12 PM | * Cartomancie/Belline/44-Renommee.css-- -- --1273
3/11/2026 3:58:12 PM | * Backup/Cartomancie/Belline/44-Renommee.dat-- -- --279987
3/11/2026 3:58:12 PM | * Cartomancie/Belline/44-Renommee.php-- -- --33423
3/11/2026 3:58:12 PM | * Cartomancie/Belline/45-Hasard(var).js-- -- --171
3/11/2026 3:58:12 PM | * Cartomancie/Belline/45-Hasard.css-- -- --1273
3/11/2026 3:58:12 PM | * Backup/Cartomancie/Belline/45-Hasard.dat-- -- --280066
3/11/2026 3:58:12 PM | * Cartomancie/Belline/45-Hasard.php-- -- --33403
3/11/2026 3:58:12 PM | * Cartomancie/Belline/46-Bonheur(var).js-- -- --171
3/11/2026 3:58:12 PM | * Cartomancie/Belline/46-Bonheur.css-- -- --1273
3/11/2026 3:58:12 PM | * Backup/Cartomancie/Belline/46-Bonheur.dat-- -- --279832
3/11/2026 3:58:12 PM | * Cartomancie/Belline/46-Bonheur.php-- -- --33266
3/11/2026 3:58:12 PM | * Cartomancie/Belline/47-Infortune(var).js-- -- --171
3/11/2026 3:58:12 PM | * Cartomancie/Belline/47-Infortune.css-- -- --1273
3/11/2026 3:58:12 PM | * Backup/Cartomancie/Belline/47-Infortune.dat-- -- --280238
3/11/2026 3:58:12 PM | * Cartomancie/Belline/47-Infortune.php-- -- --33676
3/11/2026 3:58:12 PM | * Cartomancie/Belline/48-Sterilite(var).js-- -- --171
3/11/2026 3:58:12 PM | * Cartomancie/Belline/48-Sterilite.css-- -- --1274
3/11/2026 3:58:12 PM | * Backup/Cartomancie/Belline/48-Sterilite.dat-- -- --279948
3/11/2026 3:58:12 PM | * Cartomancie/Belline/48-Sterilite.php-- -- --33385
3/11/2026 3:58:12 PM | * Cartomancie/Belline/49-Fatalite(var).js-- -- --171
3/11/2026 3:58:12 PM | * Cartomancie/Belline/49-Fatalite.css-- -- --1274
3/11/2026 3:58:13 PM | * Backup/Cartomancie/Belline/49-Fatalite.dat-- -- --280143
3/11/2026 3:58:13 PM | * Cartomancie/Belline/49-Fatalite.php-- -- --33577
3/11/2026 3:58:13 PM | * Cartomancie/Belline/50-Grace(var).js-- -- --171
3/11/2026 3:58:13 PM | * Cartomancie/Belline/50-Grace.css-- -- --1273
3/11/2026 3:58:13 PM | * Backup/Cartomancie/Belline/50-Grace.dat-- -- --280172
3/11/2026 3:58:13 PM | * Cartomancie/Belline/50-Grace.php-- -- --33585
3/11/2026 3:58:13 PM | * Cartomancie/Belline/51-Ruine(var).js-- -- --171
3/11/2026 3:58:13 PM | * Cartomancie/Belline/51-Ruine.css-- -- --1273
3/11/2026 3:58:13 PM | * Backup/Cartomancie/Belline/51-Ruine.dat-- -- --280475
3/11/2026 3:58:13 PM | * Cartomancie/Belline/51-Ruine.php-- -- --33888
3/11/2026 3:58:13 PM | * Cartomancie/Belline/52-Retard(var).js-- -- --171
3/11/2026 3:58:13 PM | * Cartomancie/Belline/52-Retard.css-- -- --1273
3/11/2026 3:58:13 PM | * Backup/Cartomancie/Belline/52-Retard.dat-- -- --279600
3/11/2026 3:58:13 PM | * Cartomancie/Belline/52-Retard.php-- -- --33024
3/11/2026 3:58:13 PM | * Cartomancie/Belline/53-Cloitre(var).js-- -- --171
3/11/2026 3:58:13 PM | * Cartomancie/Belline/53-Cloitre.css-- -- --1273
3/11/2026 3:58:13 PM | * Backup/Cartomancie/Belline/53-Cloitre.dat-- -- --280107
3/11/2026 3:58:13 PM | * Cartomancie/Belline/53-Cloitre.php-- -- --33524
3/11/2026 3:58:13 PM | * Cartomancie/Belline/Accueil(var).js-- -- --171
3/11/2026 3:58:13 PM | * Cartomancie/Belline/Accueil.css-- -- --8991
3/11/2026 3:58:13 PM | * Backup/Cartomancie/Belline/Accueil.dat-- -- --2231345
3/11/2026 3:58:13 PM | * Cartomancie/Belline/Accueil.php-- -- --67997
3/11/2026 3:58:13 PM | * Cartomancie/Tarots/01-Fou(var).js-- -- --171
3/11/2026 3:58:13 PM | * Cartomancie/Tarots/01-Fou.css-- -- --1196
3/11/2026 3:58:13 PM | * Backup/Cartomancie/Tarots/01-Fou.dat-- -- --280282
3/11/2026 3:58:13 PM | * Cartomancie/Tarots/01-Fou.php-- -- --33772
3/11/2026 3:58:13 PM | * Cartomancie/Tarots/02-Bateleur(var).js-- -- --171
3/11/2026 3:58:13 PM | * Cartomancie/Tarots/02-Bateleur.css-- -- --1196
3/11/2026 3:58:13 PM | * Backup/Cartomancie/Tarots/02-Bateleur.dat-- -- --279858
3/11/2026 3:58:13 PM | * Cartomancie/Tarots/02-Bateleur.php-- -- --33360
3/11/2026 3:58:13 PM | * Cartomancie/Tarots/03-Papesse(var).js-- -- --171
3/11/2026 3:58:13 PM | * Cartomancie/Tarots/03-Papesse.css-- -- --1196
3/11/2026 3:58:13 PM | * Backup/Cartomancie/Tarots/03-Papesse.dat-- -- --280097
3/11/2026 3:58:13 PM | * Cartomancie/Tarots/03-Papesse.php-- -- --33586
3/11/2026 3:58:13 PM | * Cartomancie/Tarots/04-Imperatrice(var).js-- -- --171
3/11/2026 3:58:13 PM | * Cartomancie/Tarots/04-Imperatrice.css-- -- --1196
3/11/2026 3:58:13 PM | * Backup/Cartomancie/Tarots/04-Imperatrice.dat-- -- --280707
3/11/2026 3:58:13 PM | * Cartomancie/Tarots/04-Imperatrice.php-- -- --34118
3/11/2026 3:58:13 PM | * Cartomancie/Tarots/05-Empereur(var).js-- -- --171
3/11/2026 3:58:13 PM | * Cartomancie/Tarots/05-Empereur.css-- -- --1196
3/11/2026 3:58:13 PM | * Backup/Cartomancie/Tarots/05-Empereur.dat-- -- --280211
3/11/2026 3:58:13 PM | * Cartomancie/Tarots/05-Empereur.php-- -- --33711
3/11/2026 3:58:13 PM | * Cartomancie/Tarots/06-Pape(var).js-- -- --171
3/11/2026 3:58:13 PM | * Cartomancie/Tarots/06-Pape.css-- -- --1196
3/11/2026 3:58:13 PM | * Backup/Cartomancie/Tarots/06-Pape.dat-- -- --280407
3/11/2026 3:58:13 PM | * Cartomancie/Tarots/06-Pape.php-- -- --33882
3/11/2026 3:58:13 PM | * Cartomancie/Tarots/07-Amoureux(var).js-- -- --171
3/11/2026 3:58:13 PM | * Cartomancie/Tarots/07-Amoureux.css-- -- --1273
3/11/2026 3:58:13 PM | * Backup/Cartomancie/Tarots/07-Amoureux.dat-- -- --280399
3/11/2026 3:58:13 PM | * Cartomancie/Tarots/07-Amoureux.php-- -- --33707
3/11/2026 3:58:13 PM | * Cartomancie/Tarots/08-Chariot(var).js-- -- --171
3/11/2026 3:58:13 PM | * Cartomancie/Tarots/08-Chariot.css-- -- --1273
3/11/2026 3:58:13 PM | * Backup/Cartomancie/Tarots/08-Chariot.dat-- -- --280797
3/11/2026 3:58:13 PM | * Cartomancie/Tarots/08-Chariot.php-- -- --34128
3/11/2026 3:58:13 PM | * Cartomancie/Tarots/09-Justice(var).js-- -- --171
3/11/2026 3:58:13 PM | * Cartomancie/Tarots/09-Justice.css-- -- --1273
3/11/2026 3:58:13 PM | * Backup/Cartomancie/Tarots/09-Justice.dat-- -- --280695
3/11/2026 3:58:13 PM | * Cartomancie/Tarots/09-Justice.php-- -- --34104
3/11/2026 3:58:13 PM | * Cartomancie/Tarots/10-Hermite(var).js-- -- --171
3/11/2026 3:58:13 PM | * Cartomancie/Tarots/10-Hermite.css-- -- --1273
3/11/2026 3:58:13 PM | * Backup/Cartomancie/Tarots/10-Hermite.dat-- -- --280698
3/11/2026 3:58:13 PM | * Cartomancie/Tarots/10-Hermite.php-- -- --34099
3/11/2026 3:58:13 PM | * Cartomancie/Tarots/11-Roue(var).js-- -- --171
3/11/2026 3:58:13 PM | * Cartomancie/Tarots/11-Roue.css-- -- --1273
3/11/2026 3:58:13 PM | * Backup/Cartomancie/Tarots/11-Roue.dat-- -- --280283
3/11/2026 3:58:13 PM | * Cartomancie/Tarots/11-Roue.php-- -- --33670
3/11/2026 3:58:13 PM | * Cartomancie/Tarots/12-Force(var).js-- -- --171
3/11/2026 3:58:13 PM | * Cartomancie/Tarots/12-Force.css-- -- --1273
3/11/2026 3:58:13 PM | * Backup/Cartomancie/Tarots/12-Force.dat-- -- --280246
3/11/2026 3:58:13 PM | * Cartomancie/Tarots/12-Force.php-- -- --33539
3/11/2026 3:58:13 PM | * Cartomancie/Tarots/13-Pendu(var).js-- -- --171
3/11/2026 3:58:13 PM | * Cartomancie/Tarots/13-Pendu.css-- -- --1273
3/11/2026 3:58:13 PM | * Backup/Cartomancie/Tarots/13-Pendu.dat-- -- --280007
3/11/2026 3:58:13 PM | * Cartomancie/Tarots/13-Pendu.php-- -- --33791
3/11/2026 3:58:13 PM | * Cartomancie/Tarots/14-Mort(var).js-- -- --171
3/11/2026 3:58:13 PM | * Cartomancie/Tarots/14-Mort.css-- -- --1273
3/11/2026 3:58:13 PM | * Backup/Cartomancie/Tarots/14-Mort.dat-- -- --280194
3/11/2026 3:58:13 PM | * Cartomancie/Tarots/14-Mort.php-- -- --33589
3/11/2026 3:58:13 PM | * Cartomancie/Tarots/15-Temperance(var).js-- -- --171
3/11/2026 3:58:13 PM | * Cartomancie/Tarots/15-Temperance.css-- -- --1273
3/11/2026 3:58:13 PM | * Backup/Cartomancie/Tarots/15-Temperance.dat-- -- --279885
3/11/2026 3:58:13 PM | * Cartomancie/Tarots/15-Temperance.php-- -- --33724
3/11/2026 3:58:13 PM | * Cartomancie/Tarots/16-Diable(var).js-- -- --171
3/11/2026 3:58:13 PM | * Cartomancie/Tarots/16-Diable.css-- -- --1273
3/11/2026 3:58:13 PM | * Backup/Cartomancie/Tarots/16-Diable.dat-- -- --280340
3/11/2026 3:58:13 PM | * Cartomancie/Tarots/16-Diable.php-- -- --33730
3/11/2026 3:58:13 PM | * Cartomancie/Tarots/16-Maison-Dieu(var).js-- -- --171
3/11/2026 3:58:13 PM | * Cartomancie/Tarots/16-Maison-Dieu.css-- -- --1273
3/11/2026 3:58:13 PM | * Backup/Cartomancie/Tarots/16-Maison-Dieu.dat-- -- --280578
3/11/2026 3:58:13 PM | * Cartomancie/Tarots/16-Maison-Dieu.php-- -- --33883
3/11/2026 3:58:13 PM | * Cartomancie/Tarots/17-Etoile(var).js-- -- --171
3/11/2026 3:58:13 PM | * Cartomancie/Tarots/17-Etoile.css-- -- --1273
3/11/2026 3:58:13 PM | * Backup/Cartomancie/Tarots/17-Etoile.dat-- -- --280190
3/11/2026 3:58:13 PM | * Cartomancie/Tarots/17-Etoile.php-- -- --33588
3/11/2026 3:58:13 PM | * Cartomancie/Tarots/18-Lune(var).js-- -- --171
3/11/2026 3:58:13 PM | * Cartomancie/Tarots/18-Lune.css-- -- --1273
3/11/2026 3:58:13 PM | * Backup/Cartomancie/Tarots/18-Lune.dat-- -- --280617
3/11/2026 3:58:13 PM | * Cartomancie/Tarots/18-Lune.php-- -- --34003
3/11/2026 3:58:13 PM | * Cartomancie/Tarots/19-Soleil(var).js-- -- --171
3/11/2026 3:58:13 PM | * Cartomancie/Tarots/19-Soleil.css-- -- --1273
3/11/2026 3:58:13 PM | * Backup/Cartomancie/Tarots/19-Soleil.dat-- -- --280461
3/11/2026 3:58:13 PM | * Cartomancie/Tarots/19-Soleil.php-- -- --33851
3/11/2026 3:58:13 PM | * Cartomancie/Tarots/20-Jugement(var).js-- -- --171
3/11/2026 3:58:13 PM | * Cartomancie/Tarots/20-Jugement.css-- -- --1273
3/11/2026 3:58:13 PM | * Backup/Cartomancie/Tarots/20-Jugement.dat-- -- --280333
3/11/2026 3:58:13 PM | * Cartomancie/Tarots/20-Jugement.php-- -- --33727
3/11/2026 3:58:13 PM | * Cartomancie/Tarots/21-Monde(var).js-- -- --171
3/11/2026 3:58:13 PM | * Cartomancie/Tarots/21-Monde.css-- -- --1273
3/11/2026 3:58:13 PM | * Backup/Cartomancie/Tarots/21-Monde.dat-- -- --280375
3/11/2026 3:58:13 PM | * Cartomancie/Tarots/21-Monde.php-- -- --33668
3/11/2026 3:58:13 PM | * Cartomancie/Tarots/Accueil(var).js-- -- --171
3/11/2026 3:58:13 PM | * Cartomancie/Tarots/Accueil.css-- -- --3694
3/11/2026 3:58:13 PM | * Backup/Cartomancie/Tarots/Accueil.dat-- -- --916733
3/11/2026 3:58:13 PM | * Cartomancie/Tarots/Accueil.php-- -- --45552
3/11/2026 3:58:13 PM | * CGU/CGU(var).js-- -- --171
3/11/2026 3:58:13 PM | * CGU/CGU.css-- -- --1071
3/11/2026 3:58:13 PM | * Backup/CGU/CGU.dat-- -- --253336
3/11/2026 3:58:13 PM | * CGU/CGU.php-- -- --39785
3/11/2026 3:58:13 PM | * Chat/Echec(var).js-- -- --171
3/11/2026 3:58:13 PM | * Chat/Echec.css-- -- --940
3/11/2026 3:58:13 PM | * Backup/Chat/Echec.dat-- -- --219249
3/11/2026 3:58:13 PM | * Chat/Echec.php-- -- --31430
3/11/2026 3:58:13 PM | * Chat/Envoi(var).js-- -- --171
3/11/2026 3:58:13 PM | * Chat/Envoi.css-- -- --862
3/11/2026 3:58:13 PM | * Backup/Chat/Envoi.dat-- -- --191900
3/11/2026 3:58:13 PM | * Chat/Envoi.php-- -- --31104
3/11/2026 3:58:13 PM | * Chat/Formulaire(var).js-- -- --1103
3/11/2026 3:58:13 PM | * Chat/Formulaire(var).php-- -- --4015
3/11/2026 3:58:13 PM | * Chat/Formulaire.css-- -- --4727
3/11/2026 3:58:13 PM | * Backup/Chat/Formulaire.dat-- -- --1028557
3/11/2026 3:58:13 PM | * Chat/Formulaire.php-- -- --61755
3/11/2026 3:58:13 PM | * Domicile/Echec(var).js-- -- --171
3/11/2026 3:58:13 PM | * Domicile/Echec.css-- -- --939
3/11/2026 3:58:13 PM | * Backup/Domicile/Echec.dat-- -- --219269
3/11/2026 3:58:13 PM | * Domicile/Echec.php-- -- --31460
3/11/2026 3:58:13 PM | * Domicile/Envoi(var).js-- -- --171
3/11/2026 3:58:13 PM | * Domicile/Envoi.css-- -- --862
3/11/2026 3:58:13 PM | * Backup/Domicile/Envoi.dat-- -- --191878
3/11/2026 3:58:13 PM | * Domicile/Envoi.php-- -- --31121
3/11/2026 3:58:13 PM | * Domicile/Formulaire(var).js-- -- --1111
3/11/2026 3:58:13 PM | * Domicile/Formulaire(var).php-- -- --3500
3/11/2026 3:58:13 PM | * Domicile/Formulaire.css-- -- --4727
3/11/2026 3:58:13 PM | * Backup/Domicile/Formulaire.dat-- -- --1021545
3/11/2026 3:58:13 PM | * Domicile/Formulaire.php-- -- --61658
3/11/2026 3:58:13 PM | * Dons/Dons(var).js-- -- --171
3/11/2026 3:58:13 PM | * Dons/Dons.css-- -- --1483
3/11/2026 3:58:13 PM | * Backup/Dons/Dons.dat-- -- --331108
3/11/2026 3:58:13 PM | * Dons/Dons.php-- -- --35593
3/11/2026 3:58:13 PM | * Gratuite/Echec(var).js-- -- --171
3/11/2026 3:58:13 PM | * Gratuite/Echec.css-- -- --939
3/11/2026 3:58:13 PM | * Backup/Gratuite/Echec.dat-- -- --217184
3/11/2026 3:58:13 PM | * Gratuite/Echec.php-- -- --31434
3/11/2026 3:58:13 PM | * Gratuite/Envoi(var).js-- -- --171
3/11/2026 3:58:13 PM | * Gratuite/Envoi.css-- -- --862
3/11/2026 3:58:13 PM | * Backup/Gratuite/Envoi.dat-- -- --191819
3/11/2026 3:58:13 PM | * Gratuite/Envoi.php-- -- --30651
3/11/2026 3:58:13 PM | * Gratuite/Formulaire(var).js-- -- --1147
3/11/2026 3:58:13 PM | * Gratuite/Formulaire(var).php-- -- --3811
3/11/2026 3:58:13 PM | * Gratuite/Formulaire.css-- -- --5107
3/11/2026 3:58:13 PM | * Backup/Gratuite/Formulaire.dat-- -- --1033193
3/11/2026 3:58:13 PM | * Gratuite/Formulaire.php-- -- --62142
3/11/2026 3:58:13 PM | * Magie/Echec(var).js-- -- --171
3/11/2026 3:58:13 PM | * Magie/Echec.css-- -- --939
3/11/2026 3:58:13 PM | * Backup/Magie/Echec.dat-- -- --217239
3/11/2026 3:58:13 PM | * Magie/Echec.php-- -- --31478
3/11/2026 3:58:13 PM | * Magie/Envoi(var).js-- -- --171
3/11/2026 3:58:13 PM | * Magie/Envoi.css-- -- --862
3/11/2026 3:58:13 PM | * Backup/Magie/Envoi.dat-- -- --189954
3/11/2026 3:58:13 PM | * Magie/Envoi.php-- -- --31174
3/11/2026 3:58:13 PM | * Magie/Formulaire(var).js-- -- --1133
3/11/2026 3:58:13 PM | * Magie/Formulaire(var).php-- -- --5375
3/11/2026 3:58:13 PM | * Magie/Formulaire.css-- -- --4882
3/11/2026 3:58:13 PM | * Backup/Magie/Formulaire.dat-- -- --1097190
3/11/2026 3:58:13 PM | * Magie/Formulaire.php-- -- --65962
3/11/2026 3:58:13 PM | * Mail/Echec(var).js-- -- --103
3/11/2026 3:58:13 PM | * Mail/Echec.css-- -- --887
3/11/2026 3:58:13 PM | * Backup/Mail/Echec.dat-- -- --192434
3/11/2026 3:58:13 PM | * Mail/Echec.php-- -- --31413
3/11/2026 3:58:13 PM | * Mail/Envoi(var).js-- -- --103
3/11/2026 3:58:13 PM | * Mail/Envoi.css-- -- --809
3/11/2026 3:58:13 PM | * Backup/Mail/Envoi.dat-- -- --167130
3/11/2026 3:58:13 PM | * Mail/Envoi.php-- -- --31123
3/11/2026 3:58:13 PM | * Mail/Formulaire(var).js-- -- --1103
3/11/2026 3:58:13 PM | * Mail/Formulaire(var).php-- -- --2242
3/11/2026 3:58:13 PM | * Mail/Formulaire.css-- -- --4265
3/11/2026 3:58:13 PM | * Backup/Mail/Formulaire.dat-- -- --808848
3/11/2026 3:58:13 PM | * Mail/Formulaire.php-- -- --53582
3/11/2026 3:58:13 PM | * Methodes/Accueil(var).js-- -- --171
3/11/2026 3:58:13 PM | * Methodes/Accueil.css-- -- --1721
3/11/2026 3:58:13 PM | * Backup/Methodes/Accueil.dat-- -- --450511
3/11/2026 3:58:13 PM | * Methodes/Accueil.php-- -- --46310
3/11/2026 3:58:13 PM | * Methodes/Croix(var).js-- -- --171
3/11/2026 3:58:13 PM | * Methodes/Croix.css-- -- --3694
3/11/2026 3:58:13 PM | * Backup/Methodes/Croix.dat-- -- --950261
3/11/2026 3:58:13 PM | * Methodes/Croix.php-- -- --54914
3/11/2026 3:58:13 PM | * Methodes/Ligne(var).js-- -- --171
3/11/2026 3:58:13 PM | * Methodes/Ligne.css-- -- --3890
3/11/2026 3:58:13 PM | * Backup/Methodes/Ligne.dat-- -- --995220
3/11/2026 3:58:13 PM | * Methodes/Ligne.php-- -- --62865
3/11/2026 3:58:13 PM | * Methodes/Pyramide(var).js-- -- --171
3/11/2026 3:58:13 PM | * Methodes/Pyramide.css-- -- --2041
3/11/2026 3:58:13 PM | * Backup/Methodes/Pyramide.dat-- -- --484510
3/11/2026 3:58:13 PM | * Methodes/Pyramide.php-- -- --48800
3/11/2026 3:58:13 PM | * Paiement/Paiement_accepte(var).js-- -- --171
3/11/2026 3:58:13 PM | * Paiement/Paiement_accepte.css-- -- --862
3/11/2026 3:58:13 PM | * Backup/Paiement/Paiement_accepte.dat-- -- --189913
3/11/2026 3:58:13 PM | * Paiement/Paiement_accepte.php-- -- --31349
3/11/2026 3:58:13 PM | * Paiement/Paiement_avorte(var).js-- -- --171
3/11/2026 3:58:13 PM | * Paiement/Paiement_avorte.css-- -- --862
3/11/2026 3:58:13 PM | * Backup/Paiement/Paiement_avorte.dat-- -- --189602
3/11/2026 3:58:13 PM | * Paiement/Paiement_avorte.php-- -- --30940
3/11/2026 3:58:13 PM | * Partenaires/Partenaires(var).js-- -- --103
3/11/2026 3:58:13 PM | * Partenaires/Partenaires.css-- -- --702
3/11/2026 3:58:13 PM | * Backup/Partenaires/Partenaires.dat-- -- --172765
3/11/2026 3:58:13 PM | * Partenaires/Partenaires.php-- -- --31222
3/11/2026 3:58:13 PM | * Planetes/Accueil(var).js-- -- --171
3/11/2026 3:58:13 PM | * Planetes/Accueil.css-- -- --3106
3/11/2026 3:58:13 PM | * Backup/Planetes/Accueil.dat-- -- --814070
3/11/2026 3:58:13 PM | * Planetes/Accueil.php-- -- --44464
3/11/2026 3:58:13 PM | * Planetes/Jupiter(var).js-- -- --171
3/11/2026 3:58:13 PM | * Planetes/Jupiter.css-- -- --1182
3/11/2026 3:58:13 PM | * Backup/Planetes/Jupiter.dat-- -- --280107
3/11/2026 3:58:13 PM | * Planetes/Jupiter.php-- -- --34122
3/11/2026 3:58:13 PM | * Planetes/Lune(var).js-- -- --239
3/11/2026 3:58:13 PM | * Planetes/Lune.css-- -- --1236
3/11/2026 3:58:13 PM | * Backup/Planetes/Lune.dat-- -- --301576
3/11/2026 3:58:13 PM | * Planetes/Lune.php-- -- --34601
3/11/2026 3:58:13 PM | * Planetes/Mars(var).js-- -- --239
3/11/2026 3:58:13 PM | * Planetes/Mars.css-- -- --1236
3/11/2026 3:58:13 PM | * Backup/Planetes/Mars.dat-- -- --301227
3/11/2026 3:58:13 PM | * Planetes/Mars.php-- -- --34252
3/11/2026 3:58:13 PM | * Planetes/Mercure(var).js-- -- --239
3/11/2026 3:58:13 PM | * Planetes/Mercure.css-- -- --1236
3/11/2026 3:58:13 PM | * Backup/Planetes/Mercure.dat-- -- --302114
3/11/2026 3:58:13 PM | * Planetes/Mercure.php-- -- --35033
3/11/2026 3:58:13 PM | * Planetes/Neptune(var).js-- -- --239
3/11/2026 3:58:13 PM | * Planetes/Neptune.css-- -- --1236
3/11/2026 3:58:13 PM | * Backup/Planetes/Neptune.dat-- -- --301299
3/11/2026 3:58:13 PM | * Planetes/Neptune.php-- -- --34326
3/11/2026 3:58:13 PM | * Planetes/Pluton(var).js-- -- --239
3/11/2026 3:58:13 PM | * Planetes/Pluton.css-- -- --1236
3/11/2026 3:58:13 PM | * Backup/Planetes/Pluton.dat-- -- --301229
3/11/2026 3:58:13 PM | * Planetes/Pluton.php-- -- --34258
3/11/2026 3:58:13 PM | * Planetes/Saturne(var).js-- -- --239
3/11/2026 3:58:13 PM | * Planetes/Saturne.css-- -- --1250
3/11/2026 3:58:13 PM | * Backup/Planetes/Saturne.dat-- -- --303218
3/11/2026 3:58:13 PM | * Planetes/Saturne.php-- -- --34287
3/11/2026 3:58:13 PM | * Planetes/Soleil(var).js-- -- --239
3/11/2026 3:58:13 PM | * Planetes/Soleil.css-- -- --1251
3/11/2026 3:58:13 PM | * Backup/Planetes/Soleil.dat-- -- --304680
3/11/2026 3:58:13 PM | * Planetes/Soleil.php-- -- --33970
3/11/2026 3:58:13 PM | * Planetes/Uranus(var).js-- -- --239
3/11/2026 3:58:13 PM | * Planetes/Uranus.css-- -- --1251
3/11/2026 3:58:13 PM | * Backup/Planetes/Uranus.dat-- -- --304436
3/11/2026 3:58:13 PM | * Planetes/Uranus.php-- -- --33684
3/11/2026 3:58:13 PM | * Planetes/Venus(var).js-- -- --239
3/11/2026 3:58:13 PM | * Planetes/Venus.css-- -- --1251
3/11/2026 3:58:13 PM | * Backup/Planetes/Venus.dat-- -- --305172
3/11/2026 3:58:13 PM | * Planetes/Venus.php-- -- --34331
3/11/2026 3:58:13 PM | * Tchat/errors.txt-- -- --0
3/11/2026 3:58:13 PM | * index(var).js-- -- --171
3/11/2026 3:58:13 PM | * index.css-- -- --917
3/11/2026 3:58:13 PM | * Backup/index.dat-- -- --152600
3/11/2026 3:58:13 PM | * index.php-- -- --35635
3/11/2026 3:58:13 PM | * Templates/Base.css-- -- --4515
3/11/2026 3:58:13 PM | * Templates/Base.php-- -- --29516
3/11/2026 3:58:13 PM | * Backup/Templates/Base.tdat-- -- --1056512
3/11/2026 3:58:13 PM | * sitemap.xml-- -- --26907
3/11/2026 3:58:13 PM | * robots.txt-- -- --39
3/11/2026 3:58:13 PM | * Backup/Belline net.ope-- -- --3598
3/11/2026 3:58:16 PM | 
3/11/2026 3:58:16 PM | 
--------------------------------Phase 1 Terminé--------------------------------
3/11/2026 3:58:16 PM | 

3/11/2026 4:03:44 PM | Debut Mise en ligne différentielle (Site):
3/11/2026 4:03:46 PM | Listing terminé :
3/11/2026 4:03:46 PM | 

3/11/2026 4:03:46 PM | * Tchat-- -- --Folder create
3/11/2026 4:03:46 PM | * Tchat/widgets-- -- --Folder create
3/11/2026 4:03:46 PM | * Tchat/templates-- -- --Folder create
3/11/2026 4:03:46 PM | * Tchat/stickers-- -- --Folder create
3/11/2026 4:03:46 PM | * Tchat/stickers/Stickers-- -- --Folder create
3/11/2026 4:03:46 PM | * Tchat/stickers/Deutsch-- -- --Folder create
3/11/2026 4:03:46 PM | * Tchat/splash-- -- --Folder create
3/11/2026 4:03:46 PM | * Tchat/lang-- -- --Folder create
3/11/2026 4:03:46 PM | * Tchat/install-- -- --Folder create
3/11/2026 4:03:46 PM | * Tchat/incl-- -- --Folder create
3/11/2026 4:03:46 PM | * Tchat/img-- -- --Folder create
3/11/2026 4:03:46 PM | * Tchat/backgrounds-- -- --Folder create
3/11/2026 4:03:46 PM | * Tchat/avatars-- -- --Folder create
3/11/2026 4:03:46 PM | * Tchat/attachments-- -- --Folder create
3/11/2026 4:03:46 PM | * Tchat/app-- -- --Folder create
3/11/2026 4:03:46 PM | * Tchat/admin-- -- --Folder create
3/11/2026 4:03:46 PM | * Tchat/admin/font-- -- --Folder create
3/11/2026 4:03:46 PM | * Planetes-- -- --Folder create
3/11/2026 4:03:46 PM | * Partenaires-- -- --Folder create
3/11/2026 4:03:46 PM | * Paiement-- -- --Folder create
3/11/2026 4:03:46 PM | * Online-- -- --Folder create
3/11/2026 4:03:46 PM | * Online/Templates-- -- --Folder create
3/11/2026 4:03:46 PM | * Methodes-- -- --Folder create
3/11/2026 4:03:46 PM | * Mail-- -- --Folder create
3/11/2026 4:03:46 PM | * Magie-- -- --Folder create
3/11/2026 4:03:46 PM | * Gratuite-- -- --Folder create
3/11/2026 4:03:46 PM | * Dons-- -- --Folder create
3/11/2026 4:03:46 PM | * Domicile-- -- --Folder create
3/11/2026 4:03:46 PM | * Chat-- -- --Folder create
3/11/2026 4:03:46 PM | * CGU-- -- --Folder create
3/11/2026 4:03:46 PM | * Cartomancie-- -- --Folder create
3/11/2026 4:03:46 PM | * Cartomancie/Tarots-- -- --Folder create
3/11/2026 4:03:46 PM | * Cartomancie/Belline-- -- --Folder create
3/11/2026 4:03:46 PM | * Cartomancie/32-cartes-- -- --Folder create
3/11/2026 4:03:46 PM | * Cartomancie/32-cartes/Trefle-- -- --Folder create
3/11/2026 4:03:46 PM | * Cartomancie/32-cartes/Pique-- -- --Folder create
3/11/2026 4:03:47 PM | * Cartomancie/32-cartes/Coeur-- -- --Folder create
3/11/2026 4:03:47 PM | * Cartomancie/32-cartes/Carreau-- -- --Folder create
3/11/2026 4:03:47 PM | * Admin-- -- --Folder create
3/11/2026 4:03:47 PM | * Admin/sounds-- -- --Folder create
3/11/2026 4:03:47 PM | * Backup-- -- --Folder create
3/11/2026 4:03:47 PM | * Templates-- -- --Folder create
3/11/2026 4:03:47 PM | * WEFiles-- -- --Folder create
3/11/2026 4:03:47 PM | * WEFiles/Image-- -- --Folder create
3/11/2026 4:03:47 PM | * WEFiles/Image/WEImage-- -- --Folder create
3/11/2026 4:03:47 PM | * Backup/.htaccess-- -- --33
3/11/2026 4:03:47 PM | * .htaccess-- -- --0
3/11/2026 4:03:47 PM | * Admin/status.css-- -- --0
3/11/2026 4:03:47 PM | * Tchat/errors.txt-- -- --0
3/11/2026 4:03:47 PM | * index(var).js-- -- --171
3/11/2026 4:03:47 PM | * index.css-- -- --917
3/11/2026 4:03:47 PM | * Backup/index.dat-- -- --152503
3/11/2026 4:03:47 PM | * index.php-- -- --35633
3/11/2026 4:03:47 PM | * sitemap.xml-- -- --26907
3/11/2026 4:03:47 PM | * robots.txt-- -- --39
3/11/2026 4:03:47 PM | * Backup/Belline net.ope-- -- --3598
3/11/2026 4:03:49 PM | 
3/11/2026 4:03:49 PM | 
--------------------------------Phase 1 Terminé--------------------------------
3/11/2026 4:03:49 PM | 

3/11/2026 4:38:53 PM | Debut Mise en ligne différentielle (Site):
3/11/2026 4:38:53 PM | Listing terminé :
3/11/2026 4:38:53 PM | 

3/11/2026 4:38:53 PM | * Tchat-- -- --Folder create
3/11/2026 4:38:53 PM | * Tchat/widgets-- -- --Folder create
3/11/2026 4:38:53 PM | * Tchat/templates-- -- --Folder create
3/11/2026 4:38:53 PM | * Tchat/stickers-- -- --Folder create
3/11/2026 4:38:53 PM | * Tchat/stickers/Stickers-- -- --Folder create
3/11/2026 4:38:53 PM | * Tchat/stickers/Deutsch-- -- --Folder create
3/11/2026 4:38:53 PM | * Tchat/splash-- -- --Folder create
3/11/2026 4:38:53 PM | * Tchat/lang-- -- --Folder create
3/11/2026 4:38:53 PM | * Tchat/install-- -- --Folder create
3/11/2026 4:38:53 PM | * Tchat/incl-- -- --Folder create
3/11/2026 4:38:53 PM | * Tchat/img-- -- --Folder create
3/11/2026 4:38:53 PM | * Tchat/backgrounds-- -- --Folder create
3/11/2026 4:38:53 PM | * Tchat/avatars-- -- --Folder create
3/11/2026 4:38:53 PM | * Tchat/attachments-- -- --Folder create
3/11/2026 4:38:53 PM | * Tchat/app-- -- --Folder create
3/11/2026 4:38:53 PM | * Tchat/admin-- -- --Folder create
3/11/2026 4:38:53 PM | * Tchat/admin/font-- -- --Folder create
3/11/2026 4:38:53 PM | * Planetes-- -- --Folder create
3/11/2026 4:38:53 PM | * Partenaires-- -- --Folder create
3/11/2026 4:38:53 PM | * Paiement-- -- --Folder create
3/11/2026 4:38:53 PM | * Online-- -- --Folder create
3/11/2026 4:38:53 PM | * Online/Templates-- -- --Folder create
3/11/2026 4:38:53 PM | * Methodes-- -- --Folder create
3/11/2026 4:38:53 PM | * Mail-- -- --Folder create
3/11/2026 4:38:53 PM | * Magie-- -- --Folder create
3/11/2026 4:38:53 PM | * Gratuite-- -- --Folder create
3/11/2026 4:38:53 PM | * Dons-- -- --Folder create
3/11/2026 4:38:53 PM | * Domicile-- -- --Folder create
3/11/2026 4:38:53 PM | * Chat-- -- --Folder create
3/11/2026 4:38:53 PM | * CGU-- -- --Folder create
3/11/2026 4:38:53 PM | * Cartomancie-- -- --Folder create
3/11/2026 4:38:53 PM | * Cartomancie/Tarots-- -- --Folder create
3/11/2026 4:38:53 PM | * Cartomancie/Belline-- -- --Folder create
3/11/2026 4:38:53 PM | * Cartomancie/32-cartes-- -- --Folder create
3/11/2026 4:38:53 PM | * Cartomancie/32-cartes/Trefle-- -- --Folder create
3/11/2026 4:38:53 PM | * Cartomancie/32-cartes/Pique-- -- --Folder create
3/11/2026 4:38:53 PM | * Cartomancie/32-cartes/Coeur-- -- --Folder create
3/11/2026 4:38:53 PM | * Cartomancie/32-cartes/Carreau-- -- --Folder create
3/11/2026 4:38:53 PM | * Admin-- -- --Folder create
3/11/2026 4:38:53 PM | * Admin/sounds-- -- --Folder create
3/11/2026 4:38:53 PM | * Backup-- -- --Folder create
3/11/2026 4:38:53 PM | * Templates-- -- --Folder create
3/11/2026 4:38:53 PM | * WEFiles-- -- --Folder create
3/11/2026 4:38:53 PM | * WEFiles/Image-- -- --Folder create
3/11/2026 4:38:53 PM | * WEFiles/Image/WEImage-- -- --Folder create
3/11/2026 4:38:53 PM | * Backup/.htaccess-- -- --33
3/11/2026 4:38:53 PM | * .htaccess-- -- --0
3/11/2026 4:38:53 PM | * Admin/status.css-- -- --0
3/11/2026 4:38:53 PM | * Tchat/errors.txt-- -- --0
3/11/2026 4:38:53 PM | * index(var).js-- -- --171
3/11/2026 4:38:53 PM | * index.css-- -- --917
3/11/2026 4:38:53 PM | * Backup/index.dat-- -- --152524
3/11/2026 4:38:53 PM | * index.php-- -- --35654
3/11/2026 4:38:53 PM | * sitemap.xml-- -- --26907
3/11/2026 4:38:53 PM | * robots.txt-- -- --39
3/11/2026 4:38:53 PM | * Backup/Belline net.ope-- -- --3598
3/11/2026 4:38:55 PM | 
3/11/2026 4:38:55 PM | 
--------------------------------Phase 1 Terminé--------------------------------
3/11/2026 4:38:55 PM | 

3/11/2026 4:40:51 PM | Debut Mise en ligne différentielle (Site):
3/11/2026 4:41:07 PM | Listing terminé :
3/11/2026 4:41:07 PM | 

3/11/2026 4:41:07 PM | * Tchat-- -- --Folder create
3/11/2026 4:41:07 PM | * Tchat/widgets-- -- --Folder create
3/11/2026 4:41:07 PM | * Tchat/templates-- -- --Folder create
3/11/2026 4:41:07 PM | * Tchat/stickers-- -- --Folder create
3/11/2026 4:41:07 PM | * Tchat/stickers/Stickers-- -- --Folder create
3/11/2026 4:41:07 PM | * Tchat/stickers/Deutsch-- -- --Folder create
3/11/2026 4:41:07 PM | * Tchat/splash-- -- --Folder create
3/11/2026 4:41:07 PM | * Tchat/lang-- -- --Folder create
3/11/2026 4:41:07 PM | * Tchat/install-- -- --Folder create
3/11/2026 4:41:07 PM | * Tchat/incl-- -- --Folder create
3/11/2026 4:41:07 PM | * Tchat/img-- -- --Folder create
3/11/2026 4:41:07 PM | * Tchat/backgrounds-- -- --Folder create
3/11/2026 4:41:07 PM | * Tchat/avatars-- -- --Folder create
3/11/2026 4:41:07 PM | * Tchat/attachments-- -- --Folder create
3/11/2026 4:41:07 PM | * Tchat/app-- -- --Folder create
3/11/2026 4:41:07 PM | * Tchat/admin-- -- --Folder create
3/11/2026 4:41:07 PM | * Tchat/admin/font-- -- --Folder create
3/11/2026 4:41:07 PM | * Planetes-- -- --Folder create
3/11/2026 4:41:07 PM | * Partenaires-- -- --Folder create
3/11/2026 4:41:07 PM | * Paiement-- -- --Folder create
3/11/2026 4:41:07 PM | * Online-- -- --Folder create
3/11/2026 4:41:07 PM | * Online/Templates-- -- --Folder create
3/11/2026 4:41:07 PM | * Methodes-- -- --Folder create
3/11/2026 4:41:07 PM | * Mail-- -- --Folder create
3/11/2026 4:41:07 PM | * Magie-- -- --Folder create
3/11/2026 4:41:07 PM | * Gratuite-- -- --Folder create
3/11/2026 4:41:07 PM | * Dons-- -- --Folder create
3/11/2026 4:41:07 PM | * Domicile-- -- --Folder create
3/11/2026 4:41:07 PM | * Chat-- -- --Folder create
3/11/2026 4:41:07 PM | * CGU-- -- --Folder create
3/11/2026 4:41:07 PM | * Cartomancie-- -- --Folder create
3/11/2026 4:41:07 PM | * Cartomancie/Tarots-- -- --Folder create
3/11/2026 4:41:07 PM | * Cartomancie/Belline-- -- --Folder create
3/11/2026 4:41:07 PM | * Cartomancie/32-cartes-- -- --Folder create
3/11/2026 4:41:07 PM | * Cartomancie/32-cartes/Trefle-- -- --Folder create
3/11/2026 4:41:07 PM | * Cartomancie/32-cartes/Pique-- -- --Folder create
3/11/2026 4:41:07 PM | * Cartomancie/32-cartes/Coeur-- -- --Folder create
3/11/2026 4:41:07 PM | * Cartomancie/32-cartes/Carreau-- -- --Folder create
3/11/2026 4:41:07 PM | * Admin-- -- --Folder create
3/11/2026 4:41:07 PM | * Admin/sounds-- -- --Folder create
3/11/2026 4:41:07 PM | * Backup-- -- --Folder create
3/11/2026 4:41:07 PM | * Templates-- -- --Folder create
3/11/2026 4:41:07 PM | * WEFiles-- -- --Folder create
3/11/2026 4:41:07 PM | * WEFiles/Image-- -- --Folder create
3/11/2026 4:41:07 PM | * WEFiles/Image/WEImage-- -- --Folder create
3/11/2026 4:41:07 PM | * Backup/.htaccess-- -- --33
3/11/2026 4:41:07 PM | * .htaccess-- -- --0
3/11/2026 4:41:07 PM | * Admin/status.css-- -- --0
3/11/2026 4:41:07 PM | * Cartomancie/32-cartes/Carreau/07(var).js-- -- --171
3/11/2026 4:41:07 PM | * Cartomancie/32-cartes/Carreau/07.css-- -- --1196
3/11/2026 4:41:07 PM | * Backup/Cartomancie/32-cartes/Carreau/07.dat-- -- --278233
3/11/2026 4:41:07 PM | * Cartomancie/32-cartes/Carreau/07.php-- -- --33401
3/11/2026 4:41:07 PM | * Cartomancie/32-cartes/Carreau/08(var).js-- -- --171
3/11/2026 4:41:07 PM | * Cartomancie/32-cartes/Carreau/08.css-- -- --1197
3/11/2026 4:41:07 PM | * Backup/Cartomancie/32-cartes/Carreau/08.dat-- -- --279197
3/11/2026 4:41:07 PM | * Cartomancie/32-cartes/Carreau/08.php-- -- --34269
3/11/2026 4:41:07 PM | * Cartomancie/32-cartes/Carreau/09(var).js-- -- --171
3/11/2026 4:41:07 PM | * Cartomancie/32-cartes/Carreau/09.css-- -- --1196
3/11/2026 4:41:07 PM | * Backup/Cartomancie/32-cartes/Carreau/09.dat-- -- --277444
3/11/2026 4:41:07 PM | * Cartomancie/32-cartes/Carreau/09.php-- -- --33055
3/11/2026 4:41:07 PM | * Cartomancie/32-cartes/Carreau/10(var).js-- -- --171
3/11/2026 4:41:07 PM | * Cartomancie/32-cartes/Carreau/10.css-- -- --1196
3/11/2026 4:41:07 PM | * Backup/Cartomancie/32-cartes/Carreau/10.dat-- -- --278108
3/11/2026 4:41:07 PM | * Cartomancie/32-cartes/Carreau/10.php-- -- --33330
3/11/2026 4:41:07 PM | * Cartomancie/32-cartes/Carreau/11-Valet(var).js-- -- --171
3/11/2026 4:41:07 PM | * Cartomancie/32-cartes/Carreau/11-Valet.css-- -- --1196
3/11/2026 4:41:07 PM | * Backup/Cartomancie/32-cartes/Carreau/11-Valet.dat-- -- --278300
3/11/2026 4:41:07 PM | * Cartomancie/32-cartes/Carreau/11-Valet.php-- -- --33927
3/11/2026 4:41:07 PM | * Cartomancie/32-cartes/Carreau/12-Dame(var).js-- -- --171
3/11/2026 4:41:07 PM | * Cartomancie/32-cartes/Carreau/12-Dame.css-- -- --1196
3/11/2026 4:41:07 PM | * Backup/Cartomancie/32-cartes/Carreau/12-Dame.dat-- -- --277737
3/11/2026 4:41:07 PM | * Cartomancie/32-cartes/Carreau/12-Dame.php-- -- --33581
3/11/2026 4:41:07 PM | * Cartomancie/32-cartes/Carreau/13-Roi(var).js-- -- --171
3/11/2026 4:41:07 PM | * Cartomancie/32-cartes/Carreau/13-Roi.css-- -- --1196
3/11/2026 4:41:07 PM | * Backup/Cartomancie/32-cartes/Carreau/13-Roi.dat-- -- --278040
3/11/2026 4:41:07 PM | * Cartomancie/32-cartes/Carreau/13-Roi.php-- -- --33661
3/11/2026 4:41:07 PM | * Cartomancie/32-cartes/Carreau/14-As(var).js-- -- --171
3/11/2026 4:41:07 PM | * Cartomancie/32-cartes/Carreau/14-As.css-- -- --1196
3/11/2026 4:41:07 PM | * Backup/Cartomancie/32-cartes/Carreau/14-As.dat-- -- --278005
3/11/2026 4:41:07 PM | * Cartomancie/32-cartes/Carreau/14-As.php-- -- --33497
3/11/2026 4:41:07 PM | * Cartomancie/32-cartes/Coeur/07(var).js-- -- --171
3/11/2026 4:41:07 PM | * Cartomancie/32-cartes/Coeur/07.css-- -- --1196
3/11/2026 4:41:07 PM | * Backup/Cartomancie/32-cartes/Coeur/07.dat-- -- --277977
3/11/2026 4:41:07 PM | * Cartomancie/32-cartes/Coeur/07.php-- -- --33430
3/11/2026 4:41:07 PM | * Cartomancie/32-cartes/Coeur/08(var).js-- -- --171
3/11/2026 4:41:07 PM | * Cartomancie/32-cartes/Coeur/08.css-- -- --1196
3/11/2026 4:41:07 PM | * Backup/Cartomancie/32-cartes/Coeur/08.dat-- -- --277840
3/11/2026 4:41:07 PM | * Cartomancie/32-cartes/Coeur/08.php-- -- --33283
3/11/2026 4:41:07 PM | * Cartomancie/32-cartes/Coeur/09(var).js-- -- --171
3/11/2026 4:41:07 PM | * Cartomancie/32-cartes/Coeur/09.css-- -- --1196
3/11/2026 4:41:07 PM | * Backup/Cartomancie/32-cartes/Coeur/09.dat-- -- --277886
3/11/2026 4:41:07 PM | * Cartomancie/32-cartes/Coeur/09.php-- -- --33329
3/11/2026 4:41:07 PM | * Cartomancie/32-cartes/Coeur/10(var).js-- -- --171
3/11/2026 4:41:07 PM | * Cartomancie/32-cartes/Coeur/10.css-- -- --1211
3/11/2026 4:41:07 PM | * Backup/Cartomancie/32-cartes/Coeur/10.dat-- -- --284142
3/11/2026 4:41:07 PM | * Cartomancie/32-cartes/Coeur/10.php-- -- --34000
3/11/2026 4:41:07 PM | * Cartomancie/32-cartes/Coeur/11-Valet(var).js-- -- --171
3/11/2026 4:41:07 PM | * Cartomancie/32-cartes/Coeur/11-Valet.css-- -- --1196
3/11/2026 4:41:07 PM | * Backup/Cartomancie/32-cartes/Coeur/11-Valet.dat-- -- --278378
3/11/2026 4:41:07 PM | * Cartomancie/32-cartes/Coeur/11-Valet.php-- -- --33839
3/11/2026 4:41:07 PM | * Cartomancie/32-cartes/Coeur/12-Dame(var).js-- -- --171
3/11/2026 4:41:08 PM | * Cartomancie/32-cartes/Coeur/12-Dame.css-- -- --1196
3/11/2026 4:41:08 PM | * Backup/Cartomancie/32-cartes/Coeur/12-Dame.dat-- -- --277992
3/11/2026 4:41:08 PM | * Cartomancie/32-cartes/Coeur/12-Dame.php-- -- --33450
3/11/2026 4:41:08 PM | * Cartomancie/32-cartes/Coeur/13-Roi(var).js-- -- --103
3/11/2026 4:41:08 PM | * Cartomancie/32-cartes/Coeur/13-Roi.css-- -- --1143
3/11/2026 4:41:08 PM | * Backup/Cartomancie/32-cartes/Coeur/13-Roi.dat-- -- --255808
3/11/2026 4:41:08 PM | * Cartomancie/32-cartes/Coeur/13-Roi.php-- -- --33842
3/11/2026 4:41:08 PM | * Cartomancie/32-cartes/Coeur/14-As(var).js-- -- --103
3/11/2026 4:41:08 PM | * Cartomancie/32-cartes/Coeur/14-As.css-- -- --1143
3/11/2026 4:41:08 PM | * Backup/Cartomancie/32-cartes/Coeur/14-As.dat-- -- --255095
3/11/2026 4:41:08 PM | * Cartomancie/32-cartes/Coeur/14-As.php-- -- --33238
3/11/2026 4:41:08 PM | * Cartomancie/32-cartes/Pique/07(var).js-- -- --239
3/11/2026 4:41:08 PM | * Cartomancie/32-cartes/Pique/07.css-- -- --1249
3/11/2026 4:41:08 PM | * Backup/Cartomancie/32-cartes/Pique/07.dat-- -- --299014
3/11/2026 4:41:08 PM | * Cartomancie/32-cartes/Pique/07.php-- -- --33482
3/11/2026 4:41:08 PM | * Cartomancie/32-cartes/Pique/08(var).js-- -- --171
3/11/2026 4:41:08 PM | * Cartomancie/32-cartes/Pique/08.css-- -- --1196
3/11/2026 4:41:08 PM | * Backup/Cartomancie/32-cartes/Pique/08.dat-- -- --280545
3/11/2026 4:41:08 PM | * Cartomancie/32-cartes/Pique/08.php-- -- --34073
3/11/2026 4:41:08 PM | * Cartomancie/32-cartes/Pique/09(var).js-- -- --171
3/11/2026 4:41:08 PM | * Cartomancie/32-cartes/Pique/09.css-- -- --1196
3/11/2026 4:41:08 PM | * Backup/Cartomancie/32-cartes/Pique/09.dat-- -- --278107
3/11/2026 4:41:08 PM | * Cartomancie/32-cartes/Pique/09.php-- -- --33627
3/11/2026 4:41:08 PM | * Cartomancie/32-cartes/Pique/10(var).js-- -- --171
3/11/2026 4:41:08 PM | * Cartomancie/32-cartes/Pique/10.css-- -- --1196
3/11/2026 4:41:08 PM | * Backup/Cartomancie/32-cartes/Pique/10.dat-- -- --277812
3/11/2026 4:41:08 PM | * Cartomancie/32-cartes/Pique/10.php-- -- --33302
3/11/2026 4:41:08 PM | * Cartomancie/32-cartes/Pique/11-Valet(var).js-- -- --171
3/11/2026 4:41:08 PM | * Cartomancie/32-cartes/Pique/11-Valet.css-- -- --1197
3/11/2026 4:41:08 PM | * Backup/Cartomancie/32-cartes/Pique/11-Valet.dat-- -- --277946
3/11/2026 4:41:08 PM | * Cartomancie/32-cartes/Pique/11-Valet.php-- -- --33453
3/11/2026 4:41:08 PM | * Cartomancie/32-cartes/Pique/12-Dame(var).js-- -- --171
3/11/2026 4:41:08 PM | * Cartomancie/32-cartes/Pique/12-Dame.css-- -- --1197
3/11/2026 4:41:08 PM | * Backup/Cartomancie/32-cartes/Pique/12-Dame.dat-- -- --278107
3/11/2026 4:41:08 PM | * Cartomancie/32-cartes/Pique/12-Dame.php-- -- --33611
3/11/2026 4:41:08 PM | * Cartomancie/32-cartes/Pique/13-Roi(var).js-- -- --171
3/11/2026 4:41:08 PM | * Cartomancie/32-cartes/Pique/13-Roi.css-- -- --1196
3/11/2026 4:41:08 PM | * Backup/Cartomancie/32-cartes/Pique/13-Roi.dat-- -- --278324
3/11/2026 4:41:08 PM | * Cartomancie/32-cartes/Pique/13-Roi.php-- -- --33822
3/11/2026 4:41:08 PM | * Cartomancie/32-cartes/Pique/14-As(var).js-- -- --103
3/11/2026 4:41:08 PM | * Cartomancie/32-cartes/Pique/14-As.css-- -- --1143
3/11/2026 4:41:08 PM | * Backup/Cartomancie/32-cartes/Pique/14-As.dat-- -- --255319
3/11/2026 4:41:08 PM | * Cartomancie/32-cartes/Pique/14-As.php-- -- --33446
3/11/2026 4:41:08 PM | * Cartomancie/32-cartes/Trefle/07(var).js-- -- --171
3/11/2026 4:41:08 PM | * Cartomancie/32-cartes/Trefle/07.css-- -- --1274
3/11/2026 4:41:08 PM | * Backup/Cartomancie/32-cartes/Trefle/07.dat-- -- --278687
3/11/2026 4:41:08 PM | * Cartomancie/32-cartes/Trefle/07.php-- -- --34106
3/11/2026 4:41:08 PM | * Cartomancie/32-cartes/Trefle/08(var).js-- -- --171
3/11/2026 4:41:08 PM | * Cartomancie/32-cartes/Trefle/08.css-- -- --1273
3/11/2026 4:41:08 PM | * Backup/Cartomancie/32-cartes/Trefle/08.dat-- -- --278708
3/11/2026 4:41:08 PM | * Cartomancie/32-cartes/Trefle/08.php-- -- --34119
3/11/2026 4:41:08 PM | * Cartomancie/32-cartes/Trefle/09(var).js-- -- --171
3/11/2026 4:41:08 PM | * Cartomancie/32-cartes/Trefle/09.css-- -- --1274
3/11/2026 4:41:08 PM | * Backup/Cartomancie/32-cartes/Trefle/09.dat-- -- --278085
3/11/2026 4:41:08 PM | * Cartomancie/32-cartes/Trefle/09.php-- -- --33495
3/11/2026 4:41:08 PM | * Cartomancie/32-cartes/Trefle/10(var).js-- -- --171
3/11/2026 4:41:08 PM | * Cartomancie/32-cartes/Trefle/10.css-- -- --1274
3/11/2026 4:41:08 PM | * Backup/Cartomancie/32-cartes/Trefle/10.dat-- -- --278158
3/11/2026 4:41:08 PM | * Cartomancie/32-cartes/Trefle/10.php-- -- --33568
3/11/2026 4:41:08 PM | * Cartomancie/32-cartes/Trefle/11-Valet(var).js-- -- --171
3/11/2026 4:41:08 PM | * Cartomancie/32-cartes/Trefle/11-Valet.css-- -- --1273
3/11/2026 4:41:08 PM | * Backup/Cartomancie/32-cartes/Trefle/11-Valet.dat-- -- --278223
3/11/2026 4:41:08 PM | * Cartomancie/32-cartes/Trefle/11-Valet.php-- -- --33651
3/11/2026 4:41:08 PM | * Cartomancie/32-cartes/Trefle/12-Dame(var).js-- -- --171
3/11/2026 4:41:08 PM | * Cartomancie/32-cartes/Trefle/12-Dame.css-- -- --1273
3/11/2026 4:41:08 PM | * Backup/Cartomancie/32-cartes/Trefle/12-Dame.dat-- -- --278052
3/11/2026 4:41:08 PM | * Cartomancie/32-cartes/Trefle/12-Dame.php-- -- --33478
3/11/2026 4:41:08 PM | * Cartomancie/32-cartes/Trefle/13-Roi(var).js-- -- --171
3/11/2026 4:41:08 PM | * Cartomancie/32-cartes/Trefle/13-Roi.css-- -- --1274
3/11/2026 4:41:08 PM | * Backup/Cartomancie/32-cartes/Trefle/13-Roi.dat-- -- --277772
3/11/2026 4:41:08 PM | * Cartomancie/32-cartes/Trefle/13-Roi.php-- -- --33194
3/11/2026 4:41:08 PM | * Cartomancie/32-cartes/Trefle/14-As(var).js-- -- --171
3/11/2026 4:41:08 PM | * Cartomancie/32-cartes/Trefle/14-As.css-- -- --1273
3/11/2026 4:41:08 PM | * Backup/Cartomancie/32-cartes/Trefle/14-As.dat-- -- --277993
3/11/2026 4:41:08 PM | * Cartomancie/32-cartes/Trefle/14-As.php-- -- --33413
3/11/2026 4:41:08 PM | * Cartomancie/32-cartes/Accueil(var).js-- -- --171
3/11/2026 4:41:08 PM | * Cartomancie/32-cartes/Accueil.css-- -- --5807
3/11/2026 4:41:08 PM | * Backup/Cartomancie/32-cartes/Accueil.dat-- -- --1364076
3/11/2026 4:41:08 PM | * Cartomancie/32-cartes/Accueil.php-- -- --54516
3/11/2026 4:41:08 PM | * Cartomancie/Belline/01-Bleu(var).js-- -- --171
3/11/2026 4:41:08 PM | * Cartomancie/Belline/01-Bleu.css-- -- --1273
3/11/2026 4:41:08 PM | * Backup/Cartomancie/Belline/01-Bleu.dat-- -- --279645
3/11/2026 4:41:08 PM | * Cartomancie/Belline/01-Bleu.php-- -- --33018
3/11/2026 4:41:08 PM | * Cartomancie/Belline/02-Destinee(var).js-- -- --171
3/11/2026 4:41:08 PM | * Cartomancie/Belline/02-Destinee.css-- -- --1273
3/11/2026 4:41:08 PM | * Backup/Cartomancie/Belline/02-Destinee.dat-- -- --279977
3/11/2026 4:41:08 PM | * Cartomancie/Belline/02-Destinee.php-- -- --33354
3/11/2026 4:41:08 PM | * Cartomancie/Belline/03-Homme(var).js-- -- --171
3/11/2026 4:41:08 PM | * Cartomancie/Belline/03-Homme.css-- -- --1273
3/11/2026 4:41:08 PM | * Backup/Cartomancie/Belline/03-Homme.dat-- -- --280141
3/11/2026 4:41:08 PM | * Cartomancie/Belline/03-Homme.php-- -- --33503
3/11/2026 4:41:08 PM | * Cartomancie/Belline/04-Femme(var).js-- -- --171
3/11/2026 4:41:08 PM | * Cartomancie/Belline/04-Femme.css-- -- --1273
3/11/2026 4:41:08 PM | * Backup/Cartomancie/Belline/04-Femme.dat-- -- --279738
3/11/2026 4:41:08 PM | * Cartomancie/Belline/04-Femme.php-- -- --33096
3/11/2026 4:41:08 PM | * Cartomancie/Belline/05-Nativite(var).js-- -- --171
3/11/2026 4:41:08 PM | * Cartomancie/Belline/05-Nativite.css-- -- --1273
3/11/2026 4:41:08 PM | * Backup/Cartomancie/Belline/05-Nativite.dat-- -- --279973
3/11/2026 4:41:08 PM | * Cartomancie/Belline/05-Nativite.php-- -- --33365
3/11/2026 4:41:08 PM | * Cartomancie/Belline/06-Reussite(var).js-- -- --171
3/11/2026 4:41:08 PM | * Cartomancie/Belline/06-Reussite.css-- -- --1273
3/11/2026 4:41:08 PM | * Backup/Cartomancie/Belline/06-Reussite.dat-- -- --280262
3/11/2026 4:41:08 PM | * Cartomancie/Belline/06-Reussite.php-- -- --33559
3/11/2026 4:41:08 PM | * Cartomancie/Belline/07-Elevation(var).js-- -- --171
3/11/2026 4:41:08 PM | * Cartomancie/Belline/07-Elevation.css-- -- --1273
3/11/2026 4:41:08 PM | * Backup/Cartomancie/Belline/07-Elevation.dat-- -- --280125
3/11/2026 4:41:08 PM | * Cartomancie/Belline/07-Elevation.php-- -- --33498
3/11/2026 4:41:08 PM | * Cartomancie/Belline/08-Honneurs(var).js-- -- --171
3/11/2026 4:41:08 PM | * Cartomancie/Belline/08-Honneurs.css-- -- --1274
3/11/2026 4:41:08 PM | * Backup/Cartomancie/Belline/08-Honneurs.dat-- -- --280170
3/11/2026 4:41:08 PM | * Cartomancie/Belline/08-Honneurs.php-- -- --33492
3/11/2026 4:41:08 PM | * Cartomancie/Belline/09-Pensee(var).js-- -- --171
3/11/2026 4:41:08 PM | * Cartomancie/Belline/09-Pensee.css-- -- --1273
3/11/2026 4:41:08 PM | * Backup/Cartomancie/Belline/09-Pensee.dat-- -- --280200
3/11/2026 4:41:08 PM | * Cartomancie/Belline/09-Pensee.php-- -- --33576
3/11/2026 4:41:08 PM | * Cartomancie/Belline/10-Campagne(var).js-- -- --171
3/11/2026 4:41:08 PM | * Cartomancie/Belline/10-Campagne.css-- -- --1273
3/11/2026 4:41:08 PM | * Backup/Cartomancie/Belline/10-Campagne.dat-- -- --280039
3/11/2026 4:41:08 PM | * Cartomancie/Belline/10-Campagne.php-- -- --33466
3/11/2026 4:41:08 PM | * Cartomancie/Belline/11-Presents(var).js-- -- --171
3/11/2026 4:41:08 PM | * Cartomancie/Belline/11-Presents.css-- -- --1274
3/11/2026 4:41:08 PM | * Backup/Cartomancie/Belline/11-Presents.dat-- -- --280163
3/11/2026 4:41:08 PM | * Cartomancie/Belline/11-Presents.php-- -- --33488
3/11/2026 4:41:08 PM | * Cartomancie/Belline/12-Trahison(var).js-- -- --171
3/11/2026 4:41:08 PM | * Cartomancie/Belline/12-Trahison.css-- -- --1273
3/11/2026 4:41:08 PM | * Backup/Cartomancie/Belline/12-Trahison.dat-- -- --280085
3/11/2026 4:41:08 PM | * Cartomancie/Belline/12-Trahison.php-- -- --33494
3/11/2026 4:41:08 PM | * Cartomancie/Belline/13-Depart(var).js-- -- --171
3/11/2026 4:41:08 PM | * Cartomancie/Belline/13-Depart.css-- -- --1273
3/11/2026 4:41:08 PM | * Backup/Cartomancie/Belline/13-Depart.dat-- -- --279967
3/11/2026 4:41:08 PM | * Cartomancie/Belline/13-Depart.php-- -- --33363
3/11/2026 4:41:08 PM | * Cartomancie/Belline/14-Inconstance(var).js-- -- --171
3/11/2026 4:41:08 PM | * Cartomancie/Belline/14-Inconstance.css-- -- --1274
3/11/2026 4:41:08 PM | * Backup/Cartomancie/Belline/14-Inconstance.dat-- -- --280304
3/11/2026 4:41:08 PM | * Cartomancie/Belline/14-Inconstance.php-- -- --33726
3/11/2026 4:41:08 PM | * Cartomancie/Belline/15-Decouverte(var).js-- -- --171
3/11/2026 4:41:08 PM | * Cartomancie/Belline/15-Decouverte.css-- -- --1274
3/11/2026 4:41:08 PM | * Backup/Cartomancie/Belline/15-Decouverte.dat-- -- --280613
3/11/2026 4:41:08 PM | * Cartomancie/Belline/15-Decouverte.php-- -- --34042
3/11/2026 4:41:08 PM | * Cartomancie/Belline/16-Eau(var).js-- -- --171
3/11/2026 4:41:08 PM | * Cartomancie/Belline/16-Eau.css-- -- --1273
3/11/2026 4:41:08 PM | * Backup/Cartomancie/Belline/16-Eau.dat-- -- --280105
3/11/2026 4:41:08 PM | * Cartomancie/Belline/16-Eau.php-- -- --33495
3/11/2026 4:41:08 PM | * Cartomancie/Belline/17-Penates(var).js-- -- --171
3/11/2026 4:41:08 PM | * Cartomancie/Belline/17-Penates.css-- -- --1273
3/11/2026 4:41:08 PM | * Backup/Cartomancie/Belline/17-Penates.dat-- -- --280277
3/11/2026 4:41:08 PM | * Cartomancie/Belline/17-Penates.php-- -- --33675
3/11/2026 4:41:08 PM | * Cartomancie/Belline/18-Maladie(var).js-- -- --171
3/11/2026 4:41:08 PM | * Cartomancie/Belline/18-Maladie.css-- -- --1273
3/11/2026 4:41:08 PM | * Backup/Cartomancie/Belline/18-Maladie.dat-- -- --280043
3/11/2026 4:41:08 PM | * Cartomancie/Belline/18-Maladie.php-- -- --33346
3/11/2026 4:41:08 PM | * Cartomancie/Belline/19-Changement(var).js-- -- --171
3/11/2026 4:41:08 PM | * Cartomancie/Belline/19-Changement.css-- -- --1273
3/11/2026 4:41:08 PM | * Backup/Cartomancie/Belline/19-Changement.dat-- -- --280213
3/11/2026 4:41:08 PM | * Cartomancie/Belline/19-Changement.php-- -- --33634
3/11/2026 4:41:08 PM | * Cartomancie/Belline/20-Argent(var).js-- -- --171
3/11/2026 4:41:08 PM | * Cartomancie/Belline/20-Argent.css-- -- --1273
3/11/2026 4:41:08 PM | * Backup/Cartomancie/Belline/20-Argent.dat-- -- --279808
3/11/2026 4:41:08 PM | * Cartomancie/Belline/20-Argent.php-- -- --33221
3/11/2026 4:41:08 PM | * Cartomancie/Belline/21-Intelligence(var).js-- -- --171
3/11/2026 4:41:08 PM | * Cartomancie/Belline/21-Intelligence.css-- -- --1273
3/11/2026 4:41:08 PM | * Backup/Cartomancie/Belline/21-Intelligence.dat-- -- --280269
3/11/2026 4:41:08 PM | * Cartomancie/Belline/21-Intelligence.php-- -- --33694
3/11/2026 4:41:08 PM | * Cartomancie/Belline/22-Vol(var).js-- -- --171
3/11/2026 4:41:08 PM | * Cartomancie/Belline/22-Vol.css-- -- --1273
3/11/2026 4:41:08 PM | * Backup/Cartomancie/Belline/22-Vol.dat-- -- --279645
3/11/2026 4:41:08 PM | * Cartomancie/Belline/22-Vol.php-- -- --33381
3/11/2026 4:41:08 PM | * Cartomancie/Belline/23-Entreprises(var).js-- -- --171
3/11/2026 4:41:08 PM | * Cartomancie/Belline/23-Entreprises.css-- -- --1273
3/11/2026 4:41:08 PM | * Backup/Cartomancie/Belline/23-Entreprises.dat-- -- --278282
3/11/2026 4:41:08 PM | * Cartomancie/Belline/23-Entreprises.php-- -- --33390
3/11/2026 4:41:08 PM | * Cartomancie/Belline/24-Trafic(var).js-- -- --171
3/11/2026 4:41:08 PM | * Cartomancie/Belline/24-Trafic.css-- -- --1273
3/11/2026 4:41:08 PM | * Backup/Cartomancie/Belline/24-Trafic.dat-- -- --279936
3/11/2026 4:41:08 PM | * Cartomancie/Belline/24-Trafic.php-- -- --33349
3/11/2026 4:41:08 PM | * Cartomancie/Belline/25-Nouvelle(var).js-- -- --171
3/11/2026 4:41:08 PM | * Cartomancie/Belline/25-Nouvelle.css-- -- --1273
3/11/2026 4:41:08 PM | * Backup/Cartomancie/Belline/25-Nouvelle.dat-- -- --279638
3/11/2026 4:41:08 PM | * Cartomancie/Belline/25-Nouvelle.php-- -- --33064
3/11/2026 4:41:08 PM | * Cartomancie/Belline/26-Plaisirs(var).js-- -- --171
3/11/2026 4:41:08 PM | * Cartomancie/Belline/26-Plaisirs.css-- -- --1274
3/11/2026 4:41:08 PM | * Backup/Cartomancie/Belline/26-Plaisirs.dat-- -- --279841
3/11/2026 4:41:08 PM | * Cartomancie/Belline/26-Plaisirs.php-- -- --33266
3/11/2026 4:41:08 PM | * Cartomancie/Belline/27-Paix(var).js-- -- --171
3/11/2026 4:41:08 PM | * Cartomancie/Belline/27-Paix.css-- -- --1273
3/11/2026 4:41:08 PM | * Backup/Cartomancie/Belline/27-Paix.dat-- -- --280325
3/11/2026 4:41:08 PM | * Cartomancie/Belline/27-Paix.php-- -- --33743
3/11/2026 4:41:08 PM | * Cartomancie/Belline/28-Union(var).js-- -- --171
3/11/2026 4:41:08 PM | * Cartomancie/Belline/28-Union.css-- -- --1273
3/11/2026 4:41:08 PM | * Backup/Cartomancie/Belline/28-Union.dat-- -- --279818
3/11/2026 4:41:08 PM | * Cartomancie/Belline/28-Union.php-- -- --33208
3/11/2026 4:41:08 PM | * Cartomancie/Belline/29-Famille(var).js-- -- --171
3/11/2026 4:41:08 PM | * Cartomancie/Belline/29-Famille.css-- -- --1273
3/11/2026 4:41:08 PM | * Backup/Cartomancie/Belline/29-Famille.dat-- -- --279929
3/11/2026 4:41:08 PM | * Cartomancie/Belline/29-Famille.php-- -- --33353
3/11/2026 4:41:08 PM | * Cartomancie/Belline/30-Amor(var).js-- -- --171
3/11/2026 4:41:08 PM | * Cartomancie/Belline/30-Amor.css-- -- --1274
3/11/2026 4:41:08 PM | * Backup/Cartomancie/Belline/30-Amor.dat-- -- --279918
3/11/2026 4:41:08 PM | * Cartomancie/Belline/30-Amor.php-- -- --33334
3/11/2026 4:41:08 PM | * Cartomancie/Belline/31-Table(var).js-- -- --171
3/11/2026 4:41:08 PM | * Cartomancie/Belline/31-Table.css-- -- --1273
3/11/2026 4:41:08 PM | * Backup/Cartomancie/Belline/31-Table.dat-- -- --279902
3/11/2026 4:41:08 PM | * Cartomancie/Belline/31-Table.php-- -- --33322
3/11/2026 4:41:08 PM | * Cartomancie/Belline/32-Passions(var).js-- -- --171
3/11/2026 4:41:08 PM | * Cartomancie/Belline/32-Passions.css-- -- --1274
3/11/2026 4:41:08 PM | * Backup/Cartomancie/Belline/32-Passions.dat-- -- --280306
3/11/2026 4:41:08 PM | * Cartomancie/Belline/32-Passions.php-- -- --33731
3/11/2026 4:41:08 PM | * Cartomancie/Belline/33-Mechancete(var).js-- -- --239
3/11/2026 4:41:08 PM | * Cartomancie/Belline/33-Mechancete.css-- -- --1327
3/11/2026 4:41:08 PM | * Backup/Cartomancie/Belline/33-Mechancete.dat-- -- --300765
3/11/2026 4:41:08 PM | * Cartomancie/Belline/33-Mechancete.php-- -- --33272
3/11/2026 4:41:08 PM | * Cartomancie/Belline/34-Proces(var).js-- -- --171
3/11/2026 4:41:08 PM | * Cartomancie/Belline/34-Proces.css-- -- --1274
3/11/2026 4:41:08 PM | * Backup/Cartomancie/Belline/34-Proces.dat-- -- --279868
3/11/2026 4:41:08 PM | * Cartomancie/Belline/34-Proces.php-- -- --33289
3/11/2026 4:41:08 PM | * Cartomancie/Belline/35-Despotisme(var).js-- -- --171
3/11/2026 4:41:08 PM | * Cartomancie/Belline/35-Despotisme.css-- -- --1274
3/11/2026 4:41:08 PM | * Backup/Cartomancie/Belline/35-Despotisme.dat-- -- --280026
3/11/2026 4:41:08 PM | * Cartomancie/Belline/35-Despotisme.php-- -- --33446
3/11/2026 4:41:08 PM | * Cartomancie/Belline/36-Ennemis(var).js-- -- --171
3/11/2026 4:41:08 PM | * Cartomancie/Belline/36-Ennemis.css-- -- --1273
3/11/2026 4:41:08 PM | * Backup/Cartomancie/Belline/36-Ennemis.dat-- -- --279966
3/11/2026 4:41:08 PM | * Cartomancie/Belline/36-Ennemis.php-- -- --33381
3/11/2026 4:41:08 PM | * Cartomancie/Belline/37-Pourparlers(var).js-- -- --171
3/11/2026 4:41:08 PM | * Cartomancie/Belline/37-Pourparlers.css-- -- --1274
3/11/2026 4:41:08 PM | * Backup/Cartomancie/Belline/37-Pourparlers.dat-- -- --280030
3/11/2026 4:41:08 PM | * Cartomancie/Belline/37-Pourparlers.php-- -- --33461
3/11/2026 4:41:08 PM | * Cartomancie/Belline/38-Feu(var).js-- -- --171
3/11/2026 4:41:08 PM | * Cartomancie/Belline/38-Feu.css-- -- --1273
3/11/2026 4:41:08 PM | * Backup/Cartomancie/Belline/38-Feu.dat-- -- --279955
3/11/2026 4:41:08 PM | * Cartomancie/Belline/38-Feu.php-- -- --33371
3/11/2026 4:41:08 PM | * Cartomancie/Belline/39-Accident(var).js-- -- --171
3/11/2026 4:41:08 PM | * Cartomancie/Belline/39-Accident.css-- -- --1273
3/11/2026 4:41:08 PM | * Backup/Cartomancie/Belline/39-Accident.dat-- -- --280107
3/11/2026 4:41:08 PM | * Cartomancie/Belline/39-Accident.php-- -- --33516
3/11/2026 4:41:08 PM | * Cartomancie/Belline/40-Appui(var).js-- -- --171
3/11/2026 4:41:08 PM | * Cartomancie/Belline/40-Appui.css-- -- --1274
3/11/2026 4:41:08 PM | * Backup/Cartomancie/Belline/40-Appui.dat-- -- --279884
3/11/2026 4:41:08 PM | * Cartomancie/Belline/40-Appui.php-- -- --33303
3/11/2026 4:41:08 PM | * Cartomancie/Belline/41-Beaute(var).js-- -- --171
3/11/2026 4:41:08 PM | * Cartomancie/Belline/41-Beaute.css-- -- --1273
3/11/2026 4:41:08 PM | * Backup/Cartomancie/Belline/41-Beaute.dat-- -- --279622
3/11/2026 4:41:08 PM | * Cartomancie/Belline/41-Beaute.php-- -- --33459
3/11/2026 4:41:08 PM | * Cartomancie/Belline/42-Heritage(var).js-- -- --171
3/11/2026 4:41:08 PM | * Cartomancie/Belline/42-Heritage.css-- -- --1273
3/11/2026 4:41:08 PM | * Backup/Cartomancie/Belline/42-Heritage.dat-- -- --279984
3/11/2026 4:41:08 PM | * Cartomancie/Belline/42-Heritage.php-- -- --33401
3/11/2026 4:41:08 PM | * Cartomancie/Belline/43-Sagesse(var).js-- -- --171
3/11/2026 4:41:08 PM | * Cartomancie/Belline/43-Sagesse.css-- -- --1273
3/11/2026 4:41:08 PM | * Backup/Cartomancie/Belline/43-Sagesse.dat-- -- --280071
3/11/2026 4:41:08 PM | * Cartomancie/Belline/43-Sagesse.php-- -- --33391
3/11/2026 4:41:08 PM | * Cartomancie/Belline/44-Renommee(var).js-- -- --171
3/11/2026 4:41:08 PM | * Cartomancie/Belline/44-Renommee.css-- -- --1273
3/11/2026 4:41:08 PM | * Backup/Cartomancie/Belline/44-Renommee.dat-- -- --279987
3/11/2026 4:41:08 PM | * Cartomancie/Belline/44-Renommee.php-- -- --33404
3/11/2026 4:41:08 PM | * Cartomancie/Belline/45-Hasard(var).js-- -- --171
3/11/2026 4:41:08 PM | * Cartomancie/Belline/45-Hasard.css-- -- --1273
3/11/2026 4:41:08 PM | * Backup/Cartomancie/Belline/45-Hasard.dat-- -- --280066
3/11/2026 4:41:08 PM | * Cartomancie/Belline/45-Hasard.php-- -- --33384
3/11/2026 4:41:08 PM | * Cartomancie/Belline/46-Bonheur(var).js-- -- --171
3/11/2026 4:41:08 PM | * Cartomancie/Belline/46-Bonheur.css-- -- --1273
3/11/2026 4:41:08 PM | * Backup/Cartomancie/Belline/46-Bonheur.dat-- -- --279832
3/11/2026 4:41:08 PM | * Cartomancie/Belline/46-Bonheur.php-- -- --33247
3/11/2026 4:41:08 PM | * Cartomancie/Belline/47-Infortune(var).js-- -- --171
3/11/2026 4:41:08 PM | * Cartomancie/Belline/47-Infortune.css-- -- --1273
3/11/2026 4:41:08 PM | * Backup/Cartomancie/Belline/47-Infortune.dat-- -- --280238
3/11/2026 4:41:08 PM | * Cartomancie/Belline/47-Infortune.php-- -- --33657
3/11/2026 4:41:08 PM | * Cartomancie/Belline/48-Sterilite(var).js-- -- --171
3/11/2026 4:41:08 PM | * Cartomancie/Belline/48-Sterilite.css-- -- --1274
3/11/2026 4:41:08 PM | * Backup/Cartomancie/Belline/48-Sterilite.dat-- -- --279948
3/11/2026 4:41:08 PM | * Cartomancie/Belline/48-Sterilite.php-- -- --33366
3/11/2026 4:41:08 PM | * Cartomancie/Belline/49-Fatalite(var).js-- -- --171
3/11/2026 4:41:08 PM | * Cartomancie/Belline/49-Fatalite.css-- -- --1274
3/11/2026 4:41:08 PM | * Backup/Cartomancie/Belline/49-Fatalite.dat-- -- --280143
3/11/2026 4:41:08 PM | * Cartomancie/Belline/49-Fatalite.php-- -- --33558
3/11/2026 4:41:08 PM | * Cartomancie/Belline/50-Grace(var).js-- -- --171
3/11/2026 4:41:08 PM | * Cartomancie/Belline/50-Grace.css-- -- --1273
3/11/2026 4:41:08 PM | * Backup/Cartomancie/Belline/50-Grace.dat-- -- --280172
3/11/2026 4:41:08 PM | * Cartomancie/Belline/50-Grace.php-- -- --33566
3/11/2026 4:41:08 PM | * Cartomancie/Belline/51-Ruine(var).js-- -- --171
3/11/2026 4:41:08 PM | * Cartomancie/Belline/51-Ruine.css-- -- --1273
3/11/2026 4:41:08 PM | * Backup/Cartomancie/Belline/51-Ruine.dat-- -- --280475
3/11/2026 4:41:08 PM | * Cartomancie/Belline/51-Ruine.php-- -- --33869
3/11/2026 4:41:08 PM | * Cartomancie/Belline/52-Retard(var).js-- -- --171
3/11/2026 4:41:08 PM | * Cartomancie/Belline/52-Retard.css-- -- --1273
3/11/2026 4:41:08 PM | * Backup/Cartomancie/Belline/52-Retard.dat-- -- --279600
3/11/2026 4:41:08 PM | * Cartomancie/Belline/52-Retard.php-- -- --33005
3/11/2026 4:41:08 PM | * Cartomancie/Belline/53-Cloitre(var).js-- -- --171
3/11/2026 4:41:08 PM | * Cartomancie/Belline/53-Cloitre.css-- -- --1273
3/11/2026 4:41:08 PM | * Backup/Cartomancie/Belline/53-Cloitre.dat-- -- --280107
3/11/2026 4:41:08 PM | * Cartomancie/Belline/53-Cloitre.php-- -- --33505
3/11/2026 4:41:08 PM | * Cartomancie/Belline/Accueil(var).js-- -- --171
3/11/2026 4:41:08 PM | * Cartomancie/Belline/Accueil.css-- -- --8991
3/11/2026 4:41:08 PM | * Backup/Cartomancie/Belline/Accueil.dat-- -- --2231345
3/11/2026 4:41:08 PM | * Cartomancie/Belline/Accueil.php-- -- --67978
3/11/2026 4:41:08 PM | * Cartomancie/Tarots/01-Fou(var).js-- -- --171
3/11/2026 4:41:08 PM | * Cartomancie/Tarots/01-Fou.css-- -- --1196
3/11/2026 4:41:08 PM | * Backup/Cartomancie/Tarots/01-Fou.dat-- -- --280282
3/11/2026 4:41:08 PM | * Cartomancie/Tarots/01-Fou.php-- -- --33753
3/11/2026 4:41:08 PM | * Cartomancie/Tarots/02-Bateleur(var).js-- -- --171
3/11/2026 4:41:08 PM | * Cartomancie/Tarots/02-Bateleur.css-- -- --1196
3/11/2026 4:41:08 PM | * Backup/Cartomancie/Tarots/02-Bateleur.dat-- -- --279858
3/11/2026 4:41:08 PM | * Cartomancie/Tarots/02-Bateleur.php-- -- --33341
3/11/2026 4:41:08 PM | * Cartomancie/Tarots/03-Papesse(var).js-- -- --171
3/11/2026 4:41:08 PM | * Cartomancie/Tarots/03-Papesse.css-- -- --1196
3/11/2026 4:41:08 PM | * Backup/Cartomancie/Tarots/03-Papesse.dat-- -- --280097
3/11/2026 4:41:08 PM | * Cartomancie/Tarots/03-Papesse.php-- -- --33567
3/11/2026 4:41:08 PM | * Cartomancie/Tarots/04-Imperatrice(var).js-- -- --171
3/11/2026 4:41:08 PM | * Cartomancie/Tarots/04-Imperatrice.css-- -- --1196
3/11/2026 4:41:08 PM | * Backup/Cartomancie/Tarots/04-Imperatrice.dat-- -- --280707
3/11/2026 4:41:08 PM | * Cartomancie/Tarots/04-Imperatrice.php-- -- --34099
3/11/2026 4:41:08 PM | * Cartomancie/Tarots/05-Empereur(var).js-- -- --171
3/11/2026 4:41:08 PM | * Cartomancie/Tarots/05-Empereur.css-- -- --1196
3/11/2026 4:41:08 PM | * Backup/Cartomancie/Tarots/05-Empereur.dat-- -- --280211
3/11/2026 4:41:09 PM | * Cartomancie/Tarots/05-Empereur.php-- -- --33692
3/11/2026 4:41:09 PM | * Cartomancie/Tarots/06-Pape(var).js-- -- --171
3/11/2026 4:41:09 PM | * Cartomancie/Tarots/06-Pape.css-- -- --1196
3/11/2026 4:41:09 PM | * Backup/Cartomancie/Tarots/06-Pape.dat-- -- --280407
3/11/2026 4:41:09 PM | * Cartomancie/Tarots/06-Pape.php-- -- --33863
3/11/2026 4:41:09 PM | * Cartomancie/Tarots/07-Amoureux(var).js-- -- --171
3/11/2026 4:41:09 PM | * Cartomancie/Tarots/07-Amoureux.css-- -- --1273
3/11/2026 4:41:09 PM | * Backup/Cartomancie/Tarots/07-Amoureux.dat-- -- --280399
3/11/2026 4:41:09 PM | * Cartomancie/Tarots/07-Amoureux.php-- -- --33688
3/11/2026 4:41:09 PM | * Cartomancie/Tarots/08-Chariot(var).js-- -- --171
3/11/2026 4:41:09 PM | * Cartomancie/Tarots/08-Chariot.css-- -- --1273
3/11/2026 4:41:09 PM | * Backup/Cartomancie/Tarots/08-Chariot.dat-- -- --280797
3/11/2026 4:41:09 PM | * Cartomancie/Tarots/08-Chariot.php-- -- --34109
3/11/2026 4:41:09 PM | * Cartomancie/Tarots/09-Justice(var).js-- -- --171
3/11/2026 4:41:09 PM | * Cartomancie/Tarots/09-Justice.css-- -- --1273
3/11/2026 4:41:09 PM | * Backup/Cartomancie/Tarots/09-Justice.dat-- -- --280695
3/11/2026 4:41:09 PM | * Cartomancie/Tarots/09-Justice.php-- -- --34085
3/11/2026 4:41:09 PM | * Cartomancie/Tarots/10-Hermite(var).js-- -- --171
3/11/2026 4:41:09 PM | * Cartomancie/Tarots/10-Hermite.css-- -- --1273
3/11/2026 4:41:09 PM | * Backup/Cartomancie/Tarots/10-Hermite.dat-- -- --280698
3/11/2026 4:41:09 PM | * Cartomancie/Tarots/10-Hermite.php-- -- --34080
3/11/2026 4:41:09 PM | * Cartomancie/Tarots/11-Roue(var).js-- -- --171
3/11/2026 4:41:09 PM | * Cartomancie/Tarots/11-Roue.css-- -- --1273
3/11/2026 4:41:09 PM | * Backup/Cartomancie/Tarots/11-Roue.dat-- -- --280283
3/11/2026 4:41:09 PM | * Cartomancie/Tarots/11-Roue.php-- -- --33651
3/11/2026 4:41:09 PM | * Cartomancie/Tarots/12-Force(var).js-- -- --171
3/11/2026 4:41:09 PM | * Cartomancie/Tarots/12-Force.css-- -- --1273
3/11/2026 4:41:09 PM | * Backup/Cartomancie/Tarots/12-Force.dat-- -- --280246
3/11/2026 4:41:09 PM | * Cartomancie/Tarots/12-Force.php-- -- --33520
3/11/2026 4:41:09 PM | * Cartomancie/Tarots/13-Pendu(var).js-- -- --171
3/11/2026 4:41:09 PM | * Cartomancie/Tarots/13-Pendu.css-- -- --1273
3/11/2026 4:41:09 PM | * Backup/Cartomancie/Tarots/13-Pendu.dat-- -- --280007
3/11/2026 4:41:09 PM | * Cartomancie/Tarots/13-Pendu.php-- -- --33772
3/11/2026 4:41:09 PM | * Cartomancie/Tarots/14-Mort(var).js-- -- --171
3/11/2026 4:41:09 PM | * Cartomancie/Tarots/14-Mort.css-- -- --1273
3/11/2026 4:41:09 PM | * Backup/Cartomancie/Tarots/14-Mort.dat-- -- --280194
3/11/2026 4:41:09 PM | * Cartomancie/Tarots/14-Mort.php-- -- --33570
3/11/2026 4:41:09 PM | * Cartomancie/Tarots/15-Temperance(var).js-- -- --171
3/11/2026 4:41:09 PM | * Cartomancie/Tarots/15-Temperance.css-- -- --1273
3/11/2026 4:41:09 PM | * Backup/Cartomancie/Tarots/15-Temperance.dat-- -- --279885
3/11/2026 4:41:09 PM | * Cartomancie/Tarots/15-Temperance.php-- -- --33705
3/11/2026 4:41:09 PM | * Cartomancie/Tarots/16-Diable(var).js-- -- --171
3/11/2026 4:41:09 PM | * Cartomancie/Tarots/16-Diable.css-- -- --1273
3/11/2026 4:41:09 PM | * Backup/Cartomancie/Tarots/16-Diable.dat-- -- --280340
3/11/2026 4:41:09 PM | * Cartomancie/Tarots/16-Diable.php-- -- --33711
3/11/2026 4:41:09 PM | * Cartomancie/Tarots/16-Maison-Dieu(var).js-- -- --171
3/11/2026 4:41:09 PM | * Cartomancie/Tarots/16-Maison-Dieu.css-- -- --1273
3/11/2026 4:41:09 PM | * Backup/Cartomancie/Tarots/16-Maison-Dieu.dat-- -- --280578
3/11/2026 4:41:09 PM | * Cartomancie/Tarots/16-Maison-Dieu.php-- -- --33864
3/11/2026 4:41:09 PM | * Cartomancie/Tarots/17-Etoile(var).js-- -- --171
3/11/2026 4:41:09 PM | * Cartomancie/Tarots/17-Etoile.css-- -- --1273
3/11/2026 4:41:09 PM | * Backup/Cartomancie/Tarots/17-Etoile.dat-- -- --280190
3/11/2026 4:41:09 PM | * Cartomancie/Tarots/17-Etoile.php-- -- --33569
3/11/2026 4:41:09 PM | * Cartomancie/Tarots/18-Lune(var).js-- -- --171
3/11/2026 4:41:09 PM | * Cartomancie/Tarots/18-Lune.css-- -- --1273
3/11/2026 4:41:09 PM | * Backup/Cartomancie/Tarots/18-Lune.dat-- -- --280617
3/11/2026 4:41:09 PM | * Cartomancie/Tarots/18-Lune.php-- -- --33984
3/11/2026 4:41:09 PM | * Cartomancie/Tarots/19-Soleil(var).js-- -- --171
3/11/2026 4:41:09 PM | * Cartomancie/Tarots/19-Soleil.css-- -- --1273
3/11/2026 4:41:09 PM | * Backup/Cartomancie/Tarots/19-Soleil.dat-- -- --280461
3/11/2026 4:41:09 PM | * Cartomancie/Tarots/19-Soleil.php-- -- --33832
3/11/2026 4:41:09 PM | * Cartomancie/Tarots/20-Jugement(var).js-- -- --171
3/11/2026 4:41:09 PM | * Cartomancie/Tarots/20-Jugement.css-- -- --1273
3/11/2026 4:41:09 PM | * Backup/Cartomancie/Tarots/20-Jugement.dat-- -- --280333
3/11/2026 4:41:09 PM | * Cartomancie/Tarots/20-Jugement.php-- -- --33708
3/11/2026 4:41:09 PM | * Cartomancie/Tarots/21-Monde(var).js-- -- --171
3/11/2026 4:41:09 PM | * Cartomancie/Tarots/21-Monde.css-- -- --1273
3/11/2026 4:41:09 PM | * Backup/Cartomancie/Tarots/21-Monde.dat-- -- --280375
3/11/2026 4:41:09 PM | * Cartomancie/Tarots/21-Monde.php-- -- --33649
3/11/2026 4:41:09 PM | * Cartomancie/Tarots/Accueil(var).js-- -- --171
3/11/2026 4:41:09 PM | * Cartomancie/Tarots/Accueil.css-- -- --3694
3/11/2026 4:41:09 PM | * Backup/Cartomancie/Tarots/Accueil.dat-- -- --916733
3/11/2026 4:41:09 PM | * Cartomancie/Tarots/Accueil.php-- -- --45533
3/11/2026 4:41:09 PM | * CGU/CGU(var).js-- -- --171
3/11/2026 4:41:09 PM | * CGU/CGU.css-- -- --1071
3/11/2026 4:41:09 PM | * Backup/CGU/CGU.dat-- -- --253336
3/11/2026 4:41:09 PM | * CGU/CGU.php-- -- --39766
3/11/2026 4:41:09 PM | * Chat/Echec(var).js-- -- --171
3/11/2026 4:41:09 PM | * Chat/Echec.css-- -- --940
3/11/2026 4:41:09 PM | * Backup/Chat/Echec.dat-- -- --219249
3/11/2026 4:41:09 PM | * Chat/Echec.php-- -- --31411
3/11/2026 4:41:09 PM | * Chat/Envoi(var).js-- -- --171
3/11/2026 4:41:09 PM | * Chat/Envoi.css-- -- --862
3/11/2026 4:41:09 PM | * Backup/Chat/Envoi.dat-- -- --191900
3/11/2026 4:41:09 PM | * Chat/Envoi.php-- -- --31085
3/11/2026 4:41:09 PM | * Chat/Formulaire(var).js-- -- --1103
3/11/2026 4:41:09 PM | * Chat/Formulaire(var).php-- -- --4015
3/11/2026 4:41:09 PM | * Chat/Formulaire.css-- -- --4727
3/11/2026 4:41:09 PM | * Backup/Chat/Formulaire.dat-- -- --1028557
3/11/2026 4:41:09 PM | * Chat/Formulaire.php-- -- --61736
3/11/2026 4:41:09 PM | * Domicile/Echec(var).js-- -- --171
3/11/2026 4:41:09 PM | * Domicile/Echec.css-- -- --939
3/11/2026 4:41:09 PM | * Backup/Domicile/Echec.dat-- -- --219269
3/11/2026 4:41:09 PM | * Domicile/Echec.php-- -- --31441
3/11/2026 4:41:09 PM | * Domicile/Envoi(var).js-- -- --171
3/11/2026 4:41:09 PM | * Domicile/Envoi.css-- -- --862
3/11/2026 4:41:09 PM | * Backup/Domicile/Envoi.dat-- -- --191878
3/11/2026 4:41:09 PM | * Domicile/Envoi.php-- -- --31102
3/11/2026 4:41:09 PM | * Domicile/Formulaire(var).js-- -- --1111
3/11/2026 4:41:09 PM | * Domicile/Formulaire(var).php-- -- --3500
3/11/2026 4:41:09 PM | * Domicile/Formulaire.css-- -- --4727
3/11/2026 4:41:09 PM | * Backup/Domicile/Formulaire.dat-- -- --1021545
3/11/2026 4:41:09 PM | * Domicile/Formulaire.php-- -- --61639
3/11/2026 4:41:09 PM | * Dons/Dons(var).js-- -- --171
3/11/2026 4:41:09 PM | * Dons/Dons.css-- -- --1483
3/11/2026 4:41:09 PM | * Backup/Dons/Dons.dat-- -- --331108
3/11/2026 4:41:09 PM | * Dons/Dons.php-- -- --35574
3/11/2026 4:41:09 PM | * Gratuite/Echec(var).js-- -- --171
3/11/2026 4:41:09 PM | * Gratuite/Echec.css-- -- --939
3/11/2026 4:41:09 PM | * Backup/Gratuite/Echec.dat-- -- --217184
3/11/2026 4:41:09 PM | * Gratuite/Echec.php-- -- --31415
3/11/2026 4:41:09 PM | * Gratuite/Envoi(var).js-- -- --171
3/11/2026 4:41:09 PM | * Gratuite/Envoi.css-- -- --862
3/11/2026 4:41:09 PM | * Backup/Gratuite/Envoi.dat-- -- --191819
3/11/2026 4:41:09 PM | * Gratuite/Envoi.php-- -- --30632
3/11/2026 4:41:09 PM | * Gratuite/Formulaire(var).js-- -- --1147
3/11/2026 4:41:09 PM | * Gratuite/Formulaire(var).php-- -- --3811
3/11/2026 4:41:09 PM | * Gratuite/Formulaire.css-- -- --5107
3/11/2026 4:41:09 PM | * Backup/Gratuite/Formulaire.dat-- -- --1033193
3/11/2026 4:41:09 PM | * Gratuite/Formulaire.php-- -- --62123
3/11/2026 4:41:09 PM | * Magie/Echec(var).js-- -- --171
3/11/2026 4:41:09 PM | * Magie/Echec.css-- -- --939
3/11/2026 4:41:09 PM | * Backup/Magie/Echec.dat-- -- --217239
3/11/2026 4:41:09 PM | * Magie/Echec.php-- -- --31459
3/11/2026 4:41:09 PM | * Magie/Envoi(var).js-- -- --171
3/11/2026 4:41:09 PM | * Magie/Envoi.css-- -- --862
3/11/2026 4:41:09 PM | * Backup/Magie/Envoi.dat-- -- --189954
3/11/2026 4:41:09 PM | * Magie/Envoi.php-- -- --31155
3/11/2026 4:41:09 PM | * Magie/Formulaire(var).js-- -- --1133
3/11/2026 4:41:09 PM | * Magie/Formulaire(var).php-- -- --5375
3/11/2026 4:41:09 PM | * Magie/Formulaire.css-- -- --4882
3/11/2026 4:41:09 PM | * Backup/Magie/Formulaire.dat-- -- --1097190
3/11/2026 4:41:09 PM | * Magie/Formulaire.php-- -- --65943
3/11/2026 4:41:09 PM | * Mail/Echec(var).js-- -- --103
3/11/2026 4:41:09 PM | * Mail/Echec.css-- -- --887
3/11/2026 4:41:09 PM | * Backup/Mail/Echec.dat-- -- --192434
3/11/2026 4:41:09 PM | * Mail/Echec.php-- -- --31394
3/11/2026 4:41:09 PM | * Mail/Envoi(var).js-- -- --103
3/11/2026 4:41:09 PM | * Mail/Envoi.css-- -- --809
3/11/2026 4:41:09 PM | * Backup/Mail/Envoi.dat-- -- --167130
3/11/2026 4:41:09 PM | * Mail/Envoi.php-- -- --31104
3/11/2026 4:41:09 PM | * Mail/Formulaire(var).js-- -- --1103
3/11/2026 4:41:09 PM | * Mail/Formulaire(var).php-- -- --2242
3/11/2026 4:41:09 PM | * Mail/Formulaire.css-- -- --4265
3/11/2026 4:41:09 PM | * Backup/Mail/Formulaire.dat-- -- --808848
3/11/2026 4:41:09 PM | * Mail/Formulaire.php-- -- --53563
3/11/2026 4:41:09 PM | * Methodes/Accueil(var).js-- -- --171
3/11/2026 4:41:09 PM | * Methodes/Accueil.css-- -- --1721
3/11/2026 4:41:09 PM | * Backup/Methodes/Accueil.dat-- -- --450511
3/11/2026 4:41:09 PM | * Methodes/Accueil.php-- -- --46291
3/11/2026 4:41:09 PM | * Methodes/Croix(var).js-- -- --171
3/11/2026 4:41:09 PM | * Methodes/Croix.css-- -- --3694
3/11/2026 4:41:09 PM | * Backup/Methodes/Croix.dat-- -- --950261
3/11/2026 4:41:09 PM | * Methodes/Croix.php-- -- --54895
3/11/2026 4:41:09 PM | * Methodes/Ligne(var).js-- -- --171
3/11/2026 4:41:09 PM | * Methodes/Ligne.css-- -- --3890
3/11/2026 4:41:09 PM | * Backup/Methodes/Ligne.dat-- -- --995220
3/11/2026 4:41:09 PM | * Methodes/Ligne.php-- -- --62846
3/11/2026 4:41:09 PM | * Methodes/Pyramide(var).js-- -- --171
3/11/2026 4:41:09 PM | * Methodes/Pyramide.css-- -- --2041
3/11/2026 4:41:09 PM | * Backup/Methodes/Pyramide.dat-- -- --484510
3/11/2026 4:41:09 PM | * Methodes/Pyramide.php-- -- --48781
3/11/2026 4:41:09 PM | * Paiement/Paiement_accepte(var).js-- -- --171
3/11/2026 4:41:09 PM | * Paiement/Paiement_accepte.css-- -- --862
3/11/2026 4:41:09 PM | * Backup/Paiement/Paiement_accepte.dat-- -- --189913
3/11/2026 4:41:09 PM | * Paiement/Paiement_accepte.php-- -- --31330
3/11/2026 4:41:09 PM | * Paiement/Paiement_avorte(var).js-- -- --171
3/11/2026 4:41:09 PM | * Paiement/Paiement_avorte.css-- -- --862
3/11/2026 4:41:09 PM | * Backup/Paiement/Paiement_avorte.dat-- -- --189602
3/11/2026 4:41:09 PM | * Paiement/Paiement_avorte.php-- -- --30921
3/11/2026 4:41:09 PM | * Partenaires/Partenaires(var).js-- -- --103
3/11/2026 4:41:09 PM | * Partenaires/Partenaires.css-- -- --702
3/11/2026 4:41:09 PM | * Backup/Partenaires/Partenaires.dat-- -- --172765
3/11/2026 4:41:09 PM | * Partenaires/Partenaires.php-- -- --31203
3/11/2026 4:41:09 PM | * Planetes/Accueil(var).js-- -- --171
3/11/2026 4:41:09 PM | * Planetes/Accueil.css-- -- --3106
3/11/2026 4:41:09 PM | * Backup/Planetes/Accueil.dat-- -- --814070
3/11/2026 4:41:09 PM | * Planetes/Accueil.php-- -- --44445
3/11/2026 4:41:09 PM | * Planetes/Jupiter(var).js-- -- --171
3/11/2026 4:41:09 PM | * Planetes/Jupiter.css-- -- --1182
3/11/2026 4:41:09 PM | * Backup/Planetes/Jupiter.dat-- -- --280107
3/11/2026 4:41:09 PM | * Planetes/Jupiter.php-- -- --34103
3/11/2026 4:41:09 PM | * Planetes/Lune(var).js-- -- --239
3/11/2026 4:41:09 PM | * Planetes/Lune.css-- -- --1236
3/11/2026 4:41:09 PM | * Backup/Planetes/Lune.dat-- -- --301576
3/11/2026 4:41:09 PM | * Planetes/Lune.php-- -- --34582
3/11/2026 4:41:09 PM | * Planetes/Mars(var).js-- -- --239
3/11/2026 4:41:09 PM | * Planetes/Mars.css-- -- --1236
3/11/2026 4:41:09 PM | * Backup/Planetes/Mars.dat-- -- --301227
3/11/2026 4:41:09 PM | * Planetes/Mars.php-- -- --34233
3/11/2026 4:41:09 PM | * Planetes/Mercure(var).js-- -- --239
3/11/2026 4:41:09 PM | * Planetes/Mercure.css-- -- --1236
3/11/2026 4:41:09 PM | * Backup/Planetes/Mercure.dat-- -- --302114
3/11/2026 4:41:09 PM | * Planetes/Mercure.php-- -- --35014
3/11/2026 4:41:09 PM | * Planetes/Neptune(var).js-- -- --239
3/11/2026 4:41:09 PM | * Planetes/Neptune.css-- -- --1236
3/11/2026 4:41:09 PM | * Backup/Planetes/Neptune.dat-- -- --301299
3/11/2026 4:41:09 PM | * Planetes/Neptune.php-- -- --34307
3/11/2026 4:41:09 PM | * Planetes/Pluton(var).js-- -- --239
3/11/2026 4:41:09 PM | * Planetes/Pluton.css-- -- --1236
3/11/2026 4:41:09 PM | * Backup/Planetes/Pluton.dat-- -- --301229
3/11/2026 4:41:09 PM | * Planetes/Pluton.php-- -- --34239
3/11/2026 4:41:09 PM | * Planetes/Saturne(var).js-- -- --239
3/11/2026 4:41:09 PM | * Planetes/Saturne.css-- -- --1250
3/11/2026 4:41:09 PM | * Backup/Planetes/Saturne.dat-- -- --303218
3/11/2026 4:41:09 PM | * Planetes/Saturne.php-- -- --34268
3/11/2026 4:41:09 PM | * Planetes/Soleil(var).js-- -- --239
3/11/2026 4:41:09 PM | * Planetes/Soleil.css-- -- --1251
3/11/2026 4:41:09 PM | * Backup/Planetes/Soleil.dat-- -- --304680
3/11/2026 4:41:09 PM | * Planetes/Soleil.php-- -- --33951
3/11/2026 4:41:09 PM | * Planetes/Uranus(var).js-- -- --239
3/11/2026 4:41:09 PM | * Planetes/Uranus.css-- -- --1251
3/11/2026 4:41:09 PM | * Backup/Planetes/Uranus.dat-- -- --304436
3/11/2026 4:41:09 PM | * Planetes/Uranus.php-- -- --33665
3/11/2026 4:41:09 PM | * Planetes/Venus(var).js-- -- --239
3/11/2026 4:41:09 PM | * Planetes/Venus.css-- -- --1251
3/11/2026 4:41:09 PM | * Backup/Planetes/Venus.dat-- -- --305172
3/11/2026 4:41:09 PM | * Planetes/Venus.php-- -- --34312
3/11/2026 4:41:09 PM | * Tchat/errors.txt-- -- --0
3/11/2026 4:41:09 PM | * index(var).js-- -- --171
3/11/2026 4:41:09 PM | * index.css-- -- --917
3/11/2026 4:41:09 PM | * Backup/index.dat-- -- --152524
3/11/2026 4:41:09 PM | * index.php-- -- --35635
3/11/2026 4:41:09 PM | * Templates/Base.css-- -- --4511
3/11/2026 4:41:09 PM | * Templates/Base.php-- -- --29497
3/11/2026 4:41:09 PM | * Backup/Templates/Base.tdat-- -- --1056514
3/11/2026 4:41:09 PM | * sitemap.xml-- -- --26907
3/11/2026 4:41:09 PM | * robots.txt-- -- --39
3/11/2026 4:41:09 PM | * Backup/Belline net.ope-- -- --3598
3/11/2026 4:41:13 PM | 
3/11/2026 4:41:13 PM | 
--------------------------------Phase 1 Terminé--------------------------------
3/11/2026 4:41:13 PM | 

3/12/2026 12:23:52 PM | Debut Mise en ligne différentielle (Site):
3/12/2026 12:24:25 PM | Listing terminé :
3/12/2026 12:24:25 PM | 

3/12/2026 12:24:25 PM | * Tchat-- -- --Folder create
3/12/2026 12:24:25 PM | * Tchat/widgets-- -- --Folder create
3/12/2026 12:24:25 PM | * Tchat/templates-- -- --Folder create
3/12/2026 12:24:25 PM | * Tchat/stickers-- -- --Folder create
3/12/2026 12:24:25 PM | * Tchat/stickers/Stickers-- -- --Folder create
3/12/2026 12:24:25 PM | * Tchat/stickers/Deutsch-- -- --Folder create
3/12/2026 12:24:25 PM | * Tchat/splash-- -- --Folder create
3/12/2026 12:24:25 PM | * Tchat/lang-- -- --Folder create
3/12/2026 12:24:25 PM | * Tchat/install-- -- --Folder create
3/12/2026 12:24:25 PM | * Tchat/incl-- -- --Folder create
3/12/2026 12:24:25 PM | * Tchat/img-- -- --Folder create
3/12/2026 12:24:25 PM | * Tchat/backgrounds-- -- --Folder create
3/12/2026 12:24:25 PM | * Tchat/avatars-- -- --Folder create
3/12/2026 12:24:25 PM | * Tchat/attachments-- -- --Folder create
3/12/2026 12:24:25 PM | * Tchat/app-- -- --Folder create
3/12/2026 12:24:25 PM | * Tchat/admin-- -- --Folder create
3/12/2026 12:24:25 PM | * Tchat/admin/font-- -- --Folder create
3/12/2026 12:24:25 PM | * Planetes-- -- --Folder create
3/12/2026 12:24:25 PM | * Partenaires-- -- --Folder create
3/12/2026 12:24:25 PM | * Paiement-- -- --Folder create
3/12/2026 12:24:25 PM | * Online-- -- --Folder create
3/12/2026 12:24:25 PM | * Online/Templates-- -- --Folder create
3/12/2026 12:24:25 PM | * Methodes-- -- --Folder create
3/12/2026 12:24:25 PM | * Mail-- -- --Folder create
3/12/2026 12:24:25 PM | * Magie-- -- --Folder create
3/12/2026 12:24:25 PM | * Gratuite-- -- --Folder create
3/12/2026 12:24:25 PM | * Dons-- -- --Folder create
3/12/2026 12:24:25 PM | * Domicile-- -- --Folder create
3/12/2026 12:24:25 PM | * Chat-- -- --Folder create
3/12/2026 12:24:25 PM | * CGU-- -- --Folder create
3/12/2026 12:24:25 PM | * Cartomancie-- -- --Folder create
3/12/2026 12:24:25 PM | * Cartomancie/Tarots-- -- --Folder create
3/12/2026 12:24:25 PM | * Cartomancie/Belline-- -- --Folder create
3/12/2026 12:24:25 PM | * Cartomancie/32-cartes-- -- --Folder create
3/12/2026 12:24:25 PM | * Cartomancie/32-cartes/Trefle-- -- --Folder create
3/12/2026 12:24:25 PM | * Cartomancie/32-cartes/Pique-- -- --Folder create
3/12/2026 12:24:25 PM | * Cartomancie/32-cartes/Coeur-- -- --Folder create
3/12/2026 12:24:25 PM | * Cartomancie/32-cartes/Carreau-- -- --Folder create
3/12/2026 12:24:25 PM | * Admin-- -- --Folder create
3/12/2026 12:24:25 PM | * Admin/sounds-- -- --Folder create
3/12/2026 12:24:25 PM | * Backup-- -- --Folder create
3/12/2026 12:24:25 PM | * Templates-- -- --Folder create
3/12/2026 12:24:25 PM | * WEFiles-- -- --Folder create
3/12/2026 12:24:25 PM | * WEFiles/Image-- -- --Folder create
3/12/2026 12:24:25 PM | * WEFiles/Image/WEImage-- -- --Folder create
3/12/2026 12:24:25 PM | * Backup/.htaccess-- -- --33
3/12/2026 12:24:25 PM | * .htaccess-- -- --0
3/12/2026 12:24:25 PM | * Admin/status.css-- -- --0
3/12/2026 12:24:25 PM | * Cartomancie/32-cartes/Carreau/07(var).js-- -- --171
3/12/2026 12:24:25 PM | * Cartomancie/32-cartes/Carreau/07.css-- -- --1196
3/12/2026 12:24:25 PM | * Backup/Cartomancie/32-cartes/Carreau/07.dat-- -- --278233
3/12/2026 12:24:25 PM | * Cartomancie/32-cartes/Carreau/07.php-- -- --33417
3/12/2026 12:24:25 PM | * Cartomancie/32-cartes/Carreau/08(var).js-- -- --171
3/12/2026 12:24:25 PM | * Cartomancie/32-cartes/Carreau/08.css-- -- --1197
3/12/2026 12:24:25 PM | * Backup/Cartomancie/32-cartes/Carreau/08.dat-- -- --279197
3/12/2026 12:24:25 PM | * Cartomancie/32-cartes/Carreau/08.php-- -- --34285
3/12/2026 12:24:25 PM | * Cartomancie/32-cartes/Carreau/09(var).js-- -- --171
3/12/2026 12:24:25 PM | * Cartomancie/32-cartes/Carreau/09.css-- -- --1196
3/12/2026 12:24:25 PM | * Backup/Cartomancie/32-cartes/Carreau/09.dat-- -- --277444
3/12/2026 12:24:25 PM | * Cartomancie/32-cartes/Carreau/09.php-- -- --33071
3/12/2026 12:24:25 PM | * Cartomancie/32-cartes/Carreau/10(var).js-- -- --171
3/12/2026 12:24:25 PM | * Cartomancie/32-cartes/Carreau/10.css-- -- --1196
3/12/2026 12:24:25 PM | * Backup/Cartomancie/32-cartes/Carreau/10.dat-- -- --278108
3/12/2026 12:24:25 PM | * Cartomancie/32-cartes/Carreau/10.php-- -- --33346
3/12/2026 12:24:25 PM | * Cartomancie/32-cartes/Carreau/11-Valet(var).js-- -- --171
3/12/2026 12:24:25 PM | * Cartomancie/32-cartes/Carreau/11-Valet.css-- -- --1196
3/12/2026 12:24:25 PM | * Backup/Cartomancie/32-cartes/Carreau/11-Valet.dat-- -- --278300
3/12/2026 12:24:25 PM | * Cartomancie/32-cartes/Carreau/11-Valet.php-- -- --33943
3/12/2026 12:24:25 PM | * Cartomancie/32-cartes/Carreau/12-Dame(var).js-- -- --171
3/12/2026 12:24:25 PM | * Cartomancie/32-cartes/Carreau/12-Dame.css-- -- --1196
3/12/2026 12:24:25 PM | * Backup/Cartomancie/32-cartes/Carreau/12-Dame.dat-- -- --277737
3/12/2026 12:24:25 PM | * Cartomancie/32-cartes/Carreau/12-Dame.php-- -- --33597
3/12/2026 12:24:25 PM | * Cartomancie/32-cartes/Carreau/13-Roi(var).js-- -- --171
3/12/2026 12:24:25 PM | * Cartomancie/32-cartes/Carreau/13-Roi.css-- -- --1196
3/12/2026 12:24:25 PM | * Backup/Cartomancie/32-cartes/Carreau/13-Roi.dat-- -- --278040
3/12/2026 12:24:25 PM | * Cartomancie/32-cartes/Carreau/13-Roi.php-- -- --33677
3/12/2026 12:24:25 PM | * Cartomancie/32-cartes/Carreau/14-As(var).js-- -- --171
3/12/2026 12:24:25 PM | * Cartomancie/32-cartes/Carreau/14-As.css-- -- --1196
3/12/2026 12:24:25 PM | * Backup/Cartomancie/32-cartes/Carreau/14-As.dat-- -- --278005
3/12/2026 12:24:25 PM | * Cartomancie/32-cartes/Carreau/14-As.php-- -- --33513
3/12/2026 12:24:25 PM | * Cartomancie/32-cartes/Coeur/07(var).js-- -- --171
3/12/2026 12:24:25 PM | * Cartomancie/32-cartes/Coeur/07.css-- -- --1196
3/12/2026 12:24:25 PM | * Backup/Cartomancie/32-cartes/Coeur/07.dat-- -- --277977
3/12/2026 12:24:25 PM | * Cartomancie/32-cartes/Coeur/07.php-- -- --33446
3/12/2026 12:24:25 PM | * Cartomancie/32-cartes/Coeur/08(var).js-- -- --171
3/12/2026 12:24:25 PM | * Cartomancie/32-cartes/Coeur/08.css-- -- --1196
3/12/2026 12:24:25 PM | * Backup/Cartomancie/32-cartes/Coeur/08.dat-- -- --277840
3/12/2026 12:24:25 PM | * Cartomancie/32-cartes/Coeur/08.php-- -- --33299
3/12/2026 12:24:25 PM | * Cartomancie/32-cartes/Coeur/09(var).js-- -- --171
3/12/2026 12:24:25 PM | * Cartomancie/32-cartes/Coeur/09.css-- -- --1196
3/12/2026 12:24:26 PM | * Backup/Cartomancie/32-cartes/Coeur/09.dat-- -- --277886
3/12/2026 12:24:26 PM | * Cartomancie/32-cartes/Coeur/09.php-- -- --33345
3/12/2026 12:24:26 PM | * Cartomancie/32-cartes/Coeur/10(var).js-- -- --171
3/12/2026 12:24:26 PM | * Cartomancie/32-cartes/Coeur/10.css-- -- --1211
3/12/2026 12:24:26 PM | * Backup/Cartomancie/32-cartes/Coeur/10.dat-- -- --284142
3/12/2026 12:24:26 PM | * Cartomancie/32-cartes/Coeur/10.php-- -- --34016
3/12/2026 12:24:26 PM | * Cartomancie/32-cartes/Coeur/11-Valet(var).js-- -- --171
3/12/2026 12:24:26 PM | * Cartomancie/32-cartes/Coeur/11-Valet.css-- -- --1196
3/12/2026 12:24:26 PM | * Backup/Cartomancie/32-cartes/Coeur/11-Valet.dat-- -- --278378
3/12/2026 12:24:26 PM | * Cartomancie/32-cartes/Coeur/11-Valet.php-- -- --33855
3/12/2026 12:24:26 PM | * Cartomancie/32-cartes/Coeur/12-Dame(var).js-- -- --171
3/12/2026 12:24:26 PM | * Cartomancie/32-cartes/Coeur/12-Dame.css-- -- --1196
3/12/2026 12:24:26 PM | * Backup/Cartomancie/32-cartes/Coeur/12-Dame.dat-- -- --277992
3/12/2026 12:24:26 PM | * Cartomancie/32-cartes/Coeur/12-Dame.php-- -- --33466
3/12/2026 12:24:26 PM | * Cartomancie/32-cartes/Coeur/13-Roi(var).js-- -- --103
3/12/2026 12:24:26 PM | * Cartomancie/32-cartes/Coeur/13-Roi.css-- -- --1143
3/12/2026 12:24:26 PM | * Backup/Cartomancie/32-cartes/Coeur/13-Roi.dat-- -- --255808
3/12/2026 12:24:26 PM | * Cartomancie/32-cartes/Coeur/13-Roi.php-- -- --33858
3/12/2026 12:24:26 PM | * Cartomancie/32-cartes/Coeur/14-As(var).js-- -- --103
3/12/2026 12:24:26 PM | * Cartomancie/32-cartes/Coeur/14-As.css-- -- --1143
3/12/2026 12:24:26 PM | * Backup/Cartomancie/32-cartes/Coeur/14-As.dat-- -- --255095
3/12/2026 12:24:26 PM | * Cartomancie/32-cartes/Coeur/14-As.php-- -- --33254
3/12/2026 12:24:26 PM | * Cartomancie/32-cartes/Pique/07(var).js-- -- --239
3/12/2026 12:24:26 PM | * Cartomancie/32-cartes/Pique/07.css-- -- --1249
3/12/2026 12:24:26 PM | * Backup/Cartomancie/32-cartes/Pique/07.dat-- -- --299014
3/12/2026 12:24:26 PM | * Cartomancie/32-cartes/Pique/07.php-- -- --33498
3/12/2026 12:24:26 PM | * Cartomancie/32-cartes/Pique/08(var).js-- -- --171
3/12/2026 12:24:26 PM | * Cartomancie/32-cartes/Pique/08.css-- -- --1196
3/12/2026 12:24:26 PM | * Backup/Cartomancie/32-cartes/Pique/08.dat-- -- --280545
3/12/2026 12:24:26 PM | * Cartomancie/32-cartes/Pique/08.php-- -- --34089
3/12/2026 12:24:26 PM | * Cartomancie/32-cartes/Pique/09(var).js-- -- --171
3/12/2026 12:24:26 PM | * Cartomancie/32-cartes/Pique/09.css-- -- --1196
3/12/2026 12:24:26 PM | * Backup/Cartomancie/32-cartes/Pique/09.dat-- -- --278107
3/12/2026 12:24:26 PM | * Cartomancie/32-cartes/Pique/09.php-- -- --33643
3/12/2026 12:24:26 PM | * Cartomancie/32-cartes/Pique/10(var).js-- -- --171
3/12/2026 12:24:26 PM | * Cartomancie/32-cartes/Pique/10.css-- -- --1196
3/12/2026 12:24:26 PM | * Backup/Cartomancie/32-cartes/Pique/10.dat-- -- --277812
3/12/2026 12:24:26 PM | * Cartomancie/32-cartes/Pique/10.php-- -- --33318
3/12/2026 12:24:26 PM | * Cartomancie/32-cartes/Pique/11-Valet(var).js-- -- --171
3/12/2026 12:24:26 PM | * Cartomancie/32-cartes/Pique/11-Valet.css-- -- --1197
3/12/2026 12:24:26 PM | * Backup/Cartomancie/32-cartes/Pique/11-Valet.dat-- -- --277946
3/12/2026 12:24:26 PM | * Cartomancie/32-cartes/Pique/11-Valet.php-- -- --33469
3/12/2026 12:24:26 PM | * Cartomancie/32-cartes/Pique/12-Dame(var).js-- -- --171
3/12/2026 12:24:26 PM | * Cartomancie/32-cartes/Pique/12-Dame.css-- -- --1197
3/12/2026 12:24:26 PM | * Backup/Cartomancie/32-cartes/Pique/12-Dame.dat-- -- --278107
3/12/2026 12:24:26 PM | * Cartomancie/32-cartes/Pique/12-Dame.php-- -- --33627
3/12/2026 12:24:26 PM | * Cartomancie/32-cartes/Pique/13-Roi(var).js-- -- --171
3/12/2026 12:24:26 PM | * Cartomancie/32-cartes/Pique/13-Roi.css-- -- --1196
3/12/2026 12:24:26 PM | * Backup/Cartomancie/32-cartes/Pique/13-Roi.dat-- -- --278324
3/12/2026 12:24:26 PM | * Cartomancie/32-cartes/Pique/13-Roi.php-- -- --33838
3/12/2026 12:24:26 PM | * Cartomancie/32-cartes/Pique/14-As(var).js-- -- --103
3/12/2026 12:24:26 PM | * Cartomancie/32-cartes/Pique/14-As.css-- -- --1143
3/12/2026 12:24:26 PM | * Backup/Cartomancie/32-cartes/Pique/14-As.dat-- -- --255319
3/12/2026 12:24:26 PM | * Cartomancie/32-cartes/Pique/14-As.php-- -- --33462
3/12/2026 12:24:26 PM | * Cartomancie/32-cartes/Trefle/07(var).js-- -- --171
3/12/2026 12:24:26 PM | * Cartomancie/32-cartes/Trefle/07.css-- -- --1274
3/12/2026 12:24:26 PM | * Backup/Cartomancie/32-cartes/Trefle/07.dat-- -- --278687
3/12/2026 12:24:26 PM | * Cartomancie/32-cartes/Trefle/07.php-- -- --34122
3/12/2026 12:24:26 PM | * Cartomancie/32-cartes/Trefle/08(var).js-- -- --171
3/12/2026 12:24:26 PM | * Cartomancie/32-cartes/Trefle/08.css-- -- --1273
3/12/2026 12:24:26 PM | * Backup/Cartomancie/32-cartes/Trefle/08.dat-- -- --278708
3/12/2026 12:24:26 PM | * Cartomancie/32-cartes/Trefle/08.php-- -- --34135
3/12/2026 12:24:26 PM | * Cartomancie/32-cartes/Trefle/09(var).js-- -- --171
3/12/2026 12:24:26 PM | * Cartomancie/32-cartes/Trefle/09.css-- -- --1274
3/12/2026 12:24:26 PM | * Backup/Cartomancie/32-cartes/Trefle/09.dat-- -- --278085
3/12/2026 12:24:26 PM | * Cartomancie/32-cartes/Trefle/09.php-- -- --33511
3/12/2026 12:24:26 PM | * Cartomancie/32-cartes/Trefle/10(var).js-- -- --171
3/12/2026 12:24:26 PM | * Cartomancie/32-cartes/Trefle/10.css-- -- --1274
3/12/2026 12:24:26 PM | * Backup/Cartomancie/32-cartes/Trefle/10.dat-- -- --278158
3/12/2026 12:24:26 PM | * Cartomancie/32-cartes/Trefle/10.php-- -- --33584
3/12/2026 12:24:26 PM | * Cartomancie/32-cartes/Trefle/11-Valet(var).js-- -- --171
3/12/2026 12:24:26 PM | * Cartomancie/32-cartes/Trefle/11-Valet.css-- -- --1273
3/12/2026 12:24:26 PM | * Backup/Cartomancie/32-cartes/Trefle/11-Valet.dat-- -- --278223
3/12/2026 12:24:26 PM | * Cartomancie/32-cartes/Trefle/11-Valet.php-- -- --33667
3/12/2026 12:24:26 PM | * Cartomancie/32-cartes/Trefle/12-Dame(var).js-- -- --171
3/12/2026 12:24:26 PM | * Cartomancie/32-cartes/Trefle/12-Dame.css-- -- --1273
3/12/2026 12:24:26 PM | * Backup/Cartomancie/32-cartes/Trefle/12-Dame.dat-- -- --278052
3/12/2026 12:24:26 PM | * Cartomancie/32-cartes/Trefle/12-Dame.php-- -- --33494
3/12/2026 12:24:26 PM | * Cartomancie/32-cartes/Trefle/13-Roi(var).js-- -- --171
3/12/2026 12:24:26 PM | * Cartomancie/32-cartes/Trefle/13-Roi.css-- -- --1274
3/12/2026 12:24:26 PM | * Backup/Cartomancie/32-cartes/Trefle/13-Roi.dat-- -- --277772
3/12/2026 12:24:26 PM | * Cartomancie/32-cartes/Trefle/13-Roi.php-- -- --33210
3/12/2026 12:24:26 PM | * Cartomancie/32-cartes/Trefle/14-As(var).js-- -- --171
3/12/2026 12:24:26 PM | * Cartomancie/32-cartes/Trefle/14-As.css-- -- --1273
3/12/2026 12:24:26 PM | * Backup/Cartomancie/32-cartes/Trefle/14-As.dat-- -- --277993
3/12/2026 12:24:26 PM | * Cartomancie/32-cartes/Trefle/14-As.php-- -- --33429
3/12/2026 12:24:26 PM | * Cartomancie/32-cartes/Accueil(var).js-- -- --171
3/12/2026 12:24:26 PM | * Cartomancie/32-cartes/Accueil.css-- -- --5807
3/12/2026 12:24:26 PM | * Backup/Cartomancie/32-cartes/Accueil.dat-- -- --1364076
3/12/2026 12:24:26 PM | * Cartomancie/32-cartes/Accueil.php-- -- --54532
3/12/2026 12:24:26 PM | * Cartomancie/Belline/01-Bleu(var).js-- -- --171
3/12/2026 12:24:26 PM | * Cartomancie/Belline/01-Bleu.css-- -- --1273
3/12/2026 12:24:26 PM | * Backup/Cartomancie/Belline/01-Bleu.dat-- -- --279645
3/12/2026 12:24:26 PM | * Cartomancie/Belline/01-Bleu.php-- -- --33034
3/12/2026 12:24:26 PM | * Cartomancie/Belline/02-Destinee(var).js-- -- --171
3/12/2026 12:24:26 PM | * Cartomancie/Belline/02-Destinee.css-- -- --1273
3/12/2026 12:24:26 PM | * Backup/Cartomancie/Belline/02-Destinee.dat-- -- --279977
3/12/2026 12:24:26 PM | * Cartomancie/Belline/02-Destinee.php-- -- --33370
3/12/2026 12:24:26 PM | * Cartomancie/Belline/03-Homme(var).js-- -- --171
3/12/2026 12:24:26 PM | * Cartomancie/Belline/03-Homme.css-- -- --1273
3/12/2026 12:24:26 PM | * Backup/Cartomancie/Belline/03-Homme.dat-- -- --280141
3/12/2026 12:24:26 PM | * Cartomancie/Belline/03-Homme.php-- -- --33519
3/12/2026 12:24:26 PM | * Cartomancie/Belline/04-Femme(var).js-- -- --171
3/12/2026 12:24:26 PM | * Cartomancie/Belline/04-Femme.css-- -- --1273
3/12/2026 12:24:26 PM | * Backup/Cartomancie/Belline/04-Femme.dat-- -- --279738
3/12/2026 12:24:26 PM | * Cartomancie/Belline/04-Femme.php-- -- --33112
3/12/2026 12:24:26 PM | * Cartomancie/Belline/05-Nativite(var).js-- -- --171
3/12/2026 12:24:26 PM | * Cartomancie/Belline/05-Nativite.css-- -- --1273
3/12/2026 12:24:26 PM | * Backup/Cartomancie/Belline/05-Nativite.dat-- -- --279973
3/12/2026 12:24:26 PM | * Cartomancie/Belline/05-Nativite.php-- -- --33381
3/12/2026 12:24:26 PM | * Cartomancie/Belline/06-Reussite(var).js-- -- --171
3/12/2026 12:24:26 PM | * Cartomancie/Belline/06-Reussite.css-- -- --1273
3/12/2026 12:24:26 PM | * Backup/Cartomancie/Belline/06-Reussite.dat-- -- --280262
3/12/2026 12:24:26 PM | * Cartomancie/Belline/06-Reussite.php-- -- --33575
3/12/2026 12:24:26 PM | * Cartomancie/Belline/07-Elevation(var).js-- -- --171
3/12/2026 12:24:26 PM | * Cartomancie/Belline/07-Elevation.css-- -- --1273
3/12/2026 12:24:26 PM | * Backup/Cartomancie/Belline/07-Elevation.dat-- -- --280125
3/12/2026 12:24:26 PM | * Cartomancie/Belline/07-Elevation.php-- -- --33514
3/12/2026 12:24:26 PM | * Cartomancie/Belline/08-Honneurs(var).js-- -- --171
3/12/2026 12:24:26 PM | * Cartomancie/Belline/08-Honneurs.css-- -- --1274
3/12/2026 12:24:26 PM | * Backup/Cartomancie/Belline/08-Honneurs.dat-- -- --280170
3/12/2026 12:24:26 PM | * Cartomancie/Belline/08-Honneurs.php-- -- --33508
3/12/2026 12:24:26 PM | * Cartomancie/Belline/09-Pensee(var).js-- -- --171
3/12/2026 12:24:26 PM | * Cartomancie/Belline/09-Pensee.css-- -- --1273
3/12/2026 12:24:26 PM | * Backup/Cartomancie/Belline/09-Pensee.dat-- -- --280200
3/12/2026 12:24:26 PM | * Cartomancie/Belline/09-Pensee.php-- -- --33592
3/12/2026 12:24:26 PM | * Cartomancie/Belline/10-Campagne(var).js-- -- --171
3/12/2026 12:24:26 PM | * Cartomancie/Belline/10-Campagne.css-- -- --1273
3/12/2026 12:24:26 PM | * Backup/Cartomancie/Belline/10-Campagne.dat-- -- --280039
3/12/2026 12:24:26 PM | * Cartomancie/Belline/10-Campagne.php-- -- --33482
3/12/2026 12:24:26 PM | * Cartomancie/Belline/11-Presents(var).js-- -- --171
3/12/2026 12:24:26 PM | * Cartomancie/Belline/11-Presents.css-- -- --1274
3/12/2026 12:24:26 PM | * Backup/Cartomancie/Belline/11-Presents.dat-- -- --280163
3/12/2026 12:24:26 PM | * Cartomancie/Belline/11-Presents.php-- -- --33504
3/12/2026 12:24:26 PM | * Cartomancie/Belline/12-Trahison(var).js-- -- --171
3/12/2026 12:24:26 PM | * Cartomancie/Belline/12-Trahison.css-- -- --1273
3/12/2026 12:24:26 PM | * Backup/Cartomancie/Belline/12-Trahison.dat-- -- --280085
3/12/2026 12:24:26 PM | * Cartomancie/Belline/12-Trahison.php-- -- --33510
3/12/2026 12:24:26 PM | * Cartomancie/Belline/13-Depart(var).js-- -- --171
3/12/2026 12:24:26 PM | * Cartomancie/Belline/13-Depart.css-- -- --1273
3/12/2026 12:24:26 PM | * Backup/Cartomancie/Belline/13-Depart.dat-- -- --279967
3/12/2026 12:24:26 PM | * Cartomancie/Belline/13-Depart.php-- -- --33379
3/12/2026 12:24:26 PM | * Cartomancie/Belline/14-Inconstance(var).js-- -- --171
3/12/2026 12:24:26 PM | * Cartomancie/Belline/14-Inconstance.css-- -- --1274
3/12/2026 12:24:26 PM | * Backup/Cartomancie/Belline/14-Inconstance.dat-- -- --280304
3/12/2026 12:24:26 PM | * Cartomancie/Belline/14-Inconstance.php-- -- --33742
3/12/2026 12:24:26 PM | * Cartomancie/Belline/15-Decouverte(var).js-- -- --171
3/12/2026 12:24:26 PM | * Cartomancie/Belline/15-Decouverte.css-- -- --1274
3/12/2026 12:24:26 PM | * Backup/Cartomancie/Belline/15-Decouverte.dat-- -- --280613
3/12/2026 12:24:26 PM | * Cartomancie/Belline/15-Decouverte.php-- -- --34058
3/12/2026 12:24:26 PM | * Cartomancie/Belline/16-Eau(var).js-- -- --171
3/12/2026 12:24:26 PM | * Cartomancie/Belline/16-Eau.css-- -- --1273
3/12/2026 12:24:26 PM | * Backup/Cartomancie/Belline/16-Eau.dat-- -- --280105
3/12/2026 12:24:26 PM | * Cartomancie/Belline/16-Eau.php-- -- --33511
3/12/2026 12:24:26 PM | * Cartomancie/Belline/17-Penates(var).js-- -- --171
3/12/2026 12:24:26 PM | * Cartomancie/Belline/17-Penates.css-- -- --1273
3/12/2026 12:24:26 PM | * Backup/Cartomancie/Belline/17-Penates.dat-- -- --280277
3/12/2026 12:24:26 PM | * Cartomancie/Belline/17-Penates.php-- -- --33691
3/12/2026 12:24:26 PM | * Cartomancie/Belline/18-Maladie(var).js-- -- --171
3/12/2026 12:24:26 PM | * Cartomancie/Belline/18-Maladie.css-- -- --1273
3/12/2026 12:24:26 PM | * Backup/Cartomancie/Belline/18-Maladie.dat-- -- --280043
3/12/2026 12:24:26 PM | * Cartomancie/Belline/18-Maladie.php-- -- --33362
3/12/2026 12:24:26 PM | * Cartomancie/Belline/19-Changement(var).js-- -- --171
3/12/2026 12:24:26 PM | * Cartomancie/Belline/19-Changement.css-- -- --1273
3/12/2026 12:24:26 PM | * Backup/Cartomancie/Belline/19-Changement.dat-- -- --280213
3/12/2026 12:24:26 PM | * Cartomancie/Belline/19-Changement.php-- -- --33650
3/12/2026 12:24:26 PM | * Cartomancie/Belline/20-Argent(var).js-- -- --171
3/12/2026 12:24:26 PM | * Cartomancie/Belline/20-Argent.css-- -- --1273
3/12/2026 12:24:26 PM | * Backup/Cartomancie/Belline/20-Argent.dat-- -- --279808
3/12/2026 12:24:26 PM | * Cartomancie/Belline/20-Argent.php-- -- --33237
3/12/2026 12:24:26 PM | * Cartomancie/Belline/21-Intelligence(var).js-- -- --171
3/12/2026 12:24:26 PM | * Cartomancie/Belline/21-Intelligence.css-- -- --1273
3/12/2026 12:24:26 PM | * Backup/Cartomancie/Belline/21-Intelligence.dat-- -- --280269
3/12/2026 12:24:26 PM | * Cartomancie/Belline/21-Intelligence.php-- -- --33710
3/12/2026 12:24:26 PM | * Cartomancie/Belline/22-Vol(var).js-- -- --171
3/12/2026 12:24:26 PM | * Cartomancie/Belline/22-Vol.css-- -- --1273
3/12/2026 12:24:26 PM | * Backup/Cartomancie/Belline/22-Vol.dat-- -- --279645
3/12/2026 12:24:26 PM | * Cartomancie/Belline/22-Vol.php-- -- --33397
3/12/2026 12:24:26 PM | * Cartomancie/Belline/23-Entreprises(var).js-- -- --171
3/12/2026 12:24:26 PM | * Cartomancie/Belline/23-Entreprises.css-- -- --1273
3/12/2026 12:24:26 PM | * Backup/Cartomancie/Belline/23-Entreprises.dat-- -- --278282
3/12/2026 12:24:26 PM | * Cartomancie/Belline/23-Entreprises.php-- -- --33406
3/12/2026 12:24:26 PM | * Cartomancie/Belline/24-Trafic(var).js-- -- --171
3/12/2026 12:24:26 PM | * Cartomancie/Belline/24-Trafic.css-- -- --1273
3/12/2026 12:24:26 PM | * Backup/Cartomancie/Belline/24-Trafic.dat-- -- --279936
3/12/2026 12:24:26 PM | * Cartomancie/Belline/24-Trafic.php-- -- --33365
3/12/2026 12:24:26 PM | * Cartomancie/Belline/25-Nouvelle(var).js-- -- --171
3/12/2026 12:24:26 PM | * Cartomancie/Belline/25-Nouvelle.css-- -- --1273
3/12/2026 12:24:26 PM | * Backup/Cartomancie/Belline/25-Nouvelle.dat-- -- --279638
3/12/2026 12:24:26 PM | * Cartomancie/Belline/25-Nouvelle.php-- -- --33080
3/12/2026 12:24:26 PM | * Cartomancie/Belline/26-Plaisirs(var).js-- -- --171
3/12/2026 12:24:26 PM | * Cartomancie/Belline/26-Plaisirs.css-- -- --1274
3/12/2026 12:24:26 PM | * Backup/Cartomancie/Belline/26-Plaisirs.dat-- -- --279841
3/12/2026 12:24:26 PM | * Cartomancie/Belline/26-Plaisirs.php-- -- --33282
3/12/2026 12:24:26 PM | * Cartomancie/Belline/27-Paix(var).js-- -- --171
3/12/2026 12:24:26 PM | * Cartomancie/Belline/27-Paix.css-- -- --1273
3/12/2026 12:24:26 PM | * Backup/Cartomancie/Belline/27-Paix.dat-- -- --280325
3/12/2026 12:24:26 PM | * Cartomancie/Belline/27-Paix.php-- -- --33759
3/12/2026 12:24:26 PM | * Cartomancie/Belline/28-Union(var).js-- -- --171
3/12/2026 12:24:26 PM | * Cartomancie/Belline/28-Union.css-- -- --1273
3/12/2026 12:24:26 PM | * Backup/Cartomancie/Belline/28-Union.dat-- -- --279818
3/12/2026 12:24:26 PM | * Cartomancie/Belline/28-Union.php-- -- --33224
3/12/2026 12:24:26 PM | * Cartomancie/Belline/29-Famille(var).js-- -- --171
3/12/2026 12:24:26 PM | * Cartomancie/Belline/29-Famille.css-- -- --1273
3/12/2026 12:24:26 PM | * Backup/Cartomancie/Belline/29-Famille.dat-- -- --279929
3/12/2026 12:24:26 PM | * Cartomancie/Belline/29-Famille.php-- -- --33369
3/12/2026 12:24:26 PM | * Cartomancie/Belline/30-Amor(var).js-- -- --171
3/12/2026 12:24:26 PM | * Cartomancie/Belline/30-Amor.css-- -- --1274
3/12/2026 12:24:26 PM | * Backup/Cartomancie/Belline/30-Amor.dat-- -- --279918
3/12/2026 12:24:26 PM | * Cartomancie/Belline/30-Amor.php-- -- --33350
3/12/2026 12:24:26 PM | * Cartomancie/Belline/31-Table(var).js-- -- --171
3/12/2026 12:24:26 PM | * Cartomancie/Belline/31-Table.css-- -- --1273
3/12/2026 12:24:26 PM | * Backup/Cartomancie/Belline/31-Table.dat-- -- --279902
3/12/2026 12:24:26 PM | * Cartomancie/Belline/31-Table.php-- -- --33338
3/12/2026 12:24:26 PM | * Cartomancie/Belline/32-Passions(var).js-- -- --171
3/12/2026 12:24:26 PM | * Cartomancie/Belline/32-Passions.css-- -- --1274
3/12/2026 12:24:26 PM | * Backup/Cartomancie/Belline/32-Passions.dat-- -- --280306
3/12/2026 12:24:26 PM | * Cartomancie/Belline/32-Passions.php-- -- --33747
3/12/2026 12:24:26 PM | * Cartomancie/Belline/33-Mechancete(var).js-- -- --239
3/12/2026 12:24:26 PM | * Cartomancie/Belline/33-Mechancete.css-- -- --1327
3/12/2026 12:24:26 PM | * Backup/Cartomancie/Belline/33-Mechancete.dat-- -- --300765
3/12/2026 12:24:26 PM | * Cartomancie/Belline/33-Mechancete.php-- -- --33288
3/12/2026 12:24:26 PM | * Cartomancie/Belline/34-Proces(var).js-- -- --171
3/12/2026 12:24:26 PM | * Cartomancie/Belline/34-Proces.css-- -- --1274
3/12/2026 12:24:26 PM | * Backup/Cartomancie/Belline/34-Proces.dat-- -- --279868
3/12/2026 12:24:26 PM | * Cartomancie/Belline/34-Proces.php-- -- --33305
3/12/2026 12:24:26 PM | * Cartomancie/Belline/35-Despotisme(var).js-- -- --171
3/12/2026 12:24:26 PM | * Cartomancie/Belline/35-Despotisme.css-- -- --1274
3/12/2026 12:24:26 PM | * Backup/Cartomancie/Belline/35-Despotisme.dat-- -- --280026
3/12/2026 12:24:26 PM | * Cartomancie/Belline/35-Despotisme.php-- -- --33462
3/12/2026 12:24:26 PM | * Cartomancie/Belline/36-Ennemis(var).js-- -- --171
3/12/2026 12:24:26 PM | * Cartomancie/Belline/36-Ennemis.css-- -- --1273
3/12/2026 12:24:26 PM | * Backup/Cartomancie/Belline/36-Ennemis.dat-- -- --279966
3/12/2026 12:24:26 PM | * Cartomancie/Belline/36-Ennemis.php-- -- --33397
3/12/2026 12:24:26 PM | * Cartomancie/Belline/37-Pourparlers(var).js-- -- --171
3/12/2026 12:24:26 PM | * Cartomancie/Belline/37-Pourparlers.css-- -- --1274
3/12/2026 12:24:26 PM | * Backup/Cartomancie/Belline/37-Pourparlers.dat-- -- --280030
3/12/2026 12:24:26 PM | * Cartomancie/Belline/37-Pourparlers.php-- -- --33477
3/12/2026 12:24:26 PM | * Cartomancie/Belline/38-Feu(var).js-- -- --171
3/12/2026 12:24:26 PM | * Cartomancie/Belline/38-Feu.css-- -- --1273
3/12/2026 12:24:26 PM | * Backup/Cartomancie/Belline/38-Feu.dat-- -- --279955
3/12/2026 12:24:26 PM | * Cartomancie/Belline/38-Feu.php-- -- --33387
3/12/2026 12:24:26 PM | * Cartomancie/Belline/39-Accident(var).js-- -- --171
3/12/2026 12:24:26 PM | * Cartomancie/Belline/39-Accident.css-- -- --1273
3/12/2026 12:24:26 PM | * Backup/Cartomancie/Belline/39-Accident.dat-- -- --280107
3/12/2026 12:24:26 PM | * Cartomancie/Belline/39-Accident.php-- -- --33532
3/12/2026 12:24:26 PM | * Cartomancie/Belline/40-Appui(var).js-- -- --171
3/12/2026 12:24:26 PM | * Cartomancie/Belline/40-Appui.css-- -- --1274
3/12/2026 12:24:26 PM | * Backup/Cartomancie/Belline/40-Appui.dat-- -- --279884
3/12/2026 12:24:26 PM | * Cartomancie/Belline/40-Appui.php-- -- --33319
3/12/2026 12:24:26 PM | * Cartomancie/Belline/41-Beaute(var).js-- -- --171
3/12/2026 12:24:26 PM | * Cartomancie/Belline/41-Beaute.css-- -- --1273
3/12/2026 12:24:26 PM | * Backup/Cartomancie/Belline/41-Beaute.dat-- -- --279622
3/12/2026 12:24:26 PM | * Cartomancie/Belline/41-Beaute.php-- -- --33475
3/12/2026 12:24:26 PM | * Cartomancie/Belline/42-Heritage(var).js-- -- --171
3/12/2026 12:24:26 PM | * Cartomancie/Belline/42-Heritage.css-- -- --1273
3/12/2026 12:24:26 PM | * Backup/Cartomancie/Belline/42-Heritage.dat-- -- --279984
3/12/2026 12:24:26 PM | * Cartomancie/Belline/42-Heritage.php-- -- --33417
3/12/2026 12:24:26 PM | * Cartomancie/Belline/43-Sagesse(var).js-- -- --171
3/12/2026 12:24:26 PM | * Cartomancie/Belline/43-Sagesse.css-- -- --1273
3/12/2026 12:24:26 PM | * Backup/Cartomancie/Belline/43-Sagesse.dat-- -- --280071
3/12/2026 12:24:26 PM | * Cartomancie/Belline/43-Sagesse.php-- -- --33407
3/12/2026 12:24:26 PM | * Cartomancie/Belline/44-Renommee(var).js-- -- --171
3/12/2026 12:24:26 PM | * Cartomancie/Belline/44-Renommee.css-- -- --1273
3/12/2026 12:24:26 PM | * Backup/Cartomancie/Belline/44-Renommee.dat-- -- --279987
3/12/2026 12:24:26 PM | * Cartomancie/Belline/44-Renommee.php-- -- --33420
3/12/2026 12:24:26 PM | * Cartomancie/Belline/45-Hasard(var).js-- -- --171
3/12/2026 12:24:26 PM | * Cartomancie/Belline/45-Hasard.css-- -- --1273
3/12/2026 12:24:26 PM | * Backup/Cartomancie/Belline/45-Hasard.dat-- -- --280066
3/12/2026 12:24:26 PM | * Cartomancie/Belline/45-Hasard.php-- -- --33400
3/12/2026 12:24:26 PM | * Cartomancie/Belline/46-Bonheur(var).js-- -- --171
3/12/2026 12:24:26 PM | * Cartomancie/Belline/46-Bonheur.css-- -- --1273
3/12/2026 12:24:26 PM | * Backup/Cartomancie/Belline/46-Bonheur.dat-- -- --279832
3/12/2026 12:24:26 PM | * Cartomancie/Belline/46-Bonheur.php-- -- --33263
3/12/2026 12:24:26 PM | * Cartomancie/Belline/47-Infortune(var).js-- -- --171
3/12/2026 12:24:26 PM | * Cartomancie/Belline/47-Infortune.css-- -- --1273
3/12/2026 12:24:26 PM | * Backup/Cartomancie/Belline/47-Infortune.dat-- -- --280238
3/12/2026 12:24:26 PM | * Cartomancie/Belline/47-Infortune.php-- -- --33673
3/12/2026 12:24:26 PM | * Cartomancie/Belline/48-Sterilite(var).js-- -- --171
3/12/2026 12:24:26 PM | * Cartomancie/Belline/48-Sterilite.css-- -- --1274
3/12/2026 12:24:26 PM | * Backup/Cartomancie/Belline/48-Sterilite.dat-- -- --279948
3/12/2026 12:24:26 PM | * Cartomancie/Belline/48-Sterilite.php-- -- --33382
3/12/2026 12:24:26 PM | * Cartomancie/Belline/49-Fatalite(var).js-- -- --171
3/12/2026 12:24:26 PM | * Cartomancie/Belline/49-Fatalite.css-- -- --1274
3/12/2026 12:24:26 PM | * Backup/Cartomancie/Belline/49-Fatalite.dat-- -- --280143
3/12/2026 12:24:26 PM | * Cartomancie/Belline/49-Fatalite.php-- -- --33574
3/12/2026 12:24:26 PM | * Cartomancie/Belline/50-Grace(var).js-- -- --171
3/12/2026 12:24:26 PM | * Cartomancie/Belline/50-Grace.css-- -- --1273
3/12/2026 12:24:26 PM | * Backup/Cartomancie/Belline/50-Grace.dat-- -- --280172
3/12/2026 12:24:26 PM | * Cartomancie/Belline/50-Grace.php-- -- --33582
3/12/2026 12:24:26 PM | * Cartomancie/Belline/51-Ruine(var).js-- -- --171
3/12/2026 12:24:26 PM | * Cartomancie/Belline/51-Ruine.css-- -- --1273
3/12/2026 12:24:26 PM | * Backup/Cartomancie/Belline/51-Ruine.dat-- -- --280475
3/12/2026 12:24:26 PM | * Cartomancie/Belline/51-Ruine.php-- -- --33885
3/12/2026 12:24:26 PM | * Cartomancie/Belline/52-Retard(var).js-- -- --171
3/12/2026 12:24:26 PM | * Cartomancie/Belline/52-Retard.css-- -- --1273
3/12/2026 12:24:26 PM | * Backup/Cartomancie/Belline/52-Retard.dat-- -- --279600
3/12/2026 12:24:26 PM | * Cartomancie/Belline/52-Retard.php-- -- --33021
3/12/2026 12:24:26 PM | * Cartomancie/Belline/53-Cloitre(var).js-- -- --171
3/12/2026 12:24:26 PM | * Cartomancie/Belline/53-Cloitre.css-- -- --1273
3/12/2026 12:24:26 PM | * Backup/Cartomancie/Belline/53-Cloitre.dat-- -- --280107
3/12/2026 12:24:26 PM | * Cartomancie/Belline/53-Cloitre.php-- -- --33521
3/12/2026 12:24:26 PM | * Cartomancie/Belline/Accueil(var).js-- -- --171
3/12/2026 12:24:26 PM | * Cartomancie/Belline/Accueil.css-- -- --8991
3/12/2026 12:24:26 PM | * Backup/Cartomancie/Belline/Accueil.dat-- -- --2231345
3/12/2026 12:24:26 PM | * Cartomancie/Belline/Accueil.php-- -- --67994
3/12/2026 12:24:26 PM | * Cartomancie/Tarots/01-Fou(var).js-- -- --171
3/12/2026 12:24:26 PM | * Cartomancie/Tarots/01-Fou.css-- -- --1196
3/12/2026 12:24:26 PM | * Backup/Cartomancie/Tarots/01-Fou.dat-- -- --280282
3/12/2026 12:24:26 PM | * Cartomancie/Tarots/01-Fou.php-- -- --33769
3/12/2026 12:24:26 PM | * Cartomancie/Tarots/02-Bateleur(var).js-- -- --171
3/12/2026 12:24:26 PM | * Cartomancie/Tarots/02-Bateleur.css-- -- --1196
3/12/2026 12:24:26 PM | * Backup/Cartomancie/Tarots/02-Bateleur.dat-- -- --279858
3/12/2026 12:24:26 PM | * Cartomancie/Tarots/02-Bateleur.php-- -- --33357
3/12/2026 12:24:26 PM | * Cartomancie/Tarots/03-Papesse(var).js-- -- --171
3/12/2026 12:24:26 PM | * Cartomancie/Tarots/03-Papesse.css-- -- --1196
3/12/2026 12:24:26 PM | * Backup/Cartomancie/Tarots/03-Papesse.dat-- -- --280097
3/12/2026 12:24:26 PM | * Cartomancie/Tarots/03-Papesse.php-- -- --33583
3/12/2026 12:24:26 PM | * Cartomancie/Tarots/04-Imperatrice(var).js-- -- --171
3/12/2026 12:24:26 PM | * Cartomancie/Tarots/04-Imperatrice.css-- -- --1196
3/12/2026 12:24:26 PM | * Backup/Cartomancie/Tarots/04-Imperatrice.dat-- -- --280707
3/12/2026 12:24:26 PM | * Cartomancie/Tarots/04-Imperatrice.php-- -- --34115
3/12/2026 12:24:26 PM | * Cartomancie/Tarots/05-Empereur(var).js-- -- --171
3/12/2026 12:24:26 PM | * Cartomancie/Tarots/05-Empereur.css-- -- --1196
3/12/2026 12:24:26 PM | * Backup/Cartomancie/Tarots/05-Empereur.dat-- -- --280211
3/12/2026 12:24:26 PM | * Cartomancie/Tarots/05-Empereur.php-- -- --33708
3/12/2026 12:24:26 PM | * Cartomancie/Tarots/06-Pape(var).js-- -- --171
3/12/2026 12:24:26 PM | * Cartomancie/Tarots/06-Pape.css-- -- --1196
3/12/2026 12:24:26 PM | * Backup/Cartomancie/Tarots/06-Pape.dat-- -- --280407
3/12/2026 12:24:26 PM | * Cartomancie/Tarots/06-Pape.php-- -- --33879
3/12/2026 12:24:26 PM | * Cartomancie/Tarots/07-Amoureux(var).js-- -- --171
3/12/2026 12:24:26 PM | * Cartomancie/Tarots/07-Amoureux.css-- -- --1273
3/12/2026 12:24:26 PM | * Backup/Cartomancie/Tarots/07-Amoureux.dat-- -- --280399
3/12/2026 12:24:26 PM | * Cartomancie/Tarots/07-Amoureux.php-- -- --33704
3/12/2026 12:24:26 PM | * Cartomancie/Tarots/08-Chariot(var).js-- -- --171
3/12/2026 12:24:26 PM | * Cartomancie/Tarots/08-Chariot.css-- -- --1273
3/12/2026 12:24:26 PM | * Backup/Cartomancie/Tarots/08-Chariot.dat-- -- --280797
3/12/2026 12:24:26 PM | * Cartomancie/Tarots/08-Chariot.php-- -- --34125
3/12/2026 12:24:26 PM | * Cartomancie/Tarots/09-Justice(var).js-- -- --171
3/12/2026 12:24:26 PM | * Cartomancie/Tarots/09-Justice.css-- -- --1273
3/12/2026 12:24:26 PM | * Backup/Cartomancie/Tarots/09-Justice.dat-- -- --280695
3/12/2026 12:24:26 PM | * Cartomancie/Tarots/09-Justice.php-- -- --34101
3/12/2026 12:24:27 PM | * Cartomancie/Tarots/10-Hermite(var).js-- -- --171
3/12/2026 12:24:27 PM | * Cartomancie/Tarots/10-Hermite.css-- -- --1273
3/12/2026 12:24:27 PM | * Backup/Cartomancie/Tarots/10-Hermite.dat-- -- --280698
3/12/2026 12:24:27 PM | * Cartomancie/Tarots/10-Hermite.php-- -- --34096
3/12/2026 12:24:27 PM | * Cartomancie/Tarots/11-Roue(var).js-- -- --171
3/12/2026 12:24:27 PM | * Cartomancie/Tarots/11-Roue.css-- -- --1273
3/12/2026 12:24:27 PM | * Backup/Cartomancie/Tarots/11-Roue.dat-- -- --280283
3/12/2026 12:24:27 PM | * Cartomancie/Tarots/11-Roue.php-- -- --33667
3/12/2026 12:24:27 PM | * Cartomancie/Tarots/12-Force(var).js-- -- --171
3/12/2026 12:24:27 PM | * Cartomancie/Tarots/12-Force.css-- -- --1273
3/12/2026 12:24:27 PM | * Backup/Cartomancie/Tarots/12-Force.dat-- -- --280246
3/12/2026 12:24:27 PM | * Cartomancie/Tarots/12-Force.php-- -- --33536
3/12/2026 12:24:27 PM | * Cartomancie/Tarots/13-Pendu(var).js-- -- --171
3/12/2026 12:24:27 PM | * Cartomancie/Tarots/13-Pendu.css-- -- --1273
3/12/2026 12:24:27 PM | * Backup/Cartomancie/Tarots/13-Pendu.dat-- -- --280007
3/12/2026 12:24:27 PM | * Cartomancie/Tarots/13-Pendu.php-- -- --33788
3/12/2026 12:24:27 PM | * Cartomancie/Tarots/14-Mort(var).js-- -- --171
3/12/2026 12:24:27 PM | * Cartomancie/Tarots/14-Mort.css-- -- --1273
3/12/2026 12:24:27 PM | * Backup/Cartomancie/Tarots/14-Mort.dat-- -- --280194
3/12/2026 12:24:27 PM | * Cartomancie/Tarots/14-Mort.php-- -- --33586
3/12/2026 12:24:27 PM | * Cartomancie/Tarots/15-Temperance(var).js-- -- --171
3/12/2026 12:24:27 PM | * Cartomancie/Tarots/15-Temperance.css-- -- --1273
3/12/2026 12:24:27 PM | * Backup/Cartomancie/Tarots/15-Temperance.dat-- -- --279885
3/12/2026 12:24:27 PM | * Cartomancie/Tarots/15-Temperance.php-- -- --33721
3/12/2026 12:24:27 PM | * Cartomancie/Tarots/16-Diable(var).js-- -- --171
3/12/2026 12:24:27 PM | * Cartomancie/Tarots/16-Diable.css-- -- --1273
3/12/2026 12:24:27 PM | * Backup/Cartomancie/Tarots/16-Diable.dat-- -- --280340
3/12/2026 12:24:27 PM | * Cartomancie/Tarots/16-Diable.php-- -- --33727
3/12/2026 12:24:27 PM | * Cartomancie/Tarots/16-Maison-Dieu(var).js-- -- --171
3/12/2026 12:24:27 PM | * Cartomancie/Tarots/16-Maison-Dieu.css-- -- --1273
3/12/2026 12:24:27 PM | * Backup/Cartomancie/Tarots/16-Maison-Dieu.dat-- -- --280578
3/12/2026 12:24:27 PM | * Cartomancie/Tarots/16-Maison-Dieu.php-- -- --33880
3/12/2026 12:24:27 PM | * Cartomancie/Tarots/17-Etoile(var).js-- -- --171
3/12/2026 12:24:27 PM | * Cartomancie/Tarots/17-Etoile.css-- -- --1273
3/12/2026 12:24:27 PM | * Backup/Cartomancie/Tarots/17-Etoile.dat-- -- --280190
3/12/2026 12:24:27 PM | * Cartomancie/Tarots/17-Etoile.php-- -- --33585
3/12/2026 12:24:27 PM | * Cartomancie/Tarots/18-Lune(var).js-- -- --171
3/12/2026 12:24:27 PM | * Cartomancie/Tarots/18-Lune.css-- -- --1273
3/12/2026 12:24:27 PM | * Backup/Cartomancie/Tarots/18-Lune.dat-- -- --280617
3/12/2026 12:24:27 PM | * Cartomancie/Tarots/18-Lune.php-- -- --34000
3/12/2026 12:24:27 PM | * Cartomancie/Tarots/19-Soleil(var).js-- -- --171
3/12/2026 12:24:27 PM | * Cartomancie/Tarots/19-Soleil.css-- -- --1273
3/12/2026 12:24:27 PM | * Backup/Cartomancie/Tarots/19-Soleil.dat-- -- --280461
3/12/2026 12:24:27 PM | * Cartomancie/Tarots/19-Soleil.php-- -- --33848
3/12/2026 12:24:27 PM | * Cartomancie/Tarots/20-Jugement(var).js-- -- --171
3/12/2026 12:24:27 PM | * Cartomancie/Tarots/20-Jugement.css-- -- --1273
3/12/2026 12:24:27 PM | * Backup/Cartomancie/Tarots/20-Jugement.dat-- -- --280333
3/12/2026 12:24:27 PM | * Cartomancie/Tarots/20-Jugement.php-- -- --33724
3/12/2026 12:24:27 PM | * Cartomancie/Tarots/21-Monde(var).js-- -- --171
3/12/2026 12:24:27 PM | * Cartomancie/Tarots/21-Monde.css-- -- --1273
3/12/2026 12:24:27 PM | * Backup/Cartomancie/Tarots/21-Monde.dat-- -- --280375
3/12/2026 12:24:27 PM | * Cartomancie/Tarots/21-Monde.php-- -- --33665
3/12/2026 12:24:27 PM | * Cartomancie/Tarots/Accueil(var).js-- -- --171
3/12/2026 12:24:27 PM | * Cartomancie/Tarots/Accueil.css-- -- --3694
3/12/2026 12:24:27 PM | * Backup/Cartomancie/Tarots/Accueil.dat-- -- --916733
3/12/2026 12:24:27 PM | * Cartomancie/Tarots/Accueil.php-- -- --45549
3/12/2026 12:24:27 PM | * CGU/CGU(var).js-- -- --171
3/12/2026 12:24:27 PM | * CGU/CGU.css-- -- --1071
3/12/2026 12:24:27 PM | * Backup/CGU/CGU.dat-- -- --253336
3/12/2026 12:24:27 PM | * CGU/CGU.php-- -- --39782
3/12/2026 12:24:27 PM | * Chat/Echec(var).js-- -- --171
3/12/2026 12:24:27 PM | * Chat/Echec.css-- -- --940
3/12/2026 12:24:27 PM | * Backup/Chat/Echec.dat-- -- --219249
3/12/2026 12:24:27 PM | * Chat/Echec.php-- -- --31427
3/12/2026 12:24:27 PM | * Chat/Envoi(var).js-- -- --171
3/12/2026 12:24:27 PM | * Chat/Envoi.css-- -- --862
3/12/2026 12:24:27 PM | * Backup/Chat/Envoi.dat-- -- --191900
3/12/2026 12:24:27 PM | * Chat/Envoi.php-- -- --31101
3/12/2026 12:24:27 PM | * Chat/Formulaire(var).js-- -- --1103
3/12/2026 12:24:27 PM | * Chat/Formulaire(var).php-- -- --4015
3/12/2026 12:24:27 PM | * Chat/Formulaire.css-- -- --4727
3/12/2026 12:24:27 PM | * Backup/Chat/Formulaire.dat-- -- --1028557
3/12/2026 12:24:27 PM | * Chat/Formulaire.php-- -- --61752
3/12/2026 12:24:27 PM | * Domicile/Echec(var).js-- -- --171
3/12/2026 12:24:27 PM | * Domicile/Echec.css-- -- --939
3/12/2026 12:24:27 PM | * Backup/Domicile/Echec.dat-- -- --219269
3/12/2026 12:24:27 PM | * Domicile/Echec.php-- -- --31457
3/12/2026 12:24:27 PM | * Domicile/Envoi(var).js-- -- --171
3/12/2026 12:24:27 PM | * Domicile/Envoi.css-- -- --862
3/12/2026 12:24:27 PM | * Backup/Domicile/Envoi.dat-- -- --191878
3/12/2026 12:24:27 PM | * Domicile/Envoi.php-- -- --31118
3/12/2026 12:24:27 PM | * Domicile/Formulaire(var).js-- -- --1111
3/12/2026 12:24:27 PM | * Domicile/Formulaire(var).php-- -- --3500
3/12/2026 12:24:27 PM | * Domicile/Formulaire.css-- -- --4727
3/12/2026 12:24:27 PM | * Backup/Domicile/Formulaire.dat-- -- --1021545
3/12/2026 12:24:27 PM | * Domicile/Formulaire.php-- -- --61655
3/12/2026 12:24:27 PM | * Dons/Dons(var).js-- -- --171
3/12/2026 12:24:27 PM | * Dons/Dons.css-- -- --1483
3/12/2026 12:24:27 PM | * Backup/Dons/Dons.dat-- -- --331108
3/12/2026 12:24:27 PM | * Dons/Dons.php-- -- --35590
3/12/2026 12:24:27 PM | * Gratuite/Echec(var).js-- -- --171
3/12/2026 12:24:27 PM | * Gratuite/Echec.css-- -- --939
3/12/2026 12:24:27 PM | * Backup/Gratuite/Echec.dat-- -- --217184
3/12/2026 12:24:27 PM | * Gratuite/Echec.php-- -- --31431
3/12/2026 12:24:27 PM | * Gratuite/Envoi(var).js-- -- --171
3/12/2026 12:24:27 PM | * Gratuite/Envoi.css-- -- --862
3/12/2026 12:24:27 PM | * Backup/Gratuite/Envoi.dat-- -- --191819
3/12/2026 12:24:27 PM | * Gratuite/Envoi.php-- -- --30648
3/12/2026 12:24:27 PM | * Gratuite/Formulaire(var).js-- -- --1147
3/12/2026 12:24:27 PM | * Gratuite/Formulaire(var).php-- -- --3811
3/12/2026 12:24:27 PM | * Gratuite/Formulaire.css-- -- --5107
3/12/2026 12:24:27 PM | * Backup/Gratuite/Formulaire.dat-- -- --1033193
3/12/2026 12:24:27 PM | * Gratuite/Formulaire.php-- -- --62139
3/12/2026 12:24:27 PM | * Magie/Echec(var).js-- -- --171
3/12/2026 12:24:27 PM | * Magie/Echec.css-- -- --939
3/12/2026 12:24:27 PM | * Backup/Magie/Echec.dat-- -- --217239
3/12/2026 12:24:27 PM | * Magie/Echec.php-- -- --31475
3/12/2026 12:24:27 PM | * Magie/Envoi(var).js-- -- --171
3/12/2026 12:24:27 PM | * Magie/Envoi.css-- -- --862
3/12/2026 12:24:27 PM | * Backup/Magie/Envoi.dat-- -- --189954
3/12/2026 12:24:27 PM | * Magie/Envoi.php-- -- --31171
3/12/2026 12:24:27 PM | * Magie/Formulaire(var).js-- -- --1133
3/12/2026 12:24:27 PM | * Magie/Formulaire(var).php-- -- --5375
3/12/2026 12:24:27 PM | * Magie/Formulaire.css-- -- --4882
3/12/2026 12:24:27 PM | * Backup/Magie/Formulaire.dat-- -- --1097190
3/12/2026 12:24:27 PM | * Magie/Formulaire.php-- -- --65959
3/12/2026 12:24:27 PM | * Mail/Echec(var).js-- -- --103
3/12/2026 12:24:27 PM | * Mail/Echec.css-- -- --887
3/12/2026 12:24:27 PM | * Backup/Mail/Echec.dat-- -- --192434
3/12/2026 12:24:27 PM | * Mail/Echec.php-- -- --31410
3/12/2026 12:24:27 PM | * Mail/Envoi(var).js-- -- --103
3/12/2026 12:24:27 PM | * Mail/Envoi.css-- -- --809
3/12/2026 12:24:27 PM | * Backup/Mail/Envoi.dat-- -- --167130
3/12/2026 12:24:27 PM | * Mail/Envoi.php-- -- --31120
3/12/2026 12:24:27 PM | * Mail/Formulaire(var).js-- -- --1103
3/12/2026 12:24:27 PM | * Mail/Formulaire(var).php-- -- --2242
3/12/2026 12:24:27 PM | * Mail/Formulaire.css-- -- --4265
3/12/2026 12:24:27 PM | * Backup/Mail/Formulaire.dat-- -- --808848
3/12/2026 12:24:27 PM | * Mail/Formulaire.php-- -- --53579
3/12/2026 12:24:27 PM | * Methodes/Accueil(var).js-- -- --171
3/12/2026 12:24:27 PM | * Methodes/Accueil.css-- -- --1721
3/12/2026 12:24:27 PM | * Backup/Methodes/Accueil.dat-- -- --450511
3/12/2026 12:24:27 PM | * Methodes/Accueil.php-- -- --46307
3/12/2026 12:24:27 PM | * Methodes/Croix(var).js-- -- --171
3/12/2026 12:24:27 PM | * Methodes/Croix.css-- -- --3694
3/12/2026 12:24:27 PM | * Backup/Methodes/Croix.dat-- -- --950261
3/12/2026 12:24:27 PM | * Methodes/Croix.php-- -- --54911
3/12/2026 12:24:27 PM | * Methodes/Ligne(var).js-- -- --171
3/12/2026 12:24:27 PM | * Methodes/Ligne.css-- -- --3890
3/12/2026 12:24:27 PM | * Backup/Methodes/Ligne.dat-- -- --995220
3/12/2026 12:24:27 PM | * Methodes/Ligne.php-- -- --62862
3/12/2026 12:24:27 PM | * Methodes/Pyramide(var).js-- -- --171
3/12/2026 12:24:27 PM | * Methodes/Pyramide.css-- -- --2041
3/12/2026 12:24:27 PM | * Backup/Methodes/Pyramide.dat-- -- --484510
3/12/2026 12:24:27 PM | * Methodes/Pyramide.php-- -- --48797
3/12/2026 12:24:27 PM | * Paiement/Paiement_accepte(var).js-- -- --171
3/12/2026 12:24:27 PM | * Paiement/Paiement_accepte.css-- -- --862
3/12/2026 12:24:27 PM | * Backup/Paiement/Paiement_accepte.dat-- -- --189913
3/12/2026 12:24:27 PM | * Paiement/Paiement_accepte.php-- -- --31346
3/12/2026 12:24:27 PM | * Paiement/Paiement_avorte(var).js-- -- --171
3/12/2026 12:24:27 PM | * Paiement/Paiement_avorte.css-- -- --862
3/12/2026 12:24:27 PM | * Backup/Paiement/Paiement_avorte.dat-- -- --189602
3/12/2026 12:24:27 PM | * Paiement/Paiement_avorte.php-- -- --30937
3/12/2026 12:24:27 PM | * Partenaires/Partenaires(var).js-- -- --103
3/12/2026 12:24:27 PM | * Partenaires/Partenaires.css-- -- --702
3/12/2026 12:24:27 PM | * Backup/Partenaires/Partenaires.dat-- -- --172765
3/12/2026 12:24:27 PM | * Partenaires/Partenaires.php-- -- --31219
3/12/2026 12:24:27 PM | * Planetes/Accueil(var).js-- -- --171
3/12/2026 12:24:27 PM | * Planetes/Accueil.css-- -- --3106
3/12/2026 12:24:27 PM | * Backup/Planetes/Accueil.dat-- -- --814070
3/12/2026 12:24:27 PM | * Planetes/Accueil.php-- -- --44461
3/12/2026 12:24:27 PM | * Planetes/Jupiter(var).js-- -- --171
3/12/2026 12:24:27 PM | * Planetes/Jupiter.css-- -- --1182
3/12/2026 12:24:27 PM | * Backup/Planetes/Jupiter.dat-- -- --280107
3/12/2026 12:24:27 PM | * Planetes/Jupiter.php-- -- --34119
3/12/2026 12:24:27 PM | * Planetes/Lune(var).js-- -- --239
3/12/2026 12:24:27 PM | * Planetes/Lune.css-- -- --1236
3/12/2026 12:24:27 PM | * Backup/Planetes/Lune.dat-- -- --301576
3/12/2026 12:24:27 PM | * Planetes/Lune.php-- -- --34598
3/12/2026 12:24:27 PM | * Planetes/Mars(var).js-- -- --239
3/12/2026 12:24:27 PM | * Planetes/Mars.css-- -- --1236
3/12/2026 12:24:27 PM | * Backup/Planetes/Mars.dat-- -- --301227
3/12/2026 12:24:27 PM | * Planetes/Mars.php-- -- --34249
3/12/2026 12:24:27 PM | * Planetes/Mercure(var).js-- -- --239
3/12/2026 12:24:27 PM | * Planetes/Mercure.css-- -- --1236
3/12/2026 12:24:27 PM | * Backup/Planetes/Mercure.dat-- -- --302114
3/12/2026 12:24:27 PM | * Planetes/Mercure.php-- -- --35030
3/12/2026 12:24:27 PM | * Planetes/Neptune(var).js-- -- --239
3/12/2026 12:24:27 PM | * Planetes/Neptune.css-- -- --1236
3/12/2026 12:24:27 PM | * Backup/Planetes/Neptune.dat-- -- --301299
3/12/2026 12:24:27 PM | * Planetes/Neptune.php-- -- --34323
3/12/2026 12:24:27 PM | * Planetes/Pluton(var).js-- -- --239
3/12/2026 12:24:27 PM | * Planetes/Pluton.css-- -- --1236
3/12/2026 12:24:27 PM | * Backup/Planetes/Pluton.dat-- -- --301229
3/12/2026 12:24:27 PM | * Planetes/Pluton.php-- -- --34255
3/12/2026 12:24:27 PM | * Planetes/Saturne(var).js-- -- --239
3/12/2026 12:24:27 PM | * Planetes/Saturne.css-- -- --1250
3/12/2026 12:24:27 PM | * Backup/Planetes/Saturne.dat-- -- --303218
3/12/2026 12:24:27 PM | * Planetes/Saturne.php-- -- --34284
3/12/2026 12:24:27 PM | * Planetes/Soleil(var).js-- -- --239
3/12/2026 12:24:27 PM | * Planetes/Soleil.css-- -- --1251
3/12/2026 12:24:27 PM | * Backup/Planetes/Soleil.dat-- -- --304680
3/12/2026 12:24:27 PM | * Planetes/Soleil.php-- -- --33967
3/12/2026 12:24:27 PM | * Planetes/Uranus(var).js-- -- --239
3/12/2026 12:24:27 PM | * Planetes/Uranus.css-- -- --1251
3/12/2026 12:24:27 PM | * Backup/Planetes/Uranus.dat-- -- --304436
3/12/2026 12:24:27 PM | * Planetes/Uranus.php-- -- --33681
3/12/2026 12:24:27 PM | * Planetes/Venus(var).js-- -- --239
3/12/2026 12:24:27 PM | * Planetes/Venus.css-- -- --1251
3/12/2026 12:24:27 PM | * Backup/Planetes/Venus.dat-- -- --305172
3/12/2026 12:24:27 PM | * Planetes/Venus.php-- -- --34328
3/12/2026 12:24:27 PM | * Tchat/errors.txt-- -- --0
3/12/2026 12:24:27 PM | * index(var).js-- -- --171
3/12/2026 12:24:27 PM | * index.css-- -- --917
3/12/2026 12:24:27 PM | * Backup/index.dat-- -- --152524
3/12/2026 12:24:27 PM | * index.php-- -- --35651
3/12/2026 12:24:27 PM | * Templates/Base.css-- -- --4511
3/12/2026 12:24:27 PM | * Templates/Base.php-- -- --29513
3/12/2026 12:24:27 PM | * Backup/Templates/Base.tdat-- -- --1056530
3/12/2026 12:24:27 PM | * sitemap.xml-- -- --26907
3/12/2026 12:24:27 PM | * robots.txt-- -- --39
3/12/2026 12:24:27 PM | * Backup/Belline net.ope-- -- --3598
3/12/2026 12:24:30 PM | 
3/12/2026 12:24:30 PM | 
--------------------------------Phase 1 Terminé--------------------------------
3/12/2026 12:24:30 PM | 

3/14/2026 12:25:51 PM | Debut Mise en ligne complete (Site):
3/14/2026 12:26:11 PM | Listing terminé :
3/14/2026 12:26:11 PM | 

3/14/2026 12:26:11 PM | * Files/Fonts-- -- --Folder create
3/14/2026 12:26:11 PM | * Files/Other-- -- --Folder create
3/14/2026 12:26:11 PM | * Tchat-- -- --Folder create
3/14/2026 12:26:11 PM | * Tchat/widgets-- -- --Folder create
3/14/2026 12:26:11 PM | * Tchat/templates-- -- --Folder create
3/14/2026 12:26:11 PM | * Tchat/stickers-- -- --Folder create
3/14/2026 12:26:11 PM | * Tchat/stickers/Stickers-- -- --Folder create
3/14/2026 12:26:11 PM | * Tchat/stickers/Deutsch-- -- --Folder create
3/14/2026 12:26:11 PM | * Tchat/splash-- -- --Folder create
3/14/2026 12:26:11 PM | * Tchat/lang-- -- --Folder create
3/14/2026 12:26:11 PM | * Tchat/install-- -- --Folder create
3/14/2026 12:26:11 PM | * Tchat/incl-- -- --Folder create
3/14/2026 12:26:11 PM | * Tchat/img-- -- --Folder create
3/14/2026 12:26:11 PM | * Tchat/backgrounds-- -- --Folder create
3/14/2026 12:26:11 PM | * Tchat/avatars-- -- --Folder create
3/14/2026 12:26:11 PM | * Tchat/attachments-- -- --Folder create
3/14/2026 12:26:11 PM | * Tchat/app-- -- --Folder create
3/14/2026 12:26:11 PM | * Tchat/admin-- -- --Folder create
3/14/2026 12:26:11 PM | * Tchat/admin/font-- -- --Folder create
3/14/2026 12:26:11 PM | * Planetes-- -- --Folder create
3/14/2026 12:26:11 PM | * Partenaires-- -- --Folder create
3/14/2026 12:26:11 PM | * Paiement-- -- --Folder create
3/14/2026 12:26:11 PM | * Online-- -- --Folder create
3/14/2026 12:26:11 PM | * Online/Templates-- -- --Folder create
3/14/2026 12:26:11 PM | * Methodes-- -- --Folder create
3/14/2026 12:26:11 PM | * Mail-- -- --Folder create
3/14/2026 12:26:11 PM | * Magie-- -- --Folder create
3/14/2026 12:26:11 PM | * Gratuite-- -- --Folder create
3/14/2026 12:26:11 PM | * Dons-- -- --Folder create
3/14/2026 12:26:11 PM | * Domicile-- -- --Folder create
3/14/2026 12:26:11 PM | * Coaching-- -- --Folder create
3/14/2026 12:26:11 PM | * Chat-- -- --Folder create
3/14/2026 12:26:11 PM | * CGU-- -- --Folder create
3/14/2026 12:26:11 PM | * Cartomancie-- -- --Folder create
3/14/2026 12:26:11 PM | * Cartomancie/Tarots-- -- --Folder create
3/14/2026 12:26:11 PM | * Cartomancie/Belline-- -- --Folder create
3/14/2026 12:26:11 PM | * Cartomancie/32-cartes-- -- --Folder create
3/14/2026 12:26:11 PM | * Cartomancie/32-cartes/Trefle-- -- --Folder create
3/14/2026 12:26:11 PM | * Cartomancie/32-cartes/Pique-- -- --Folder create
3/14/2026 12:26:11 PM | * Cartomancie/32-cartes/Coeur-- -- --Folder create
3/14/2026 12:26:11 PM | * Cartomancie/32-cartes/Carreau-- -- --Folder create
3/14/2026 12:26:11 PM | * Admin-- -- --Folder create
3/14/2026 12:26:11 PM | * Admin/sounds-- -- --Folder create
3/14/2026 12:26:11 PM | * WEFiles-- -- --Folder create
3/14/2026 12:26:11 PM | * WEFiles/Xml-- -- --Folder create
3/14/2026 12:26:11 PM | * WEFiles/Server-- -- --Folder create
3/14/2026 12:26:11 PM | * WEFiles/Server/language-- -- --Folder create
3/14/2026 12:26:11 PM | * WEFiles/Server/DB-- -- --Folder create
3/14/2026 12:26:11 PM | * WEFiles/Server/DB/DBTools-- -- --Folder create
3/14/2026 12:26:11 PM | * WEFiles/Server/class-- -- --Folder create
3/14/2026 12:26:11 PM | * WEFiles/Other-- -- --Folder create
3/14/2026 12:26:11 PM | * WEFiles/Image-- -- --Folder create
3/14/2026 12:26:11 PM | * WEFiles/Font-- -- --Folder create
3/14/2026 12:26:11 PM | * WEFiles/EG-- -- --Folder create
3/14/2026 12:26:11 PM | * WEFiles/Css-- -- --Folder create
3/14/2026 12:26:11 PM | * WEFiles/Css/v02-- -- --Folder create
3/14/2026 12:26:11 PM | * WEFiles/Css/v01-- -- --Folder create
3/14/2026 12:26:11 PM | * WEFiles/Client-- -- --Folder create
3/14/2026 12:26:11 PM | * WEFiles/Client/jQuery-- -- --Folder create
3/14/2026 12:26:11 PM | * WEFiles/Client/jQuery/Plugins-- -- --Folder create
3/14/2026 12:26:11 PM | * WEFiles/Client/Common-- -- --Folder create
3/14/2026 12:26:11 PM | * Templates-- -- --Folder create
3/14/2026 12:26:11 PM | * Files-- -- --Folder create
3/14/2026 12:26:11 PM | * Files/Video-- -- --Folder create
3/14/2026 12:26:11 PM | * Files/Other-- -- --Folder create
3/14/2026 12:26:11 PM | * Files/Media-- -- --Folder create
3/14/2026 12:26:11 PM | * Files/Image-- -- --Folder create
3/14/2026 12:26:11 PM | * Files/Fonts-- -- --Folder create
3/14/2026 12:26:11 PM | * Files/Flash-- -- --Folder create
3/14/2026 12:26:11 PM | * Files/Audio-- -- --Folder create
3/14/2026 12:26:11 PM | * Data-- -- --Folder create
3/14/2026 12:26:11 PM | * Backup-- -- --Folder create
3/14/2026 12:26:11 PM | * Common-- -- --Folder create
3/14/2026 12:26:11 PM | * Files/Image/32 cartes-- -- --Folder create
3/14/2026 12:26:11 PM | * Files/Image/32 cartes/Carreau-- -- --Folder create
3/14/2026 12:26:11 PM | * Files/Image/Accueil-- -- --Folder create
3/14/2026 12:26:11 PM | * WEFiles/Image/WEImage-- -- --Folder create
3/14/2026 12:26:11 PM | * Files/Image/32 cartes/Coeur-- -- --Folder create
3/14/2026 12:26:11 PM | * Files/Image/32 cartes/Pique-- -- --Folder create
3/14/2026 12:26:11 PM | * Files/Image/32 cartes/Trefle-- -- --Folder create
3/14/2026 12:26:11 PM | * Files/Image/Belline-- -- --Folder create
3/14/2026 12:26:11 PM | * Files/Image/Tarot-- -- --Folder create
3/14/2026 12:26:11 PM | * WEFiles/Image/Skin-- -- --Folder create
3/14/2026 12:26:11 PM | * Files/Image/Planetes-- -- --Folder create
3/14/2026 12:26:11 PM | * Files\Other-- -- --Folder create
3/14/2026 12:26:11 PM | * Files\Fonts-- -- --Folder create
3/14/2026 12:26:11 PM | * Backup/.htaccess-- -- --33
3/14/2026 12:26:11 PM | * Data/.htaccess-- -- --13
3/14/2026 12:26:11 PM | * WEFiles/Client/Common/oe.min.js-- -- --16317
3/14/2026 12:26:11 PM | * WEFiles/Client/jQuery/Plugins/jquery.form.js-- -- --11659
3/14/2026 12:26:11 PM | * WEFiles/Client/jQuery/Plugins/jquery.ui.core.js-- -- --19590
3/14/2026 12:26:11 PM | * WEFiles/Client/jQuery/Plugins/jquery.ui.effects.js-- -- --25199
3/14/2026 12:26:11 PM | * WEFiles/Client/jQuery/1.10.2.js-- -- --93107
3/14/2026 12:26:11 PM | * WEFiles/Client/jQuery/migrate.js-- -- --7202
3/14/2026 12:26:11 PM | * WEFiles/Client/OEDB.js-- -- --1856
3/14/2026 12:26:11 PM | * WEFiles/Client/OEDBClasses.js-- -- --2280
3/14/2026 12:26:11 PM | * WEFiles/Client/opentip-jquery.min.js-- -- --44974
3/14/2026 12:26:11 PM | * WEFiles/Css/v01/openElement.css-- -- --5851
3/14/2026 12:26:11 PM | * WEFiles/Css/v02/openElement.css-- -- --6102
3/14/2026 12:26:11 PM | * WEFiles/Css/v02/openElement.int.css-- -- --6177
3/14/2026 12:26:11 PM | * WEFiles/Css/ie7.css-- -- --833
3/14/2026 12:26:11 PM | * WEFiles/Css/opentip.css-- -- --9211
3/14/2026 12:26:11 PM | * WEFiles/Image/Code.png-- -- --831
3/14/2026 12:26:11 PM | * WEFiles/Image/delete.png-- -- --1465
3/14/2026 12:26:11 PM | * WEFiles/Image/empty.png-- -- --184
3/14/2026 12:26:11 PM | * WEFiles/Image/information2.png-- -- --3246
3/14/2026 12:26:11 PM | * WEFiles/Image/loading.gif-- -- --1924
3/14/2026 12:26:11 PM | * WEFiles/Image/Loading2.gif-- -- --4941
3/14/2026 12:26:11 PM | * WEFiles/Image/mask.png-- -- --213
3/14/2026 12:26:11 PM | * WEFiles/Image/ModalBackgound.png-- -- --27145
3/14/2026 12:26:11 PM | * WEFiles/Image/ModalPopupBlock.png-- -- --268
3/14/2026 12:26:11 PM | * WEFiles/Image/ServerError.png-- -- --2602
3/14/2026 12:26:11 PM | * WEFiles/Image/warning.png-- -- --816
3/14/2026 12:26:11 PM | * WEFiles/Image/WEW3C.png-- -- --1882
3/14/2026 12:26:11 PM | * WEFiles/Server/class/class-phpmailer.php-- -- --65668
3/14/2026 12:26:11 PM | * WEFiles/Server/class/class-smtp.php-- -- --32456
3/14/2026 12:26:11 PM | * WEFiles/Server/DB/DBTools/OEDataContainers.php-- -- --57685
3/14/2026 12:26:11 PM | * WEFiles/Server/DB/DBTools/OEDBRequest.php-- -- --36412
3/14/2026 12:26:11 PM | * WEFiles/Server/DB/DBTools/OEDynUtils.php-- -- --15107
3/14/2026 12:26:11 PM | * WEFiles/Server/DB/.htaccess-- -- --13
3/14/2026 12:26:11 PM | * WEFiles/Server/DB/OEDB.php-- -- --28741
3/14/2026 12:26:11 PM | * WEFiles/Server/DB/OEDBClasses.php-- -- --84483
3/14/2026 12:26:11 PM | * WEFiles/Server/DB/sqllogin.php-- -- --1479
3/14/2026 12:26:11 PM | * WEFiles/Server/language/phpmailer.lang-en.php-- -- --1188
3/14/2026 12:26:11 PM | * WEFiles/Server/language/phpmailer.lang-fr.php-- -- --1297
3/14/2026 12:26:11 PM | * WEFiles/Server/openElement.php-- -- --13870
3/14/2026 12:26:11 PM | * WEFiles/Server/VarText.php-- -- --4496
3/14/2026 12:26:11 PM | * .htaccess-- -- --0
3/14/2026 12:26:11 PM | * Admin/sounds/enter.mp3-- -- --55725
3/14/2026 12:26:11 PM | * Admin/sounds/leave.mp3-- -- --8808
3/14/2026 12:26:11 PM | * Admin/index.php-- -- --1690
3/14/2026 12:26:11 PM | * Admin/status.css-- -- --0
3/14/2026 12:26:11 PM | * Admin/status.js-- -- --3855
3/14/2026 12:26:11 PM | * Admin/status.txt-- -- --10
3/14/2026 12:26:11 PM | * Admin/track.js-- -- --1774
3/14/2026 12:26:11 PM | * Admin/track.php-- -- --1499
3/14/2026 12:26:11 PM | * Admin/tracking.json-- -- --240
3/14/2026 12:26:11 PM | * Cartomancie/32-cartes/Carreau/07(var).js-- -- --171
3/14/2026 12:26:11 PM | * Cartomancie/32-cartes/Carreau/07.css-- -- --1196
3/14/2026 12:26:11 PM | * WEFiles/Client/WEDisableRightClick-v21.js-- -- --358
3/14/2026 12:26:11 PM | * Files/Image/32 cartes/Carreau/10 - 7 de carreau.png-- -- --1787
3/14/2026 12:26:11 PM | * Files/Image/Accueil/Gauche.png-- -- --3174
3/14/2026 12:26:11 PM | * WEFiles/Image/WEImage/Gauche-WE8748c811df.png-- -- --2718
3/14/2026 12:26:11 PM | * Files/Image/Accueil/Accueil.jpg-- -- --4054
3/14/2026 12:26:11 PM | * WEFiles/Image/WEImage/Accueil-WE35e9fb608b.jpg-- -- --3874
3/14/2026 12:26:11 PM | * Files/Image/Accueil/Droite.png-- -- --3105
3/14/2026 12:26:11 PM | * WEFiles/Image/WEImage/Droite-WEfe7fdfe667.png-- -- --2695
3/14/2026 12:26:11 PM | * Files/Image/Accueil/Boutton jaune.png-- -- --92447
3/14/2026 12:26:11 PM | * WEFiles/Image/WEImage/Boutton jaune-WE6bfa2bde55.png-- -- --3244
3/14/2026 12:26:11 PM | * WEFiles/Image/WEImage/Boutton jaune-WEffb6971bb7.png-- -- --3244
3/14/2026 12:26:11 PM | * WEFiles/Image/WEImage/Boutton jaune-WEd455aa7eda.png-- -- --3244
3/14/2026 12:26:11 PM | * WEFiles/Image/WEImage/Boutton jaune-WEe44e1035c5.png-- -- --3244
3/14/2026 12:26:11 PM | * WEFiles/Image/WEImage/Boutton jaune-WE86a40d28ea.png-- -- --3244
3/14/2026 12:26:11 PM | * WEFiles/Image/WEImage/Boutton jaune-WEc2e5636060.png-- -- --3244
3/14/2026 12:26:11 PM | * WEFiles/Image/WEImage/Boutton jaune-WE7c7323bef4.png-- -- --3244
3/14/2026 12:26:11 PM | * WEFiles/Image/WEImage/Boutton jaune-WE4a31ad1669.png-- -- --3244
3/14/2026 12:26:11 PM | * WEFiles/Image/WEImage/Boutton jaune-WEfbbd66bdb6.png-- -- --3244
3/14/2026 12:26:11 PM | * Files/Image/Accueil/Bougies.jpg-- -- --9527
3/14/2026 12:26:11 PM | * WEFiles/Image/WEImage/Bougies-WEfc5b3ec259.jpg-- -- --4765
3/14/2026 12:26:11 PM | * WEFiles/Image/WEImage/Boutton jaune-WEb2ebd8dcb7.png-- -- --3244
3/14/2026 12:26:11 PM | * Files/Image/Accueil/Jeu de tarot 1.jpg-- -- --40238
3/14/2026 12:26:11 PM | * Backup/Cartomancie/32-cartes/Carreau/07.dat-- -- --278233
3/14/2026 12:26:11 PM | * Cartomancie/32-cartes/Carreau/07.php-- -- --34515
3/14/2026 12:26:11 PM | * Cartomancie/32-cartes/Carreau/08(var).js-- -- --171
3/14/2026 12:26:11 PM | * Cartomancie/32-cartes/Carreau/08.css-- -- --1197
3/14/2026 12:26:11 PM | * Files/Image/32 cartes/Carreau/11 - 8 de carreau.png-- -- --1919
3/14/2026 12:26:11 PM | * WEFiles/Image/WEImage/Droite-WE9a2b68a0a2.png-- -- --2616
3/14/2026 12:26:11 PM | * Backup/Cartomancie/32-cartes/Carreau/08.dat-- -- --279197
3/14/2026 12:26:11 PM | * Cartomancie/32-cartes/Carreau/08.php-- -- --35383
3/14/2026 12:26:11 PM | * Cartomancie/32-cartes/Carreau/09(var).js-- -- --171
3/14/2026 12:26:11 PM | * Cartomancie/32-cartes/Carreau/09.css-- -- --1196
3/14/2026 12:26:11 PM | * Files/Image/32 cartes/Carreau/12 - 9 de carreau.png-- -- --2089
3/14/2026 12:26:11 PM | * WEFiles/Image/WEImage/Droite-WE353f3c09bb.png-- -- --2590
3/14/2026 12:26:11 PM | * Backup/Cartomancie/32-cartes/Carreau/09.dat-- -- --277444
3/14/2026 12:26:11 PM | * Cartomancie/32-cartes/Carreau/09.php-- -- --34169
3/14/2026 12:26:11 PM | * Cartomancie/32-cartes/Carreau/10(var).js-- -- --171
3/14/2026 12:26:11 PM | * Cartomancie/32-cartes/Carreau/10.css-- -- --1196
3/14/2026 12:26:11 PM | * Files/Image/32 cartes/Carreau/13 - 10 de carreau.png-- -- --2277
3/14/2026 12:26:11 PM | * Backup/Cartomancie/32-cartes/Carreau/10.dat-- -- --278108
3/14/2026 12:26:11 PM | * Cartomancie/32-cartes/Carreau/10.php-- -- --34444
3/14/2026 12:26:11 PM | * Cartomancie/32-cartes/Carreau/11-Valet(var).js-- -- --171
3/14/2026 12:26:11 PM | * Cartomancie/32-cartes/Carreau/11-Valet.css-- -- --1196
3/14/2026 12:26:11 PM | * Files/Image/32 cartes/Carreau/14 - Valet de carreau.png-- -- --14292
3/14/2026 12:26:11 PM | * Backup/Cartomancie/32-cartes/Carreau/11-Valet.dat-- -- --278300
3/14/2026 12:26:11 PM | * Cartomancie/32-cartes/Carreau/11-Valet.php-- -- --35041
3/14/2026 12:26:11 PM | * Cartomancie/32-cartes/Carreau/12-Dame(var).js-- -- --171
3/14/2026 12:26:11 PM | * Cartomancie/32-cartes/Carreau/12-Dame.css-- -- --1196
3/14/2026 12:26:11 PM | * Files/Image/32 cartes/Carreau/15 - Dame de carreau.png-- -- --14559
3/14/2026 12:26:11 PM | * Backup/Cartomancie/32-cartes/Carreau/12-Dame.dat-- -- --277737
3/14/2026 12:26:11 PM | * Cartomancie/32-cartes/Carreau/12-Dame.php-- -- --34695
3/14/2026 12:26:11 PM | * Cartomancie/32-cartes/Carreau/13-Roi(var).js-- -- --171
3/14/2026 12:26:11 PM | * Cartomancie/32-cartes/Carreau/13-Roi.css-- -- --1196
3/14/2026 12:26:11 PM | * Files/Image/32 cartes/Carreau/16 - Roi de carreau.png-- -- --15499
3/14/2026 12:26:11 PM | * Backup/Cartomancie/32-cartes/Carreau/13-Roi.dat-- -- --278040
3/14/2026 12:26:11 PM | * Cartomancie/32-cartes/Carreau/13-Roi.php-- -- --34775
3/14/2026 12:26:11 PM | * Cartomancie/32-cartes/Carreau/14-As(var).js-- -- --171
3/14/2026 12:26:11 PM | * Cartomancie/32-cartes/Carreau/14-As.css-- -- --1196
3/14/2026 12:26:11 PM | * Files/Image/32 cartes/Carreau/9 - As de carreau.png-- -- --871
3/14/2026 12:26:11 PM | * Backup/Cartomancie/32-cartes/Carreau/14-As.dat-- -- --278005
3/14/2026 12:26:11 PM | * Cartomancie/32-cartes/Carreau/14-As.php-- -- --34611
3/14/2026 12:26:11 PM | * Cartomancie/32-cartes/Coeur/07(var).js-- -- --171
3/14/2026 12:26:11 PM | * Cartomancie/32-cartes/Coeur/07.css-- -- --1196
3/14/2026 12:26:11 PM | * Files/Image/32 cartes/Coeur/18 - 7 de coeur.png-- -- --2061
3/14/2026 12:26:11 PM | * Backup/Cartomancie/32-cartes/Coeur/07.dat-- -- --277977
3/14/2026 12:26:11 PM | * Cartomancie/32-cartes/Coeur/07.php-- -- --34544
3/14/2026 12:26:11 PM | * Cartomancie/32-cartes/Coeur/08(var).js-- -- --171
3/14/2026 12:26:11 PM | * Cartomancie/32-cartes/Coeur/08.css-- -- --1196
3/14/2026 12:26:11 PM | * Files/Image/32 cartes/Coeur/19 - 8 de coeur.png-- -- --2250
3/14/2026 12:26:11 PM | * Backup/Cartomancie/32-cartes/Coeur/08.dat-- -- --277840
3/14/2026 12:26:11 PM | * Cartomancie/32-cartes/Coeur/08.php-- -- --34397
3/14/2026 12:26:11 PM | * Cartomancie/32-cartes/Coeur/09(var).js-- -- --171
3/14/2026 12:26:11 PM | * Cartomancie/32-cartes/Coeur/09.css-- -- --1196
3/14/2026 12:26:11 PM | * Files/Image/32 cartes/Coeur/20 - 9 de coeur.png-- -- --2390
3/14/2026 12:26:11 PM | * Backup/Cartomancie/32-cartes/Coeur/09.dat-- -- --277886
3/14/2026 12:26:11 PM | * Cartomancie/32-cartes/Coeur/09.php-- -- --34443
3/14/2026 12:26:11 PM | * Cartomancie/32-cartes/Coeur/10(var).js-- -- --171
3/14/2026 12:26:11 PM | * Cartomancie/32-cartes/Coeur/10.css-- -- --1211
3/14/2026 12:26:11 PM | * Files/Image/32 cartes/Coeur/21 - 10 de coeur.png-- -- --20434
3/14/2026 12:26:11 PM | * WEFiles/Image/WEImage/21 - 10 de coeur-WE3a9a1e9adb.png-- -- --4594
3/14/2026 12:26:11 PM | * Backup/Cartomancie/32-cartes/Coeur/10.dat-- -- --284142
3/14/2026 12:26:11 PM | * Cartomancie/32-cartes/Coeur/10.php-- -- --35114
3/14/2026 12:26:11 PM | * Cartomancie/32-cartes/Coeur/11-Valet(var).js-- -- --171
3/14/2026 12:26:11 PM | * Cartomancie/32-cartes/Coeur/11-Valet.css-- -- --1196
3/14/2026 12:26:11 PM | * Files/Image/32 cartes/Coeur/22 - Valet de coeur.png-- -- --14869
3/14/2026 12:26:11 PM | * Backup/Cartomancie/32-cartes/Coeur/11-Valet.dat-- -- --278378
3/14/2026 12:26:11 PM | * Cartomancie/32-cartes/Coeur/11-Valet.php-- -- --34953
3/14/2026 12:26:11 PM | * Cartomancie/32-cartes/Coeur/12-Dame(var).js-- -- --171
3/14/2026 12:26:11 PM | * Cartomancie/32-cartes/Coeur/12-Dame.css-- -- --1196
3/14/2026 12:26:11 PM | * Files/Image/32 cartes/Coeur/23 - Dame de coeur.png-- -- --16161
3/14/2026 12:26:11 PM | * Backup/Cartomancie/32-cartes/Coeur/12-Dame.dat-- -- --277992
3/14/2026 12:26:11 PM | * Cartomancie/32-cartes/Coeur/12-Dame.php-- -- --34564
3/14/2026 12:26:11 PM | * Cartomancie/32-cartes/Coeur/13-Roi(var).js-- -- --103
3/14/2026 12:26:11 PM | * Cartomancie/32-cartes/Coeur/13-Roi.css-- -- --1143
3/14/2026 12:26:11 PM | * Files/Image/32 cartes/Coeur/24 - Roi de coeur.png-- -- --14906
3/14/2026 12:26:11 PM | * Backup/Cartomancie/32-cartes/Coeur/13-Roi.dat-- -- --255808
3/14/2026 12:26:11 PM | * Cartomancie/32-cartes/Coeur/13-Roi.php-- -- --34956
3/14/2026 12:26:11 PM | * Cartomancie/32-cartes/Coeur/14-As(var).js-- -- --103
3/14/2026 12:26:11 PM | * Cartomancie/32-cartes/Coeur/14-As.css-- -- --1143
3/14/2026 12:26:11 PM | * Files/Image/32 cartes/Coeur/17 - As de coeur.png-- -- --1016
3/14/2026 12:26:11 PM | * Backup/Cartomancie/32-cartes/Coeur/14-As.dat-- -- --255095
3/14/2026 12:26:11 PM | * Cartomancie/32-cartes/Coeur/14-As.php-- -- --34352
3/14/2026 12:26:11 PM | * Cartomancie/32-cartes/Pique/07(var).js-- -- --239
3/14/2026 12:26:11 PM | * Cartomancie/32-cartes/Pique/07.css-- -- --1249
3/14/2026 12:26:11 PM | * Files/Image/32 cartes/Pique/2 - 7 de pique.png-- -- --1824
3/14/2026 12:26:11 PM | * Backup/Cartomancie/32-cartes/Pique/07.dat-- -- --299014
3/14/2026 12:26:11 PM | * Cartomancie/32-cartes/Pique/07.php-- -- --34596
3/14/2026 12:26:11 PM | * Cartomancie/32-cartes/Pique/08(var).js-- -- --171
3/14/2026 12:26:12 PM | * Cartomancie/32-cartes/Pique/08.css-- -- --1196
3/14/2026 12:26:12 PM | * Files/Image/32 cartes/Pique/02 - 8 de pique.jpg-- -- --29933
3/14/2026 12:26:12 PM | * WEFiles/Image/WEImage/02 - 8 de pique-WE886f33726b.jpg-- -- --10180
3/14/2026 12:26:12 PM | * WEFiles/Image/WEImage/Droite-WE2c43c9233a.png-- -- --3053
3/14/2026 12:26:12 PM | * Backup/Cartomancie/32-cartes/Pique/08.dat-- -- --280545
3/14/2026 12:26:12 PM | * Cartomancie/32-cartes/Pique/08.php-- -- --35187
3/14/2026 12:26:12 PM | * Cartomancie/32-cartes/Pique/09(var).js-- -- --171
3/14/2026 12:26:12 PM | * Cartomancie/32-cartes/Pique/09.css-- -- --1196
3/14/2026 12:26:12 PM | * Files/Image/32 cartes/Pique/4 - 9 de pique.png-- -- --2134
3/14/2026 12:26:12 PM | * Backup/Cartomancie/32-cartes/Pique/09.dat-- -- --278107
3/14/2026 12:26:12 PM | * Cartomancie/32-cartes/Pique/09.php-- -- --34741
3/14/2026 12:26:12 PM | * Cartomancie/32-cartes/Pique/10(var).js-- -- --171
3/14/2026 12:26:12 PM | * Cartomancie/32-cartes/Pique/10.css-- -- --1196
3/14/2026 12:26:12 PM | * Files/Image/32 cartes/Pique/5 - 10 de pique.png-- -- --2356
3/14/2026 12:26:12 PM | * Backup/Cartomancie/32-cartes/Pique/10.dat-- -- --277812
3/14/2026 12:26:12 PM | * Cartomancie/32-cartes/Pique/10.php-- -- --34416
3/14/2026 12:26:12 PM | * Cartomancie/32-cartes/Pique/11-Valet(var).js-- -- --171
3/14/2026 12:26:12 PM | * Cartomancie/32-cartes/Pique/11-Valet.css-- -- --1197
3/14/2026 12:26:12 PM | * Files/Image/32 cartes/Pique/6 - Valet de pique.png-- -- --15773
3/14/2026 12:26:12 PM | * Backup/Cartomancie/32-cartes/Pique/11-Valet.dat-- -- --277946
3/14/2026 12:26:12 PM | * Cartomancie/32-cartes/Pique/11-Valet.php-- -- --34567
3/14/2026 12:26:12 PM | * Cartomancie/32-cartes/Pique/12-Dame(var).js-- -- --171
3/14/2026 12:26:12 PM | * Cartomancie/32-cartes/Pique/12-Dame.css-- -- --1197
3/14/2026 12:26:12 PM | * Files/Image/32 cartes/Pique/7 - Dame de pique.png-- -- --14987
3/14/2026 12:26:12 PM | * Backup/Cartomancie/32-cartes/Pique/12-Dame.dat-- -- --278107
3/14/2026 12:26:12 PM | * Cartomancie/32-cartes/Pique/12-Dame.php-- -- --34725
3/14/2026 12:26:12 PM | * Cartomancie/32-cartes/Pique/13-Roi(var).js-- -- --171
3/14/2026 12:26:12 PM | * Cartomancie/32-cartes/Pique/13-Roi.css-- -- --1196
3/14/2026 12:26:12 PM | * Files/Image/32 cartes/Pique/8 - Roi de pique.png-- -- --15329
3/14/2026 12:26:12 PM | * Backup/Cartomancie/32-cartes/Pique/13-Roi.dat-- -- --278324
3/14/2026 12:26:12 PM | * Cartomancie/32-cartes/Pique/13-Roi.php-- -- --34936
3/14/2026 12:26:12 PM | * Cartomancie/32-cartes/Pique/14-As(var).js-- -- --103
3/14/2026 12:26:12 PM | * Cartomancie/32-cartes/Pique/14-As.css-- -- --1143
3/14/2026 12:26:12 PM | * Files/Image/32 cartes/Pique/1 - As de pique.png-- -- --863
3/14/2026 12:26:12 PM | * Backup/Cartomancie/32-cartes/Pique/14-As.dat-- -- --255319
3/14/2026 12:26:12 PM | * Cartomancie/32-cartes/Pique/14-As.php-- -- --34560
3/14/2026 12:26:12 PM | * Cartomancie/32-cartes/Trefle/07(var).js-- -- --171
3/14/2026 12:26:12 PM | * Cartomancie/32-cartes/Trefle/07.css-- -- --1274
3/14/2026 12:26:12 PM | * Files/Image/32 cartes/Trefle/26 - 7 de trefle.png-- -- --1992
3/14/2026 12:26:12 PM | * Backup/Cartomancie/32-cartes/Trefle/07.dat-- -- --278687
3/14/2026 12:26:12 PM | * Cartomancie/32-cartes/Trefle/07.php-- -- --35220
3/14/2026 12:26:12 PM | * Cartomancie/32-cartes/Trefle/08(var).js-- -- --171
3/14/2026 12:26:12 PM | * Cartomancie/32-cartes/Trefle/08.css-- -- --1273
3/14/2026 12:26:12 PM | * Files/Image/32 cartes/Trefle/27 - 8 de trefle.png-- -- --2198
3/14/2026 12:26:12 PM | * Backup/Cartomancie/32-cartes/Trefle/08.dat-- -- --278708
3/14/2026 12:26:12 PM | * Cartomancie/32-cartes/Trefle/08.php-- -- --35233
3/14/2026 12:26:12 PM | * Cartomancie/32-cartes/Trefle/09(var).js-- -- --171
3/14/2026 12:26:12 PM | * Cartomancie/32-cartes/Trefle/09.css-- -- --1274
3/14/2026 12:26:12 PM | * Files/Image/32 cartes/Trefle/28 - 9 de trefle.png-- -- --2378
3/14/2026 12:26:12 PM | * Backup/Cartomancie/32-cartes/Trefle/09.dat-- -- --278085
3/14/2026 12:26:12 PM | * Cartomancie/32-cartes/Trefle/09.php-- -- --34609
3/14/2026 12:26:12 PM | * Cartomancie/32-cartes/Trefle/10(var).js-- -- --171
3/14/2026 12:26:12 PM | * Cartomancie/32-cartes/Trefle/10.css-- -- --1274
3/14/2026 12:26:12 PM | * Files/Image/32 cartes/Trefle/29 - 10 de trefle.png-- -- --2604
3/14/2026 12:26:12 PM | * Backup/Cartomancie/32-cartes/Trefle/10.dat-- -- --278158
3/14/2026 12:26:12 PM | * Cartomancie/32-cartes/Trefle/10.php-- -- --34682
3/14/2026 12:26:12 PM | * Cartomancie/32-cartes/Trefle/11-Valet(var).js-- -- --171
3/14/2026 12:26:12 PM | * Cartomancie/32-cartes/Trefle/11-Valet.css-- -- --1273
3/14/2026 12:26:12 PM | * Files/Image/32 cartes/Trefle/30 - Valet de trefle.png-- -- --16252
3/14/2026 12:26:12 PM | * Backup/Cartomancie/32-cartes/Trefle/11-Valet.dat-- -- --278223
3/14/2026 12:26:12 PM | * Cartomancie/32-cartes/Trefle/11-Valet.php-- -- --34765
3/14/2026 12:26:12 PM | * Cartomancie/32-cartes/Trefle/12-Dame(var).js-- -- --171
3/14/2026 12:26:12 PM | * Cartomancie/32-cartes/Trefle/12-Dame.css-- -- --1273
3/14/2026 12:26:12 PM | * Files/Image/32 cartes/Trefle/31 - Dame de trefle.png-- -- --15728
3/14/2026 12:26:12 PM | * Backup/Cartomancie/32-cartes/Trefle/12-Dame.dat-- -- --278052
3/14/2026 12:26:12 PM | * Cartomancie/32-cartes/Trefle/12-Dame.php-- -- --34592
3/14/2026 12:26:12 PM | * Cartomancie/32-cartes/Trefle/13-Roi(var).js-- -- --171
3/14/2026 12:26:12 PM | * Cartomancie/32-cartes/Trefle/13-Roi.css-- -- --1274
3/14/2026 12:26:12 PM | * Files/Image/32 cartes/Trefle/32 - Roi de trefle.png-- -- --16738
3/14/2026 12:26:12 PM | * Backup/Cartomancie/32-cartes/Trefle/13-Roi.dat-- -- --277772
3/14/2026 12:26:12 PM | * Cartomancie/32-cartes/Trefle/13-Roi.php-- -- --34308
3/14/2026 12:26:12 PM | * Cartomancie/32-cartes/Trefle/14-As(var).js-- -- --171
3/14/2026 12:26:12 PM | * Cartomancie/32-cartes/Trefle/14-As.css-- -- --1273
3/14/2026 12:26:12 PM | * Files/Image/32 cartes/Trefle/25 - As de trefle.png-- -- --854
3/14/2026 12:26:12 PM | * Backup/Cartomancie/32-cartes/Trefle/14-As.dat-- -- --277993
3/14/2026 12:26:12 PM | * Cartomancie/32-cartes/Trefle/14-As.php-- -- --34527
3/14/2026 12:26:12 PM | * Cartomancie/32-cartes/Accueil(var).js-- -- --171
3/14/2026 12:26:12 PM | * Cartomancie/32-cartes/Accueil.css-- -- --5807
3/14/2026 12:26:12 PM | * Files/Image/Accueil/32 cartes.jpg-- -- --7310
3/14/2026 12:26:12 PM | * WEFiles/Image/WEImage/02 - 8 de pique-WE877cd49c42.jpg-- -- --9718
3/14/2026 12:26:12 PM | * WEFiles/Image/WEImage/21 - 10 de coeur-WEb9ec81dca5.png-- -- --4594
3/14/2026 12:26:12 PM | * Backup/Cartomancie/32-cartes/Accueil.dat-- -- --1364076
3/14/2026 12:26:12 PM | * Cartomancie/32-cartes/Accueil.php-- -- --55618
3/14/2026 12:26:12 PM | * Cartomancie/Belline/01-Bleu(var).js-- -- --171
3/14/2026 12:26:12 PM | * Cartomancie/Belline/01-Bleu.css-- -- --1273
3/14/2026 12:26:12 PM | * Files/Image/Belline/0-carte-bleue.jpg-- -- --34479
3/14/2026 12:26:12 PM | * WEFiles/Image/WEImage/0-carte-bleue-WEdb043cfb4d.jpg-- -- --16621
3/14/2026 12:26:12 PM | * Backup/Cartomancie/Belline/01-Bleu.dat-- -- --279645
3/14/2026 12:26:12 PM | * Cartomancie/Belline/01-Bleu.php-- -- --34120
3/14/2026 12:26:12 PM | * Cartomancie/Belline/02-Destinee(var).js-- -- --171
3/14/2026 12:26:12 PM | * Cartomancie/Belline/02-Destinee.css-- -- --1273
3/14/2026 12:26:12 PM | * Files/Image/Belline/1-la-destinee.jpg-- -- --43957
3/14/2026 12:26:12 PM | * WEFiles/Image/WEImage/1-la-destinee-WE7b70f51a31.jpg-- -- --21266
3/14/2026 12:26:12 PM | * Backup/Cartomancie/Belline/02-Destinee.dat-- -- --279977
3/14/2026 12:26:12 PM | * Cartomancie/Belline/02-Destinee.php-- -- --34456
3/14/2026 12:26:12 PM | * Cartomancie/Belline/03-Homme(var).js-- -- --171
3/14/2026 12:26:12 PM | * Cartomancie/Belline/03-Homme.css-- -- --1273
3/14/2026 12:26:12 PM | * Files/Image/Belline/2-etoile-homme.jpg-- -- --49995
3/14/2026 12:26:12 PM | * WEFiles/Image/WEImage/2-etoile-homme-WE7df2104ac0.jpg-- -- --23876
3/14/2026 12:26:12 PM | * Backup/Cartomancie/Belline/03-Homme.dat-- -- --280141
3/14/2026 12:26:12 PM | * Cartomancie/Belline/03-Homme.php-- -- --34605
3/14/2026 12:26:12 PM | * Cartomancie/Belline/04-Femme(var).js-- -- --171
3/14/2026 12:26:12 PM | * Cartomancie/Belline/04-Femme.css-- -- --1273
3/14/2026 12:26:12 PM | * Files/Image/Belline/3-etoile-femme.jpg-- -- --45028
3/14/2026 12:26:12 PM | * WEFiles/Image/WEImage/3-etoile-femme-WE0df16acbeb.jpg-- -- --22055
3/14/2026 12:26:12 PM | * Backup/Cartomancie/Belline/04-Femme.dat-- -- --279738
3/14/2026 12:26:12 PM | * Cartomancie/Belline/04-Femme.php-- -- --34198
3/14/2026 12:26:12 PM | * Cartomancie/Belline/05-Nativite(var).js-- -- --171
3/14/2026 12:26:12 PM | * Cartomancie/Belline/05-Nativite.css-- -- --1273
3/14/2026 12:26:12 PM | * Files/Image/Belline/4-nativite.jpg-- -- --43627
3/14/2026 12:26:12 PM | * WEFiles/Image/WEImage/4-nativite-WE7a14e2eed5.jpg-- -- --21299
3/14/2026 12:26:12 PM | * Backup/Cartomancie/Belline/05-Nativite.dat-- -- --279973
3/14/2026 12:26:12 PM | * Cartomancie/Belline/05-Nativite.php-- -- --34467
3/14/2026 12:26:12 PM | * Cartomancie/Belline/06-Reussite(var).js-- -- --171
3/14/2026 12:26:12 PM | * Cartomancie/Belline/06-Reussite.css-- -- --1273
3/14/2026 12:26:12 PM | * Files/Image/Belline/5-reussite.jpg-- -- --45667
3/14/2026 12:26:12 PM | * WEFiles/Image/WEImage/5-reussite-WE066ee1c1af.jpg-- -- --22099
3/14/2026 12:26:12 PM | * Backup/Cartomancie/Belline/06-Reussite.dat-- -- --280262
3/14/2026 12:26:12 PM | * Cartomancie/Belline/06-Reussite.php-- -- --34661
3/14/2026 12:26:12 PM | * Cartomancie/Belline/07-Elevation(var).js-- -- --171
3/14/2026 12:26:12 PM | * Cartomancie/Belline/07-Elevation.css-- -- --1273
3/14/2026 12:26:12 PM | * Files/Image/Belline/6-elevation.jpg-- -- --47880
3/14/2026 12:26:12 PM | * WEFiles/Image/WEImage/6-elevation-WEf642687925.jpg-- -- --22680
3/14/2026 12:26:12 PM | * Backup/Cartomancie/Belline/07-Elevation.dat-- -- --280125
3/14/2026 12:26:12 PM | * Cartomancie/Belline/07-Elevation.php-- -- --34600
3/14/2026 12:26:12 PM | * Cartomancie/Belline/08-Honneurs(var).js-- -- --171
3/14/2026 12:26:12 PM | * Cartomancie/Belline/08-Honneurs.css-- -- --1274
3/14/2026 12:26:12 PM | * Files/Image/Belline/7-honneurs.jpg-- -- --47239
3/14/2026 12:26:12 PM | * WEFiles/Image/WEImage/7-honneurs-WEb6c29fd13a.jpg-- -- --22827
3/14/2026 12:26:12 PM | * Backup/Cartomancie/Belline/08-Honneurs.dat-- -- --280170
3/14/2026 12:26:12 PM | * Cartomancie/Belline/08-Honneurs.php-- -- --34594
3/14/2026 12:26:12 PM | * Cartomancie/Belline/09-Pensee(var).js-- -- --171
3/14/2026 12:26:12 PM | * Cartomancie/Belline/09-Pensee.css-- -- --1273
3/14/2026 12:26:12 PM | * Files/Image/Belline/8-pensee.jpg-- -- --53230
3/14/2026 12:26:12 PM | * WEFiles/Image/WEImage/8-pensee-WE872d7bd5d0.jpg-- -- --25121
3/14/2026 12:26:12 PM | * Backup/Cartomancie/Belline/09-Pensee.dat-- -- --280200
3/14/2026 12:26:12 PM | * Cartomancie/Belline/09-Pensee.php-- -- --34678
3/14/2026 12:26:12 PM | * Cartomancie/Belline/10-Campagne(var).js-- -- --171
3/14/2026 12:26:12 PM | * Cartomancie/Belline/10-Campagne.css-- -- --1273
3/14/2026 12:26:12 PM | * Files/Image/Belline/9-campagne.jpg-- -- --54175
3/14/2026 12:26:12 PM | * WEFiles/Image/WEImage/9-campagne-WE83b0d9a96a.jpg-- -- --25704
3/14/2026 12:26:12 PM | * Backup/Cartomancie/Belline/10-Campagne.dat-- -- --280039
3/14/2026 12:26:12 PM | * Cartomancie/Belline/10-Campagne.php-- -- --34568
3/14/2026 12:26:12 PM | * Cartomancie/Belline/11-Presents(var).js-- -- --171
3/14/2026 12:26:12 PM | * Cartomancie/Belline/11-Presents.css-- -- --1274
3/14/2026 12:26:12 PM | * Files/Image/Belline/10-presents.jpg-- -- --51023
3/14/2026 12:26:12 PM | * WEFiles/Image/WEImage/10-presents-WE9e492a2d8e.jpg-- -- --24195
3/14/2026 12:26:12 PM | * Backup/Cartomancie/Belline/11-Presents.dat-- -- --280163
3/14/2026 12:26:12 PM | * Cartomancie/Belline/11-Presents.php-- -- --34590
3/14/2026 12:26:12 PM | * Cartomancie/Belline/12-Trahison(var).js-- -- --171
3/14/2026 12:26:12 PM | * Cartomancie/Belline/12-Trahison.css-- -- --1273
3/14/2026 12:26:12 PM | * Files/Image/Belline/11-trahison.jpg-- -- --50231
3/14/2026 12:26:12 PM | * WEFiles/Image/WEImage/11-trahison-WE77661cf90e.jpg-- -- --23947
3/14/2026 12:26:12 PM | * Backup/Cartomancie/Belline/12-Trahison.dat-- -- --280085
3/14/2026 12:26:12 PM | * Cartomancie/Belline/12-Trahison.php-- -- --34596
3/14/2026 12:26:12 PM | * Cartomancie/Belline/13-Depart(var).js-- -- --171
3/14/2026 12:26:12 PM | * Cartomancie/Belline/13-Depart.css-- -- --1273
3/14/2026 12:26:12 PM | * Files/Image/Belline/12-depart.jpg-- -- --51503
3/14/2026 12:26:12 PM | * WEFiles/Image/WEImage/12-depart-WE72490b2a99.jpg-- -- --24438
3/14/2026 12:26:12 PM | * Backup/Cartomancie/Belline/13-Depart.dat-- -- --279967
3/14/2026 12:26:12 PM | * Cartomancie/Belline/13-Depart.php-- -- --34465
3/14/2026 12:26:12 PM | * Cartomancie/Belline/14-Inconstance(var).js-- -- --171
3/14/2026 12:26:12 PM | * Cartomancie/Belline/14-Inconstance.css-- -- --1274
3/14/2026 12:26:12 PM | * Files/Image/Belline/13-inconstance.jpg-- -- --52885
3/14/2026 12:26:12 PM | * WEFiles/Image/WEImage/13-inconstance-WE494eab14a6.jpg-- -- --24925
3/14/2026 12:26:12 PM | * Backup/Cartomancie/Belline/14-Inconstance.dat-- -- --280304
3/14/2026 12:26:12 PM | * Cartomancie/Belline/14-Inconstance.php-- -- --34828
3/14/2026 12:26:12 PM | * Cartomancie/Belline/15-Decouverte(var).js-- -- --171
3/14/2026 12:26:12 PM | * Cartomancie/Belline/15-Decouverte.css-- -- --1274
3/14/2026 12:26:12 PM | * Files/Image/Belline/14-decouverte.jpg-- -- --50905
3/14/2026 12:26:12 PM | * WEFiles/Image/WEImage/14-decouverte-WE19451356e2.jpg-- -- --23883
3/14/2026 12:26:12 PM | * Backup/Cartomancie/Belline/15-Decouverte.dat-- -- --280613
3/14/2026 12:26:12 PM | * Cartomancie/Belline/15-Decouverte.php-- -- --35144
3/14/2026 12:26:12 PM | * Cartomancie/Belline/16-Eau(var).js-- -- --171
3/14/2026 12:26:12 PM | * Cartomancie/Belline/16-Eau.css-- -- --1273
3/14/2026 12:26:12 PM | * Files/Image/Belline/15-eau.jpg-- -- --48989
3/14/2026 12:26:12 PM | * WEFiles/Image/WEImage/15-eau-WEe74d6382c6.jpg-- -- --23399
3/14/2026 12:26:12 PM | * Backup/Cartomancie/Belline/16-Eau.dat-- -- --280105
3/14/2026 12:26:12 PM | * Cartomancie/Belline/16-Eau.php-- -- --34597
3/14/2026 12:26:12 PM | * Cartomancie/Belline/17-Penates(var).js-- -- --171
3/14/2026 12:26:12 PM | * Cartomancie/Belline/17-Penates.css-- -- --1273
3/14/2026 12:26:12 PM | * Files/Image/Belline/16-penates.jpg-- -- --51234
3/14/2026 12:26:12 PM | * WEFiles/Image/WEImage/16-penates-WE66d3a4add4.jpg-- -- --24339
3/14/2026 12:26:12 PM | * Backup/Cartomancie/Belline/17-Penates.dat-- -- --280277
3/14/2026 12:26:12 PM | * Cartomancie/Belline/17-Penates.php-- -- --34777
3/14/2026 12:26:12 PM | * Cartomancie/Belline/18-Maladie(var).js-- -- --171
3/14/2026 12:26:12 PM | * Cartomancie/Belline/18-Maladie.css-- -- --1273
3/14/2026 12:26:12 PM | * Files/Image/Belline/17-maladie.jpg-- -- --52903
3/14/2026 12:26:12 PM | * WEFiles/Image/WEImage/17-maladie-WE8d180b2ae2.jpg-- -- --24821
3/14/2026 12:26:12 PM | * Backup/Cartomancie/Belline/18-Maladie.dat-- -- --280043
3/14/2026 12:26:12 PM | * Cartomancie/Belline/18-Maladie.php-- -- --34448
3/14/2026 12:26:12 PM | * Cartomancie/Belline/19-Changement(var).js-- -- --171
3/14/2026 12:26:12 PM | * Cartomancie/Belline/19-Changement.css-- -- --1273
3/14/2026 12:26:12 PM | * Files/Image/Belline/18-changement.jpg-- -- --53311
3/14/2026 12:26:12 PM | * WEFiles/Image/WEImage/18-changement-WE02ebc566e0.jpg-- -- --25355
3/14/2026 12:26:12 PM | * Backup/Cartomancie/Belline/19-Changement.dat-- -- --280213
3/14/2026 12:26:12 PM | * Cartomancie/Belline/19-Changement.php-- -- --34736
3/14/2026 12:26:12 PM | * Cartomancie/Belline/20-Argent(var).js-- -- --171
3/14/2026 12:26:12 PM | * Cartomancie/Belline/20-Argent.css-- -- --1273
3/14/2026 12:26:12 PM | * Files/Image/Belline/19-argent.jpg-- -- --50756
3/14/2026 12:26:12 PM | * WEFiles/Image/WEImage/19-argent-WE053a547865.jpg-- -- --24102
3/14/2026 12:26:12 PM | * Backup/Cartomancie/Belline/20-Argent.dat-- -- --279808
3/14/2026 12:26:12 PM | * Cartomancie/Belline/20-Argent.php-- -- --34323
3/14/2026 12:26:12 PM | * Cartomancie/Belline/21-Intelligence(var).js-- -- --171
3/14/2026 12:26:12 PM | * Cartomancie/Belline/21-Intelligence.css-- -- --1273
3/14/2026 12:26:12 PM | * Files/Image/Belline/20-intelligence.jpg-- -- --51868
3/14/2026 12:26:12 PM | * WEFiles/Image/WEImage/20-intelligence-WEdf8b369242.jpg-- -- --24724
3/14/2026 12:26:12 PM | * Backup/Cartomancie/Belline/21-Intelligence.dat-- -- --280269
3/14/2026 12:26:12 PM | * Cartomancie/Belline/21-Intelligence.php-- -- --34796
3/14/2026 12:26:12 PM | * Cartomancie/Belline/22-Vol(var).js-- -- --171
3/14/2026 12:26:12 PM | * Cartomancie/Belline/22-Vol.css-- -- --1273
3/14/2026 12:26:12 PM | * Files/Image/Belline/21-vol.jpg-- -- --53944
3/14/2026 12:26:12 PM | * WEFiles/Image/WEImage/21-vol-WEc97603b0f7.jpg-- -- --25403
3/14/2026 12:26:12 PM | * Backup/Cartomancie/Belline/22-Vol.dat-- -- --279645
3/14/2026 12:26:12 PM | * Cartomancie/Belline/22-Vol.php-- -- --34483
3/14/2026 12:26:12 PM | * Cartomancie/Belline/23-Entreprises(var).js-- -- --171
3/14/2026 12:26:12 PM | * Cartomancie/Belline/23-Entreprises.css-- -- --1273
3/14/2026 12:26:12 PM | * Files/Image/Belline/22-entreprises.jpg-- -- --52957
3/14/2026 12:26:12 PM | * WEFiles/Image/WEImage/22-entreprises-WE6f56d8eec0.jpg-- -- --25022
3/14/2026 12:26:12 PM | * Backup/Cartomancie/Belline/23-Entreprises.dat-- -- --278282
3/14/2026 12:26:12 PM | * Cartomancie/Belline/23-Entreprises.php-- -- --34492
3/14/2026 12:26:12 PM | * Cartomancie/Belline/24-Trafic(var).js-- -- --171
3/14/2026 12:26:12 PM | * Cartomancie/Belline/24-Trafic.css-- -- --1273
3/14/2026 12:26:12 PM | * Files/Image/Belline/23-trafic.jpg-- -- --51472
3/14/2026 12:26:12 PM | * WEFiles/Image/WEImage/23-trafic-WE9a2fafe4e8.jpg-- -- --24645
3/14/2026 12:26:12 PM | * Backup/Cartomancie/Belline/24-Trafic.dat-- -- --279936
3/14/2026 12:26:12 PM | * Cartomancie/Belline/24-Trafic.php-- -- --34451
3/14/2026 12:26:12 PM | * Cartomancie/Belline/25-Nouvelle(var).js-- -- --171
3/14/2026 12:26:12 PM | * Cartomancie/Belline/25-Nouvelle.css-- -- --1273
3/14/2026 12:26:12 PM | * Files/Image/Belline/24-nouvelle.jpg-- -- --50017
3/14/2026 12:26:12 PM | * WEFiles/Image/WEImage/24-nouvelle-WEdb013868cf.jpg-- -- --23787
3/14/2026 12:26:12 PM | * Backup/Cartomancie/Belline/25-Nouvelle.dat-- -- --279638
3/14/2026 12:26:12 PM | * Cartomancie/Belline/25-Nouvelle.php-- -- --34166
3/14/2026 12:26:12 PM | * Cartomancie/Belline/26-Plaisirs(var).js-- -- --171
3/14/2026 12:26:12 PM | * Cartomancie/Belline/26-Plaisirs.css-- -- --1274
3/14/2026 12:26:12 PM | * Files/Image/Belline/25-plaisirs.jpg-- -- --47509
3/14/2026 12:26:12 PM | * WEFiles/Image/WEImage/25-plaisirs-WE8f66d8199f.jpg-- -- --22794
3/14/2026 12:26:12 PM | * Backup/Cartomancie/Belline/26-Plaisirs.dat-- -- --279841
3/14/2026 12:26:12 PM | * Cartomancie/Belline/26-Plaisirs.php-- -- --34368
3/14/2026 12:26:12 PM | * Cartomancie/Belline/27-Paix(var).js-- -- --171
3/14/2026 12:26:12 PM | * Cartomancie/Belline/27-Paix.css-- -- --1273
3/14/2026 12:26:12 PM | * Files/Image/Belline/26-paix.jpg-- -- --50619
3/14/2026 12:26:12 PM | * WEFiles/Image/WEImage/26-paix-WEe5fcdff509.jpg-- -- --24114
3/14/2026 12:26:12 PM | * Backup/Cartomancie/Belline/27-Paix.dat-- -- --280325
3/14/2026 12:26:12 PM | * Cartomancie/Belline/27-Paix.php-- -- --34845
3/14/2026 12:26:12 PM | * Cartomancie/Belline/28-Union(var).js-- -- --171
3/14/2026 12:26:12 PM | * Cartomancie/Belline/28-Union.css-- -- --1273
3/14/2026 12:26:12 PM | * Files/Image/Belline/27-union.jpg-- -- --47738
3/14/2026 12:26:12 PM | * WEFiles/Image/WEImage/27-union-WEad02825a0e.jpg-- -- --23044
3/14/2026 12:26:12 PM | * Backup/Cartomancie/Belline/28-Union.dat-- -- --279818
3/14/2026 12:26:12 PM | * Cartomancie/Belline/28-Union.php-- -- --34310
3/14/2026 12:26:12 PM | * Cartomancie/Belline/29-Famille(var).js-- -- --171
3/14/2026 12:26:12 PM | * Cartomancie/Belline/29-Famille.css-- -- --1273
3/14/2026 12:26:12 PM | * Files/Image/Belline/28-famille.jpg-- -- --46697
3/14/2026 12:26:12 PM | * WEFiles/Image/WEImage/28-famille-WE5facdf729a.jpg-- -- --22309
3/14/2026 12:26:12 PM | * Backup/Cartomancie/Belline/29-Famille.dat-- -- --279929
3/14/2026 12:26:12 PM | * Cartomancie/Belline/29-Famille.php-- -- --34455
3/14/2026 12:26:12 PM | * Cartomancie/Belline/30-Amor(var).js-- -- --171
3/14/2026 12:26:12 PM | * Cartomancie/Belline/30-Amor.css-- -- --1274
3/14/2026 12:26:12 PM | * Files/Image/Belline/29-amour.jpg-- -- --52481
3/14/2026 12:26:12 PM | * WEFiles/Image/WEImage/29-amour-WE2e0460cf1e.jpg-- -- --24450
3/14/2026 12:26:12 PM | * Backup/Cartomancie/Belline/30-Amor.dat-- -- --279918
3/14/2026 12:26:12 PM | * Cartomancie/Belline/30-Amor.php-- -- --34436
3/14/2026 12:26:12 PM | * Cartomancie/Belline/31-Table(var).js-- -- --171
3/14/2026 12:26:12 PM | * Cartomancie/Belline/31-Table.css-- -- --1273
3/14/2026 12:26:12 PM | * Files/Image/Belline/30-table.jpg-- -- --51287
3/14/2026 12:26:12 PM | * WEFiles/Image/WEImage/30-table-WE07374451a8.jpg-- -- --24304
3/14/2026 12:26:12 PM | * Backup/Cartomancie/Belline/31-Table.dat-- -- --279902
3/14/2026 12:26:12 PM | * Cartomancie/Belline/31-Table.php-- -- --34424
3/14/2026 12:26:12 PM | * Cartomancie/Belline/32-Passions(var).js-- -- --171
3/14/2026 12:26:12 PM | * Cartomancie/Belline/32-Passions.css-- -- --1274
3/14/2026 12:26:12 PM | * Files/Image/Belline/31-passions.jpg-- -- --53512
3/14/2026 12:26:12 PM | * WEFiles/Image/WEImage/31-passions-WE1d4defad7a.jpg-- -- --25197
3/14/2026 12:26:12 PM | * Backup/Cartomancie/Belline/32-Passions.dat-- -- --280306
3/14/2026 12:26:12 PM | * Cartomancie/Belline/32-Passions.php-- -- --34833
3/14/2026 12:26:12 PM | * Cartomancie/Belline/33-Mechancete(var).js-- -- --239
3/14/2026 12:26:12 PM | * Cartomancie/Belline/33-Mechancete.css-- -- --1327
3/14/2026 12:26:12 PM | * Files/Image/Belline/32-mechancete.jpg-- -- --48491
3/14/2026 12:26:12 PM | * WEFiles/Image/WEImage/32-mechancete-WE58835079a0.jpg-- -- --23365
3/14/2026 12:26:12 PM | * Backup/Cartomancie/Belline/33-Mechancete.dat-- -- --300765
3/14/2026 12:26:12 PM | * Cartomancie/Belline/33-Mechancete.php-- -- --34374
3/14/2026 12:26:12 PM | * Cartomancie/Belline/34-Proces(var).js-- -- --171
3/14/2026 12:26:13 PM | * Cartomancie/Belline/34-Proces.css-- -- --1274
3/14/2026 12:26:13 PM | * Files/Image/Belline/33-proces.jpg-- -- --45396
3/14/2026 12:26:13 PM | * WEFiles/Image/WEImage/33-proces-WEcf460c5806.jpg-- -- --21986
3/14/2026 12:26:13 PM | * Backup/Cartomancie/Belline/34-Proces.dat-- -- --279868
3/14/2026 12:26:13 PM | * Cartomancie/Belline/34-Proces.php-- -- --34391
3/14/2026 12:26:13 PM | * Cartomancie/Belline/35-Despotisme(var).js-- -- --171
3/14/2026 12:26:13 PM | * Cartomancie/Belline/35-Despotisme.css-- -- --1274
3/14/2026 12:26:13 PM | * Files/Image/Belline/34-despotisme.jpg-- -- --48615
3/14/2026 12:26:13 PM | * WEFiles/Image/WEImage/34-despotisme-WE564b200078.jpg-- -- --23531
3/14/2026 12:26:13 PM | * Backup/Cartomancie/Belline/35-Despotisme.dat-- -- --280026
3/14/2026 12:26:13 PM | * Cartomancie/Belline/35-Despotisme.php-- -- --34548
3/14/2026 12:26:13 PM | * Cartomancie/Belline/36-Ennemis(var).js-- -- --171
3/14/2026 12:26:13 PM | * Cartomancie/Belline/36-Ennemis.css-- -- --1273
3/14/2026 12:26:13 PM | * Files/Image/Belline/35-ennemis.jpg-- -- --42674
3/14/2026 12:26:13 PM | * WEFiles/Image/WEImage/35-ennemis-WE41f429de7d.jpg-- -- --20736
3/14/2026 12:26:13 PM | * Backup/Cartomancie/Belline/36-Ennemis.dat-- -- --279966
3/14/2026 12:26:13 PM | * Cartomancie/Belline/36-Ennemis.php-- -- --34483
3/14/2026 12:26:13 PM | * Cartomancie/Belline/37-Pourparlers(var).js-- -- --171
3/14/2026 12:26:13 PM | * Cartomancie/Belline/37-Pourparlers.css-- -- --1274
3/14/2026 12:26:13 PM | * Files/Image/Belline/36-pourparlers.jpg-- -- --53037
3/14/2026 12:26:13 PM | * WEFiles/Image/WEImage/36-pourparlers-WE8da72345ea.jpg-- -- --25242
3/14/2026 12:26:13 PM | * Backup/Cartomancie/Belline/37-Pourparlers.dat-- -- --280030
3/14/2026 12:26:13 PM | * Cartomancie/Belline/37-Pourparlers.php-- -- --34563
3/14/2026 12:26:13 PM | * Cartomancie/Belline/38-Feu(var).js-- -- --171
3/14/2026 12:26:13 PM | * Cartomancie/Belline/38-Feu.css-- -- --1273
3/14/2026 12:26:13 PM | * Files/Image/Belline/37-feu.jpg-- -- --55183
3/14/2026 12:26:13 PM | * WEFiles/Image/WEImage/37-feu-WEa0313bc98d.jpg-- -- --26008
3/14/2026 12:26:13 PM | * Backup/Cartomancie/Belline/38-Feu.dat-- -- --279955
3/14/2026 12:26:13 PM | * Cartomancie/Belline/38-Feu.php-- -- --34473
3/14/2026 12:26:13 PM | * Cartomancie/Belline/39-Accident(var).js-- -- --171
3/14/2026 12:26:13 PM | * Cartomancie/Belline/39-Accident.css-- -- --1273
3/14/2026 12:26:13 PM | * Files/Image/Belline/38-accident.jpg-- -- --56740
3/14/2026 12:26:13 PM | * WEFiles/Image/WEImage/38-accident-WEc747a262c9.jpg-- -- --26775
3/14/2026 12:26:13 PM | * Backup/Cartomancie/Belline/39-Accident.dat-- -- --280107
3/14/2026 12:26:13 PM | * Cartomancie/Belline/39-Accident.php-- -- --34618
3/14/2026 12:26:13 PM | * Cartomancie/Belline/40-Appui(var).js-- -- --171
3/14/2026 12:26:13 PM | * Cartomancie/Belline/40-Appui.css-- -- --1274
3/14/2026 12:26:13 PM | * Files/Image/Belline/39-appui.jpg-- -- --50045
3/14/2026 12:26:13 PM | * WEFiles/Image/WEImage/39-appui-WE4f2e549802.jpg-- -- --23885
3/14/2026 12:26:13 PM | * Backup/Cartomancie/Belline/40-Appui.dat-- -- --279884
3/14/2026 12:26:13 PM | * Cartomancie/Belline/40-Appui.php-- -- --34405
3/14/2026 12:26:13 PM | * Cartomancie/Belline/41-Beaute(var).js-- -- --171
3/14/2026 12:26:13 PM | * Cartomancie/Belline/41-Beaute.css-- -- --1273
3/14/2026 12:26:13 PM | * Files/Image/Belline/40-beaute.jpg-- -- --46319
3/14/2026 12:26:13 PM | * WEFiles/Image/WEImage/40-beaute-WEe27f480757.jpg-- -- --22559
3/14/2026 12:26:13 PM | * Backup/Cartomancie/Belline/41-Beaute.dat-- -- --279622
3/14/2026 12:26:13 PM | * Cartomancie/Belline/41-Beaute.php-- -- --34561
3/14/2026 12:26:13 PM | * Cartomancie/Belline/42-Heritage(var).js-- -- --171
3/14/2026 12:26:13 PM | * Cartomancie/Belline/42-Heritage.css-- -- --1273
3/14/2026 12:26:13 PM | * Files/Image/Belline/41-heritage.jpg-- -- --49041
3/14/2026 12:26:13 PM | * WEFiles/Image/WEImage/41-heritage-WE2f224978dc.jpg-- -- --23333
3/14/2026 12:26:13 PM | * Backup/Cartomancie/Belline/42-Heritage.dat-- -- --279984
3/14/2026 12:26:13 PM | * Cartomancie/Belline/42-Heritage.php-- -- --34503
3/14/2026 12:26:13 PM | * Cartomancie/Belline/43-Sagesse(var).js-- -- --171
3/14/2026 12:26:13 PM | * Cartomancie/Belline/43-Sagesse.css-- -- --1273
3/14/2026 12:26:13 PM | * Files/Image/Belline/42-sagesse.jpg-- -- --49614
3/14/2026 12:26:13 PM | * WEFiles/Image/WEImage/42-sagesse-WE958233075f.jpg-- -- --23422
3/14/2026 12:26:13 PM | * Backup/Cartomancie/Belline/43-Sagesse.dat-- -- --280071
3/14/2026 12:26:13 PM | * Cartomancie/Belline/43-Sagesse.php-- -- --34493
3/14/2026 12:26:13 PM | * Cartomancie/Belline/44-Renommee(var).js-- -- --171
3/14/2026 12:26:13 PM | * Cartomancie/Belline/44-Renommee.css-- -- --1273
3/14/2026 12:26:13 PM | * Files/Image/Belline/43-renommee.jpg-- -- --49669
3/14/2026 12:26:13 PM | * WEFiles/Image/WEImage/43-renommee-WE924cdf31ea.jpg-- -- --23964
3/14/2026 12:26:13 PM | * Backup/Cartomancie/Belline/44-Renommee.dat-- -- --279987
3/14/2026 12:26:13 PM | * Cartomancie/Belline/44-Renommee.php-- -- --34506
3/14/2026 12:26:13 PM | * Cartomancie/Belline/45-Hasard(var).js-- -- --171
3/14/2026 12:26:13 PM | * Cartomancie/Belline/45-Hasard.css-- -- --1273
3/14/2026 12:26:13 PM | * Files/Image/Belline/44-hazard.jpg-- -- --45993
3/14/2026 12:26:13 PM | * WEFiles/Image/WEImage/44-hazard-WE82e792245f.jpg-- -- --22177
3/14/2026 12:26:13 PM | * Backup/Cartomancie/Belline/45-Hasard.dat-- -- --280066
3/14/2026 12:26:13 PM | * Cartomancie/Belline/45-Hasard.php-- -- --34486
3/14/2026 12:26:13 PM | * Cartomancie/Belline/46-Bonheur(var).js-- -- --171
3/14/2026 12:26:13 PM | * Cartomancie/Belline/46-Bonheur.css-- -- --1273
3/14/2026 12:26:13 PM | * Files/Image/Belline/45-bonheur.jpg-- -- --46424
3/14/2026 12:26:13 PM | * WEFiles/Image/WEImage/45-bonheur-WEc95915f98e.jpg-- -- --21930
3/14/2026 12:26:13 PM | * Backup/Cartomancie/Belline/46-Bonheur.dat-- -- --279832
3/14/2026 12:26:13 PM | * Cartomancie/Belline/46-Bonheur.php-- -- --34349
3/14/2026 12:26:13 PM | * Cartomancie/Belline/47-Infortune(var).js-- -- --171
3/14/2026 12:26:13 PM | * Cartomancie/Belline/47-Infortune.css-- -- --1273
3/14/2026 12:26:13 PM | * Files/Image/Belline/46-infortune.jpg-- -- --47621
3/14/2026 12:26:13 PM | * WEFiles/Image/WEImage/46-infortune-WE5d62def407.jpg-- -- --22937
3/14/2026 12:26:13 PM | * Backup/Cartomancie/Belline/47-Infortune.dat-- -- --280238
3/14/2026 12:26:13 PM | * Cartomancie/Belline/47-Infortune.php-- -- --34759
3/14/2026 12:26:13 PM | * Cartomancie/Belline/48-Sterilite(var).js-- -- --171
3/14/2026 12:26:13 PM | * Cartomancie/Belline/48-Sterilite.css-- -- --1274
3/14/2026 12:26:13 PM | * Files/Image/Belline/47-sterilite.jpg-- -- --44699
3/14/2026 12:26:13 PM | * WEFiles/Image/WEImage/47-sterilite-WE7596d751f9.jpg-- -- --21693
3/14/2026 12:26:13 PM | * Backup/Cartomancie/Belline/48-Sterilite.dat-- -- --279948
3/14/2026 12:26:13 PM | * Cartomancie/Belline/48-Sterilite.php-- -- --34468
3/14/2026 12:26:13 PM | * Cartomancie/Belline/49-Fatalite(var).js-- -- --171
3/14/2026 12:26:13 PM | * Cartomancie/Belline/49-Fatalite.css-- -- --1274
3/14/2026 12:26:13 PM | * Files/Image/Belline/48-fatalite.jpg-- -- --29272
3/14/2026 12:26:13 PM | * WEFiles/Image/WEImage/48-fatalite-WE677a64e2ba.jpg-- -- --22502
3/14/2026 12:26:13 PM | * Backup/Cartomancie/Belline/49-Fatalite.dat-- -- --280143
3/14/2026 12:26:13 PM | * Cartomancie/Belline/49-Fatalite.php-- -- --34660
3/14/2026 12:26:13 PM | * Cartomancie/Belline/50-Grace(var).js-- -- --171
3/14/2026 12:26:13 PM | * Cartomancie/Belline/50-Grace.css-- -- --1273
3/14/2026 12:26:13 PM | * Files/Image/Belline/49-grace.jpg-- -- --50573
3/14/2026 12:26:13 PM | * WEFiles/Image/WEImage/49-grace-WE7399a0d371.jpg-- -- --24306
3/14/2026 12:26:13 PM | * Backup/Cartomancie/Belline/50-Grace.dat-- -- --280172
3/14/2026 12:26:13 PM | * Cartomancie/Belline/50-Grace.php-- -- --34668
3/14/2026 12:26:13 PM | * Cartomancie/Belline/51-Ruine(var).js-- -- --171
3/14/2026 12:26:13 PM | * Cartomancie/Belline/51-Ruine.css-- -- --1273
3/14/2026 12:26:13 PM | * Files/Image/Belline/50-ruine.jpg-- -- --30533
3/14/2026 12:26:13 PM | * WEFiles/Image/WEImage/50-ruine-WE557b30045a.jpg-- -- --23585
3/14/2026 12:26:13 PM | * Backup/Cartomancie/Belline/51-Ruine.dat-- -- --280475
3/14/2026 12:26:13 PM | * Cartomancie/Belline/51-Ruine.php-- -- --34971
3/14/2026 12:26:13 PM | * Cartomancie/Belline/52-Retard(var).js-- -- --171
3/14/2026 12:26:13 PM | * Cartomancie/Belline/52-Retard.css-- -- --1273
3/14/2026 12:26:13 PM | * Files/Image/Belline/51-retard.jpg-- -- --28171
3/14/2026 12:26:13 PM | * WEFiles/Image/WEImage/51-retard-WEda10aef84b.jpg-- -- --21463
3/14/2026 12:26:13 PM | * Backup/Cartomancie/Belline/52-Retard.dat-- -- --279600
3/14/2026 12:26:13 PM | * Cartomancie/Belline/52-Retard.php-- -- --34107
3/14/2026 12:26:13 PM | * Cartomancie/Belline/53-Cloitre(var).js-- -- --171
3/14/2026 12:26:13 PM | * Cartomancie/Belline/53-Cloitre.css-- -- --1273
3/14/2026 12:26:13 PM | * Files/Image/Belline/52-cloitre.jpg-- -- --30088
3/14/2026 12:26:13 PM | * WEFiles/Image/WEImage/52-cloitre-WEf5808988d6.jpg-- -- --22975
3/14/2026 12:26:13 PM | * Backup/Cartomancie/Belline/53-Cloitre.dat-- -- --280107
3/14/2026 12:26:13 PM | * Cartomancie/Belline/53-Cloitre.php-- -- --34607
3/14/2026 12:26:13 PM | * Cartomancie/Belline/Accueil(var).js-- -- --171
3/14/2026 12:26:13 PM | * Cartomancie/Belline/Accueil.css-- -- --8991
3/14/2026 12:26:13 PM | * Files/Image/Accueil/Belline.jpg-- -- --12402
3/14/2026 12:26:13 PM | * WEFiles/Image/WEImage/0-carte-bleue-WEc3945add51.jpg-- -- --16621
3/14/2026 12:26:13 PM | * WEFiles/Image/WEImage/1-la-destinee-WEf233dfae72.jpg-- -- --21266
3/14/2026 12:26:13 PM | * WEFiles/Image/WEImage/2-etoile-homme-WEa09ac3f13d.jpg-- -- --23876
3/14/2026 12:26:13 PM | * WEFiles/Image/WEImage/3-etoile-femme-WEadca021082.jpg-- -- --22055
3/14/2026 12:26:13 PM | * WEFiles/Image/WEImage/4-nativite-WEe56c1186ee.jpg-- -- --21299
3/14/2026 12:26:13 PM | * WEFiles/Image/WEImage/5-reussite-WE8821b48006.jpg-- -- --22099
3/14/2026 12:26:13 PM | * WEFiles/Image/WEImage/6-elevation-WE298015b596.jpg-- -- --22680
3/14/2026 12:26:13 PM | * WEFiles/Image/WEImage/7-honneurs-WEf4683512e6.jpg-- -- --22827
3/14/2026 12:26:13 PM | * WEFiles/Image/WEImage/8-pensee-WE06228c5547.jpg-- -- --25121
3/14/2026 12:26:13 PM | * WEFiles/Image/WEImage/9-campagne-WEbc262a8f77.jpg-- -- --25704
3/14/2026 12:26:13 PM | * WEFiles/Image/WEImage/10-presents-WEc2a723d78a.jpg-- -- --24195
3/14/2026 12:26:13 PM | * WEFiles/Image/WEImage/11-trahison-WEd19ffd4f04.jpg-- -- --23947
3/14/2026 12:26:13 PM | * WEFiles/Image/WEImage/12-depart-WE83f11ef897.jpg-- -- --24438
3/14/2026 12:26:13 PM | * WEFiles/Image/WEImage/13-inconstance-WEac199f1e20.jpg-- -- --24925
3/14/2026 12:26:13 PM | * WEFiles/Image/WEImage/14-decouverte-WE3eb8a0bbe2.jpg-- -- --23883
3/14/2026 12:26:13 PM | * WEFiles/Image/WEImage/15-eau-WE491620894a.jpg-- -- --23399
3/14/2026 12:26:13 PM | * WEFiles/Image/WEImage/16-penates-WEd567c5febb.jpg-- -- --24339
3/14/2026 12:26:13 PM | * WEFiles/Image/WEImage/17-maladie-WEdf3066514c.jpg-- -- --24821
3/14/2026 12:26:13 PM | * WEFiles/Image/WEImage/18-changement-WE2330abd838.jpg-- -- --25355
3/14/2026 12:26:13 PM | * WEFiles/Image/WEImage/19-argent-WEa6bd4d68ad.jpg-- -- --24102
3/14/2026 12:26:13 PM | * WEFiles/Image/WEImage/20-intelligence-WE18c06556ce.jpg-- -- --24724
3/14/2026 12:26:13 PM | * WEFiles/Image/WEImage/21-vol-WE8f7c80bfdb.jpg-- -- --25403
3/14/2026 12:26:13 PM | * WEFiles/Image/WEImage/22-entreprises-WE3913e007cc.jpg-- -- --25022
3/14/2026 12:26:13 PM | * WEFiles/Image/WEImage/23-trafic-WEfec3576937.jpg-- -- --24645
3/14/2026 12:26:13 PM | * WEFiles/Image/WEImage/24-nouvelle-WEc4f3d6cf19.jpg-- -- --23787
3/14/2026 12:26:13 PM | * WEFiles/Image/WEImage/25-plaisirs-WE27672598b2.jpg-- -- --22794
3/14/2026 12:26:13 PM | * WEFiles/Image/WEImage/26-paix-WE102fecc1bf.jpg-- -- --24114
3/14/2026 12:26:13 PM | * WEFiles/Image/WEImage/27-union-WEd1f095fa5c.jpg-- -- --23044
3/14/2026 12:26:13 PM | * WEFiles/Image/WEImage/28-famille-WE7c74916ae3.jpg-- -- --22309
3/14/2026 12:26:13 PM | * WEFiles/Image/WEImage/29-amour-WEb36d46c32a.jpg-- -- --24450
3/14/2026 12:26:13 PM | * WEFiles/Image/WEImage/30-table-WE7ca0d9284d.jpg-- -- --24304
3/14/2026 12:26:13 PM | * WEFiles/Image/WEImage/31-passions-WE1bc78495f3.jpg-- -- --25197
3/14/2026 12:26:13 PM | * WEFiles/Image/WEImage/32-mechancete-WE9f6fc111bc.jpg-- -- --23365
3/14/2026 12:26:13 PM | * WEFiles/Image/WEImage/33-proces-WE12cb82bffa.jpg-- -- --21986
3/14/2026 12:26:13 PM | * WEFiles/Image/WEImage/34-despotisme-WEd989c2635f.jpg-- -- --23531
3/14/2026 12:26:13 PM | * WEFiles/Image/WEImage/35-ennemis-WE0b86c73eb3.jpg-- -- --20736
3/14/2026 12:26:13 PM | * WEFiles/Image/WEImage/36-pourparlers-WEda9ca58e95.jpg-- -- --25242
3/14/2026 12:26:13 PM | * WEFiles/Image/WEImage/37-feu-WE006d341622.jpg-- -- --26008
3/14/2026 12:26:13 PM | * WEFiles/Image/WEImage/38-accident-WEaf6192ffe7.jpg-- -- --26775
3/14/2026 12:26:13 PM | * WEFiles/Image/WEImage/39-appui-WEa446aa5b93.jpg-- -- --23885
3/14/2026 12:26:13 PM | * WEFiles/Image/WEImage/40-beaute-WEa1b086d7ad.jpg-- -- --22559
3/14/2026 12:26:13 PM | * WEFiles/Image/WEImage/41-heritage-WEf0b2b8f8e9.jpg-- -- --23333
3/14/2026 12:26:13 PM | * WEFiles/Image/WEImage/42-sagesse-WE1253733d27.jpg-- -- --23422
3/14/2026 12:26:13 PM | * WEFiles/Image/WEImage/43-renommee-WE9b99bf85fd.jpg-- -- --23964
3/14/2026 12:26:13 PM | * WEFiles/Image/WEImage/44-hazard-WEa862356204.jpg-- -- --22177
3/14/2026 12:26:13 PM | * WEFiles/Image/WEImage/45-bonheur-WEd1bfeb508a.jpg-- -- --21930
3/14/2026 12:26:13 PM | * WEFiles/Image/WEImage/46-infortune-WEfdcda75616.jpg-- -- --22937
3/14/2026 12:26:13 PM | * WEFiles/Image/WEImage/47-sterilite-WE7826cf93c1.jpg-- -- --21693
3/14/2026 12:26:13 PM | * WEFiles/Image/WEImage/48-fatalite-WEf9d6375eda.jpg-- -- --22502
3/14/2026 12:26:13 PM | * WEFiles/Image/WEImage/49-grace-WE8057268386.jpg-- -- --24306
3/14/2026 12:26:13 PM | * WEFiles/Image/WEImage/50-ruine-WEdb085c3830.jpg-- -- --23585
3/14/2026 12:26:13 PM | * WEFiles/Image/WEImage/51-retard-WE4770478a8c.jpg-- -- --21463
3/14/2026 12:26:13 PM | * WEFiles/Image/WEImage/52-cloitre-WE654bc55bc8.jpg-- -- --22975
3/14/2026 12:26:13 PM | * Backup/Cartomancie/Belline/Accueil.dat-- -- --2231345
3/14/2026 12:26:13 PM | * Cartomancie/Belline/Accueil.php-- -- --69080
3/14/2026 12:26:13 PM | * Cartomancie/Tarots/01-Fou(var).js-- -- --171
3/14/2026 12:26:13 PM | * Cartomancie/Tarots/01-Fou.css-- -- --1196
3/14/2026 12:26:13 PM | * Files/Image/Tarot/22-fou.jpg-- -- --49103
3/14/2026 12:26:13 PM | * WEFiles/Image/WEImage/22-fou-WE136dcac669.jpg-- -- --28658
3/14/2026 12:26:13 PM | * WEFiles/Image/WEImage/Gauche-WE4d4a3cf9ee.png-- -- --2718
3/14/2026 12:26:13 PM | * WEFiles/Image/WEImage/Accueil-WE2111f7c350.jpg-- -- --3874
3/14/2026 12:26:13 PM | * WEFiles/Image/WEImage/Droite-WE91a5eb4290.png-- -- --2695
3/14/2026 12:26:13 PM | * Backup/Cartomancie/Tarots/01-Fou.dat-- -- --280282
3/14/2026 12:26:13 PM | * Cartomancie/Tarots/01-Fou.php-- -- --34855
3/14/2026 12:26:13 PM | * Cartomancie/Tarots/02-Bateleur(var).js-- -- --171
3/14/2026 12:26:13 PM | * Cartomancie/Tarots/02-Bateleur.css-- -- --1196
3/14/2026 12:26:13 PM | * Files/Image/Tarot/01-bateleur.jpg-- -- --60179
3/14/2026 12:26:13 PM | * WEFiles/Image/WEImage/01-bateleur-WE7ba46fd908.jpg-- -- --29203
3/14/2026 12:26:13 PM | * WEFiles/Image/WEImage/Gauche-WEa732d2328b.png-- -- --2718
3/14/2026 12:26:13 PM | * WEFiles/Image/WEImage/Accueil-WE50f4222eb0.jpg-- -- --3874
3/14/2026 12:26:13 PM | * WEFiles/Image/WEImage/Droite-WE9b5a591d95.png-- -- --2695
3/14/2026 12:26:13 PM | * Backup/Cartomancie/Tarots/02-Bateleur.dat-- -- --279858
3/14/2026 12:26:13 PM | * Cartomancie/Tarots/02-Bateleur.php-- -- --34443
3/14/2026 12:26:13 PM | * Cartomancie/Tarots/03-Papesse(var).js-- -- --171
3/14/2026 12:26:13 PM | * Cartomancie/Tarots/03-Papesse.css-- -- --1196
3/14/2026 12:26:13 PM | * Files/Image/Tarot/02-papesse.jpg-- -- --56822
3/14/2026 12:26:13 PM | * WEFiles/Image/WEImage/02-papesse-WEffbcc116e6.jpg-- -- --26381
3/14/2026 12:26:13 PM | * Backup/Cartomancie/Tarots/03-Papesse.dat-- -- --280097
3/14/2026 12:26:13 PM | * Cartomancie/Tarots/03-Papesse.php-- -- --34669
3/14/2026 12:26:13 PM | * Cartomancie/Tarots/04-Imperatrice(var).js-- -- --171
3/14/2026 12:26:13 PM | * Cartomancie/Tarots/04-Imperatrice.css-- -- --1196
3/14/2026 12:26:13 PM | * Files/Image/Tarot/03-imperatrice.jpg-- -- --59019
3/14/2026 12:26:13 PM | * WEFiles/Image/WEImage/03-imperatrice-WEd20130df2e.jpg-- -- --26848
3/14/2026 12:26:13 PM | * Backup/Cartomancie/Tarots/04-Imperatrice.dat-- -- --280707
3/14/2026 12:26:13 PM | * Cartomancie/Tarots/04-Imperatrice.php-- -- --35201
3/14/2026 12:26:13 PM | * Cartomancie/Tarots/05-Empereur(var).js-- -- --171
3/14/2026 12:26:13 PM | * Cartomancie/Tarots/05-Empereur.css-- -- --1196
3/14/2026 12:26:13 PM | * Files/Image/Tarot/04-empereur.jpg-- -- --46967
3/14/2026 12:26:13 PM | * WEFiles/Image/WEImage/04-empereur-WE1973b16bec.jpg-- -- --26975
3/14/2026 12:26:13 PM | * Backup/Cartomancie/Tarots/05-Empereur.dat-- -- --280211
3/14/2026 12:26:13 PM | * Cartomancie/Tarots/05-Empereur.php-- -- --34794
3/14/2026 12:26:13 PM | * Cartomancie/Tarots/06-Pape(var).js-- -- --171
3/14/2026 12:26:13 PM | * Cartomancie/Tarots/06-Pape.css-- -- --1196
3/14/2026 12:26:13 PM | * Files/Image/Tarot/05-pape.jpg-- -- --49323
3/14/2026 12:26:13 PM | * WEFiles/Image/WEImage/05-pape-WE15db416ce2.jpg-- -- --27280
3/14/2026 12:26:13 PM | * Backup/Cartomancie/Tarots/06-Pape.dat-- -- --280407
3/14/2026 12:26:13 PM | * Cartomancie/Tarots/06-Pape.php-- -- --34965
3/14/2026 12:26:13 PM | * Cartomancie/Tarots/07-Amoureux(var).js-- -- --171
3/14/2026 12:26:13 PM | * Cartomancie/Tarots/07-Amoureux.css-- -- --1273
3/14/2026 12:26:13 PM | * Files/Image/Tarot/06-amoureux.jpg-- -- --52712
3/14/2026 12:26:13 PM | * WEFiles/Image/WEImage/06-amoureux-WE4530543429.jpg-- -- --29769
3/14/2026 12:26:13 PM | * Backup/Cartomancie/Tarots/07-Amoureux.dat-- -- --280399
3/14/2026 12:26:13 PM | * Cartomancie/Tarots/07-Amoureux.php-- -- --34790
3/14/2026 12:26:13 PM | * Cartomancie/Tarots/08-Chariot(var).js-- -- --171
3/14/2026 12:26:13 PM | * Cartomancie/Tarots/08-Chariot.css-- -- --1273
3/14/2026 12:26:13 PM | * Files/Image/Tarot/07-chariot.jpg-- -- --55433
3/14/2026 12:26:13 PM | * WEFiles/Image/WEImage/07-chariot-WEd8c2907bbd.jpg-- -- --30148
3/14/2026 12:26:13 PM | * Backup/Cartomancie/Tarots/08-Chariot.dat-- -- --280797
3/14/2026 12:26:13 PM | * Cartomancie/Tarots/08-Chariot.php-- -- --35211
3/14/2026 12:26:13 PM | * Cartomancie/Tarots/09-Justice(var).js-- -- --171
3/14/2026 12:26:13 PM | * Cartomancie/Tarots/09-Justice.css-- -- --1273
3/14/2026 12:26:13 PM | * Files/Image/Tarot/08-justice.jpg-- -- --50298
3/14/2026 12:26:13 PM | * WEFiles/Image/WEImage/08-justice-WEddbe1ff53a.jpg-- -- --27418
3/14/2026 12:26:13 PM | * Backup/Cartomancie/Tarots/09-Justice.dat-- -- --280695
3/14/2026 12:26:13 PM | * Cartomancie/Tarots/09-Justice.php-- -- --35187
3/14/2026 12:26:13 PM | * Cartomancie/Tarots/10-Hermite(var).js-- -- --171
3/14/2026 12:26:13 PM | * Cartomancie/Tarots/10-Hermite.css-- -- --1273
3/14/2026 12:26:13 PM | * Files/Image/Tarot/09-hermite.jpg-- -- --43680
3/14/2026 12:26:13 PM | * WEFiles/Image/WEImage/09-hermite-WE2d6ce643e5.jpg-- -- --24687
3/14/2026 12:26:13 PM | * WEFiles/Image/WEImage/Gauche-WEa446f2129f.png-- -- --2718
3/14/2026 12:26:13 PM | * WEFiles/Image/WEImage/Accueil-WE2af63fbad2.jpg-- -- --3874
3/14/2026 12:26:13 PM | * WEFiles/Image/WEImage/Droite-WEfade369a23.png-- -- --2695
3/14/2026 12:26:13 PM | * Backup/Cartomancie/Tarots/10-Hermite.dat-- -- --280698
3/14/2026 12:26:13 PM | * Cartomancie/Tarots/10-Hermite.php-- -- --35182
3/14/2026 12:26:13 PM | * Cartomancie/Tarots/11-Roue(var).js-- -- --171
3/14/2026 12:26:13 PM | * Cartomancie/Tarots/11-Roue.css-- -- --1273
3/14/2026 12:26:13 PM | * Files/Image/Tarot/10-roue-fortune.jpg-- -- --56967
3/14/2026 12:26:13 PM | * WEFiles/Image/WEImage/10-roue-fortune-WEe28df1c0c6.jpg-- -- --27106
3/14/2026 12:26:13 PM | * Backup/Cartomancie/Tarots/11-Roue.dat-- -- --280283
3/14/2026 12:26:13 PM | * Cartomancie/Tarots/11-Roue.php-- -- --34753
3/14/2026 12:26:13 PM | * Cartomancie/Tarots/12-Force(var).js-- -- --171
3/14/2026 12:26:13 PM | * Cartomancie/Tarots/12-Force.css-- -- --1273
3/14/2026 12:26:13 PM | * Files/Image/Tarot/11-force.jpg-- -- --45907
3/14/2026 12:26:14 PM | * WEFiles/Image/WEImage/11-force-WE786743e866.jpg-- -- --25591
3/14/2026 12:26:14 PM | * Backup/Cartomancie/Tarots/12-Force.dat-- -- --280246
3/14/2026 12:26:14 PM | * Cartomancie/Tarots/12-Force.php-- -- --34622
3/14/2026 12:26:14 PM | * Cartomancie/Tarots/13-Pendu(var).js-- -- --171
3/14/2026 12:26:14 PM | * Cartomancie/Tarots/13-Pendu.css-- -- --1273
3/14/2026 12:26:14 PM | * Files/Image/Tarot/12-pendu.jpg-- -- --43364
3/14/2026 12:26:14 PM | * WEFiles/Image/WEImage/12-pendu-WE50e41addc6.jpg-- -- --26041
3/14/2026 12:26:14 PM | * Backup/Cartomancie/Tarots/13-Pendu.dat-- -- --280007
3/14/2026 12:26:14 PM | * Cartomancie/Tarots/13-Pendu.php-- -- --34874
3/14/2026 12:26:14 PM | * Cartomancie/Tarots/14-Mort(var).js-- -- --171
3/14/2026 12:26:14 PM | * Cartomancie/Tarots/14-Mort.css-- -- --1273
3/14/2026 12:26:14 PM | * Files/Image/Tarot/13-mort.jpg-- -- --45509
3/14/2026 12:26:14 PM | * WEFiles/Image/WEImage/13-mort-WE4bd40d619d.jpg-- -- --26218
3/14/2026 12:26:14 PM | * Backup/Cartomancie/Tarots/14-Mort.dat-- -- --280194
3/14/2026 12:26:14 PM | * Cartomancie/Tarots/14-Mort.php-- -- --34672
3/14/2026 12:26:14 PM | * Cartomancie/Tarots/15-Temperance(var).js-- -- --171
3/14/2026 12:26:14 PM | * Cartomancie/Tarots/15-Temperance.css-- -- --1273
3/14/2026 12:26:14 PM | * Files/Image/Tarot/14-temperance.jpg-- -- --48281
3/14/2026 12:26:14 PM | * WEFiles/Image/WEImage/14-temperance-WE52d764d06b.jpg-- -- --27306
3/14/2026 12:26:14 PM | * Backup/Cartomancie/Tarots/15-Temperance.dat-- -- --279885
3/14/2026 12:26:14 PM | * Cartomancie/Tarots/15-Temperance.php-- -- --34807
3/14/2026 12:26:14 PM | * Cartomancie/Tarots/16-Diable(var).js-- -- --171
3/14/2026 12:26:14 PM | * Cartomancie/Tarots/16-Diable.css-- -- --1273
3/14/2026 12:26:14 PM | * Files/Image/Tarot/15-diable.jpg-- -- --52454
3/14/2026 12:26:14 PM | * WEFiles/Image/WEImage/15-diable-WEa540223994.jpg-- -- --29311
3/14/2026 12:26:14 PM | * Backup/Cartomancie/Tarots/16-Diable.dat-- -- --280340
3/14/2026 12:26:14 PM | * Cartomancie/Tarots/16-Diable.php-- -- --34813
3/14/2026 12:26:14 PM | * Cartomancie/Tarots/16-Maison-Dieu(var).js-- -- --171
3/14/2026 12:26:14 PM | * Cartomancie/Tarots/16-Maison-Dieu.css-- -- --1273
3/14/2026 12:26:14 PM | * Files/Image/Tarot/16-maison-dieu.jpg-- -- --56068
3/14/2026 12:26:14 PM | * WEFiles/Image/WEImage/16-maison-dieu-WE70b8e87b6b.jpg-- -- --31901
3/14/2026 12:26:14 PM | * Backup/Cartomancie/Tarots/16-Maison-Dieu.dat-- -- --280578
3/14/2026 12:26:14 PM | * Cartomancie/Tarots/16-Maison-Dieu.php-- -- --34966
3/14/2026 12:26:14 PM | * Cartomancie/Tarots/17-Etoile(var).js-- -- --171
3/14/2026 12:26:14 PM | * Cartomancie/Tarots/17-Etoile.css-- -- --1273
3/14/2026 12:26:14 PM | * Files/Image/Tarot/17-etoile.jpg-- -- --51159
3/14/2026 12:26:14 PM | * WEFiles/Image/WEImage/17-etoile-WE9b81b88cda.jpg-- -- --30082
3/14/2026 12:26:14 PM | * Backup/Cartomancie/Tarots/17-Etoile.dat-- -- --280190
3/14/2026 12:26:14 PM | * Cartomancie/Tarots/17-Etoile.php-- -- --34671
3/14/2026 12:26:14 PM | * Cartomancie/Tarots/18-Lune(var).js-- -- --171
3/14/2026 12:26:14 PM | * Cartomancie/Tarots/18-Lune.css-- -- --1273
3/14/2026 12:26:14 PM | * Files/Image/Tarot/18-lune.jpg-- -- --50288
3/14/2026 12:26:14 PM | * WEFiles/Image/WEImage/18-lune-WE9e5f9ab3bb.jpg-- -- --28283
3/14/2026 12:26:14 PM | * Backup/Cartomancie/Tarots/18-Lune.dat-- -- --280617
3/14/2026 12:26:14 PM | * Cartomancie/Tarots/18-Lune.php-- -- --35086
3/14/2026 12:26:14 PM | * Cartomancie/Tarots/19-Soleil(var).js-- -- --171
3/14/2026 12:26:14 PM | * Cartomancie/Tarots/19-Soleil.css-- -- --1273
3/14/2026 12:26:14 PM | * Files/Image/Tarot/19-soleil.jpg-- -- --56052
3/14/2026 12:26:14 PM | * WEFiles/Image/WEImage/19-soleil-WE99526f499a.jpg-- -- --30584
3/14/2026 12:26:14 PM | * Backup/Cartomancie/Tarots/19-Soleil.dat-- -- --280461
3/14/2026 12:26:14 PM | * Cartomancie/Tarots/19-Soleil.php-- -- --34934
3/14/2026 12:26:14 PM | * Cartomancie/Tarots/20-Jugement(var).js-- -- --171
3/14/2026 12:26:14 PM | * Cartomancie/Tarots/20-Jugement.css-- -- --1273
3/14/2026 12:26:14 PM | * Files/Image/Tarot/20-jugement.jpg-- -- --53817
3/14/2026 12:26:14 PM | * WEFiles/Image/WEImage/20-jugement-WE91df521314.jpg-- -- --30208
3/14/2026 12:26:14 PM | * Backup/Cartomancie/Tarots/20-Jugement.dat-- -- --280333
3/14/2026 12:26:14 PM | * Cartomancie/Tarots/20-Jugement.php-- -- --34810
3/14/2026 12:26:14 PM | * Cartomancie/Tarots/21-Monde(var).js-- -- --171
3/14/2026 12:26:14 PM | * Cartomancie/Tarots/21-Monde.css-- -- --1273
3/14/2026 12:26:14 PM | * Files/Image/Tarot/21-monde.jpg-- -- --56862
3/14/2026 12:26:14 PM | * WEFiles/Image/WEImage/21-monde-WEb005f7af9b.jpg-- -- --30136
3/14/2026 12:26:14 PM | * Backup/Cartomancie/Tarots/21-Monde.dat-- -- --280375
3/14/2026 12:26:14 PM | * Cartomancie/Tarots/21-Monde.php-- -- --34751
3/14/2026 12:26:14 PM | * Cartomancie/Tarots/Accueil(var).js-- -- --171
3/14/2026 12:26:14 PM | * Cartomancie/Tarots/Accueil.css-- -- --3694
3/14/2026 12:26:14 PM | * Files/Image/Accueil/Tarot.jpg-- -- --17650
3/14/2026 12:26:14 PM | * WEFiles/Image/WEImage/01-bateleur-WE6d3419d779.jpg-- -- --29203
3/14/2026 12:26:14 PM | * WEFiles/Image/WEImage/02-papesse-WE50580922d4.jpg-- -- --25415
3/14/2026 12:26:14 PM | * WEFiles/Image/WEImage/03-imperatrice-WEb0d9caea35.jpg-- -- --26063
3/14/2026 12:26:14 PM | * WEFiles/Image/WEImage/04-empereur-WE478a5290c7.jpg-- -- --26975
3/14/2026 12:26:14 PM | * WEFiles/Image/WEImage/05-pape-WEe5b1889210.jpg-- -- --28192
3/14/2026 12:26:14 PM | * WEFiles/Image/WEImage/06-amoureux-WE39b56057f4.jpg-- -- --30388
3/14/2026 12:26:14 PM | * WEFiles/Image/WEImage/07-chariot-WE52e777a7a1.jpg-- -- --33487
3/14/2026 12:26:14 PM | * WEFiles/Image/WEImage/08-justice-WE9a42f24a2b.jpg-- -- --26547
3/14/2026 12:26:14 PM | * WEFiles/Image/WEImage/09-hermite-WEe57be2aedd.jpg-- -- --24687
3/14/2026 12:26:14 PM | * WEFiles/Image/WEImage/10-roue-fortune-WEe17cf2609e.jpg-- -- --28543
3/14/2026 12:26:14 PM | * WEFiles/Image/WEImage/11-force-WE274fb52a6d.jpg-- -- --26436
3/14/2026 12:26:14 PM | * WEFiles/Image/WEImage/12-pendu-WE046d19d19b.jpg-- -- --26768
3/14/2026 12:26:14 PM | * WEFiles/Image/WEImage/13-mort-WEecd0c8e974.jpg-- -- --24479
3/14/2026 12:26:14 PM | * WEFiles/Image/WEImage/14-temperance-WEa8a4154925.jpg-- -- --28108
3/14/2026 12:26:14 PM | * WEFiles/Image/WEImage/15-diable-WE5ecd4327b0.jpg-- -- --30013
3/14/2026 12:26:14 PM | * WEFiles/Image/WEImage/16-maison-dieu-WEe6cb42e66f.jpg-- -- --32631
3/14/2026 12:26:14 PM | * WEFiles/Image/WEImage/17-etoile-WE237e1e6365.jpg-- -- --30932
3/14/2026 12:26:14 PM | * WEFiles/Image/WEImage/18-lune-WE3df4baec47.jpg-- -- --29770
3/14/2026 12:26:14 PM | * WEFiles/Image/WEImage/19-soleil-WEf96f176167.jpg-- -- --29768
3/14/2026 12:26:14 PM | * WEFiles/Image/WEImage/20-jugement-WE354ed7079e.jpg-- -- --28857
3/14/2026 12:26:14 PM | * WEFiles/Image/WEImage/21-monde-WE163e8024a2.jpg-- -- --28902
3/14/2026 12:26:14 PM | * WEFiles/Image/WEImage/22-fou-WE649e23ff30.jpg-- -- --26701
3/14/2026 12:26:14 PM | * Backup/Cartomancie/Tarots/Accueil.dat-- -- --916733
3/14/2026 12:26:14 PM | * Cartomancie/Tarots/Accueil.php-- -- --46635
3/14/2026 12:26:14 PM | * CGU/CGU(var).js-- -- --171
3/14/2026 12:26:14 PM | * CGU/CGU.css-- -- --1071
3/14/2026 12:26:14 PM | * WEFiles/Image/WEImage/Accueil-WEbe3ff0985f.jpg-- -- --2387
3/14/2026 12:26:14 PM | * Backup/CGU/CGU.dat-- -- --253336
3/14/2026 12:26:14 PM | * CGU/CGU.php-- -- --40856
3/14/2026 12:26:14 PM | * Chat/Echec(var).js-- -- --171
3/14/2026 12:26:14 PM | * Chat/Echec.css-- -- --940
3/14/2026 12:26:14 PM | * WEFiles/Image/WEImage/Gauche-WE208f1ef3b4.png-- -- --2718
3/14/2026 12:26:14 PM | * Backup/Chat/Echec.dat-- -- --219249
3/14/2026 12:26:14 PM | * Chat/Echec.php-- -- --32501
3/14/2026 12:26:14 PM | * Chat/Envoi(var).js-- -- --171
3/14/2026 12:26:14 PM | * Chat/Envoi.css-- -- --862
3/14/2026 12:26:14 PM | * WEFiles/Image/WEImage/Accueil-WEd42f892cad.jpg-- -- --3874
3/14/2026 12:26:14 PM | * Backup/Chat/Envoi.dat-- -- --191900
3/14/2026 12:26:14 PM | * Chat/Envoi.php-- -- --32175
3/14/2026 12:26:14 PM | * Chat/Formulaire(var).js-- -- --1103
3/14/2026 12:26:14 PM | * Chat/Formulaire(var).php-- -- --4015
3/14/2026 12:26:14 PM | * Chat/Formulaire.css-- -- --4727
3/14/2026 12:26:14 PM | * WEFiles/Server/WESendMail-v210.php-- -- --12362
3/14/2026 12:26:14 PM | * WEFiles/Client/WESendMail-v210.js-- -- --3670
3/14/2026 12:26:14 PM | * Files/Image/Accueil/tchat 1.png-- -- --76056
3/14/2026 12:26:14 PM | * WEFiles/Image/WEImage/tchat 1-WEbe52c3d2d0.png-- -- --5507
3/14/2026 12:26:14 PM | * WEFiles/Image/Skin/26c70838.png-- -- --160
3/14/2026 12:26:14 PM | * WEFiles/Image/Skin/58294202.png-- -- --764
3/14/2026 12:26:14 PM | * WEFiles/Image/Skin/c01bce0b.png-- -- --160
3/14/2026 12:26:14 PM | * WEFiles/Image/Skin/3b9d0c7d.png-- -- --764
3/14/2026 12:26:14 PM | * WEFiles/Image/Skin/4aee5dd2.png-- -- --160
3/14/2026 12:26:14 PM | * WEFiles/Image/Skin/f05956f4.png-- -- --764
3/14/2026 12:26:14 PM | * WEFiles/Image/Skin/cbb1ae94.png-- -- --160
3/14/2026 12:26:14 PM | * WEFiles/Image/Skin/966687aa.png-- -- --764
3/14/2026 12:26:14 PM | * Backup/Chat/Formulaire.dat-- -- --1028557
3/14/2026 12:26:14 PM | * Chat/Formulaire.php-- -- --62826
3/14/2026 12:26:14 PM | * Coaching/Coaching(var).js-- -- --1111
3/14/2026 12:26:14 PM | * Coaching/Coaching(var).php-- -- --2415
3/14/2026 12:26:14 PM | * Coaching/Coaching.css-- -- --4726
3/14/2026 12:26:14 PM | * Files/Image/Accueil/Sans titre.png-- -- --26708
3/14/2026 12:26:14 PM | * WEFiles/Image/WEImage/Sans titre-WE62f6c750d9.png-- -- --13154
3/14/2026 12:26:14 PM | * Backup/Coaching/Coaching.dat-- -- --1009045
3/14/2026 12:26:14 PM | * Coaching/Coaching.php-- -- --62994
3/14/2026 12:26:14 PM | * Coaching/Echec(var).js-- -- --103
3/14/2026 12:26:14 PM | * Coaching/Echec.css-- -- --886
3/14/2026 12:26:14 PM | * WEFiles/Image/WEImage/Gauche-WEeb04b63038.png-- -- --2718
3/14/2026 12:26:14 PM | * Backup/Coaching/Echec.dat-- -- --192475
3/14/2026 12:26:14 PM | * Coaching/Echec.php-- -- --32497
3/14/2026 12:26:14 PM | * Coaching/Envoi(var).js-- -- --103
3/14/2026 12:26:14 PM | * Coaching/Envoi.css-- -- --809
3/14/2026 12:26:14 PM | * WEFiles/Image/WEImage/Accueil-WE06a8c8e743.jpg-- -- --3874
3/14/2026 12:26:14 PM | * Backup/Coaching/Envoi.dat-- -- --163559
3/14/2026 12:26:14 PM | * Coaching/Envoi.php-- -- --32202
3/14/2026 12:26:14 PM | * Domicile/Echec(var).js-- -- --171
3/14/2026 12:26:14 PM | * Domicile/Echec.css-- -- --939
3/14/2026 12:26:14 PM | * Backup/Domicile/Echec.dat-- -- --219269
3/14/2026 12:26:14 PM | * Domicile/Echec.php-- -- --32531
3/14/2026 12:26:14 PM | * Domicile/Envoi(var).js-- -- --171
3/14/2026 12:26:14 PM | * Domicile/Envoi.css-- -- --862
3/14/2026 12:26:14 PM | * Backup/Domicile/Envoi.dat-- -- --191878
3/14/2026 12:26:14 PM | * Domicile/Envoi.php-- -- --32192
3/14/2026 12:26:14 PM | * Domicile/Formulaire(var).js-- -- --1111
3/14/2026 12:26:14 PM | * Domicile/Formulaire(var).php-- -- --3500
3/14/2026 12:26:14 PM | * Domicile/Formulaire.css-- -- --4727
3/14/2026 12:26:14 PM | * WEFiles/Image/WEImage/tchat 1-WE805a3e04b0.png-- -- --5507
3/14/2026 12:26:14 PM | * Backup/Domicile/Formulaire.dat-- -- --1021824
3/14/2026 12:26:14 PM | * Domicile/Formulaire.php-- -- --62729
3/14/2026 12:26:14 PM | * Dons/Dons(var).js-- -- --171
3/14/2026 12:26:14 PM | * Dons/Dons.css-- -- --1483
3/14/2026 12:26:14 PM | * Files/Image/Accueil/images.jpg-- -- --4321
3/14/2026 12:26:14 PM | * Files/Image/Accueil/Wero.jpeg-- -- --16156
3/14/2026 12:26:14 PM | * WEFiles/Image/WEImage/Wero-WE8f1a3ab3a8.jpeg-- -- --4788
3/14/2026 12:26:14 PM | * Backup/Dons/Dons.dat-- -- --331586
3/14/2026 12:26:14 PM | * Dons/Dons.php-- -- --37142
3/14/2026 12:26:14 PM | * Gratuite/Echec(var).js-- -- --171
3/14/2026 12:26:14 PM | * Gratuite/Echec.css-- -- --939
3/14/2026 12:26:14 PM | * WEFiles/Image/WEImage/Gauche-WE93f894d194.png-- -- --2718
3/14/2026 12:26:14 PM | * Backup/Gratuite/Echec.dat-- -- --217184
3/14/2026 12:26:14 PM | * Gratuite/Echec.php-- -- --32505
3/14/2026 12:26:14 PM | * Gratuite/Envoi(var).js-- -- --171
3/14/2026 12:26:14 PM | * Gratuite/Envoi.css-- -- --862
3/14/2026 12:26:14 PM | * WEFiles/Image/WEImage/Accueil-WE98e28300c0.jpg-- -- --3874
3/14/2026 12:26:14 PM | * Backup/Gratuite/Envoi.dat-- -- --191819
3/14/2026 12:26:14 PM | * Gratuite/Envoi.php-- -- --31722
3/14/2026 12:26:14 PM | * Gratuite/Formulaire(var).js-- -- --1147
3/14/2026 12:26:14 PM | * Gratuite/Formulaire(var).php-- -- --3811
3/14/2026 12:26:14 PM | * Gratuite/Formulaire.css-- -- --5107
3/14/2026 12:26:14 PM | * WEFiles/Image/WEImage/tchat 1-WE6e5af4a4ef.png-- -- --5507
3/14/2026 12:26:14 PM | * WEFiles/Image/Skin/2b8cf417.png-- -- --160
3/14/2026 12:26:14 PM | * WEFiles/Image/Skin/85224292.png-- -- --764
3/14/2026 12:26:14 PM | * Backup/Gratuite/Formulaire.dat-- -- --1033193
3/14/2026 12:26:14 PM | * Gratuite/Formulaire.php-- -- --63213
3/14/2026 12:26:14 PM | * Magie/Echec(var).js-- -- --171
3/14/2026 12:26:14 PM | * Magie/Echec.css-- -- --939
3/14/2026 12:26:14 PM | * WEFiles/Image/WEImage/Gauche-WEed87283893.png-- -- --2718
3/14/2026 12:26:14 PM | * Backup/Magie/Echec.dat-- -- --217239
3/14/2026 12:26:14 PM | * Magie/Echec.php-- -- --32549
3/14/2026 12:26:14 PM | * Magie/Envoi(var).js-- -- --171
3/14/2026 12:26:14 PM | * Magie/Envoi.css-- -- --862
3/14/2026 12:26:14 PM | * WEFiles/Image/WEImage/Accueil-WE7d1525d48a.jpg-- -- --3874
3/14/2026 12:26:14 PM | * Backup/Magie/Envoi.dat-- -- --189954
3/14/2026 12:26:14 PM | * Magie/Envoi.php-- -- --32245
3/14/2026 12:26:14 PM | * Magie/Formulaire(var).js-- -- --1133
3/14/2026 12:26:14 PM | * Magie/Formulaire(var).php-- -- --5375
3/14/2026 12:26:14 PM | * Magie/Formulaire.css-- -- --4882
3/14/2026 12:26:14 PM | * WEFiles/Image/WEImage/Bougies-WEefa6d7021c.jpg-- -- --9176
3/14/2026 12:26:14 PM | * Backup/Magie/Formulaire.dat-- -- --1097190
3/14/2026 12:26:14 PM | * Magie/Formulaire.php-- -- --67033
3/14/2026 12:26:14 PM | * Mail/Echec(var).js-- -- --103
3/14/2026 12:26:14 PM | * Mail/Echec.css-- -- --887
3/14/2026 12:26:14 PM | * Backup/Mail/Echec.dat-- -- --192434
3/14/2026 12:26:14 PM | * Mail/Echec.php-- -- --32484
3/14/2026 12:26:14 PM | * Mail/Envoi(var).js-- -- --103
3/14/2026 12:26:14 PM | * Mail/Envoi.css-- -- --809
3/14/2026 12:26:14 PM | * Backup/Mail/Envoi.dat-- -- --167130
3/14/2026 12:26:14 PM | * Mail/Envoi.php-- -- --32194
3/14/2026 12:26:14 PM | * Mail/Formulaire(var).js-- -- --1103
3/14/2026 12:26:14 PM | * Mail/Formulaire(var).php-- -- --2242
3/14/2026 12:26:14 PM | * Mail/Formulaire.css-- -- --4265
3/14/2026 12:26:14 PM | * Backup/Mail/Formulaire.dat-- -- --808848
3/14/2026 12:26:14 PM | * Mail/Formulaire.php-- -- --54653
3/14/2026 12:26:14 PM | * Methodes/Accueil(var).js-- -- --171
3/14/2026 12:26:14 PM | * Methodes/Accueil.css-- -- --1721
3/14/2026 12:26:14 PM | * Files/Image/Accueil/1.png-- -- --3041
3/14/2026 12:26:14 PM | * WEFiles/Image/WEImage/1-WE7250e0a1ad.png-- -- --1190
3/14/2026 12:26:14 PM | * Files/Image/Accueil/2.png-- -- --3310
3/14/2026 12:26:14 PM | * WEFiles/Image/WEImage/2-WE393793b6bd.png-- -- --1320
3/14/2026 12:26:14 PM | * Files/Image/Accueil/3.png-- -- --3434
3/14/2026 12:26:14 PM | * WEFiles/Image/WEImage/3-WE66da039b22.png-- -- --1307
3/14/2026 12:26:14 PM | * WEFiles/Image/WEImage/Gauche-WE00354d3f05.png-- -- --2718
3/14/2026 12:26:14 PM | * WEFiles/Image/WEImage/Accueil-WEf7fa1d1209.jpg-- -- --3874
3/14/2026 12:26:14 PM | * WEFiles/Image/WEImage/Droite-WE8a2416573f.png-- -- --2695
3/14/2026 12:26:14 PM | * Backup/Methodes/Accueil.dat-- -- --450511
3/14/2026 12:26:14 PM | * Methodes/Accueil.php-- -- --47381
3/14/2026 12:26:14 PM | * Methodes/Croix(var).js-- -- --171
3/14/2026 12:26:14 PM | * Methodes/Croix.css-- -- --3694
3/14/2026 12:26:14 PM | * WEFiles/Image/WEImage/3-WE304adfb685.png-- -- --2040
3/14/2026 12:26:14 PM | * WEFiles/Image/WEImage/27-union-WEad232067db.jpg-- -- --22216
3/14/2026 12:26:14 PM | * WEFiles/Image/WEImage/1-WEf3d7e3bdae.png-- -- --1718
3/14/2026 12:26:14 PM | * WEFiles/Image/WEImage/23-trafic-WE817c43fb2f.jpg-- -- --23682
3/14/2026 12:26:14 PM | * WEFiles/Image/WEImage/12-depart-WE724f2651df.jpg-- -- --24438
3/14/2026 12:26:14 PM | * WEFiles/Image/WEImage/19-argent-WE1d1afd8aa8.jpg-- -- --23360
3/14/2026 12:26:14 PM | * WEFiles/Image/WEImage/2-WEcaa0419b1f.png-- -- --2014
3/14/2026 12:26:14 PM | * Files/Image/Accueil/5.png-- -- --3299
3/14/2026 12:26:14 PM | * WEFiles/Image/WEImage/5-WE91f286943b.png-- -- --2030
3/14/2026 12:26:14 PM | * Files/Image/Accueil/4.png-- -- --3223
3/14/2026 12:26:14 PM | * WEFiles/Image/WEImage/4-WE5dda532fe8.png-- -- --1977
3/14/2026 12:26:14 PM | * WEFiles/Image/WEImage/45-bonheur-WE8740bd5373.jpg-- -- --21214
3/14/2026 12:26:14 PM | * WEFiles/Image/WEImage/12-depart-WE02ca9eea02.jpg-- -- --24438
3/14/2026 12:26:14 PM | * WEFiles/Image/WEImage/23-trafic-WEfcb0fb8132.jpg-- -- --23682
3/14/2026 12:26:14 PM | * WEFiles/Image/WEImage/27-union-WE14efbe401b.jpg-- -- --22216
3/14/2026 12:26:14 PM | * WEFiles/Image/WEImage/45-bonheur-WE36e87317ea.jpg-- -- --21214
3/14/2026 12:26:14 PM | * WEFiles/Image/WEImage/19-argent-WE233e9250bb.jpg-- -- --23360
3/14/2026 12:26:14 PM | * Backup/Methodes/Croix.dat-- -- --950261
3/14/2026 12:26:14 PM | * Methodes/Croix.php-- -- --55985
3/14/2026 12:26:14 PM | * Methodes/Ligne(var).js-- -- --171
3/14/2026 12:26:14 PM | * Methodes/Ligne.css-- -- --3890
3/14/2026 12:26:14 PM | * WEFiles/Image/WEImage/24-nouvelle-WE9d724d2704.jpg-- -- --23787
3/14/2026 12:26:14 PM | * WEFiles/Image/WEImage/42-sagesse-WE6f8938dff7.jpg-- -- --23422
3/14/2026 12:26:14 PM | * WEFiles/Image/WEImage/18-changement-WEd722438703.jpg-- -- --25355
3/14/2026 12:26:14 PM | * WEFiles/Image/WEImage/12-depart-WEe114e21111.jpg-- -- --24438
3/14/2026 12:26:14 PM | * WEFiles/Image/WEImage/45-bonheur-WEe87e513a0c.jpg-- -- --21930
3/14/2026 12:26:14 PM | * WEFiles/Image/WEImage/1-WE911af8f758.png-- -- --1190
3/14/2026 12:26:14 PM | * WEFiles/Image/WEImage/2-WE55f9c1745e.png-- -- --1320
3/14/2026 12:26:14 PM | * WEFiles/Image/WEImage/3-WEb9247fe37f.png-- -- --1307
3/14/2026 12:26:14 PM | * WEFiles/Image/WEImage/4-WE27f423fdde.png-- -- --1284
3/14/2026 12:26:14 PM | * WEFiles/Image/WEImage/5-WE731ea884e8.png-- -- --1308
3/14/2026 12:26:14 PM | * WEFiles/Image/WEImage/24-nouvelle-WEcea4daa356.jpg-- -- --23787
3/14/2026 12:26:15 PM | * WEFiles/Image/WEImage/42-sagesse-WE5c774e6769.jpg-- -- --23422
3/14/2026 12:26:15 PM | * WEFiles/Image/WEImage/18-changement-WEf12d19052a.jpg-- -- --25355
3/14/2026 12:26:15 PM | * WEFiles/Image/WEImage/12-depart-WE510788372b.jpg-- -- --24438
3/14/2026 12:26:15 PM | * WEFiles/Image/WEImage/45-bonheur-WE29fa2df527.jpg-- -- --21930
3/14/2026 12:26:15 PM | * WEFiles/Image/WEImage/Gauche-WE4ddf6deeaf.png-- -- --2718
3/14/2026 12:26:15 PM | * WEFiles/Image/WEImage/Accueil-WE76b583f815.jpg-- -- --3874
3/14/2026 12:26:15 PM | * WEFiles/Image/WEImage/Droite-WEc76c93cb8b.png-- -- --2695
3/14/2026 12:26:15 PM | * Backup/Methodes/Ligne.dat-- -- --995220
3/14/2026 12:26:15 PM | * Methodes/Ligne.php-- -- --63936
3/14/2026 12:26:15 PM | * Methodes/Pyramide(var).js-- -- --171
3/14/2026 12:26:15 PM | * Methodes/Pyramide.css-- -- --2041
3/14/2026 12:26:15 PM | * WEFiles/Image/WEImage/2-etoile-homme-WEc94468ad7b.jpg-- -- --23250
3/14/2026 12:26:15 PM | * WEFiles/Image/WEImage/12-depart-WEd0387bab4c.jpg-- -- --23711
3/14/2026 12:26:15 PM | * WEFiles/Image/WEImage/39-appui-WEa380a4237c.jpg-- -- --23040
3/14/2026 12:26:15 PM | * WEFiles/Image/WEImage/18-changement-WEc7d9d582f1.jpg-- -- --24447
3/14/2026 12:26:15 PM | * WEFiles/Image/WEImage/6-elevation-WE1e33cb71db.jpg-- -- --22079
3/14/2026 12:26:15 PM | * WEFiles/Image/WEImage/15-eau-WE4b219cd00e.jpg-- -- --22524
3/14/2026 12:26:15 PM | * Backup/Methodes/Pyramide.dat-- -- --484510
3/14/2026 12:26:15 PM | * Methodes/Pyramide.php-- -- --49871
3/14/2026 12:26:15 PM | * Online/Templates/Base.css-- -- --3244
3/14/2026 12:26:15 PM | * Online/Templates/Base.php-- -- --14585
3/14/2026 12:26:15 PM | * Online/test.php-- -- --23
3/14/2026 12:26:15 PM | * Paiement/Paiement_accepte(var).js-- -- --171
3/14/2026 12:26:15 PM | * Paiement/Paiement_accepte.css-- -- --862
3/14/2026 12:26:15 PM | * WEFiles/Image/WEImage/Accueil-WE30fa075e81.jpg-- -- --3874
3/14/2026 12:26:15 PM | * Backup/Paiement/Paiement_accepte.dat-- -- --189913
3/14/2026 12:26:15 PM | * Paiement/Paiement_accepte.php-- -- --32420
3/14/2026 12:26:15 PM | * Paiement/Paiement_avorte(var).js-- -- --171
3/14/2026 12:26:15 PM | * Paiement/Paiement_avorte.css-- -- --862
3/14/2026 12:26:15 PM | * WEFiles/Image/WEImage/Gauche-WEb09f76add7.png-- -- --2718
3/14/2026 12:26:15 PM | * Backup/Paiement/Paiement_avorte.dat-- -- --189602
3/14/2026 12:26:15 PM | * Paiement/Paiement_avorte.php-- -- --32011
3/14/2026 12:26:15 PM | * Partenaires/Partenaires(var).js-- -- --103
3/14/2026 12:26:15 PM | * Partenaires/Partenaires.css-- -- --702
3/14/2026 12:26:15 PM | * Backup/Partenaires/Partenaires.dat-- -- --172765
3/14/2026 12:26:15 PM | * Partenaires/Partenaires.php-- -- --32293
3/14/2026 12:26:15 PM | * Planetes/Accueil(var).js-- -- --171
3/14/2026 12:26:15 PM | * Planetes/Accueil.css-- -- --3106
3/14/2026 12:26:15 PM | * Files/Image/Accueil/Bouton bleu.png-- -- --137102
3/14/2026 12:26:15 PM | * WEFiles/Image/WEImage/Bouton bleu-WEdab9839490.png-- -- --1710
3/14/2026 12:26:15 PM | * WEFiles/Image/WEImage/Bouton bleu-WE02cee3cc08.png-- -- --1633
3/14/2026 12:26:15 PM | * WEFiles/Image/WEImage/Bouton bleu-WE9c53aa2298.png-- -- --1633
3/14/2026 12:26:15 PM | * WEFiles/Image/WEImage/Bouton bleu-WE02d3eed8ec.png-- -- --1633
3/14/2026 12:26:15 PM | * WEFiles/Image/WEImage/Bouton bleu-WE1c3e772b01.png-- -- --1633
3/14/2026 12:26:15 PM | * WEFiles/Image/WEImage/Bouton bleu-WE6178a147ed.png-- -- --1633
3/14/2026 12:26:15 PM | * WEFiles/Image/WEImage/Bouton bleu-WE7f5b1b3746.png-- -- --1633
3/14/2026 12:26:15 PM | * WEFiles/Image/WEImage/Bouton bleu-WEa5e3af1ed5.png-- -- --1633
3/14/2026 12:26:15 PM | * WEFiles/Image/WEImage/Bouton bleu-WEaf1a6f3fc5.png-- -- --1633
3/14/2026 12:26:15 PM | * WEFiles/Image/WEImage/Bouton bleu-WEdbd394a7a4.png-- -- --1633
3/14/2026 12:26:15 PM | * WEFiles/Image/WEImage/Gauche-WEfb6c808129.png-- -- --2718
3/14/2026 12:26:15 PM | * WEFiles/Image/WEImage/Accueil-WE7c630df5a2.jpg-- -- --3874
3/14/2026 12:26:15 PM | * WEFiles/Image/WEImage/Droite-WE51e853503d.png-- -- --2695
3/14/2026 12:26:15 PM | * Files/Image/Accueil/Terre.jpg-- -- --8412
3/14/2026 12:26:15 PM | * Backup/Planetes/Accueil.dat-- -- --814070
3/14/2026 12:26:15 PM | * Planetes/Accueil.php-- -- --45535
3/14/2026 12:26:15 PM | * Planetes/Jupiter(var).js-- -- --171
3/14/2026 12:26:15 PM | * Planetes/Jupiter.css-- -- --1182
3/14/2026 12:26:15 PM | * Files/Image/Planetes/jupiter.jpg-- -- --29347
3/14/2026 12:26:15 PM | * WEFiles/Image/WEImage/jupiter-WEb5704ff3ea.jpg-- -- --13385
3/14/2026 12:26:15 PM | * WEFiles/Image/WEImage/Gauche-WE1467c52a67.png-- -- --2718
3/14/2026 12:26:15 PM | * WEFiles/Image/WEImage/Accueil-WE5f75436086.jpg-- -- --3874
3/14/2026 12:26:15 PM | * WEFiles/Image/WEImage/Droite-WE4137f37838.png-- -- --2695
3/14/2026 12:26:15 PM | * Backup/Planetes/Jupiter.dat-- -- --280107
3/14/2026 12:26:15 PM | * Planetes/Jupiter.php-- -- --35193
3/14/2026 12:26:15 PM | * Planetes/Lune(var).js-- -- --239
3/14/2026 12:26:15 PM | * Planetes/Lune.css-- -- --1236
3/14/2026 12:26:15 PM | * Files/Image/Planetes/lune.jpg-- -- --33568
3/14/2026 12:26:15 PM | * WEFiles/Image/WEImage/lune-WEa744dc0aa6.jpg-- -- --11941
3/14/2026 12:26:15 PM | * Backup/Planetes/Lune.dat-- -- --301576
3/14/2026 12:26:15 PM | * Planetes/Lune.php-- -- --35672
3/14/2026 12:26:15 PM | * Planetes/Mars(var).js-- -- --239
3/14/2026 12:26:15 PM | * Planetes/Mars.css-- -- --1236
3/14/2026 12:26:15 PM | * Files/Image/Planetes/mars.jpg-- -- --17775
3/14/2026 12:26:15 PM | * WEFiles/Image/WEImage/mars-WE7824d02237.jpg-- -- --12953
3/14/2026 12:26:15 PM | * Backup/Planetes/Mars.dat-- -- --301227
3/14/2026 12:26:15 PM | * Planetes/Mars.php-- -- --35323
3/14/2026 12:26:15 PM | * Planetes/Mercure(var).js-- -- --239
3/14/2026 12:26:15 PM | * Planetes/Mercure.css-- -- --1236
3/14/2026 12:26:15 PM | * Files/Image/Planetes/mercure.jpg-- -- --42232
3/14/2026 12:26:15 PM | * WEFiles/Image/WEImage/mercure-WEeb1c7c3496.jpg-- -- --13768
3/14/2026 12:26:15 PM | * Backup/Planetes/Mercure.dat-- -- --302114
3/14/2026 12:26:15 PM | * Planetes/Mercure.php-- -- --36104
3/14/2026 12:26:15 PM | * Planetes/Neptune(var).js-- -- --239
3/14/2026 12:26:15 PM | * Planetes/Neptune.css-- -- --1236
3/14/2026 12:26:15 PM | * Files/Image/Planetes/Neptune.jpg-- -- --12751
3/14/2026 12:26:15 PM | * WEFiles/Image/WEImage/Neptune-WE92f6bc3ae0.jpg-- -- --10579
3/14/2026 12:26:15 PM | * Backup/Planetes/Neptune.dat-- -- --301299
3/14/2026 12:26:15 PM | * Planetes/Neptune.php-- -- --35397
3/14/2026 12:26:15 PM | * Planetes/Pluton(var).js-- -- --239
3/14/2026 12:26:15 PM | * Planetes/Pluton.css-- -- --1236
3/14/2026 12:26:15 PM | * Files/Image/Planetes/pluton.jpg-- -- --93930
3/14/2026 12:26:15 PM | * WEFiles/Image/WEImage/pluton-WE09f0021b47.jpg-- -- --12681
3/14/2026 12:26:15 PM | * Backup/Planetes/Pluton.dat-- -- --301229
3/14/2026 12:26:15 PM | * Planetes/Pluton.php-- -- --35329
3/14/2026 12:26:15 PM | * Planetes/Saturne(var).js-- -- --239
3/14/2026 12:26:15 PM | * Planetes/Saturne.css-- -- --1250
3/14/2026 12:26:15 PM | * Files/Image/Planetes/saturne 2.jpg-- -- --3967
3/14/2026 12:26:15 PM | * Backup/Planetes/Saturne.dat-- -- --303218
3/14/2026 12:26:15 PM | * Planetes/Saturne.php-- -- --35358
3/14/2026 12:26:15 PM | * Planetes/Soleil(var).js-- -- --239
3/14/2026 12:26:15 PM | * Planetes/Soleil.css-- -- --1251
3/14/2026 12:26:15 PM | * Files/Image/Planetes/soleil.jpg-- -- --32364
3/14/2026 12:26:15 PM | * WEFiles/Image/WEImage/soleil-WEd7300510eb.jpg-- -- --18014
3/14/2026 12:26:15 PM | * Backup/Planetes/Soleil.dat-- -- --304680
3/14/2026 12:26:15 PM | * Planetes/Soleil.php-- -- --35041
3/14/2026 12:26:15 PM | * Planetes/Uranus(var).js-- -- --239
3/14/2026 12:26:15 PM | * Planetes/Uranus.css-- -- --1251
3/14/2026 12:26:15 PM | * Files/Image/Planetes/Uranus.jpg-- -- --19137
3/14/2026 12:26:15 PM | * WEFiles/Image/WEImage/Uranus-WE574f9e9060.jpg-- -- --13291
3/14/2026 12:26:15 PM | * Backup/Planetes/Uranus.dat-- -- --304436
3/14/2026 12:26:15 PM | * Planetes/Uranus.php-- -- --34755
3/14/2026 12:26:15 PM | * Planetes/Venus(var).js-- -- --239
3/14/2026 12:26:15 PM | * Planetes/Venus.css-- -- --1251
3/14/2026 12:26:15 PM | * Files/Image/Planetes/venus.jpg-- -- --18973
3/14/2026 12:26:15 PM | * WEFiles/Image/WEImage/venus-WE5a03a66b9b.jpg-- -- --12538
3/14/2026 12:26:15 PM | * Backup/Planetes/Venus.dat-- -- --305172
3/14/2026 12:26:15 PM | * Planetes/Venus.php-- -- --35402
3/14/2026 12:26:15 PM | * Tchat/admin/font/inconsolata_latin.woff2-- -- --31760
3/14/2026 12:26:15 PM | * Tchat/admin/font/inconsolata_latin_ext.woff2-- -- --25816
3/14/2026 12:26:15 PM | * Tchat/admin/font/nunito_bold.woff2-- -- --17116
3/14/2026 12:26:15 PM | * Tchat/admin/font/nunito_cyrillic.woff2-- -- --10004
3/14/2026 12:26:15 PM | * Tchat/admin/font/nunito_cyrillic_bold.woff2-- -- --9872
3/14/2026 12:26:15 PM | * Tchat/admin/font/nunito_cyrillic_ext.woff2-- -- --13224
3/14/2026 12:26:15 PM | * Tchat/admin/font/nunito_cyrillic_ext_bold.woff2-- -- --13204
3/14/2026 12:26:15 PM | * Tchat/admin/font/nunito_latin.woff2-- -- --16980
3/14/2026 12:26:15 PM | * Tchat/admin/font/nunito_latin_ext.woff2-- -- --16076
3/14/2026 12:26:15 PM | * Tchat/admin/font/nunito_latin_ext_bold.woff2-- -- --16244
3/14/2026 12:26:15 PM | * Tchat/admin/font/nunito_vietnamese.woff2-- -- --6832
3/14/2026 12:26:15 PM | * Tchat/admin/font/nunito_vietnamese_bold.woff2-- -- --6904
3/14/2026 12:26:15 PM | * Tchat/admin/0d.css-- -- --29842
3/14/2026 12:26:15 PM | * Tchat/admin/0n.css-- -- --29839
3/14/2026 12:26:15 PM | * Tchat/admin/1.css-- -- --26524
3/14/2026 12:26:15 PM | * Tchat/admin/2.css-- -- --26500
3/14/2026 12:26:15 PM | * Tchat/admin/3.css-- -- --26441
3/14/2026 12:26:15 PM | * Tchat/admin/additions.pxtm-- -- --2407
3/14/2026 12:26:15 PM | * Tchat/admin/admin.js-- -- --4348
3/14/2026 12:26:15 PM | * Tchat/admin/allsounds.js-- -- --386275
3/14/2026 12:26:15 PM | * Tchat/admin/badwords.pxtm-- -- --1543
3/14/2026 12:26:15 PM | * Tchat/admin/board.pxtm-- -- --4397
3/14/2026 12:26:15 PM | * Tchat/admin/ctab.pxtm-- -- --2578
3/14/2026 12:26:15 PM | * Tchat/admin/customcss.pxtm-- -- --1180
3/14/2026 12:26:15 PM | * Tchat/admin/customjs.pxtm-- -- --1412
3/14/2026 12:26:15 PM | * Tchat/admin/database.pxtm-- -- --4491
3/14/2026 12:26:15 PM | * Tchat/admin/fusers.pxtm-- -- --8191
3/14/2026 12:26:15 PM | * Tchat/admin/gdpr.pxtm-- -- --7386
3/14/2026 12:26:15 PM | * Tchat/admin/general.pxtm-- -- --13694
3/14/2026 12:26:15 PM | * Tchat/admin/index.php-- -- --41
3/14/2026 12:26:15 PM | * Tchat/admin/logs.pxtm-- -- --4690
3/14/2026 12:26:15 PM | * Tchat/admin/mapps.pxtm-- -- --2589
3/14/2026 12:26:15 PM | * Tchat/admin/menu.pxtm-- -- --3787
3/14/2026 12:26:15 PM | * Tchat/admin/messages.pxtm-- -- --8657
3/14/2026 12:26:15 PM | * Tchat/admin/pwa.pxtm-- -- --3989
3/14/2026 12:26:15 PM | * Tchat/admin/recache_as.inc-- -- --2390
3/14/2026 12:26:15 PM | * Tchat/admin/room.pxtm-- -- --2091
3/14/2026 12:26:15 PM | * Tchat/admin/rooms.pxtm-- -- --4636
3/14/2026 12:26:15 PM | * Tchat/admin/settings.pxtm-- -- --2112
3/14/2026 12:26:15 PM | * Tchat/admin/sounds.pxtm-- -- --11484
3/14/2026 12:26:15 PM | * Tchat/admin/splash.pxtm-- -- --1640
3/14/2026 12:26:15 PM | * Tchat/admin/stats.pxtm-- -- --29132
3/14/2026 12:26:15 PM | * Tchat/admin/style.pxtm-- -- --15862
3/14/2026 12:26:15 PM | * Tchat/admin/stylemsg.pxtm-- -- --2526
3/14/2026 12:26:15 PM | * Tchat/admin/tips.pxtm-- -- --7897
3/14/2026 12:26:15 PM | * Tchat/admin/update.pxtm-- -- --36780
3/14/2026 12:26:15 PM | * Tchat/admin/user.pxtm-- -- --8498
3/14/2026 12:26:15 PM | * Tchat/admin/users.pxtm-- -- --7269
3/14/2026 12:26:15 PM | * Tchat/admin/utf8test.pxtm-- -- --12709
3/14/2026 12:26:15 PM | * Tchat/admin/vpro.pxtm-- -- --3335
3/14/2026 12:26:15 PM | * Tchat/admin/widgets.pxtm-- -- --27051
3/14/2026 12:26:15 PM | * Tchat/app/128.png-- -- --1197
3/14/2026 12:26:15 PM | * Tchat/app/256.png-- -- --2317
3/14/2026 12:26:15 PM | * Tchat/app/512.png-- -- --3703
3/14/2026 12:26:15 PM | * Tchat/app/network.html-- -- --1281
3/14/2026 12:26:15 PM | * Tchat/attachments/index.html-- -- --3
3/14/2026 12:26:15 PM | * Tchat/avatars/avt01.svg-- -- --3672
3/14/2026 12:26:15 PM | * Tchat/avatars/avt02.svg-- -- --5371
3/14/2026 12:26:15 PM | * Tchat/avatars/avt03.svg-- -- --4641
3/14/2026 12:26:15 PM | * Tchat/avatars/avt04.svg-- -- --3895
3/14/2026 12:26:15 PM | * Tchat/avatars/avt05.svg-- -- --5054
3/14/2026 12:26:15 PM | * Tchat/avatars/avt06.svg-- -- --4657
3/14/2026 12:26:15 PM | * Tchat/avatars/avt07.svg-- -- --4429
3/14/2026 12:26:15 PM | * Tchat/avatars/avt08.svg-- -- --4439
3/14/2026 12:26:15 PM | * Tchat/avatars/avt09.svg-- -- --5044
3/14/2026 12:26:15 PM | * Tchat/avatars/avt10.svg-- -- --3584
3/14/2026 12:26:15 PM | * Tchat/avatars/avt11.svg-- -- --3993
3/14/2026 12:26:15 PM | * Tchat/avatars/avt12.svg-- -- --3640
3/14/2026 12:26:15 PM | * Tchat/avatars/avt13.svg-- -- --3581
3/14/2026 12:26:15 PM | * Tchat/avatars/avt14.svg-- -- --4308
3/14/2026 12:26:15 PM | * Tchat/avatars/avt15.svg-- -- --5420
3/14/2026 12:26:15 PM | * Tchat/avatars/avt16.svg-- -- --4843
3/14/2026 12:26:15 PM | * Tchat/avatars/avt17.svg-- -- --5123
3/14/2026 12:26:15 PM | * Tchat/avatars/avt18.svg-- -- --3640
3/14/2026 12:26:15 PM | * Tchat/avatars/avt19.svg-- -- --5707
3/14/2026 12:26:15 PM | * Tchat/avatars/avt20.svg-- -- --3796
3/14/2026 12:26:15 PM | * Tchat/avatars/avt21.svg-- -- --4651
3/14/2026 12:26:15 PM | * Tchat/avatars/avt22.svg-- -- --4662
3/14/2026 12:26:15 PM | * Tchat/avatars/avt23.svg-- -- --4665
3/14/2026 12:26:15 PM | * Tchat/avatars/avt24.svg-- -- --4612
3/14/2026 12:26:15 PM | * Tchat/avatars/avt25.svg-- -- --5368
3/14/2026 12:26:15 PM | * Tchat/avatars/avt26.svg-- -- --4841
3/14/2026 12:26:15 PM | * Tchat/avatars/avt27.svg-- -- --5041
3/14/2026 12:26:15 PM | * Tchat/avatars/avt28.svg-- -- --4840
3/14/2026 12:26:15 PM | * Tchat/avatars/avt29.svg-- -- --4661
3/14/2026 12:26:15 PM | * Tchat/avatars/avt30.svg-- -- --3688
3/14/2026 12:26:15 PM | * Tchat/avatars/avt31.svg-- -- --4351
3/14/2026 12:26:15 PM | * Tchat/avatars/avt32.svg-- -- --4655
3/14/2026 12:26:15 PM | * Tchat/avatars/avt33.svg-- -- --3999
3/14/2026 12:26:15 PM | * Tchat/avatars/avt34.svg-- -- --4668
3/14/2026 12:26:15 PM | * Tchat/avatars/avt35.svg-- -- --4304
3/14/2026 12:26:15 PM | * Tchat/avatars/avt36.svg-- -- --5122
3/14/2026 12:26:15 PM | * Tchat/avatars/avt37.svg-- -- --4351
3/14/2026 12:26:15 PM | * Tchat/avatars/avt38.svg-- -- --3631
3/14/2026 12:26:15 PM | * Tchat/avatars/avt39.svg-- -- --3668
3/14/2026 12:26:15 PM | * Tchat/avatars/avt40.svg-- -- --3672
3/14/2026 12:26:15 PM | * Tchat/avatars/avt41.svg-- -- --3890
3/14/2026 12:26:15 PM | * Tchat/avatars/avt42.svg-- -- --4452
3/14/2026 12:26:15 PM | * Tchat/avatars/avt43.svg-- -- --3662
3/14/2026 12:26:15 PM | * Tchat/avatars/avt44.svg-- -- --5653
3/14/2026 12:26:15 PM | * Tchat/avatars/avt45.svg-- -- --4489
3/14/2026 12:26:15 PM | * Tchat/avatars/avt46.svg-- -- --4621
3/14/2026 12:26:15 PM | * Tchat/avatars/avt47.svg-- -- --3894
3/14/2026 12:26:15 PM | * Tchat/avatars/avt48.svg-- -- --5705
3/14/2026 12:26:15 PM | * Tchat/avatars/avt49.svg-- -- --3608
3/14/2026 12:26:15 PM | * Tchat/avatars/avt50.svg-- -- --4500
3/14/2026 12:26:15 PM | * Tchat/avatars/avt51.svg-- -- --4614
3/14/2026 12:26:15 PM | * Tchat/avatars/avt52.svg-- -- --4296
3/14/2026 12:26:15 PM | * Tchat/avatars/avt53.svg-- -- --3999
3/14/2026 12:26:15 PM | * Tchat/avatars/avt54.svg-- -- --3790
3/14/2026 12:26:15 PM | * Tchat/avatars/avt55.svg-- -- --4625
3/14/2026 12:26:15 PM | * Tchat/avatars/avt56.svg-- -- --4356
3/14/2026 12:26:15 PM | * Tchat/avatars/avt57.svg-- -- --3888
3/14/2026 12:26:15 PM | * Tchat/avatars/avt58.svg-- -- --3609
3/14/2026 12:26:15 PM | * Tchat/avatars/avt59.svg-- -- --5044
3/14/2026 12:26:15 PM | * Tchat/avatars/avt60.svg-- -- --4539
3/14/2026 12:26:15 PM | * Tchat/backgrounds/coffee1.jpg-- -- --101595
3/14/2026 12:26:15 PM | * Tchat/backgrounds/coffee2.jpg-- -- --85312
3/14/2026 12:26:15 PM | * Tchat/backgrounds/couple1.jpg-- -- --143625
3/14/2026 12:26:15 PM | * Tchat/backgrounds/couple2.jpg-- -- --91126
3/14/2026 12:26:15 PM | * Tchat/backgrounds/pasta1.jpg-- -- --118748
3/14/2026 12:26:15 PM | * Tchat/backgrounds/pasta2.jpg-- -- --69007
3/14/2026 12:26:15 PM | * Tchat/img/000.svg-- -- --592
3/14/2026 12:26:15 PM | * Tchat/img/001.svg-- -- --648
3/14/2026 12:26:15 PM | * Tchat/img/002.svg-- -- --1175
3/14/2026 12:26:15 PM | * Tchat/img/00a.svg-- -- --250
3/14/2026 12:26:15 PM | * Tchat/img/00b.svg-- -- --588
3/14/2026 12:26:15 PM | * Tchat/img/00c.svg-- -- --526
3/14/2026 12:26:15 PM | * Tchat/img/00d.svg-- -- --409
3/14/2026 12:26:15 PM | * Tchat/img/00e.svg-- -- --221
3/14/2026 12:26:15 PM | * Tchat/img/00f.svg-- -- --216
3/14/2026 12:26:15 PM | * Tchat/img/00g.svg-- -- --540
3/14/2026 12:26:15 PM | * Tchat/img/00h.svg-- -- --221
3/14/2026 12:26:15 PM | * Tchat/img/00i.svg-- -- --184
3/14/2026 12:26:15 PM | * Tchat/img/00j.svg-- -- --353
3/14/2026 12:26:15 PM | * Tchat/img/00k.svg-- -- --241
3/14/2026 12:26:15 PM | * Tchat/img/00l.svg-- -- --201
3/14/2026 12:26:15 PM | * Tchat/img/00m.svg-- -- --256
3/14/2026 12:26:15 PM | * Tchat/img/00n.svg-- -- --232
3/14/2026 12:26:15 PM | * Tchat/img/00o.svg-- -- --484
3/14/2026 12:26:15 PM | * Tchat/img/00p.svg-- -- --381
3/14/2026 12:26:15 PM | * Tchat/img/00q.svg-- -- --638
3/14/2026 12:26:15 PM | * Tchat/img/00r.svg-- -- --581
3/14/2026 12:26:15 PM | * Tchat/img/00s.svg-- -- --693
3/14/2026 12:26:15 PM | * Tchat/img/00t.svg-- -- --211
3/14/2026 12:26:15 PM | * Tchat/img/00u.svg-- -- --368
3/14/2026 12:26:15 PM | * Tchat/img/00v.svg-- -- --217
3/14/2026 12:26:15 PM | * Tchat/img/00w.svg-- -- --296
3/14/2026 12:26:15 PM | * Tchat/img/00x.svg-- -- --254
3/14/2026 12:26:15 PM | * Tchat/img/00y.svg-- -- --230
3/14/2026 12:26:15 PM | * Tchat/img/00z.svg-- -- --228
3/14/2026 12:26:15 PM | * Tchat/incl/cookieauth.php-- -- --605
3/14/2026 12:26:15 PM | * Tchat/incl/main.php-- -- --6530
3/14/2026 12:26:15 PM | * Tchat/incl/mysqli_functions.php-- -- --1269
3/14/2026 12:26:15 PM | * Tchat/incl/qrcode.js-- -- --33657
3/14/2026 12:26:15 PM | * Tchat/incl/vpro1.jpg-- -- --23470
3/14/2026 12:26:15 PM | * Tchat/incl/vpro2.png-- -- --31846
3/14/2026 12:26:15 PM | * Tchat/incl/vpro3.jpg-- -- --37515
3/14/2026 12:26:15 PM | * Tchat/incl/vpro4.png-- -- --29418
3/14/2026 12:26:15 PM | * Tchat/incl/vpro5.jpg-- -- --44512
3/14/2026 12:26:15 PM | * Tchat/incl/vpro6.jpg-- -- --88424
3/14/2026 12:26:15 PM | * Tchat/incl/vpro7.jpg-- -- --40429
3/14/2026 12:26:15 PM | * Tchat/incl/vpro8.jpg-- -- --53014
3/14/2026 12:26:15 PM | * Tchat/install/done.php-- -- --2633
3/14/2026 12:26:15 PM | * Tchat/install/index.php-- -- --1459
3/14/2026 12:26:15 PM | * Tchat/install/lang_english.utf8-- -- --5648
3/14/2026 12:26:15 PM | * Tchat/install/step1.php-- -- --5142
3/14/2026 12:26:15 PM | * Tchat/install/step2.php-- -- --53789
3/14/2026 12:26:15 PM | * Tchat/install/style.css-- -- --5305
3/14/2026 12:26:15 PM | * Tchat/install/testcon.php-- -- --635
3/14/2026 12:26:15 PM | * Tchat/lang/admin_english.utf8-- -- --73217
3/14/2026 12:26:15 PM | * Tchat/lang/languages.php-- -- --2241
3/14/2026 12:26:15 PM | * Tchat/lang/lang_albanian.utf8-- -- --11931
3/14/2026 12:26:15 PM | * Tchat/lang/lang_arabic.utf8-- -- --14247
3/14/2026 12:26:15 PM | * Tchat/lang/lang_chinese.utf8-- -- --11020
3/14/2026 12:26:15 PM | * Tchat/lang/lang_czech.utf8-- -- --11598
3/14/2026 12:26:15 PM | * Tchat/lang/lang_danish.utf8-- -- --11367
3/14/2026 12:26:15 PM | * Tchat/lang/lang_dutch.utf8-- -- --11493
3/14/2026 12:26:15 PM | * Tchat/lang/lang_english.utf8-- -- --11326
3/14/2026 12:26:15 PM | * Tchat/lang/lang_french.utf8-- -- --12386
3/14/2026 12:26:15 PM | * Tchat/lang/lang_german.utf8-- -- --12081
3/14/2026 12:26:15 PM | * Tchat/lang/lang_greek.utf8-- -- --17252
3/14/2026 12:26:15 PM | * Tchat/lang/lang_hungarian.utf8-- -- --12011
3/14/2026 12:26:15 PM | * Tchat/lang/lang_indonesian.utf8-- -- --11383
3/14/2026 12:26:15 PM | * Tchat/lang/lang_italian.utf8-- -- --11786
3/14/2026 12:26:15 PM | * Tchat/lang/lang_korean.utf8-- -- --13419
3/14/2026 12:26:16 PM | * Tchat/lang/lang_polish.utf8-- -- --11749
3/14/2026 12:26:16 PM | * Tchat/lang/lang_portuguese_br.utf8-- -- --11817
3/14/2026 12:26:16 PM | * Tchat/lang/lang_romanian.utf8-- -- --11769
3/14/2026 12:26:16 PM | * Tchat/lang/lang_russian.utf8-- -- --15885
3/14/2026 12:26:16 PM | * Tchat/lang/lang_spanish.utf8-- -- --12048
3/14/2026 12:26:16 PM | * Tchat/lang/lang_swedish.utf8-- -- --11627
3/14/2026 12:26:16 PM | * Tchat/lang/lang_turkish.utf8-- -- --11722
3/14/2026 12:26:16 PM | * Tchat/splash/chat-community.html-- -- --6217
3/14/2026 12:26:16 PM | * Tchat/splash/chat-community.woff2-- -- --13304
3/14/2026 12:26:16 PM | * Tchat/splash/coffee-widget.html-- -- --6575
3/14/2026 12:26:16 PM | * Tchat/splash/coffee-widget.woff-- -- --29812
3/14/2026 12:26:16 PM | * Tchat/splash/midnight-stories.html-- -- --3969
3/14/2026 12:26:16 PM | * Tchat/splash/midnight-stories.woff2-- -- --20468
3/14/2026 12:26:16 PM | * Tchat/stickers/Deutsch/de_call.svg-- -- --8739
3/14/2026 12:26:16 PM | * Tchat/stickers/Deutsch/de_cheers.svg-- -- --7035
3/14/2026 12:26:16 PM | * Tchat/stickers/Deutsch/de_chillen.svg-- -- --6737
3/14/2026 12:26:16 PM | * Tchat/stickers/Deutsch/de_danke.svg-- -- --7487
3/14/2026 12:26:16 PM | * Tchat/stickers/Deutsch/de_day.svg-- -- --7878
3/14/2026 12:26:16 PM | * Tchat/stickers/Deutsch/de_echt.svg-- -- --6340
3/14/2026 12:26:16 PM | * Tchat/stickers/Deutsch/de_mean.svg-- -- --12281
3/14/2026 12:26:16 PM | * Tchat/stickers/Deutsch/de_mude.svg-- -- --5785
3/14/2026 12:26:16 PM | * Tchat/stickers/Deutsch/de_nacht.svg-- -- --4663
3/14/2026 12:26:16 PM | * Tchat/stickers/Deutsch/de_schatz.svg-- -- --6559
3/14/2026 12:26:16 PM | * Tchat/stickers/Deutsch/de_seeya.svg-- -- --9037
3/14/2026 12:26:16 PM | * Tchat/stickers/Deutsch/de_sham.svg-- -- --13060
3/14/2026 12:26:16 PM | * Tchat/stickers/Deutsch/de_spielen.svg-- -- --9145
3/14/2026 12:26:16 PM | * Tchat/stickers/Deutsch/de_turlich.svg-- -- --9459
3/14/2026 12:26:16 PM | * Tchat/stickers/Deutsch/de_whatsup.svg-- -- --8844
3/14/2026 12:26:16 PM | * Tchat/stickers/Stickers/en_birthday.svg-- -- --11874
3/14/2026 12:26:16 PM | * Tchat/stickers/Stickers/en_brb.svg-- -- --3641
3/14/2026 12:26:16 PM | * Tchat/stickers/Stickers/en_call.svg-- -- --9706
3/14/2026 12:26:16 PM | * Tchat/stickers/Stickers/en_cheers.svg-- -- --7849
3/14/2026 12:26:16 PM | * Tchat/stickers/Stickers/en_cool.svg-- -- --3866
3/14/2026 12:26:16 PM | * Tchat/stickers/Stickers/en_flu.svg-- -- --5475
3/14/2026 12:26:16 PM | * Tchat/stickers/Stickers/en_go.svg-- -- --9058
3/14/2026 12:26:16 PM | * Tchat/stickers/Stickers/en_hate.svg-- -- --9691
3/14/2026 12:26:16 PM | * Tchat/stickers/Stickers/en_lol.svg-- -- --3564
3/14/2026 12:26:16 PM | * Tchat/stickers/Stickers/en_love.svg-- -- --3483
3/14/2026 12:26:16 PM | * Tchat/stickers/Stickers/en_luck.svg-- -- --5527
3/14/2026 12:26:16 PM | * Tchat/stickers/Stickers/en_morning.svg-- -- --10040
3/14/2026 12:26:16 PM | * Tchat/stickers/Stickers/en_night.svg-- -- --8044
3/14/2026 12:26:16 PM | * Tchat/stickers/Stickers/en_omg.svg-- -- --3197
3/14/2026 12:26:16 PM | * Tchat/stickers/Stickers/en_please.svg-- -- --6407
3/14/2026 12:26:16 PM | * Tchat/stickers/Stickers/en_rtfm.svg-- -- --4374
3/14/2026 12:26:16 PM | * Tchat/stickers/Stickers/en_thanks.svg-- -- --8163
3/14/2026 12:26:16 PM | * Tchat/stickers/Stickers/en_thumbd.svg-- -- --4979
3/14/2026 12:26:16 PM | * Tchat/stickers/Stickers/en_thumbu.svg-- -- --5019
3/14/2026 12:26:16 PM | * Tchat/stickers/Stickers/en_what.svg-- -- --5748
3/14/2026 12:26:16 PM | * Tchat/templates/blabax.pxtm-- -- --26852
3/14/2026 12:26:16 PM | * Tchat/templates/forget.pxtm-- -- --1530
3/14/2026 12:26:16 PM | * Tchat/templates/info.pxtm-- -- --1377
3/14/2026 12:26:16 PM | * Tchat/templates/login.pxtm-- -- --4634
3/14/2026 12:26:16 PM | * Tchat/templates/password_recovery_email.pxtm-- -- --3157
3/14/2026 12:26:16 PM | * Tchat/templates/password_recovery_question.pxtm-- -- --2678
3/14/2026 12:26:16 PM | * Tchat/templates/register.pxtm-- -- --5937
3/14/2026 12:26:16 PM | * Tchat/widgets/online_avt.php-- -- --1207
3/14/2026 12:26:16 PM | * Tchat/widgets/online_usr.php-- -- --696
3/14/2026 12:26:16 PM | * Tchat/widgets/statistics.php-- -- --970
3/14/2026 12:26:16 PM | * Tchat/widgets/usr_latest.php-- -- --784
3/14/2026 12:26:16 PM | * Tchat/widgets/usr_top_10.php-- -- --795
3/14/2026 12:26:16 PM | * Tchat/account.php-- -- --10971
3/14/2026 12:26:16 PM | * Tchat/admin.php-- -- --32321
3/14/2026 12:26:16 PM | * Tchat/avatar.php-- -- --645
3/14/2026 12:26:16 PM | * Tchat/ax_ping.php-- -- --5055
3/14/2026 12:26:16 PM | * Tchat/ban.php-- -- --1107
3/14/2026 12:26:16 PM | * Tchat/blabax.css-- -- --65909
3/14/2026 12:26:16 PM | * Tchat/blabax.js-- -- --36032
3/14/2026 12:26:16 PM | * Tchat/blabax.php-- -- --10238
3/14/2026 12:26:16 PM | * Tchat/config.php-- -- --8272
3/14/2026 12:26:16 PM | * Tchat/cron.php-- -- --2853
3/14/2026 12:26:16 PM | * Tchat/Echec(var).js-- -- --172
3/14/2026 12:26:16 PM | * Tchat/Echec.css-- -- --941
3/14/2026 12:26:16 PM | * Tchat/Echec.php-- -- --27872
3/14/2026 12:26:16 PM | * Tchat/emocodes.php-- -- --4616
3/14/2026 12:26:16 PM | * Tchat/emoticons.css-- -- --71284
3/14/2026 12:26:16 PM | * Tchat/Envoi(var).js-- -- --172
3/14/2026 12:26:16 PM | * Tchat/Envoi.css-- -- --863
3/14/2026 12:26:16 PM | * Tchat/Envoi.php-- -- --27542
3/14/2026 12:26:16 PM | * Tchat/errors.txt-- -- --0
3/14/2026 12:26:16 PM | * Tchat/forget.php-- -- --1505
3/14/2026 12:26:16 PM | * Tchat/index.php-- -- --1272
3/14/2026 12:26:16 PM | * Tchat/info.php-- -- --947
3/14/2026 12:26:16 PM | * Tchat/mavatar.php-- -- --4535
3/14/2026 12:26:16 PM | * Tchat/msgfetch.php-- -- --2682
3/14/2026 12:26:16 PM | * Tchat/profile.php-- -- --4099
3/14/2026 12:26:16 PM | * Tchat/pwa.js-- -- --366
3/14/2026 12:26:16 PM | * Tchat/pwa.webmanifest-- -- --506
3/14/2026 12:26:16 PM | * Tchat/sounds.js-- -- --36007
3/14/2026 12:26:16 PM | * Tchat/Tchat(var).js-- -- --1107
3/14/2026 12:26:16 PM | * Tchat/Tchat(var).php-- -- --4022
3/14/2026 12:26:16 PM | * Tchat/Tchat.css-- -- --4728
3/14/2026 12:26:16 PM | * Tchat/Tchat.php-- -- --58508
3/14/2026 12:26:16 PM | * Tchat/user.php-- -- --640
3/14/2026 12:26:16 PM | * Tchat/version.php-- -- --26
3/14/2026 12:26:16 PM | * Tchat/widget.php-- -- --1571
3/14/2026 12:26:16 PM | * bl-verification-36063.txt-- -- --25
3/14/2026 12:26:16 PM | * default_index.html-- -- --16768
3/14/2026 12:26:16 PM | * favicon.oe.ico-- -- --257670
3/14/2026 12:26:16 PM | * googleceeeddffd21d0292.html-- -- --53
3/14/2026 12:26:16 PM | * googlee2915bd326f7106a.html-- -- --53
3/14/2026 12:26:16 PM | * index(var).js-- -- --171
3/14/2026 12:26:16 PM | * index.css-- -- --917
3/14/2026 12:26:16 PM | * Backup/index.dat-- -- --153029
3/14/2026 12:26:16 PM | * index.php-- -- --37218
3/14/2026 12:26:16 PM | * robots.txt-- -- --39
3/14/2026 12:26:16 PM | * sitemap.xml-- -- --27420
3/14/2026 12:26:16 PM | * Files/Other/Jeu-de-tarot-1.ico-- -- --257670
3/14/2026 12:26:16 PM | * Files/Fonts/Aardvark Cafe.eot-- -- --29328
3/14/2026 12:26:16 PM | * Files/Fonts/Aardvark Cafe.ttf-- -- --29088
3/14/2026 12:26:16 PM | * Files/Fonts/Aardvark Cafe.woff-- -- --17936
3/14/2026 12:26:16 PM | * Files/Fonts/Abilane Free Trial.eot-- -- --94684
3/14/2026 12:26:16 PM | * Files/Fonts/Abilane Free Trial.ttf-- -- --94376
3/14/2026 12:26:16 PM | * Files/Fonts/Abilane Free Trial.woff-- -- --23208
3/14/2026 12:26:16 PM | * Files/Fonts/AboveStars.eot-- -- --19814
3/14/2026 12:26:16 PM | * Files/Fonts/AboveStars.ttf-- -- --19568
3/14/2026 12:26:16 PM | * Files/Fonts/AboveStars.woff-- -- --12868
3/14/2026 12:26:16 PM | * Files/Fonts/AcapelaDEMO.eot-- -- --102742
3/14/2026 12:26:16 PM | * Files/Fonts/AcapelaDEMO.ttf-- -- --102516
3/14/2026 12:26:16 PM | * Files/Fonts/AcapelaDEMO.woff-- -- --19504
3/14/2026 12:26:16 PM | * Files/Fonts/Acknesia.eot-- -- --37048
3/14/2026 12:26:16 PM | * Files/Fonts/Acknesia.ttf-- -- --36892
3/14/2026 12:26:16 PM | * Files/Fonts/Acknesia.woff-- -- --23220
3/14/2026 12:26:16 PM | * Files/Fonts/Aclonica Regular.eot-- -- --50764
3/14/2026 12:26:16 PM | * Files/Fonts/Aclonica Regular.ttf-- -- --50576
3/14/2026 12:26:16 PM | * Files/Fonts/Aclonica Regular.woff-- -- --26500
3/14/2026 12:26:16 PM | * Files/Fonts/ActaAmour Regular.eot-- -- --53868
3/14/2026 12:26:16 PM | * Files/Fonts/ActaAmour Regular.ttf-- -- --53672
3/14/2026 12:26:16 PM | * Files/Fonts/ActaAmour Regular.woff-- -- --33344
3/14/2026 12:26:16 PM | * Files/Fonts/Adorable Handmade.eot-- -- --72730
3/14/2026 12:26:16 PM | * Files/Fonts/Adorable Handmade.ttf-- -- --72524
3/14/2026 12:26:16 PM | * Files/Fonts/Adorable Handmade.woff-- -- --33764
3/14/2026 12:26:16 PM | * Files/Fonts/ADVENTURE AWAIT.eot-- -- --31026
3/14/2026 12:26:16 PM | * Files/Fonts/ADVENTURE AWAIT.ttf-- -- --30784
3/14/2026 12:26:16 PM | * Files/Fonts/ADVENTURE AWAIT.woff-- -- --20916
3/14/2026 12:26:16 PM | * Files/Fonts/Aesthetic.eot-- -- --168308
3/14/2026 12:26:16 PM | * Files/Fonts/Aesthetic.ttf-- -- --168132
3/14/2026 12:26:16 PM | * Files/Fonts/Aesthetic.woff-- -- --83632
3/14/2026 12:26:16 PM | * Files/Fonts/Fonts.css-- -- --4403
3/14/2026 12:26:16 PM | * Files/Fonts/Ubuntu Regular.eot-- -- --49202
3/14/2026 12:26:16 PM | * Files/Fonts/Ubuntu Regular.ttf-- -- --49024
3/14/2026 12:26:16 PM | * Files/Fonts/Ubuntu Regular.woff-- -- --26724
3/14/2026 12:26:16 PM | * Templates/Base.css-- -- --4736
3/14/2026 12:26:16 PM | * Templates/Base.php-- -- --30587
3/14/2026 12:26:16 PM | * Backup/Templates/Base.tdat-- -- --1105364
3/14/2026 12:26:16 PM | * Backup/Common/DataFileSyncFtp.xml-- -- --219479
3/14/2026 12:26:16 PM | * Backup/Common/FTPLog.txt-- -- --156297
3/14/2026 12:26:16 PM | * Backup/Common/Garbage.cfg-- -- --1569
3/14/2026 12:26:16 PM | * Backup/Common/Linkmap.cfg-- -- --3751148
3/14/2026 12:26:16 PM | * Backup/Common/Lock.cfg-- -- --441
3/14/2026 12:26:16 PM | * Backup/Common/OEGuideline.cfg-- -- --12228874
3/14/2026 12:26:16 PM | * Backup/Common/online-fonts.htm-- -- --79
3/14/2026 12:26:16 PM | * Backup/Common/Palette.xml-- -- --295
3/14/2026 12:26:16 PM | * Backup/Common/Palette.xml.upd-- -- --10
3/14/2026 12:26:16 PM | * Backup/Common/SiteConfig.cfg-- -- --39403
3/14/2026 12:26:16 PM | * Backup/Common/UploadAllFileList.cfg-- -- --254071
3/14/2026 12:26:16 PM | * Backup/Common/User.cfg-- -- --590
3/14/2026 12:26:16 PM | * Backup/Belline net.ope-- -- --3598
3/14/2026 12:26:22 PM | 
3/14/2026 12:26:22 PM | 
--------------------------------Phase 1 Terminé--------------------------------
3/14/2026 12:26:22 PM | 

3/14/2026 12:39:33 PM | Debut Mise en ligne différentielle (Site):
3/14/2026 12:39:34 PM | Listing terminé :
3/14/2026 12:39:34 PM | 

3/14/2026 12:39:34 PM | * Tchat-- -- --Folder create
3/14/2026 12:39:34 PM | * Tchat/widgets-- -- --Folder create
3/14/2026 12:39:34 PM | * Tchat/templates-- -- --Folder create
3/14/2026 12:39:34 PM | * Tchat/stickers-- -- --Folder create
3/14/2026 12:39:34 PM | * Tchat/stickers/Stickers-- -- --Folder create
3/14/2026 12:39:34 PM | * Tchat/stickers/Deutsch-- -- --Folder create
3/14/2026 12:39:34 PM | * Tchat/splash-- -- --Folder create
3/14/2026 12:39:34 PM | * Tchat/lang-- -- --Folder create
3/14/2026 12:39:34 PM | * Tchat/install-- -- --Folder create
3/14/2026 12:39:34 PM | * Tchat/incl-- -- --Folder create
3/14/2026 12:39:34 PM | * Tchat/img-- -- --Folder create
3/14/2026 12:39:34 PM | * Tchat/backgrounds-- -- --Folder create
3/14/2026 12:39:34 PM | * Tchat/avatars-- -- --Folder create
3/14/2026 12:39:34 PM | * Tchat/attachments-- -- --Folder create
3/14/2026 12:39:34 PM | * Tchat/app-- -- --Folder create
3/14/2026 12:39:34 PM | * Tchat/admin-- -- --Folder create
3/14/2026 12:39:34 PM | * Tchat/admin/font-- -- --Folder create
3/14/2026 12:39:34 PM | * Planetes-- -- --Folder create
3/14/2026 12:39:34 PM | * Partenaires-- -- --Folder create
3/14/2026 12:39:34 PM | * Paiement-- -- --Folder create
3/14/2026 12:39:34 PM | * Online-- -- --Folder create
3/14/2026 12:39:34 PM | * Online/Templates-- -- --Folder create
3/14/2026 12:39:34 PM | * Methodes-- -- --Folder create
3/14/2026 12:39:34 PM | * Mail-- -- --Folder create
3/14/2026 12:39:34 PM | * Magie-- -- --Folder create
3/14/2026 12:39:34 PM | * Gratuite-- -- --Folder create
3/14/2026 12:39:34 PM | * Dons-- -- --Folder create
3/14/2026 12:39:34 PM | * Domicile-- -- --Folder create
3/14/2026 12:39:34 PM | * Coaching-- -- --Folder create
3/14/2026 12:39:34 PM | * Chat-- -- --Folder create
3/14/2026 12:39:34 PM | * CGU-- -- --Folder create
3/14/2026 12:39:34 PM | * Cartomancie-- -- --Folder create
3/14/2026 12:39:34 PM | * Cartomancie/Tarots-- -- --Folder create
3/14/2026 12:39:34 PM | * Cartomancie/Belline-- -- --Folder create
3/14/2026 12:39:34 PM | * Cartomancie/32-cartes-- -- --Folder create
3/14/2026 12:39:34 PM | * Cartomancie/32-cartes/Trefle-- -- --Folder create
3/14/2026 12:39:34 PM | * Cartomancie/32-cartes/Pique-- -- --Folder create
3/14/2026 12:39:34 PM | * Cartomancie/32-cartes/Coeur-- -- --Folder create
3/14/2026 12:39:34 PM | * Cartomancie/32-cartes/Carreau-- -- --Folder create
3/14/2026 12:39:34 PM | * Admin-- -- --Folder create
3/14/2026 12:39:34 PM | * Admin/sounds-- -- --Folder create
3/14/2026 12:39:34 PM | * Backup-- -- --Folder create
3/14/2026 12:39:34 PM | * Templates-- -- --Folder create
3/14/2026 12:39:34 PM | * WEFiles-- -- --Folder create
3/14/2026 12:39:34 PM | * WEFiles/Image-- -- --Folder create
3/14/2026 12:39:34 PM | * WEFiles/Image/WEImage-- -- --Folder create
3/14/2026 12:39:34 PM | * Backup/.htaccess-- -- --33
3/14/2026 12:39:34 PM | * .htaccess-- -- --0
3/14/2026 12:39:34 PM | * Admin/status.css-- -- --0
3/14/2026 12:39:34 PM | * Tchat/errors.txt-- -- --0
3/14/2026 12:39:34 PM | * index(var).js-- -- --171
3/14/2026 12:39:34 PM | * index.css-- -- --917
3/14/2026 12:39:34 PM | * Backup/index.dat-- -- --153052
3/14/2026 12:39:34 PM | * index.php-- -- --37241
3/14/2026 12:39:34 PM | * sitemap.xml-- -- --27420
3/14/2026 12:39:34 PM | * robots.txt-- -- --39
3/14/2026 12:39:34 PM | * Backup/Belline net.ope-- -- --3598
3/14/2026 12:39:38 PM | 
3/14/2026 12:39:38 PM | 
--------------------------------Phase 1 Terminé--------------------------------
3/14/2026 12:39:38 PM | 

3/14/2026 12:40:46 PM | Debut Mise en ligne différentielle (Site):
3/14/2026 12:40:47 PM | Listing terminé :
3/14/2026 12:40:47 PM | 

3/14/2026 12:40:47 PM | * Tchat-- -- --Folder create
3/14/2026 12:40:47 PM | * Tchat/widgets-- -- --Folder create
3/14/2026 12:40:47 PM | * Tchat/templates-- -- --Folder create
3/14/2026 12:40:47 PM | * Tchat/stickers-- -- --Folder create
3/14/2026 12:40:47 PM | * Tchat/stickers/Stickers-- -- --Folder create
3/14/2026 12:40:47 PM | * Tchat/stickers/Deutsch-- -- --Folder create
3/14/2026 12:40:47 PM | * Tchat/splash-- -- --Folder create
3/14/2026 12:40:47 PM | * Tchat/lang-- -- --Folder create
3/14/2026 12:40:47 PM | * Tchat/install-- -- --Folder create
3/14/2026 12:40:47 PM | * Tchat/incl-- -- --Folder create
3/14/2026 12:40:47 PM | * Tchat/img-- -- --Folder create
3/14/2026 12:40:47 PM | * Tchat/backgrounds-- -- --Folder create
3/14/2026 12:40:47 PM | * Tchat/avatars-- -- --Folder create
3/14/2026 12:40:47 PM | * Tchat/attachments-- -- --Folder create
3/14/2026 12:40:47 PM | * Tchat/app-- -- --Folder create
3/14/2026 12:40:47 PM | * Tchat/admin-- -- --Folder create
3/14/2026 12:40:47 PM | * Tchat/admin/font-- -- --Folder create
3/14/2026 12:40:47 PM | * Planetes-- -- --Folder create
3/14/2026 12:40:47 PM | * Partenaires-- -- --Folder create
3/14/2026 12:40:47 PM | * Paiement-- -- --Folder create
3/14/2026 12:40:47 PM | * Online-- -- --Folder create
3/14/2026 12:40:47 PM | * Online/Templates-- -- --Folder create
3/14/2026 12:40:47 PM | * Methodes-- -- --Folder create
3/14/2026 12:40:47 PM | * Mail-- -- --Folder create
3/14/2026 12:40:47 PM | * Magie-- -- --Folder create
3/14/2026 12:40:47 PM | * Gratuite-- -- --Folder create
3/14/2026 12:40:47 PM | * Dons-- -- --Folder create
3/14/2026 12:40:47 PM | * Domicile-- -- --Folder create
3/14/2026 12:40:47 PM | * Coaching-- -- --Folder create
3/14/2026 12:40:47 PM | * Chat-- -- --Folder create
3/14/2026 12:40:47 PM | * CGU-- -- --Folder create
3/14/2026 12:40:47 PM | * Cartomancie-- -- --Folder create
3/14/2026 12:40:47 PM | * Cartomancie/Tarots-- -- --Folder create
3/14/2026 12:40:47 PM | * Cartomancie/Belline-- -- --Folder create
3/14/2026 12:40:47 PM | * Cartomancie/32-cartes-- -- --Folder create
3/14/2026 12:40:47 PM | * Cartomancie/32-cartes/Trefle-- -- --Folder create
3/14/2026 12:40:47 PM | * Cartomancie/32-cartes/Pique-- -- --Folder create
3/14/2026 12:40:47 PM | * Cartomancie/32-cartes/Coeur-- -- --Folder create
3/14/2026 12:40:47 PM | * Cartomancie/32-cartes/Carreau-- -- --Folder create
3/14/2026 12:40:47 PM | * Admin-- -- --Folder create
3/14/2026 12:40:47 PM | * Admin/sounds-- -- --Folder create
3/14/2026 12:40:47 PM | * Backup-- -- --Folder create
3/14/2026 12:40:47 PM | * Templates-- -- --Folder create
3/14/2026 12:40:47 PM | * WEFiles-- -- --Folder create
3/14/2026 12:40:47 PM | * WEFiles/Image-- -- --Folder create
3/14/2026 12:40:47 PM | * WEFiles/Image/WEImage-- -- --Folder create
3/14/2026 12:40:47 PM | * Backup/.htaccess-- -- --33
3/14/2026 12:40:47 PM | * .htaccess-- -- --0
3/14/2026 12:40:47 PM | * Admin/status.css-- -- --0
3/14/2026 12:40:47 PM | * Tchat/errors.txt-- -- --0
3/14/2026 12:40:47 PM | * index(var).js-- -- --171
3/14/2026 12:40:47 PM | * index.css-- -- --917
3/14/2026 12:40:47 PM | * Backup/index.dat-- -- --153047
3/14/2026 12:40:47 PM | * index.php-- -- --37236
3/14/2026 12:40:47 PM | * sitemap.xml-- -- --27420
3/14/2026 12:40:47 PM | * robots.txt-- -- --39
3/14/2026 12:40:47 PM | * Backup/Belline net.ope-- -- --3598
3/14/2026 12:40:52 PM | 
3/14/2026 12:40:52 PM | 
--------------------------------Phase 1 Terminé--------------------------------
3/14/2026 12:40:52 PM | 

3/17/2026 12:05:40 PM | Debut Mise en ligne différentielle (Site):
3/17/2026 12:05:41 PM | Listing terminé :
3/17/2026 12:05:41 PM | 

3/17/2026 12:05:41 PM | * Tchat-- -- --Folder create
3/17/2026 12:05:41 PM | * Tchat/widgets-- -- --Folder create
3/17/2026 12:05:41 PM | * Tchat/templates-- -- --Folder create
3/17/2026 12:05:41 PM | * Tchat/stickers-- -- --Folder create
3/17/2026 12:05:41 PM | * Tchat/stickers/Stickers-- -- --Folder create
3/17/2026 12:05:41 PM | * Tchat/stickers/Deutsch-- -- --Folder create
3/17/2026 12:05:41 PM | * Tchat/splash-- -- --Folder create
3/17/2026 12:05:41 PM | * Tchat/lang-- -- --Folder create
3/17/2026 12:05:41 PM | * Tchat/install-- -- --Folder create
3/17/2026 12:05:41 PM | * Tchat/incl-- -- --Folder create
3/17/2026 12:05:41 PM | * Tchat/img-- -- --Folder create
3/17/2026 12:05:41 PM | * Tchat/backgrounds-- -- --Folder create
3/17/2026 12:05:41 PM | * Tchat/avatars-- -- --Folder create
3/17/2026 12:05:41 PM | * Tchat/attachments-- -- --Folder create
3/17/2026 12:05:41 PM | * Tchat/app-- -- --Folder create
3/17/2026 12:05:41 PM | * Tchat/admin-- -- --Folder create
3/17/2026 12:05:41 PM | * Tchat/admin/font-- -- --Folder create
3/17/2026 12:05:41 PM | * Planetes-- -- --Folder create
3/17/2026 12:05:41 PM | * Partenaires-- -- --Folder create
3/17/2026 12:05:41 PM | * Paiement-- -- --Folder create
3/17/2026 12:05:41 PM | * Online-- -- --Folder create
3/17/2026 12:05:41 PM | * Online/Templates-- -- --Folder create
3/17/2026 12:05:41 PM | * Methodes-- -- --Folder create
3/17/2026 12:05:41 PM | * Mail-- -- --Folder create
3/17/2026 12:05:41 PM | * Magie-- -- --Folder create
3/17/2026 12:05:41 PM | * Gratuite-- -- --Folder create
3/17/2026 12:05:41 PM | * Dons-- -- --Folder create
3/17/2026 12:05:41 PM | * Domicile-- -- --Folder create
3/17/2026 12:05:41 PM | * Coaching-- -- --Folder create
3/17/2026 12:05:41 PM | * Chat-- -- --Folder create
3/17/2026 12:05:41 PM | * CGU-- -- --Folder create
3/17/2026 12:05:41 PM | * Cartomancie-- -- --Folder create
3/17/2026 12:05:41 PM | * Cartomancie/Tarots-- -- --Folder create
3/17/2026 12:05:41 PM | * Cartomancie/Belline-- -- --Folder create
3/17/2026 12:05:41 PM | * Cartomancie/32-cartes-- -- --Folder create
3/17/2026 12:05:41 PM | * Cartomancie/32-cartes/Trefle-- -- --Folder create
3/17/2026 12:05:41 PM | * Cartomancie/32-cartes/Pique-- -- --Folder create
3/17/2026 12:05:41 PM | * Cartomancie/32-cartes/Coeur-- -- --Folder create
3/17/2026 12:05:41 PM | * Cartomancie/32-cartes/Carreau-- -- --Folder create
3/17/2026 12:05:41 PM | * Admin-- -- --Folder create
3/17/2026 12:05:41 PM | * Admin/sounds-- -- --Folder create
3/17/2026 12:05:41 PM | * Backup-- -- --Folder create
3/17/2026 12:05:41 PM | * Templates-- -- --Folder create
3/17/2026 12:05:41 PM | * WEFiles-- -- --Folder create
3/17/2026 12:05:41 PM | * WEFiles/Image-- -- --Folder create
3/17/2026 12:05:41 PM | * WEFiles/Image/WEImage-- -- --Folder create
3/17/2026 12:05:41 PM | * Backup/.htaccess-- -- --33
3/17/2026 12:05:41 PM | * .htaccess-- -- --0
3/17/2026 12:05:41 PM | * Admin/status.css-- -- --0
3/17/2026 12:05:41 PM | * Gratuite/Formulaire(var).js-- -- --1147
3/17/2026 12:05:41 PM | * Gratuite/Formulaire(var).php-- -- --3811
3/17/2026 12:05:41 PM | * Gratuite/Formulaire.css-- -- --5261
3/17/2026 12:05:41 PM | * Backup/Gratuite/Formulaire.dat-- -- --1082244
3/17/2026 12:05:41 PM | * Gratuite/Formulaire.php-- -- --64273
3/17/2026 12:05:41 PM | * Tchat/errors.txt-- -- --0
3/17/2026 12:05:41 PM | * sitemap.xml-- -- --27420
3/17/2026 12:05:41 PM | * robots.txt-- -- --39
3/17/2026 12:05:41 PM | * Backup/Belline net.ope-- -- --3598
3/17/2026 12:05:43 PM | 
3/17/2026 12:05:43 PM | 
--------------------------------Phase 1 Terminé--------------------------------
3/17/2026 12:05:43 PM | 

3/17/2026 12:07:02 PM | Debut Mise en ligne différentielle (Site):
3/17/2026 12:07:03 PM | Listing terminé :
3/17/2026 12:07:03 PM | 

3/17/2026 12:07:03 PM | * Tchat-- -- --Folder create
3/17/2026 12:07:03 PM | * Tchat/widgets-- -- --Folder create
3/17/2026 12:07:03 PM | * Tchat/templates-- -- --Folder create
3/17/2026 12:07:03 PM | * Tchat/stickers-- -- --Folder create
3/17/2026 12:07:03 PM | * Tchat/stickers/Stickers-- -- --Folder create
3/17/2026 12:07:03 PM | * Tchat/stickers/Deutsch-- -- --Folder create
3/17/2026 12:07:03 PM | * Tchat/splash-- -- --Folder create
3/17/2026 12:07:03 PM | * Tchat/lang-- -- --Folder create
3/17/2026 12:07:03 PM | * Tchat/install-- -- --Folder create
3/17/2026 12:07:03 PM | * Tchat/incl-- -- --Folder create
3/17/2026 12:07:03 PM | * Tchat/img-- -- --Folder create
3/17/2026 12:07:03 PM | * Tchat/backgrounds-- -- --Folder create
3/17/2026 12:07:03 PM | * Tchat/avatars-- -- --Folder create
3/17/2026 12:07:03 PM | * Tchat/attachments-- -- --Folder create
3/17/2026 12:07:03 PM | * Tchat/app-- -- --Folder create
3/17/2026 12:07:03 PM | * Tchat/admin-- -- --Folder create
3/17/2026 12:07:03 PM | * Tchat/admin/font-- -- --Folder create
3/17/2026 12:07:03 PM | * Planetes-- -- --Folder create
3/17/2026 12:07:03 PM | * Partenaires-- -- --Folder create
3/17/2026 12:07:03 PM | * Paiement-- -- --Folder create
3/17/2026 12:07:03 PM | * Online-- -- --Folder create
3/17/2026 12:07:03 PM | * Online/Templates-- -- --Folder create
3/17/2026 12:07:03 PM | * Methodes-- -- --Folder create
3/17/2026 12:07:03 PM | * Mail-- -- --Folder create
3/17/2026 12:07:03 PM | * Magie-- -- --Folder create
3/17/2026 12:07:03 PM | * Gratuite-- -- --Folder create
3/17/2026 12:07:03 PM | * Dons-- -- --Folder create
3/17/2026 12:07:03 PM | * Domicile-- -- --Folder create
3/17/2026 12:07:03 PM | * Coaching-- -- --Folder create
3/17/2026 12:07:03 PM | * Chat-- -- --Folder create
3/17/2026 12:07:03 PM | * CGU-- -- --Folder create
3/17/2026 12:07:03 PM | * Cartomancie-- -- --Folder create
3/17/2026 12:07:03 PM | * Cartomancie/Tarots-- -- --Folder create
3/17/2026 12:07:03 PM | * Cartomancie/Belline-- -- --Folder create
3/17/2026 12:07:03 PM | * Cartomancie/32-cartes-- -- --Folder create
3/17/2026 12:07:03 PM | * Cartomancie/32-cartes/Trefle-- -- --Folder create
3/17/2026 12:07:03 PM | * Cartomancie/32-cartes/Pique-- -- --Folder create
3/17/2026 12:07:03 PM | * Cartomancie/32-cartes/Coeur-- -- --Folder create
3/17/2026 12:07:03 PM | * Cartomancie/32-cartes/Carreau-- -- --Folder create
3/17/2026 12:07:03 PM | * Admin-- -- --Folder create
3/17/2026 12:07:03 PM | * Admin/sounds-- -- --Folder create
3/17/2026 12:07:03 PM | * Backup-- -- --Folder create
3/17/2026 12:07:03 PM | * Templates-- -- --Folder create
3/17/2026 12:07:03 PM | * WEFiles-- -- --Folder create
3/17/2026 12:07:03 PM | * WEFiles/Image-- -- --Folder create
3/17/2026 12:07:03 PM | * WEFiles/Image/WEImage-- -- --Folder create
3/17/2026 12:07:03 PM | * Backup/.htaccess-- -- --33
3/17/2026 12:07:03 PM | * .htaccess-- -- --0
3/17/2026 12:07:03 PM | * Admin/status.css-- -- --0
3/17/2026 12:07:03 PM | * Gratuite/Formulaire(var).js-- -- --1147
3/17/2026 12:07:03 PM | * Gratuite/Formulaire(var).php-- -- --3811
3/17/2026 12:07:03 PM | * Gratuite/Formulaire.css-- -- --5261
3/17/2026 12:07:03 PM | * Backup/Gratuite/Formulaire.dat-- -- --1082244
3/17/2026 12:07:03 PM | * Gratuite/Formulaire.php-- -- --64273
3/17/2026 12:07:03 PM | * Tchat/errors.txt-- -- --0
3/17/2026 12:07:03 PM | * sitemap.xml-- -- --27420
3/17/2026 12:07:03 PM | * robots.txt-- -- --39
3/17/2026 12:07:03 PM | * Backup/Belline net.ope-- -- --3598
3/17/2026 12:07:05 PM | 
3/17/2026 12:07:05 PM | 
--------------------------------Phase 1 Terminé--------------------------------
3/17/2026 12:07:05 PM | 

3/21/2026 10:45:05 AM | Debut Mise en ligne différentielle (Site):
3/21/2026 10:45:05 AM | Listing terminé :
3/21/2026 10:45:05 AM | 

3/21/2026 10:45:05 AM | * Tchat-- -- --Folder create
3/21/2026 10:45:05 AM | * Tchat/widgets-- -- --Folder create
3/21/2026 10:45:05 AM | * Tchat/templates-- -- --Folder create
3/21/2026 10:45:05 AM | * Tchat/stickers-- -- --Folder create
3/21/2026 10:45:05 AM | * Tchat/stickers/Stickers-- -- --Folder create
3/21/2026 10:45:05 AM | * Tchat/stickers/Deutsch-- -- --Folder create
3/21/2026 10:45:05 AM | * Tchat/splash-- -- --Folder create
3/21/2026 10:45:05 AM | * Tchat/lang-- -- --Folder create
3/21/2026 10:45:05 AM | * Tchat/install-- -- --Folder create
3/21/2026 10:45:05 AM | * Tchat/incl-- -- --Folder create
3/21/2026 10:45:05 AM | * Tchat/img-- -- --Folder create
3/21/2026 10:45:05 AM | * Tchat/backgrounds-- -- --Folder create
3/21/2026 10:45:05 AM | * Tchat/avatars-- -- --Folder create
3/21/2026 10:45:05 AM | * Tchat/attachments-- -- --Folder create
3/21/2026 10:45:05 AM | * Tchat/app-- -- --Folder create
3/21/2026 10:45:05 AM | * Tchat/admin-- -- --Folder create
3/21/2026 10:45:05 AM | * Tchat/admin/font-- -- --Folder create
3/21/2026 10:45:05 AM | * Planetes-- -- --Folder create
3/21/2026 10:45:05 AM | * Partenaires-- -- --Folder create
3/21/2026 10:45:05 AM | * Paiement-- -- --Folder create
3/21/2026 10:45:05 AM | * Online-- -- --Folder create
3/21/2026 10:45:05 AM | * Online/Templates-- -- --Folder create
3/21/2026 10:45:05 AM | * Methodes-- -- --Folder create
3/21/2026 10:45:05 AM | * Mail-- -- --Folder create
3/21/2026 10:45:05 AM | * Magie-- -- --Folder create
3/21/2026 10:45:05 AM | * Gratuite-- -- --Folder create
3/21/2026 10:45:05 AM | * Dons-- -- --Folder create
3/21/2026 10:45:05 AM | * Domicile-- -- --Folder create
3/21/2026 10:45:05 AM | * Coaching-- -- --Folder create
3/21/2026 10:45:05 AM | * Chat-- -- --Folder create
3/21/2026 10:45:05 AM | * CGU-- -- --Folder create
3/21/2026 10:45:05 AM | * Cartomancie-- -- --Folder create
3/21/2026 10:45:05 AM | * Cartomancie/Tarots-- -- --Folder create
3/21/2026 10:45:05 AM | * Cartomancie/Belline-- -- --Folder create
3/21/2026 10:45:05 AM | * Cartomancie/32-cartes-- -- --Folder create
3/21/2026 10:45:05 AM | * Cartomancie/32-cartes/Trefle-- -- --Folder create
3/21/2026 10:45:05 AM | * Cartomancie/32-cartes/Pique-- -- --Folder create
3/21/2026 10:45:05 AM | * Cartomancie/32-cartes/Coeur-- -- --Folder create
3/21/2026 10:45:05 AM | * Cartomancie/32-cartes/Carreau-- -- --Folder create
3/21/2026 10:45:05 AM | * Admin-- -- --Folder create
3/21/2026 10:45:05 AM | * Admin/sounds-- -- --Folder create
3/21/2026 10:45:05 AM | * Backup-- -- --Folder create
3/21/2026 10:45:05 AM | * Templates-- -- --Folder create
3/21/2026 10:45:05 AM | * WEFiles-- -- --Folder create
3/21/2026 10:45:05 AM | * WEFiles/Image-- -- --Folder create
3/21/2026 10:45:05 AM | * WEFiles/Image/WEImage-- -- --Folder create
3/21/2026 10:45:05 AM | * Backup/.htaccess-- -- --33
3/21/2026 10:45:05 AM | * .htaccess-- -- --0
3/21/2026 10:45:05 AM | * Admin/status.css-- -- --0
3/21/2026 10:45:05 AM | * Dons/Dons(var).js-- -- --171
3/21/2026 10:45:05 AM | * Dons/Dons.css-- -- --1483
3/21/2026 10:45:05 AM | * Backup/Dons/Dons.dat-- -- --331589
3/21/2026 10:45:05 AM | * Dons/Dons.php-- -- --37145
3/21/2026 10:45:05 AM | * Tchat/errors.txt-- -- --0
3/21/2026 10:45:05 AM | * sitemap.xml-- -- --27420
3/21/2026 10:45:05 AM | * robots.txt-- -- --39
3/21/2026 10:45:05 AM | * Backup/Belline net.ope-- -- --3598
3/21/2026 10:45:07 AM | 
3/21/2026 10:45:07 AM | 
--------------------------------Phase 1 Terminé--------------------------------
3/21/2026 10:45:07 AM | 

3/21/2026 11:04:41 AM | Debut Mise en ligne différentielle (Site):
3/21/2026 11:04:43 AM | Listing terminé :
3/21/2026 11:04:43 AM | 

3/21/2026 11:04:43 AM | * Tchat-- -- --Folder create
3/21/2026 11:04:43 AM | * Tchat/widgets-- -- --Folder create
3/21/2026 11:04:43 AM | * Tchat/templates-- -- --Folder create
3/21/2026 11:04:43 AM | * Tchat/stickers-- -- --Folder create
3/21/2026 11:04:43 AM | * Tchat/stickers/Stickers-- -- --Folder create
3/21/2026 11:04:43 AM | * Tchat/stickers/Deutsch-- -- --Folder create
3/21/2026 11:04:43 AM | * Tchat/splash-- -- --Folder create
3/21/2026 11:04:43 AM | * Tchat/lang-- -- --Folder create
3/21/2026 11:04:43 AM | * Tchat/install-- -- --Folder create
3/21/2026 11:04:43 AM | * Tchat/incl-- -- --Folder create
3/21/2026 11:04:43 AM | * Tchat/img-- -- --Folder create
3/21/2026 11:04:43 AM | * Tchat/backgrounds-- -- --Folder create
3/21/2026 11:04:43 AM | * Tchat/avatars-- -- --Folder create
3/21/2026 11:04:43 AM | * Tchat/attachments-- -- --Folder create
3/21/2026 11:04:43 AM | * Tchat/app-- -- --Folder create
3/21/2026 11:04:43 AM | * Tchat/admin-- -- --Folder create
3/21/2026 11:04:43 AM | * Tchat/admin/font-- -- --Folder create
3/21/2026 11:04:43 AM | * Planetes-- -- --Folder create
3/21/2026 11:04:43 AM | * Partenaires-- -- --Folder create
3/21/2026 11:04:43 AM | * Paiement-- -- --Folder create
3/21/2026 11:04:43 AM | * Online-- -- --Folder create
3/21/2026 11:04:43 AM | * Online/Templates-- -- --Folder create
3/21/2026 11:04:43 AM | * Methodes-- -- --Folder create
3/21/2026 11:04:43 AM | * Mail-- -- --Folder create
3/21/2026 11:04:43 AM | * Magie-- -- --Folder create
3/21/2026 11:04:43 AM | * Gratuite-- -- --Folder create
3/21/2026 11:04:43 AM | * Dons-- -- --Folder create
3/21/2026 11:04:43 AM | * Domicile-- -- --Folder create
3/21/2026 11:04:43 AM | * Coaching-- -- --Folder create
3/21/2026 11:04:43 AM | * Chat-- -- --Folder create
3/21/2026 11:04:43 AM | * CGU-- -- --Folder create
3/21/2026 11:04:43 AM | * Cartomancie-- -- --Folder create
3/21/2026 11:04:43 AM | * Cartomancie/Tarots-- -- --Folder create
3/21/2026 11:04:43 AM | * Cartomancie/Belline-- -- --Folder create
3/21/2026 11:04:43 AM | * Cartomancie/32-cartes-- -- --Folder create
3/21/2026 11:04:43 AM | * Cartomancie/32-cartes/Trefle-- -- --Folder create
3/21/2026 11:04:43 AM | * Cartomancie/32-cartes/Pique-- -- --Folder create
3/21/2026 11:04:43 AM | * Cartomancie/32-cartes/Coeur-- -- --Folder create
3/21/2026 11:04:43 AM | * Cartomancie/32-cartes/Carreau-- -- --Folder create
3/21/2026 11:04:43 AM | * Admin-- -- --Folder create
3/21/2026 11:04:43 AM | * Admin/sounds-- -- --Folder create
3/21/2026 11:04:43 AM | * Backup-- -- --Folder create
3/21/2026 11:04:43 AM | * Templates-- -- --Folder create
3/21/2026 11:04:43 AM | * WEFiles-- -- --Folder create
3/21/2026 11:04:43 AM | * WEFiles/Image-- -- --Folder create
3/21/2026 11:04:43 AM | * WEFiles/Image/WEImage-- -- --Folder create
3/21/2026 11:04:43 AM | * Backup/.htaccess-- -- --33
3/21/2026 11:04:43 AM | * .htaccess-- -- --0
3/21/2026 11:04:43 AM | * Admin/status.css-- -- --0
3/21/2026 11:04:43 AM | * Dons/Dons(var).js-- -- --171
3/21/2026 11:04:43 AM | * Dons/Dons.css-- -- --1483
3/21/2026 11:04:43 AM | * Backup/Dons/Dons.dat-- -- --331589
3/21/2026 11:04:43 AM | * Dons/Dons.php-- -- --37145
3/21/2026 11:04:43 AM | * Tchat/errors.txt-- -- --0
3/21/2026 11:04:43 AM | * index(var).js-- -- --171
3/21/2026 11:04:43 AM | * index.css-- -- --917
3/21/2026 11:04:43 AM | * Backup/index.dat-- -- --153431
3/21/2026 11:04:43 AM | * index.php-- -- --37620
3/21/2026 11:04:43 AM | * sitemap.xml-- -- --27420
3/21/2026 11:04:43 AM | * robots.txt-- -- --39
3/21/2026 11:04:43 AM | * Backup/Belline net.ope-- -- --3598
3/21/2026 11:04:45 AM | 
3/21/2026 11:04:45 AM | 
--------------------------------Phase 1 Terminé--------------------------------
3/21/2026 11:04:45 AM | 

3/21/2026 11:20:51 AM | Debut Mise en ligne différentielle (Site):
3/21/2026 11:20:53 AM | Listing terminé :
3/21/2026 11:20:53 AM | 

3/21/2026 11:20:53 AM | * Tchat-- -- --Folder create
3/21/2026 11:20:53 AM | * Tchat/widgets-- -- --Folder create
3/21/2026 11:20:53 AM | * Tchat/templates-- -- --Folder create
3/21/2026 11:20:53 AM | * Tchat/stickers-- -- --Folder create
3/21/2026 11:20:53 AM | * Tchat/stickers/Stickers-- -- --Folder create
3/21/2026 11:20:53 AM | * Tchat/stickers/Deutsch-- -- --Folder create
3/21/2026 11:20:53 AM | * Tchat/splash-- -- --Folder create
3/21/2026 11:20:53 AM | * Tchat/lang-- -- --Folder create
3/21/2026 11:20:53 AM | * Tchat/install-- -- --Folder create
3/21/2026 11:20:53 AM | * Tchat/incl-- -- --Folder create
3/21/2026 11:20:53 AM | * Tchat/img-- -- --Folder create
3/21/2026 11:20:53 AM | * Tchat/backgrounds-- -- --Folder create
3/21/2026 11:20:53 AM | * Tchat/avatars-- -- --Folder create
3/21/2026 11:20:53 AM | * Tchat/attachments-- -- --Folder create
3/21/2026 11:20:53 AM | * Tchat/app-- -- --Folder create
3/21/2026 11:20:53 AM | * Tchat/admin-- -- --Folder create
3/21/2026 11:20:53 AM | * Tchat/admin/font-- -- --Folder create
3/21/2026 11:20:53 AM | * Planetes-- -- --Folder create
3/21/2026 11:20:53 AM | * Partenaires-- -- --Folder create
3/21/2026 11:20:53 AM | * Paiement-- -- --Folder create
3/21/2026 11:20:53 AM | * Online-- -- --Folder create
3/21/2026 11:20:53 AM | * Online/Templates-- -- --Folder create
3/21/2026 11:20:53 AM | * Methodes-- -- --Folder create
3/21/2026 11:20:53 AM | * Mail-- -- --Folder create
3/21/2026 11:20:53 AM | * Magie-- -- --Folder create
3/21/2026 11:20:53 AM | * Gratuite-- -- --Folder create
3/21/2026 11:20:53 AM | * Dons-- -- --Folder create
3/21/2026 11:20:53 AM | * Domicile-- -- --Folder create
3/21/2026 11:20:53 AM | * Coaching-- -- --Folder create
3/21/2026 11:20:53 AM | * Chat-- -- --Folder create
3/21/2026 11:20:53 AM | * CGU-- -- --Folder create
3/21/2026 11:20:53 AM | * Cartomancie-- -- --Folder create
3/21/2026 11:20:53 AM | * Cartomancie/Tarots-- -- --Folder create
3/21/2026 11:20:53 AM | * Cartomancie/Belline-- -- --Folder create
3/21/2026 11:20:53 AM | * Cartomancie/32-cartes-- -- --Folder create
3/21/2026 11:20:53 AM | * Cartomancie/32-cartes/Trefle-- -- --Folder create
3/21/2026 11:20:53 AM | * Cartomancie/32-cartes/Pique-- -- --Folder create
3/21/2026 11:20:53 AM | * Cartomancie/32-cartes/Coeur-- -- --Folder create
3/21/2026 11:20:53 AM | * Cartomancie/32-cartes/Carreau-- -- --Folder create
3/21/2026 11:20:53 AM | * Admin-- -- --Folder create
3/21/2026 11:20:53 AM | * Admin/sounds-- -- --Folder create
3/21/2026 11:20:53 AM | * Backup-- -- --Folder create
3/21/2026 11:20:53 AM | * Templates-- -- --Folder create
3/21/2026 11:20:53 AM | * WEFiles-- -- --Folder create
3/21/2026 11:20:53 AM | * WEFiles/Image-- -- --Folder create
3/21/2026 11:20:53 AM | * WEFiles/Image/WEImage-- -- --Folder create
3/21/2026 11:20:53 AM | * Backup/.htaccess-- -- --33
3/21/2026 11:20:53 AM | * .htaccess-- -- --0
3/21/2026 11:20:53 AM | * Admin/status.css-- -- --0
3/21/2026 11:20:53 AM | * CGU/CGU(var).js-- -- --171
3/21/2026 11:20:53 AM | * CGU/CGU.css-- -- --1071
3/21/2026 11:20:53 AM | * Backup/CGU/CGU.dat-- -- --253334
3/21/2026 11:20:53 AM | * CGU/CGU.php-- -- --40854
3/21/2026 11:20:53 AM | * Tchat/errors.txt-- -- --0
3/21/2026 11:20:53 AM | * index(var).js-- -- --171
3/21/2026 11:20:53 AM | * index.css-- -- --917
3/21/2026 11:20:53 AM | * Backup/index.dat-- -- --153431
3/21/2026 11:20:53 AM | * index.php-- -- --37620
3/21/2026 11:20:53 AM | * sitemap.xml-- -- --27420
3/21/2026 11:20:53 AM | * robots.txt-- -- --39
3/21/2026 11:20:53 AM | * Backup/Belline net.ope-- -- --3598
3/21/2026 11:20:55 AM | 
3/21/2026 11:20:55 AM | 
--------------------------------Phase 1 Terminé--------------------------------
3/21/2026 11:20:55 AM | 

3/22/2026 11:34:35 AM | Debut Mise en ligne différentielle (Site):
3/22/2026 11:34:37 AM | Listing terminé :
3/22/2026 11:34:37 AM | 

3/22/2026 11:34:37 AM | * Tchat-- -- --Folder create
3/22/2026 11:34:37 AM | * Tchat/widgets-- -- --Folder create
3/22/2026 11:34:37 AM | * Tchat/templates-- -- --Folder create
3/22/2026 11:34:37 AM | * Tchat/stickers-- -- --Folder create
3/22/2026 11:34:37 AM | * Tchat/stickers/Stickers-- -- --Folder create
3/22/2026 11:34:37 AM | * Tchat/stickers/Deutsch-- -- --Folder create
3/22/2026 11:34:37 AM | * Tchat/splash-- -- --Folder create
3/22/2026 11:34:37 AM | * Tchat/lang-- -- --Folder create
3/22/2026 11:34:37 AM | * Tchat/install-- -- --Folder create
3/22/2026 11:34:37 AM | * Tchat/incl-- -- --Folder create
3/22/2026 11:34:37 AM | * Tchat/img-- -- --Folder create
3/22/2026 11:34:37 AM | * Tchat/backgrounds-- -- --Folder create
3/22/2026 11:34:37 AM | * Tchat/avatars-- -- --Folder create
3/22/2026 11:34:37 AM | * Tchat/attachments-- -- --Folder create
3/22/2026 11:34:37 AM | * Tchat/app-- -- --Folder create
3/22/2026 11:34:37 AM | * Tchat/admin-- -- --Folder create
3/22/2026 11:34:37 AM | * Tchat/admin/font-- -- --Folder create
3/22/2026 11:34:37 AM | * Planetes-- -- --Folder create
3/22/2026 11:34:37 AM | * Partenaires-- -- --Folder create
3/22/2026 11:34:37 AM | * Paiement-- -- --Folder create
3/22/2026 11:34:37 AM | * Online-- -- --Folder create
3/22/2026 11:34:37 AM | * Online/Templates-- -- --Folder create
3/22/2026 11:34:37 AM | * Methodes-- -- --Folder create
3/22/2026 11:34:37 AM | * Mail-- -- --Folder create
3/22/2026 11:34:37 AM | * Magie-- -- --Folder create
3/22/2026 11:34:37 AM | * Gratuite-- -- --Folder create
3/22/2026 11:34:37 AM | * Dons-- -- --Folder create
3/22/2026 11:34:37 AM | * Domicile-- -- --Folder create
3/22/2026 11:34:37 AM | * Coaching-- -- --Folder create
3/22/2026 11:34:37 AM | * Chat-- -- --Folder create
3/22/2026 11:34:37 AM | * CGU-- -- --Folder create
3/22/2026 11:34:37 AM | * Cartomancie-- -- --Folder create
3/22/2026 11:34:37 AM | * Cartomancie/Tarots-- -- --Folder create
3/22/2026 11:34:37 AM | * Cartomancie/Belline-- -- --Folder create
3/22/2026 11:34:37 AM | * Cartomancie/32-cartes-- -- --Folder create
3/22/2026 11:34:37 AM | * Cartomancie/32-cartes/Trefle-- -- --Folder create
3/22/2026 11:34:37 AM | * Cartomancie/32-cartes/Pique-- -- --Folder create
3/22/2026 11:34:37 AM | * Cartomancie/32-cartes/Coeur-- -- --Folder create
3/22/2026 11:34:37 AM | * Cartomancie/32-cartes/Carreau-- -- --Folder create
3/22/2026 11:34:37 AM | * Admin-- -- --Folder create
3/22/2026 11:34:37 AM | * Admin/sounds-- -- --Folder create
3/22/2026 11:34:37 AM | * Backup-- -- --Folder create
3/22/2026 11:34:37 AM | * Templates-- -- --Folder create
3/22/2026 11:34:37 AM | * WEFiles-- -- --Folder create
3/22/2026 11:34:37 AM | * WEFiles/Image-- -- --Folder create
3/22/2026 11:34:37 AM | * WEFiles/Image/WEImage-- -- --Folder create
3/22/2026 11:34:37 AM | * Backup/.htaccess-- -- --33
3/22/2026 11:34:37 AM | * .htaccess-- -- --0
3/22/2026 11:34:37 AM | * Admin/status.css-- -- --0
3/22/2026 11:34:37 AM | * CGU/CGU(var).js-- -- --171
3/22/2026 11:34:37 AM | * CGU/CGU.css-- -- --1071
3/22/2026 11:34:37 AM | * Backup/CGU/CGU.dat-- -- --253965
3/22/2026 11:34:37 AM | * CGU/CGU.php-- -- --41390
3/22/2026 11:34:37 AM | * Chat/Formulaire(var).js-- -- --1103
3/22/2026 11:34:37 AM | * Chat/Formulaire(var).php-- -- --4015
3/22/2026 11:34:37 AM | * Chat/Formulaire.css-- -- --4727
3/22/2026 11:34:37 AM | * Backup/Chat/Formulaire.dat-- -- --1028591
3/22/2026 11:34:37 AM | * Chat/Formulaire.php-- -- --62834
3/22/2026 11:34:37 AM | * Coaching/Coaching(var).js-- -- --1111
3/22/2026 11:34:37 AM | * Coaching/Coaching(var).php-- -- --2415
3/22/2026 11:34:37 AM | * Coaching/Coaching.css-- -- --4726
3/22/2026 11:34:37 AM | * Backup/Coaching/Coaching.dat-- -- --1009065
3/22/2026 11:34:37 AM | * Coaching/Coaching.php-- -- --63014
3/22/2026 11:34:37 AM | * Domicile/Formulaire(var).js-- -- --1111
3/22/2026 11:34:37 AM | * Domicile/Formulaire(var).php-- -- --3500
3/22/2026 11:34:37 AM | * Domicile/Formulaire.css-- -- --4727
3/22/2026 11:34:37 AM | * Backup/Domicile/Formulaire.dat-- -- --1021966
3/22/2026 11:34:37 AM | * Domicile/Formulaire.php-- -- --62975
3/22/2026 11:34:37 AM | * Gratuite/Formulaire(var).js-- -- --1147
3/22/2026 11:34:37 AM | * Gratuite/Formulaire(var).php-- -- --3811
3/22/2026 11:34:37 AM | * Gratuite/Formulaire.css-- -- --5261
3/22/2026 11:34:37 AM | * Backup/Gratuite/Formulaire.dat-- -- --1081973
3/22/2026 11:34:37 AM | * Gratuite/Formulaire.php-- -- --64183
3/22/2026 11:34:37 AM | * Magie/Formulaire(var).js-- -- --1133
3/22/2026 11:34:37 AM | * Magie/Formulaire(var).php-- -- --5375
3/22/2026 11:34:37 AM | * Magie/Formulaire.css-- -- --4882
3/22/2026 11:34:37 AM | * Backup/Magie/Formulaire.dat-- -- --1097123
3/22/2026 11:34:37 AM | * Magie/Formulaire.php-- -- --67061
3/22/2026 11:34:37 AM | * Mail/Formulaire(var).js-- -- --1103
3/22/2026 11:34:37 AM | * Mail/Formulaire(var).php-- -- --2242
3/22/2026 11:34:37 AM | * Mail/Formulaire.css-- -- --4265
3/22/2026 11:34:37 AM | * Backup/Mail/Formulaire.dat-- -- --808864
3/22/2026 11:34:37 AM | * Mail/Formulaire.php-- -- --54669
3/22/2026 11:34:37 AM | * Tchat/errors.txt-- -- --0
3/22/2026 11:34:37 AM | * index(var).js-- -- --171
3/22/2026 11:34:37 AM | * index.css-- -- --917
3/22/2026 11:34:37 AM | * Backup/index.dat-- -- --153526
3/22/2026 11:34:37 AM | * index.php-- -- --37620
3/22/2026 11:34:37 AM | * sitemap.xml-- -- --27420
3/22/2026 11:34:37 AM | * robots.txt-- -- --39
3/22/2026 11:34:37 AM | * Backup/Belline net.ope-- -- --3598
3/22/2026 11:34:43 AM | 
3/22/2026 11:34:43 AM | 
--------------------------------Phase 1 Terminé--------------------------------
3/22/2026 11:34:43 AM | 

3/22/2026 12:00:39 PM | Debut Mise en ligne différentielle (Site):
3/22/2026 12:00:41 PM | Listing terminé :
3/22/2026 12:00:41 PM | 

3/22/2026 12:00:41 PM | * Tchat-- -- --Folder create
3/22/2026 12:00:41 PM | * Tchat/widgets-- -- --Folder create
3/22/2026 12:00:41 PM | * Tchat/templates-- -- --Folder create
3/22/2026 12:00:41 PM | * Tchat/stickers-- -- --Folder create
3/22/2026 12:00:41 PM | * Tchat/stickers/Stickers-- -- --Folder create
3/22/2026 12:00:41 PM | * Tchat/stickers/Deutsch-- -- --Folder create
3/22/2026 12:00:41 PM | * Tchat/splash-- -- --Folder create
3/22/2026 12:00:41 PM | * Tchat/lang-- -- --Folder create
3/22/2026 12:00:41 PM | * Tchat/install-- -- --Folder create
3/22/2026 12:00:41 PM | * Tchat/incl-- -- --Folder create
3/22/2026 12:00:41 PM | * Tchat/img-- -- --Folder create
3/22/2026 12:00:41 PM | * Tchat/backgrounds-- -- --Folder create
3/22/2026 12:00:41 PM | * Tchat/avatars-- -- --Folder create
3/22/2026 12:00:41 PM | * Tchat/attachments-- -- --Folder create
3/22/2026 12:00:41 PM | * Tchat/app-- -- --Folder create
3/22/2026 12:00:41 PM | * Tchat/admin-- -- --Folder create
3/22/2026 12:00:41 PM | * Tchat/admin/font-- -- --Folder create
3/22/2026 12:00:41 PM | * Planetes-- -- --Folder create
3/22/2026 12:00:41 PM | * Partenaires-- -- --Folder create
3/22/2026 12:00:41 PM | * Paiement-- -- --Folder create
3/22/2026 12:00:41 PM | * Online-- -- --Folder create
3/22/2026 12:00:41 PM | * Online/Templates-- -- --Folder create
3/22/2026 12:00:41 PM | * Methodes-- -- --Folder create
3/22/2026 12:00:41 PM | * Mail-- -- --Folder create
3/22/2026 12:00:41 PM | * Magie-- -- --Folder create
3/22/2026 12:00:41 PM | * Gratuite-- -- --Folder create
3/22/2026 12:00:41 PM | * Dons-- -- --Folder create
3/22/2026 12:00:41 PM | * Domicile-- -- --Folder create
3/22/2026 12:00:41 PM | * Coaching-- -- --Folder create
3/22/2026 12:00:41 PM | * Chat-- -- --Folder create
3/22/2026 12:00:41 PM | * CGU-- -- --Folder create
3/22/2026 12:00:41 PM | * Cartomancie-- -- --Folder create
3/22/2026 12:00:41 PM | * Cartomancie/Tarots-- -- --Folder create
3/22/2026 12:00:41 PM | * Cartomancie/Belline-- -- --Folder create
3/22/2026 12:00:41 PM | * Cartomancie/32-cartes-- -- --Folder create
3/22/2026 12:00:41 PM | * Cartomancie/32-cartes/Trefle-- -- --Folder create
3/22/2026 12:00:41 PM | * Cartomancie/32-cartes/Pique-- -- --Folder create
3/22/2026 12:00:41 PM | * Cartomancie/32-cartes/Coeur-- -- --Folder create
3/22/2026 12:00:41 PM | * Cartomancie/32-cartes/Carreau-- -- --Folder create
3/22/2026 12:00:41 PM | * Admin-- -- --Folder create
3/22/2026 12:00:41 PM | * Admin/sounds-- -- --Folder create
3/22/2026 12:00:41 PM | * Backup-- -- --Folder create
3/22/2026 12:00:41 PM | * Templates-- -- --Folder create
3/22/2026 12:00:41 PM | * WEFiles-- -- --Folder create
3/22/2026 12:00:41 PM | * WEFiles/Image-- -- --Folder create
3/22/2026 12:00:41 PM | * WEFiles/Image/WEImage-- -- --Folder create
3/22/2026 12:00:41 PM | * Backup/.htaccess-- -- --33
3/22/2026 12:00:41 PM | * .htaccess-- -- --0
3/22/2026 12:00:41 PM | * Admin/status.css-- -- --0
3/22/2026 12:00:41 PM | * CGU/CGU(var).js-- -- --171
3/22/2026 12:00:41 PM | * CGU/CGU.css-- -- --1071
3/22/2026 12:00:41 PM | * Backup/CGU/CGU.dat-- -- --253965
3/22/2026 12:00:41 PM | * CGU/CGU.php-- -- --41390
3/22/2026 12:00:41 PM | * Chat/Formulaire(var).js-- -- --1103
3/22/2026 12:00:41 PM | * Chat/Formulaire(var).php-- -- --4015
3/22/2026 12:00:41 PM | * Chat/Formulaire.css-- -- --4727
3/22/2026 12:00:41 PM | * Backup/Chat/Formulaire.dat-- -- --1028591
3/22/2026 12:00:41 PM | * Chat/Formulaire.php-- -- --62834
3/22/2026 12:00:41 PM | * Coaching/Coaching(var).js-- -- --1111
3/22/2026 12:00:41 PM | * Coaching/Coaching(var).php-- -- --2415
3/22/2026 12:00:41 PM | * Coaching/Coaching.css-- -- --4726
3/22/2026 12:00:41 PM | * Backup/Coaching/Coaching.dat-- -- --1009065
3/22/2026 12:00:41 PM | * Coaching/Coaching.php-- -- --63014
3/22/2026 12:00:41 PM | * Domicile/Formulaire(var).js-- -- --1111
3/22/2026 12:00:41 PM | * Domicile/Formulaire(var).php-- -- --3500
3/22/2026 12:00:41 PM | * Domicile/Formulaire.css-- -- --4727
3/22/2026 12:00:41 PM | * Backup/Domicile/Formulaire.dat-- -- --1021966
3/22/2026 12:00:41 PM | * Domicile/Formulaire.php-- -- --62975
3/22/2026 12:00:41 PM | * Gratuite/Formulaire(var).js-- -- --1147
3/22/2026 12:00:41 PM | * Gratuite/Formulaire(var).php-- -- --3811
3/22/2026 12:00:41 PM | * Gratuite/Formulaire.css-- -- --5261
3/22/2026 12:00:41 PM | * Backup/Gratuite/Formulaire.dat-- -- --1081973
3/22/2026 12:00:41 PM | * Gratuite/Formulaire.php-- -- --64183
3/22/2026 12:00:41 PM | * Magie/Formulaire(var).js-- -- --1133
3/22/2026 12:00:41 PM | * Magie/Formulaire(var).php-- -- --5375
3/22/2026 12:00:41 PM | * Magie/Formulaire.css-- -- --4882
3/22/2026 12:00:41 PM | * Backup/Magie/Formulaire.dat-- -- --1097122
3/22/2026 12:00:41 PM | * Magie/Formulaire.php-- -- --67060
3/22/2026 12:00:41 PM | * Mail/Formulaire(var).js-- -- --1103
3/22/2026 12:00:41 PM | * Mail/Formulaire(var).php-- -- --2242
3/22/2026 12:00:41 PM | * Mail/Formulaire.css-- -- --4265
3/22/2026 12:00:41 PM | * Backup/Mail/Formulaire.dat-- -- --808864
3/22/2026 12:00:41 PM | * Mail/Formulaire.php-- -- --54669
3/22/2026 12:00:41 PM | * Tchat/errors.txt-- -- --0
3/22/2026 12:00:41 PM | * index(var).js-- -- --171
3/22/2026 12:00:41 PM | * index.css-- -- --917
3/22/2026 12:00:41 PM | * Backup/index.dat-- -- --153540
3/22/2026 12:00:41 PM | * index.php-- -- --37634
3/22/2026 12:00:41 PM | * sitemap.xml-- -- --27420
3/22/2026 12:00:41 PM | * robots.txt-- -- --39
3/22/2026 12:00:41 PM | * Backup/Belline net.ope-- -- --3598
3/22/2026 12:00:43 PM | 
3/22/2026 12:00:43 PM | 
--------------------------------Phase 1 Terminé--------------------------------
3/22/2026 12:00:43 PM | 

3/23/2026 11:40:28 AM | Debut Mise en ligne différentielle (Site):
3/23/2026 11:40:30 AM | Listing terminé :
3/23/2026 11:40:30 AM | 

3/23/2026 11:40:30 AM | * Tchat-- -- --Folder create
3/23/2026 11:40:30 AM | * Tchat/widgets-- -- --Folder create
3/23/2026 11:40:30 AM | * Tchat/templates-- -- --Folder create
3/23/2026 11:40:30 AM | * Tchat/stickers-- -- --Folder create
3/23/2026 11:40:30 AM | * Tchat/stickers/Stickers-- -- --Folder create
3/23/2026 11:40:30 AM | * Tchat/stickers/Deutsch-- -- --Folder create
3/23/2026 11:40:30 AM | * Tchat/splash-- -- --Folder create
3/23/2026 11:40:30 AM | * Tchat/lang-- -- --Folder create
3/23/2026 11:40:30 AM | * Tchat/install-- -- --Folder create
3/23/2026 11:40:30 AM | * Tchat/incl-- -- --Folder create
3/23/2026 11:40:30 AM | * Tchat/img-- -- --Folder create
3/23/2026 11:40:30 AM | * Tchat/backgrounds-- -- --Folder create
3/23/2026 11:40:30 AM | * Tchat/avatars-- -- --Folder create
3/23/2026 11:40:30 AM | * Tchat/attachments-- -- --Folder create
3/23/2026 11:40:30 AM | * Tchat/app-- -- --Folder create
3/23/2026 11:40:30 AM | * Tchat/admin-- -- --Folder create
3/23/2026 11:40:30 AM | * Tchat/admin/font-- -- --Folder create
3/23/2026 11:40:30 AM | * Planetes-- -- --Folder create
3/23/2026 11:40:30 AM | * Partenaires-- -- --Folder create
3/23/2026 11:40:30 AM | * Paiement-- -- --Folder create
3/23/2026 11:40:30 AM | * Online-- -- --Folder create
3/23/2026 11:40:30 AM | * Online/Templates-- -- --Folder create
3/23/2026 11:40:30 AM | * Methodes-- -- --Folder create
3/23/2026 11:40:30 AM | * Mail-- -- --Folder create
3/23/2026 11:40:30 AM | * Magie-- -- --Folder create
3/23/2026 11:40:30 AM | * Gratuite-- -- --Folder create
3/23/2026 11:40:30 AM | * Dons-- -- --Folder create
3/23/2026 11:40:30 AM | * Domicile-- -- --Folder create
3/23/2026 11:40:30 AM | * Coaching-- -- --Folder create
3/23/2026 11:40:30 AM | * Chat-- -- --Folder create
3/23/2026 11:40:30 AM | * CGU-- -- --Folder create
3/23/2026 11:40:30 AM | * Cartomancie-- -- --Folder create
3/23/2026 11:40:30 AM | * Cartomancie/Tarots-- -- --Folder create
3/23/2026 11:40:30 AM | * Cartomancie/Belline-- -- --Folder create
3/23/2026 11:40:30 AM | * Cartomancie/32-cartes-- -- --Folder create
3/23/2026 11:40:30 AM | * Cartomancie/32-cartes/Trefle-- -- --Folder create
3/23/2026 11:40:30 AM | * Cartomancie/32-cartes/Pique-- -- --Folder create
3/23/2026 11:40:30 AM | * Cartomancie/32-cartes/Coeur-- -- --Folder create
3/23/2026 11:40:30 AM | * Cartomancie/32-cartes/Carreau-- -- --Folder create
3/23/2026 11:40:30 AM | * Admin-- -- --Folder create
3/23/2026 11:40:30 AM | * Admin/sounds-- -- --Folder create
3/23/2026 11:40:30 AM | * Backup-- -- --Folder create
3/23/2026 11:40:30 AM | * Templates-- -- --Folder create
3/23/2026 11:40:30 AM | * WEFiles-- -- --Folder create
3/23/2026 11:40:30 AM | * WEFiles/Image-- -- --Folder create
3/23/2026 11:40:30 AM | * WEFiles/Image/WEImage-- -- --Folder create
3/23/2026 11:40:30 AM | * Backup/.htaccess-- -- --33
3/23/2026 11:40:30 AM | * .htaccess-- -- --0
3/23/2026 11:40:30 AM | * Admin/status.css-- -- --0
3/23/2026 11:40:30 AM | * Chat/Echec(var).js-- -- --171
3/23/2026 11:40:30 AM | * Chat/Echec.css-- -- --940
3/23/2026 11:40:30 AM | * Backup/Chat/Echec.dat-- -- --219233
3/23/2026 11:40:30 AM | * Chat/Echec.php-- -- --32495
3/23/2026 11:40:30 AM | * Chat/Envoi(var).js-- -- --171
3/23/2026 11:40:30 AM | * Chat/Envoi.css-- -- --862
3/23/2026 11:40:30 AM | * Backup/Chat/Envoi.dat-- -- --191848
3/23/2026 11:40:30 AM | * Chat/Envoi.php-- -- --32123
3/23/2026 11:40:30 AM | * Chat/Formulaire(var).js-- -- --1103
3/23/2026 11:40:30 AM | * Chat/Formulaire(var).php-- -- --4015
3/23/2026 11:40:30 AM | * Chat/Formulaire.css-- -- --4727
3/23/2026 11:40:30 AM | * Backup/Chat/Formulaire.dat-- -- --1028634
3/23/2026 11:40:30 AM | * Chat/Formulaire.php-- -- --62877
3/23/2026 11:40:30 AM | * Coaching/Coaching(var).js-- -- --1111
3/23/2026 11:40:30 AM | * Coaching/Coaching(var).php-- -- --2415
3/23/2026 11:40:30 AM | * Coaching/Coaching.css-- -- --4726
3/23/2026 11:40:30 AM | * Backup/Coaching/Coaching.dat-- -- --1009108
3/23/2026 11:40:30 AM | * Coaching/Coaching.php-- -- --63057
3/23/2026 11:40:30 AM | * Coaching/Envoi(var).js-- -- --103
3/23/2026 11:40:30 AM | * Coaching/Envoi.css-- -- --809
3/23/2026 11:40:30 AM | * Backup/Coaching/Envoi.dat-- -- --167094
3/23/2026 11:40:30 AM | * Coaching/Envoi.php-- -- --32150
3/23/2026 11:40:30 AM | * Domicile/Envoi(var).js-- -- --171
3/23/2026 11:40:30 AM | * Domicile/Envoi.css-- -- --862
3/23/2026 11:40:30 AM | * Backup/Domicile/Envoi.dat-- -- --191826
3/23/2026 11:40:30 AM | * Domicile/Envoi.php-- -- --32140
3/23/2026 11:40:30 AM | * Domicile/Formulaire(var).js-- -- --1111
3/23/2026 11:40:30 AM | * Domicile/Formulaire(var).php-- -- --3500
3/23/2026 11:40:30 AM | * Domicile/Formulaire.css-- -- --4727
3/23/2026 11:40:30 AM | * Backup/Domicile/Formulaire.dat-- -- --1021983
3/23/2026 11:40:30 AM | * Domicile/Formulaire.php-- -- --62992
3/23/2026 11:40:30 AM | * Gratuite/Envoi(var).js-- -- --171
3/23/2026 11:40:30 AM | * Gratuite/Envoi.css-- -- --862
3/23/2026 11:40:30 AM | * Backup/Gratuite/Envoi.dat-- -- --191819
3/23/2026 11:40:30 AM | * Gratuite/Envoi.php-- -- --31722
3/23/2026 11:40:30 AM | * Gratuite/Formulaire(var).js-- -- --1147
3/23/2026 11:40:30 AM | * Gratuite/Formulaire(var).php-- -- --3811
3/23/2026 11:40:30 AM | * Gratuite/Formulaire.css-- -- --5261
3/23/2026 11:40:30 AM | * Backup/Gratuite/Formulaire.dat-- -- --1081965
3/23/2026 11:40:30 AM | * Gratuite/Formulaire.php-- -- --64175
3/23/2026 11:40:30 AM | * Magie/Envoi(var).js-- -- --171
3/23/2026 11:40:30 AM | * Magie/Envoi.css-- -- --862
3/23/2026 11:40:30 AM | * Backup/Magie/Envoi.dat-- -- --189902
3/23/2026 11:40:30 AM | * Magie/Envoi.php-- -- --32193
3/23/2026 11:40:30 AM | * Magie/Formulaire(var).js-- -- --1133
3/23/2026 11:40:30 AM | * Magie/Formulaire(var).php-- -- --5375
3/23/2026 11:40:30 AM | * Magie/Formulaire.css-- -- --4882
3/23/2026 11:40:30 AM | * Backup/Magie/Formulaire.dat-- -- --1097262
3/23/2026 11:40:30 AM | * Magie/Formulaire.php-- -- --67105
3/23/2026 11:40:30 AM | * Mail/Formulaire(var).js-- -- --1103
3/23/2026 11:40:30 AM | * Mail/Formulaire(var).php-- -- --2242
3/23/2026 11:40:30 AM | * Mail/Formulaire.css-- -- --4265
3/23/2026 11:40:30 AM | * Backup/Mail/Formulaire.dat-- -- --809002
3/23/2026 11:40:30 AM | * Mail/Formulaire.php-- -- --54712
3/23/2026 11:40:30 AM | * Tchat/errors.txt-- -- --0
3/23/2026 11:40:30 AM | * index(var).js-- -- --171
3/23/2026 11:40:30 AM | * index.css-- -- --917
3/23/2026 11:40:30 AM | * Backup/index.dat-- -- --153676
3/23/2026 11:40:30 AM | * index.php-- -- --37770
3/23/2026 11:40:30 AM | * sitemap.xml-- -- --27420
3/23/2026 11:40:30 AM | * robots.txt-- -- --39
3/23/2026 11:40:30 AM | * Backup/Belline net.ope-- -- --3598
3/23/2026 11:40:33 AM | 
3/23/2026 11:40:33 AM | 
--------------------------------Phase 1 Terminé--------------------------------
3/23/2026 11:40:33 AM | 

3/23/2026 12:12:15 PM | Debut Mise en ligne différentielle (Site):
3/23/2026 12:12:15 PM | Listing terminé :
3/23/2026 12:12:15 PM | 

3/23/2026 12:12:15 PM | * Tchat-- -- --Folder create
3/23/2026 12:12:15 PM | * Tchat/widgets-- -- --Folder create
3/23/2026 12:12:15 PM | * Tchat/templates-- -- --Folder create
3/23/2026 12:12:15 PM | * Tchat/stickers-- -- --Folder create
3/23/2026 12:12:15 PM | * Tchat/stickers/Stickers-- -- --Folder create
3/23/2026 12:12:15 PM | * Tchat/stickers/Deutsch-- -- --Folder create
3/23/2026 12:12:15 PM | * Tchat/splash-- -- --Folder create
3/23/2026 12:12:15 PM | * Tchat/lang-- -- --Folder create
3/23/2026 12:12:15 PM | * Tchat/install-- -- --Folder create
3/23/2026 12:12:15 PM | * Tchat/incl-- -- --Folder create
3/23/2026 12:12:15 PM | * Tchat/img-- -- --Folder create
3/23/2026 12:12:15 PM | * Tchat/backgrounds-- -- --Folder create
3/23/2026 12:12:15 PM | * Tchat/avatars-- -- --Folder create
3/23/2026 12:12:15 PM | * Tchat/attachments-- -- --Folder create
3/23/2026 12:12:15 PM | * Tchat/app-- -- --Folder create
3/23/2026 12:12:15 PM | * Tchat/admin-- -- --Folder create
3/23/2026 12:12:15 PM | * Tchat/admin/font-- -- --Folder create
3/23/2026 12:12:15 PM | * Planetes-- -- --Folder create
3/23/2026 12:12:15 PM | * Partenaires-- -- --Folder create
3/23/2026 12:12:15 PM | * Paiement-- -- --Folder create
3/23/2026 12:12:15 PM | * Online-- -- --Folder create
3/23/2026 12:12:15 PM | * Online/Templates-- -- --Folder create
3/23/2026 12:12:15 PM | * Methodes-- -- --Folder create
3/23/2026 12:12:16 PM | * Mail-- -- --Folder create
3/23/2026 12:12:16 PM | * Magie-- -- --Folder create
3/23/2026 12:12:16 PM | * Gratuite-- -- --Folder create
3/23/2026 12:12:16 PM | * Dons-- -- --Folder create
3/23/2026 12:12:16 PM | * Domicile-- -- --Folder create
3/23/2026 12:12:16 PM | * Coaching-- -- --Folder create
3/23/2026 12:12:16 PM | * Chat-- -- --Folder create
3/23/2026 12:12:16 PM | * CGU-- -- --Folder create
3/23/2026 12:12:16 PM | * Cartomancie-- -- --Folder create
3/23/2026 12:12:16 PM | * Cartomancie/Tarots-- -- --Folder create
3/23/2026 12:12:16 PM | * Cartomancie/Belline-- -- --Folder create
3/23/2026 12:12:16 PM | * Cartomancie/32-cartes-- -- --Folder create
3/23/2026 12:12:16 PM | * Cartomancie/32-cartes/Trefle-- -- --Folder create
3/23/2026 12:12:16 PM | * Cartomancie/32-cartes/Pique-- -- --Folder create
3/23/2026 12:12:16 PM | * Cartomancie/32-cartes/Coeur-- -- --Folder create
3/23/2026 12:12:16 PM | * Cartomancie/32-cartes/Carreau-- -- --Folder create
3/23/2026 12:12:16 PM | * Admin-- -- --Folder create
3/23/2026 12:12:16 PM | * Admin/sounds-- -- --Folder create
3/23/2026 12:12:16 PM | * Backup-- -- --Folder create
3/23/2026 12:12:16 PM | * Templates-- -- --Folder create
3/23/2026 12:12:16 PM | * WEFiles-- -- --Folder create
3/23/2026 12:12:16 PM | * WEFiles/Image-- -- --Folder create
3/23/2026 12:12:16 PM | * WEFiles/Image/WEImage-- -- --Folder create
3/23/2026 12:12:16 PM | * Backup/.htaccess-- -- --33
3/23/2026 12:12:16 PM | * .htaccess-- -- --0
3/23/2026 12:12:16 PM | * Admin/status.css-- -- --0
3/23/2026 12:12:16 PM | * Dons/Dons(var).js-- -- --171
3/23/2026 12:12:16 PM | * Dons/Dons.css-- -- --1483
3/23/2026 12:12:16 PM | * Backup/Dons/Dons.dat-- -- --331484
3/23/2026 12:12:16 PM | * Dons/Dons.php-- -- --37040
3/23/2026 12:12:16 PM | * Tchat/errors.txt-- -- --0
3/23/2026 12:12:16 PM | * sitemap.xml-- -- --27420
3/23/2026 12:12:16 PM | * robots.txt-- -- --39
3/23/2026 12:12:16 PM | * Backup/Belline net.ope-- -- --3598
3/23/2026 12:12:19 PM | 
3/23/2026 12:12:19 PM | 
--------------------------------Phase 1 Terminé--------------------------------
3/23/2026 12:12:19 PM | 

3/26/2026 6:23:40 PM | Debut Mise en ligne différentielle (Site):
3/26/2026 6:23:41 PM | Listing terminé :
3/26/2026 6:23:41 PM | 

3/26/2026 6:23:41 PM | * Tchat-- -- --Folder create
3/26/2026 6:23:41 PM | * Tchat/widgets-- -- --Folder create
3/26/2026 6:23:41 PM | * Tchat/templates-- -- --Folder create
3/26/2026 6:23:41 PM | * Tchat/stickers-- -- --Folder create
3/26/2026 6:23:41 PM | * Tchat/stickers/Stickers-- -- --Folder create
3/26/2026 6:23:41 PM | * Tchat/stickers/Deutsch-- -- --Folder create
3/26/2026 6:23:41 PM | * Tchat/splash-- -- --Folder create
3/26/2026 6:23:41 PM | * Tchat/lang-- -- --Folder create
3/26/2026 6:23:41 PM | * Tchat/install-- -- --Folder create
3/26/2026 6:23:41 PM | * Tchat/incl-- -- --Folder create
3/26/2026 6:23:41 PM | * Tchat/img-- -- --Folder create
3/26/2026 6:23:41 PM | * Tchat/backgrounds-- -- --Folder create
3/26/2026 6:23:41 PM | * Tchat/avatars-- -- --Folder create
3/26/2026 6:23:41 PM | * Tchat/attachments-- -- --Folder create
3/26/2026 6:23:41 PM | * Tchat/app-- -- --Folder create
3/26/2026 6:23:41 PM | * Tchat/admin-- -- --Folder create
3/26/2026 6:23:41 PM | * Tchat/admin/font-- -- --Folder create
3/26/2026 6:23:41 PM | * Planetes-- -- --Folder create
3/26/2026 6:23:41 PM | * Partenaires-- -- --Folder create
3/26/2026 6:23:41 PM | * Paiement-- -- --Folder create
3/26/2026 6:23:41 PM | * Online-- -- --Folder create
3/26/2026 6:23:41 PM | * Online/Templates-- -- --Folder create
3/26/2026 6:23:41 PM | * Methodes-- -- --Folder create
3/26/2026 6:23:41 PM | * Mail-- -- --Folder create
3/26/2026 6:23:41 PM | * Magie-- -- --Folder create
3/26/2026 6:23:41 PM | * Gratuite-- -- --Folder create
3/26/2026 6:23:41 PM | * Dons-- -- --Folder create
3/26/2026 6:23:41 PM | * Domicile-- -- --Folder create
3/26/2026 6:23:41 PM | * Coaching-- -- --Folder create
3/26/2026 6:23:41 PM | * Chat-- -- --Folder create
3/26/2026 6:23:41 PM | * CGU-- -- --Folder create
3/26/2026 6:23:41 PM | * Cartomancie-- -- --Folder create
3/26/2026 6:23:41 PM | * Cartomancie/Tarots-- -- --Folder create
3/26/2026 6:23:41 PM | * Cartomancie/Belline-- -- --Folder create
3/26/2026 6:23:41 PM | * Cartomancie/32-cartes-- -- --Folder create
3/26/2026 6:23:41 PM | * Cartomancie/32-cartes/Trefle-- -- --Folder create
3/26/2026 6:23:41 PM | * Cartomancie/32-cartes/Pique-- -- --Folder create
3/26/2026 6:23:41 PM | * Cartomancie/32-cartes/Coeur-- -- --Folder create
3/26/2026 6:23:41 PM | * Cartomancie/32-cartes/Carreau-- -- --Folder create
3/26/2026 6:23:41 PM | * Admin-- -- --Folder create
3/26/2026 6:23:41 PM | * Admin/sounds-- -- --Folder create
3/26/2026 6:23:41 PM | * Backup-- -- --Folder create
3/26/2026 6:23:41 PM | * Templates-- -- --Folder create
3/26/2026 6:23:41 PM | * WEFiles-- -- --Folder create
3/26/2026 6:23:41 PM | * WEFiles/Image-- -- --Folder create
3/26/2026 6:23:41 PM | * WEFiles/Image/WEImage-- -- --Folder create
3/26/2026 6:23:41 PM | * Backup/.htaccess-- -- --33
3/26/2026 6:23:41 PM | * .htaccess-- -- --0
3/26/2026 6:23:41 PM | * Admin/status.css-- -- --0
3/26/2026 6:23:41 PM | * Tchat/errors.txt-- -- --0
3/26/2026 6:23:41 PM | * index(var).js-- -- --171
3/26/2026 6:23:41 PM | * index.css-- -- --917
3/26/2026 6:23:41 PM | * Backup/index.dat-- -- --153129
3/26/2026 6:23:41 PM | * index.php-- -- --37223
3/26/2026 6:23:41 PM | * sitemap.xml-- -- --27420
3/26/2026 6:23:41 PM | * robots.txt-- -- --39
3/26/2026 6:23:41 PM | * Backup/Belline net.ope-- -- --3598
3/26/2026 6:23:43 PM | 
3/26/2026 6:23:43 PM | 
--------------------------------Phase 1 Terminé--------------------------------
3/26/2026 6:23:43 PM | 

3/26/2026 6:40:18 PM | Debut Mise en ligne différentielle (Site):
3/26/2026 6:40:19 PM | Listing terminé :
3/26/2026 6:40:19 PM | 

3/26/2026 6:40:19 PM | * Tchat-- -- --Folder create
3/26/2026 6:40:19 PM | * Tchat/widgets-- -- --Folder create
3/26/2026 6:40:19 PM | * Tchat/templates-- -- --Folder create
3/26/2026 6:40:19 PM | * Tchat/stickers-- -- --Folder create
3/26/2026 6:40:19 PM | * Tchat/stickers/Stickers-- -- --Folder create
3/26/2026 6:40:19 PM | * Tchat/stickers/Deutsch-- -- --Folder create
3/26/2026 6:40:19 PM | * Tchat/splash-- -- --Folder create
3/26/2026 6:40:19 PM | * Tchat/lang-- -- --Folder create
3/26/2026 6:40:19 PM | * Tchat/install-- -- --Folder create
3/26/2026 6:40:19 PM | * Tchat/incl-- -- --Folder create
3/26/2026 6:40:19 PM | * Tchat/img-- -- --Folder create
3/26/2026 6:40:19 PM | * Tchat/backgrounds-- -- --Folder create
3/26/2026 6:40:19 PM | * Tchat/avatars-- -- --Folder create
3/26/2026 6:40:19 PM | * Tchat/attachments-- -- --Folder create
3/26/2026 6:40:19 PM | * Tchat/app-- -- --Folder create
3/26/2026 6:40:19 PM | * Tchat/admin-- -- --Folder create
3/26/2026 6:40:19 PM | * Tchat/admin/font-- -- --Folder create
3/26/2026 6:40:19 PM | * Planetes-- -- --Folder create
3/26/2026 6:40:19 PM | * Partenaires-- -- --Folder create
3/26/2026 6:40:19 PM | * Paiement-- -- --Folder create
3/26/2026 6:40:19 PM | * Online-- -- --Folder create
3/26/2026 6:40:19 PM | * Online/Templates-- -- --Folder create
3/26/2026 6:40:19 PM | * Methodes-- -- --Folder create
3/26/2026 6:40:19 PM | * Mail-- -- --Folder create
3/26/2026 6:40:19 PM | * Magie-- -- --Folder create
3/26/2026 6:40:19 PM | * Gratuite-- -- --Folder create
3/26/2026 6:40:19 PM | * Dons-- -- --Folder create
3/26/2026 6:40:19 PM | * Domicile-- -- --Folder create
3/26/2026 6:40:19 PM | * Coaching-- -- --Folder create
3/26/2026 6:40:19 PM | * Chat-- -- --Folder create
3/26/2026 6:40:19 PM | * CGU-- -- --Folder create
3/26/2026 6:40:19 PM | * Cartomancie-- -- --Folder create
3/26/2026 6:40:19 PM | * Cartomancie/Tarots-- -- --Folder create
3/26/2026 6:40:19 PM | * Cartomancie/Belline-- -- --Folder create
3/26/2026 6:40:19 PM | * Cartomancie/32-cartes-- -- --Folder create
3/26/2026 6:40:19 PM | * Cartomancie/32-cartes/Trefle-- -- --Folder create
3/26/2026 6:40:19 PM | * Cartomancie/32-cartes/Pique-- -- --Folder create
3/26/2026 6:40:19 PM | * Cartomancie/32-cartes/Coeur-- -- --Folder create
3/26/2026 6:40:19 PM | * Cartomancie/32-cartes/Carreau-- -- --Folder create
3/26/2026 6:40:19 PM | * Admin-- -- --Folder create
3/26/2026 6:40:19 PM | * Admin/sounds-- -- --Folder create
3/26/2026 6:40:19 PM | * Backup-- -- --Folder create
3/26/2026 6:40:19 PM | * Templates-- -- --Folder create
3/26/2026 6:40:19 PM | * WEFiles-- -- --Folder create
3/26/2026 6:40:19 PM | * WEFiles/Image-- -- --Folder create
3/26/2026 6:40:19 PM | * WEFiles/Image/WEImage-- -- --Folder create
3/26/2026 6:40:19 PM | * Backup/.htaccess-- -- --33
3/26/2026 6:40:19 PM | * .htaccess-- -- --0
3/26/2026 6:40:19 PM | * Admin/status.css-- -- --0
3/26/2026 6:40:19 PM | * Tchat/errors.txt-- -- --0
3/26/2026 6:40:19 PM | * index(var).js-- -- --171
3/26/2026 6:40:19 PM | * index.css-- -- --917
3/26/2026 6:40:19 PM | * Backup/index.dat-- -- --153928
3/26/2026 6:40:19 PM | * index.php-- -- --38022
3/26/2026 6:40:19 PM | * sitemap.xml-- -- --27420
3/26/2026 6:40:19 PM | * robots.txt-- -- --39
3/26/2026 6:40:19 PM | * Backup/Belline net.ope-- -- --3598
3/26/2026 6:40:21 PM | 
3/26/2026 6:40:21 PM | 
--------------------------------Phase 1 Terminé--------------------------------
3/26/2026 6:40:21 PM | 

3/26/2026 8:57:00 PM | Debut Mise en ligne différentielle (Site):
3/26/2026 8:57:00 PM | Listing terminé :
3/26/2026 8:57:00 PM | 

3/26/2026 8:57:00 PM | * Tchat-- -- --Folder create
3/26/2026 8:57:00 PM | * Tchat/widgets-- -- --Folder create
3/26/2026 8:57:00 PM | * Tchat/templates-- -- --Folder create
3/26/2026 8:57:00 PM | * Tchat/stickers-- -- --Folder create
3/26/2026 8:57:00 PM | * Tchat/stickers/Stickers-- -- --Folder create
3/26/2026 8:57:00 PM | * Tchat/stickers/Deutsch-- -- --Folder create
3/26/2026 8:57:00 PM | * Tchat/splash-- -- --Folder create
3/26/2026 8:57:00 PM | * Tchat/lang-- -- --Folder create
3/26/2026 8:57:00 PM | * Tchat/install-- -- --Folder create
3/26/2026 8:57:00 PM | * Tchat/incl-- -- --Folder create
3/26/2026 8:57:00 PM | * Tchat/img-- -- --Folder create
3/26/2026 8:57:00 PM | * Tchat/backgrounds-- -- --Folder create
3/26/2026 8:57:00 PM | * Tchat/avatars-- -- --Folder create
3/26/2026 8:57:00 PM | * Tchat/attachments-- -- --Folder create
3/26/2026 8:57:00 PM | * Tchat/app-- -- --Folder create
3/26/2026 8:57:00 PM | * Tchat/admin-- -- --Folder create
3/26/2026 8:57:00 PM | * Tchat/admin/font-- -- --Folder create
3/26/2026 8:57:00 PM | * Planetes-- -- --Folder create
3/26/2026 8:57:00 PM | * Partenaires-- -- --Folder create
3/26/2026 8:57:00 PM | * Paiement-- -- --Folder create
3/26/2026 8:57:00 PM | * Online-- -- --Folder create
3/26/2026 8:57:00 PM | * Online/Templates-- -- --Folder create
3/26/2026 8:57:00 PM | * Methodes-- -- --Folder create
3/26/2026 8:57:00 PM | * Mail-- -- --Folder create
3/26/2026 8:57:00 PM | * Magie-- -- --Folder create
3/26/2026 8:57:00 PM | * Gratuite-- -- --Folder create
3/26/2026 8:57:00 PM | * Dons-- -- --Folder create
3/26/2026 8:57:00 PM | * Domicile-- -- --Folder create
3/26/2026 8:57:00 PM | * Coaching-- -- --Folder create
3/26/2026 8:57:00 PM | * Chat-- -- --Folder create
3/26/2026 8:57:00 PM | * CGU-- -- --Folder create
3/26/2026 8:57:00 PM | * Cartomancie-- -- --Folder create
3/26/2026 8:57:00 PM | * Cartomancie/Tarots-- -- --Folder create
3/26/2026 8:57:00 PM | * Cartomancie/Belline-- -- --Folder create
3/26/2026 8:57:00 PM | * Cartomancie/32-cartes-- -- --Folder create
3/26/2026 8:57:00 PM | * Cartomancie/32-cartes/Trefle-- -- --Folder create
3/26/2026 8:57:00 PM | * Cartomancie/32-cartes/Pique-- -- --Folder create
3/26/2026 8:57:00 PM | * Cartomancie/32-cartes/Coeur-- -- --Folder create
3/26/2026 8:57:00 PM | * Cartomancie/32-cartes/Carreau-- -- --Folder create
3/26/2026 8:57:00 PM | * Admin-- -- --Folder create
3/26/2026 8:57:00 PM | * Admin/sounds-- -- --Folder create
3/26/2026 8:57:00 PM | * Backup-- -- --Folder create
3/26/2026 8:57:00 PM | * Templates-- -- --Folder create
3/26/2026 8:57:00 PM | * WEFiles-- -- --Folder create
3/26/2026 8:57:00 PM | * WEFiles/Image-- -- --Folder create
3/26/2026 8:57:00 PM | * WEFiles/Image/WEImage-- -- --Folder create
3/26/2026 8:57:00 PM | * Backup/.htaccess-- -- --33
3/26/2026 8:57:00 PM | * .htaccess-- -- --0
3/26/2026 8:57:00 PM | * Admin/status.css-- -- --0
3/26/2026 8:57:00 PM | * Tchat/errors.txt-- -- --0
3/26/2026 8:57:00 PM | * index(var).js-- -- --171
3/26/2026 8:57:00 PM | * index.css-- -- --917
3/26/2026 8:57:00 PM | * Backup/index.dat-- -- --153634
3/26/2026 8:57:00 PM | * index.php-- -- --37823
3/26/2026 8:57:00 PM | * sitemap.xml-- -- --27420
3/26/2026 8:57:00 PM | * robots.txt-- -- --39
3/26/2026 8:57:00 PM | * Backup/Belline net.ope-- -- --3598
3/26/2026 8:57:02 PM | 
3/26/2026 8:57:02 PM | 
--------------------------------Phase 1 Terminé--------------------------------
3/26/2026 8:57:02 PM | 

3/26/2026 9:22:40 PM | Debut Mise en ligne différentielle (Site):
3/26/2026 9:22:41 PM | Listing terminé :
3/26/2026 9:22:41 PM | 

3/26/2026 9:22:41 PM | * Tchat-- -- --Folder create
3/26/2026 9:22:41 PM | * Tchat/widgets-- -- --Folder create
3/26/2026 9:22:41 PM | * Tchat/templates-- -- --Folder create
3/26/2026 9:22:41 PM | * Tchat/stickers-- -- --Folder create
3/26/2026 9:22:41 PM | * Tchat/stickers/Stickers-- -- --Folder create
3/26/2026 9:22:41 PM | * Tchat/stickers/Deutsch-- -- --Folder create
3/26/2026 9:22:41 PM | * Tchat/splash-- -- --Folder create
3/26/2026 9:22:41 PM | * Tchat/lang-- -- --Folder create
3/26/2026 9:22:41 PM | * Tchat/install-- -- --Folder create
3/26/2026 9:22:41 PM | * Tchat/incl-- -- --Folder create
3/26/2026 9:22:41 PM | * Tchat/img-- -- --Folder create
3/26/2026 9:22:41 PM | * Tchat/backgrounds-- -- --Folder create
3/26/2026 9:22:41 PM | * Tchat/avatars-- -- --Folder create
3/26/2026 9:22:41 PM | * Tchat/attachments-- -- --Folder create
3/26/2026 9:22:41 PM | * Tchat/app-- -- --Folder create
3/26/2026 9:22:41 PM | * Tchat/admin-- -- --Folder create
3/26/2026 9:22:41 PM | * Tchat/admin/font-- -- --Folder create
3/26/2026 9:22:41 PM | * Planetes-- -- --Folder create
3/26/2026 9:22:41 PM | * Partenaires-- -- --Folder create
3/26/2026 9:22:41 PM | * Paiement-- -- --Folder create
3/26/2026 9:22:41 PM | * Online-- -- --Folder create
3/26/2026 9:22:41 PM | * Online/Templates-- -- --Folder create
3/26/2026 9:22:41 PM | * Methodes-- -- --Folder create
3/26/2026 9:22:41 PM | * Mail-- -- --Folder create
3/26/2026 9:22:41 PM | * Magie-- -- --Folder create
3/26/2026 9:22:41 PM | * Gratuite-- -- --Folder create
3/26/2026 9:22:41 PM | * Dons-- -- --Folder create
3/26/2026 9:22:41 PM | * Domicile-- -- --Folder create
3/26/2026 9:22:41 PM | * Coaching-- -- --Folder create
3/26/2026 9:22:41 PM | * Chat-- -- --Folder create
3/26/2026 9:22:41 PM | * CGU-- -- --Folder create
3/26/2026 9:22:41 PM | * Cartomancie-- -- --Folder create
3/26/2026 9:22:41 PM | * Cartomancie/Tarots-- -- --Folder create
3/26/2026 9:22:41 PM | * Cartomancie/Belline-- -- --Folder create
3/26/2026 9:22:41 PM | * Cartomancie/32-cartes-- -- --Folder create
3/26/2026 9:22:41 PM | * Cartomancie/32-cartes/Trefle-- -- --Folder create
3/26/2026 9:22:41 PM | * Cartomancie/32-cartes/Pique-- -- --Folder create
3/26/2026 9:22:41 PM | * Cartomancie/32-cartes/Coeur-- -- --Folder create
3/26/2026 9:22:41 PM | * Cartomancie/32-cartes/Carreau-- -- --Folder create
3/26/2026 9:22:41 PM | * Admin-- -- --Folder create
3/26/2026 9:22:41 PM | * Admin/sounds-- -- --Folder create
3/26/2026 9:22:41 PM | * Backup-- -- --Folder create
3/26/2026 9:22:41 PM | * Templates-- -- --Folder create
3/26/2026 9:22:41 PM | * WEFiles-- -- --Folder create
3/26/2026 9:22:41 PM | * WEFiles/Image-- -- --Folder create
3/26/2026 9:22:41 PM | * WEFiles/Image/WEImage-- -- --Folder create
3/26/2026 9:22:41 PM | * Backup/.htaccess-- -- --33
3/26/2026 9:22:41 PM | * .htaccess-- -- --0
3/26/2026 9:22:41 PM | * Admin/status.css-- -- --0
3/26/2026 9:22:41 PM | * Magie/Formulaire(var).js-- -- --1133
3/26/2026 9:22:41 PM | * Magie/Formulaire(var).php-- -- --5375
3/26/2026 9:22:41 PM | * Magie/Formulaire.css-- -- --4882
3/26/2026 9:22:41 PM | * Backup/Magie/Formulaire.dat-- -- --1097227
3/26/2026 9:22:41 PM | * Magie/Formulaire.php-- -- --67165
3/26/2026 9:22:41 PM | * Tchat/errors.txt-- -- --0
3/26/2026 9:22:41 PM | * sitemap.xml-- -- --27420
3/26/2026 9:22:41 PM | * robots.txt-- -- --39
3/26/2026 9:22:41 PM | * Backup/Belline net.ope-- -- --3598
3/26/2026 9:22:44 PM | 
3/26/2026 9:22:44 PM | 
--------------------------------Phase 1 Terminé--------------------------------
3/26/2026 9:22:44 PM | 

3/27/2026 5:12:38 PM | Debut Mise en ligne différentielle (Site):
3/27/2026 5:12:39 PM | Listing terminé :
3/27/2026 5:12:39 PM | 

3/27/2026 5:12:39 PM | * Tchat-- -- --Folder create
3/27/2026 5:12:39 PM | * Tchat/widgets-- -- --Folder create
3/27/2026 5:12:39 PM | * Tchat/templates-- -- --Folder create
3/27/2026 5:12:39 PM | * Tchat/stickers-- -- --Folder create
3/27/2026 5:12:39 PM | * Tchat/stickers/Stickers-- -- --Folder create
3/27/2026 5:12:39 PM | * Tchat/stickers/Deutsch-- -- --Folder create
3/27/2026 5:12:39 PM | * Tchat/splash-- -- --Folder create
3/27/2026 5:12:39 PM | * Tchat/lang-- -- --Folder create
3/27/2026 5:12:39 PM | * Tchat/install-- -- --Folder create
3/27/2026 5:12:39 PM | * Tchat/incl-- -- --Folder create
3/27/2026 5:12:39 PM | * Tchat/img-- -- --Folder create
3/27/2026 5:12:39 PM | * Tchat/backgrounds-- -- --Folder create
3/27/2026 5:12:39 PM | * Tchat/avatars-- -- --Folder create
3/27/2026 5:12:39 PM | * Tchat/attachments-- -- --Folder create
3/27/2026 5:12:39 PM | * Tchat/app-- -- --Folder create
3/27/2026 5:12:39 PM | * Tchat/admin-- -- --Folder create
3/27/2026 5:12:39 PM | * Tchat/admin/font-- -- --Folder create
3/27/2026 5:12:39 PM | * Planetes-- -- --Folder create
3/27/2026 5:12:39 PM | * Partenaires-- -- --Folder create
3/27/2026 5:12:39 PM | * Paiement-- -- --Folder create
3/27/2026 5:12:39 PM | * Online-- -- --Folder create
3/27/2026 5:12:39 PM | * Online/Templates-- -- --Folder create
3/27/2026 5:12:39 PM | * Methodes-- -- --Folder create
3/27/2026 5:12:39 PM | * Mail-- -- --Folder create
3/27/2026 5:12:39 PM | * Magie-- -- --Folder create
3/27/2026 5:12:39 PM | * Gratuite-- -- --Folder create
3/27/2026 5:12:39 PM | * Dons-- -- --Folder create
3/27/2026 5:12:39 PM | * Domicile-- -- --Folder create
3/27/2026 5:12:39 PM | * Coaching-- -- --Folder create
3/27/2026 5:12:39 PM | * Chat-- -- --Folder create
3/27/2026 5:12:39 PM | * CGU-- -- --Folder create
3/27/2026 5:12:39 PM | * Cartomancie-- -- --Folder create
3/27/2026 5:12:39 PM | * Cartomancie/Tarots-- -- --Folder create
3/27/2026 5:12:39 PM | * Cartomancie/Belline-- -- --Folder create
3/27/2026 5:12:39 PM | * Cartomancie/32-cartes-- -- --Folder create
3/27/2026 5:12:39 PM | * Cartomancie/32-cartes/Trefle-- -- --Folder create
3/27/2026 5:12:39 PM | * Cartomancie/32-cartes/Pique-- -- --Folder create
3/27/2026 5:12:39 PM | * Cartomancie/32-cartes/Coeur-- -- --Folder create
3/27/2026 5:12:39 PM | * Cartomancie/32-cartes/Carreau-- -- --Folder create
3/27/2026 5:12:39 PM | * Admin-- -- --Folder create
3/27/2026 5:12:39 PM | * Admin/sounds-- -- --Folder create
3/27/2026 5:12:39 PM | * Backup-- -- --Folder create
3/27/2026 5:12:39 PM | * Templates-- -- --Folder create
3/27/2026 5:12:39 PM | * WEFiles-- -- --Folder create
3/27/2026 5:12:39 PM | * WEFiles/Image-- -- --Folder create
3/27/2026 5:12:39 PM | * WEFiles/Image/WEImage-- -- --Folder create
3/27/2026 5:12:39 PM | * Backup/.htaccess-- -- --33
3/27/2026 5:12:39 PM | * .htaccess-- -- --0
3/27/2026 5:12:39 PM | * Admin/status.css-- -- --0
3/27/2026 5:12:39 PM | * Coaching/Coaching(var).js-- -- --1111
3/27/2026 5:12:39 PM | * Coaching/Coaching(var).php-- -- --2415
3/27/2026 5:12:39 PM | * Coaching/Coaching.css-- -- --4726
3/27/2026 5:12:39 PM | * Backup/Coaching/Coaching.dat-- -- --1009323
3/27/2026 5:12:39 PM | * Coaching/Coaching.php-- -- --63272
3/27/2026 5:12:39 PM | * Tchat/errors.txt-- -- --0
3/27/2026 5:12:39 PM | * index(var).js-- -- --171
3/27/2026 5:12:39 PM | * index.css-- -- --917
3/27/2026 5:12:39 PM | * Backup/index.dat-- -- --153892
3/27/2026 5:12:39 PM | * index.php-- -- --38081
3/27/2026 5:12:39 PM | * sitemap.xml-- -- --27420
3/27/2026 5:12:39 PM | * robots.txt-- -- --39
3/27/2026 5:12:39 PM | * Backup/Belline net.ope-- -- --3598
3/27/2026 5:12:41 PM | 
3/27/2026 5:12:41 PM | 
--------------------------------Phase 1 Terminé--------------------------------
3/27/2026 5:12:41 PM | 

3/27/2026 5:26:13 PM | Debut Mise en ligne différentielle (Site):
3/27/2026 5:26:13 PM | Listing terminé :
3/27/2026 5:26:13 PM | 

3/27/2026 5:26:13 PM | * Tchat-- -- --Folder create
3/27/2026 5:26:13 PM | * Tchat/widgets-- -- --Folder create
3/27/2026 5:26:13 PM | * Tchat/templates-- -- --Folder create
3/27/2026 5:26:13 PM | * Tchat/stickers-- -- --Folder create
3/27/2026 5:26:13 PM | * Tchat/stickers/Stickers-- -- --Folder create
3/27/2026 5:26:13 PM | * Tchat/stickers/Deutsch-- -- --Folder create
3/27/2026 5:26:13 PM | * Tchat/splash-- -- --Folder create
3/27/2026 5:26:13 PM | * Tchat/lang-- -- --Folder create
3/27/2026 5:26:13 PM | * Tchat/install-- -- --Folder create
3/27/2026 5:26:13 PM | * Tchat/incl-- -- --Folder create
3/27/2026 5:26:13 PM | * Tchat/img-- -- --Folder create
3/27/2026 5:26:13 PM | * Tchat/backgrounds-- -- --Folder create
3/27/2026 5:26:13 PM | * Tchat/avatars-- -- --Folder create
3/27/2026 5:26:13 PM | * Tchat/attachments-- -- --Folder create
3/27/2026 5:26:13 PM | * Tchat/app-- -- --Folder create
3/27/2026 5:26:13 PM | * Tchat/admin-- -- --Folder create
3/27/2026 5:26:13 PM | * Tchat/admin/font-- -- --Folder create
3/27/2026 5:26:13 PM | * Planetes-- -- --Folder create
3/27/2026 5:26:13 PM | * Partenaires-- -- --Folder create
3/27/2026 5:26:13 PM | * Paiement-- -- --Folder create
3/27/2026 5:26:13 PM | * Online-- -- --Folder create
3/27/2026 5:26:13 PM | * Online/Templates-- -- --Folder create
3/27/2026 5:26:13 PM | * Methodes-- -- --Folder create
3/27/2026 5:26:13 PM | * Mail-- -- --Folder create
3/27/2026 5:26:13 PM | * Magie-- -- --Folder create
3/27/2026 5:26:13 PM | * Gratuite-- -- --Folder create
3/27/2026 5:26:13 PM | * Dons-- -- --Folder create
3/27/2026 5:26:13 PM | * Domicile-- -- --Folder create
3/27/2026 5:26:13 PM | * Coaching-- -- --Folder create
3/27/2026 5:26:13 PM | * Chat-- -- --Folder create
3/27/2026 5:26:13 PM | * CGU-- -- --Folder create
3/27/2026 5:26:13 PM | * Cartomancie-- -- --Folder create
3/27/2026 5:26:13 PM | * Cartomancie/Tarots-- -- --Folder create
3/27/2026 5:26:13 PM | * Cartomancie/Belline-- -- --Folder create
3/27/2026 5:26:13 PM | * Cartomancie/32-cartes-- -- --Folder create
3/27/2026 5:26:13 PM | * Cartomancie/32-cartes/Trefle-- -- --Folder create
3/27/2026 5:26:13 PM | * Cartomancie/32-cartes/Pique-- -- --Folder create
3/27/2026 5:26:13 PM | * Cartomancie/32-cartes/Coeur-- -- --Folder create
3/27/2026 5:26:13 PM | * Cartomancie/32-cartes/Carreau-- -- --Folder create
3/27/2026 5:26:13 PM | * Admin-- -- --Folder create
3/27/2026 5:26:13 PM | * Admin/sounds-- -- --Folder create
3/27/2026 5:26:13 PM | * Backup-- -- --Folder create
3/27/2026 5:26:13 PM | * Templates-- -- --Folder create
3/27/2026 5:26:13 PM | * WEFiles-- -- --Folder create
3/27/2026 5:26:13 PM | * WEFiles/Image-- -- --Folder create
3/27/2026 5:26:13 PM | * WEFiles/Image/WEImage-- -- --Folder create
3/27/2026 5:26:13 PM | * Backup/.htaccess-- -- --33
3/27/2026 5:26:13 PM | * .htaccess-- -- --0
3/27/2026 5:26:13 PM | * Admin/status.css-- -- --0
3/27/2026 5:26:13 PM | * Dons/Dons(var).js-- -- --171
3/27/2026 5:26:13 PM | * Dons/Dons.css-- -- --1483
3/27/2026 5:26:13 PM | * Backup/Dons/Dons.dat-- -- --331517
3/27/2026 5:26:13 PM | * Dons/Dons.php-- -- --37073
3/27/2026 5:26:13 PM | * Tchat/errors.txt-- -- --0
3/27/2026 5:26:13 PM | * sitemap.xml-- -- --27420
3/27/2026 5:26:13 PM | * robots.txt-- -- --39
3/27/2026 5:26:13 PM | * Backup/Belline net.ope-- -- --3598
3/27/2026 5:26:15 PM | 
3/27/2026 5:26:15 PM | 
--------------------------------Phase 1 Terminé--------------------------------
3/27/2026 5:26:15 PM | 

3/27/2026 5:46:05 PM | Debut Mise en ligne différentielle (Site):
3/27/2026 5:46:06 PM | Listing terminé :
3/27/2026 5:46:06 PM | 

3/27/2026 5:46:06 PM | * Tchat-- -- --Folder create
3/27/2026 5:46:06 PM | * Tchat/widgets-- -- --Folder create
3/27/2026 5:46:06 PM | * Tchat/templates-- -- --Folder create
3/27/2026 5:46:06 PM | * Tchat/stickers-- -- --Folder create
3/27/2026 5:46:06 PM | * Tchat/stickers/Stickers-- -- --Folder create
3/27/2026 5:46:06 PM | * Tchat/stickers/Deutsch-- -- --Folder create
3/27/2026 5:46:06 PM | * Tchat/splash-- -- --Folder create
3/27/2026 5:46:06 PM | * Tchat/lang-- -- --Folder create
3/27/2026 5:46:06 PM | * Tchat/install-- -- --Folder create
3/27/2026 5:46:06 PM | * Tchat/incl-- -- --Folder create
3/27/2026 5:46:06 PM | * Tchat/img-- -- --Folder create
3/27/2026 5:46:06 PM | * Tchat/backgrounds-- -- --Folder create
3/27/2026 5:46:06 PM | * Tchat/avatars-- -- --Folder create
3/27/2026 5:46:06 PM | * Tchat/attachments-- -- --Folder create
3/27/2026 5:46:06 PM | * Tchat/app-- -- --Folder create
3/27/2026 5:46:06 PM | * Tchat/admin-- -- --Folder create
3/27/2026 5:46:06 PM | * Tchat/admin/font-- -- --Folder create
3/27/2026 5:46:06 PM | * Planetes-- -- --Folder create
3/27/2026 5:46:06 PM | * Partenaires-- -- --Folder create
3/27/2026 5:46:06 PM | * Paiement-- -- --Folder create
3/27/2026 5:46:06 PM | * Online-- -- --Folder create
3/27/2026 5:46:06 PM | * Online/Templates-- -- --Folder create
3/27/2026 5:46:06 PM | * Methodes-- -- --Folder create
3/27/2026 5:46:06 PM | * Mail-- -- --Folder create
3/27/2026 5:46:06 PM | * Magie-- -- --Folder create
3/27/2026 5:46:06 PM | * Gratuite-- -- --Folder create
3/27/2026 5:46:06 PM | * Dons-- -- --Folder create
3/27/2026 5:46:06 PM | * Domicile-- -- --Folder create
3/27/2026 5:46:06 PM | * Coaching-- -- --Folder create
3/27/2026 5:46:06 PM | * Chat-- -- --Folder create
3/27/2026 5:46:06 PM | * CGU-- -- --Folder create
3/27/2026 5:46:06 PM | * Cartomancie-- -- --Folder create
3/27/2026 5:46:06 PM | * Cartomancie/Tarots-- -- --Folder create
3/27/2026 5:46:06 PM | * Cartomancie/Belline-- -- --Folder create
3/27/2026 5:46:06 PM | * Cartomancie/32-cartes-- -- --Folder create
3/27/2026 5:46:06 PM | * Cartomancie/32-cartes/Trefle-- -- --Folder create
3/27/2026 5:46:06 PM | * Cartomancie/32-cartes/Pique-- -- --Folder create
3/27/2026 5:46:06 PM | * Cartomancie/32-cartes/Coeur-- -- --Folder create
3/27/2026 5:46:06 PM | * Cartomancie/32-cartes/Carreau-- -- --Folder create
3/27/2026 5:46:06 PM | * Admin-- -- --Folder create
3/27/2026 5:46:06 PM | * Admin/sounds-- -- --Folder create
3/27/2026 5:46:06 PM | * Backup-- -- --Folder create
3/27/2026 5:46:06 PM | * Templates-- -- --Folder create
3/27/2026 5:46:06 PM | * WEFiles-- -- --Folder create
3/27/2026 5:46:06 PM | * WEFiles/Image-- -- --Folder create
3/27/2026 5:46:06 PM | * WEFiles/Image/WEImage-- -- --Folder create
3/27/2026 5:46:06 PM | * Backup/.htaccess-- -- --33
3/27/2026 5:46:06 PM | * .htaccess-- -- --0
3/27/2026 5:46:06 PM | * Admin/status.css-- -- --0
3/27/2026 5:46:06 PM | * Dons/Dons(var).js-- -- --171
3/27/2026 5:46:06 PM | * Dons/Dons.css-- -- --1594
3/27/2026 5:46:06 PM | * Backup/Dons/Dons.dat-- -- --355844
3/27/2026 5:46:06 PM | * Dons/Dons.php-- -- --37376
3/27/2026 5:46:06 PM | * Magie/Formulaire(var).js-- -- --1133
3/27/2026 5:46:06 PM | * Magie/Formulaire(var).php-- -- --5375
3/27/2026 5:46:06 PM | * Magie/Formulaire.css-- -- --4882
3/27/2026 5:46:06 PM | * Backup/Magie/Formulaire.dat-- -- --1097261
3/27/2026 5:46:06 PM | * Magie/Formulaire.php-- -- --67199
3/27/2026 5:46:06 PM | * Tchat/errors.txt-- -- --0
3/27/2026 5:46:06 PM | * sitemap.xml-- -- --27420
3/27/2026 5:46:06 PM | * robots.txt-- -- --39
3/27/2026 5:46:06 PM | * Backup/Belline net.ope-- -- --3598
3/27/2026 5:46:08 PM | 
3/27/2026 5:46:08 PM | 
--------------------------------Phase 1 Terminé--------------------------------
3/27/2026 5:46:08 PM | 

3/27/2026 6:02:10 PM | Debut Mise en ligne différentielle (Site):
3/27/2026 6:02:11 PM | Listing terminé :
3/27/2026 6:02:11 PM | 

3/27/2026 6:02:11 PM | * Tchat-- -- --Folder create
3/27/2026 6:02:11 PM | * Tchat/widgets-- -- --Folder create
3/27/2026 6:02:11 PM | * Tchat/templates-- -- --Folder create
3/27/2026 6:02:11 PM | * Tchat/stickers-- -- --Folder create
3/27/2026 6:02:11 PM | * Tchat/stickers/Stickers-- -- --Folder create
3/27/2026 6:02:11 PM | * Tchat/stickers/Deutsch-- -- --Folder create
3/27/2026 6:02:11 PM | * Tchat/splash-- -- --Folder create
3/27/2026 6:02:11 PM | * Tchat/lang-- -- --Folder create
3/27/2026 6:02:11 PM | * Tchat/install-- -- --Folder create
3/27/2026 6:02:11 PM | * Tchat/incl-- -- --Folder create
3/27/2026 6:02:11 PM | * Tchat/img-- -- --Folder create
3/27/2026 6:02:11 PM | * Tchat/backgrounds-- -- --Folder create
3/27/2026 6:02:11 PM | * Tchat/avatars-- -- --Folder create
3/27/2026 6:02:11 PM | * Tchat/attachments-- -- --Folder create
3/27/2026 6:02:11 PM | * Tchat/app-- -- --Folder create
3/27/2026 6:02:11 PM | * Tchat/admin-- -- --Folder create
3/27/2026 6:02:11 PM | * Tchat/admin/font-- -- --Folder create
3/27/2026 6:02:11 PM | * Planetes-- -- --Folder create
3/27/2026 6:02:11 PM | * Partenaires-- -- --Folder create
3/27/2026 6:02:11 PM | * Paiement-- -- --Folder create
3/27/2026 6:02:11 PM | * Online-- -- --Folder create
3/27/2026 6:02:11 PM | * Online/Templates-- -- --Folder create
3/27/2026 6:02:11 PM | * Methodes-- -- --Folder create
3/27/2026 6:02:11 PM | * Mail-- -- --Folder create
3/27/2026 6:02:11 PM | * Magie-- -- --Folder create
3/27/2026 6:02:11 PM | * Gratuite-- -- --Folder create
3/27/2026 6:02:11 PM | * Dons-- -- --Folder create
3/27/2026 6:02:11 PM | * Domicile-- -- --Folder create
3/27/2026 6:02:11 PM | * Coaching-- -- --Folder create
3/27/2026 6:02:11 PM | * Chat-- -- --Folder create
3/27/2026 6:02:11 PM | * CGU-- -- --Folder create
3/27/2026 6:02:11 PM | * Cartomancie-- -- --Folder create
3/27/2026 6:02:11 PM | * Cartomancie/Tarots-- -- --Folder create
3/27/2026 6:02:11 PM | * Cartomancie/Belline-- -- --Folder create
3/27/2026 6:02:11 PM | * Cartomancie/32-cartes-- -- --Folder create
3/27/2026 6:02:11 PM | * Cartomancie/32-cartes/Trefle-- -- --Folder create
3/27/2026 6:02:11 PM | * Cartomancie/32-cartes/Pique-- -- --Folder create
3/27/2026 6:02:11 PM | * Cartomancie/32-cartes/Coeur-- -- --Folder create
3/27/2026 6:02:11 PM | * Cartomancie/32-cartes/Carreau-- -- --Folder create
3/27/2026 6:02:11 PM | * Admin-- -- --Folder create
3/27/2026 6:02:11 PM | * Admin/sounds-- -- --Folder create
3/27/2026 6:02:11 PM | * Backup-- -- --Folder create
3/27/2026 6:02:11 PM | * Templates-- -- --Folder create
3/27/2026 6:02:11 PM | * WEFiles-- -- --Folder create
3/27/2026 6:02:11 PM | * WEFiles/Image-- -- --Folder create
3/27/2026 6:02:11 PM | * WEFiles/Image/WEImage-- -- --Folder create
3/27/2026 6:02:11 PM | * Backup/.htaccess-- -- --33
3/27/2026 6:02:11 PM | * .htaccess-- -- --0
3/27/2026 6:02:11 PM | * Admin/status.css-- -- --0
3/27/2026 6:02:11 PM | * Dons/Dons(var).js-- -- --171
3/27/2026 6:02:11 PM | * Dons/Dons.css-- -- --1594
3/27/2026 6:02:11 PM | * Backup/Dons/Dons.dat-- -- --355879
3/27/2026 6:02:11 PM | * Dons/Dons.php-- -- --37388
3/27/2026 6:02:11 PM | * Tchat/errors.txt-- -- --0
3/27/2026 6:02:11 PM | * sitemap.xml-- -- --27420
3/27/2026 6:02:11 PM | * robots.txt-- -- --39
3/27/2026 6:02:11 PM | * Backup/Belline net.ope-- -- --3598
3/27/2026 6:02:12 PM | 
3/27/2026 6:02:12 PM | 
--------------------------------Phase 1 Terminé--------------------------------
3/27/2026 6:02:12 PM | 

3/27/2026 6:32:22 PM | Debut Mise en ligne différentielle (Site):
3/27/2026 6:32:23 PM | Listing terminé :
3/27/2026 6:32:23 PM | 

3/27/2026 6:32:23 PM | * Tchat-- -- --Folder create
3/27/2026 6:32:23 PM | * Tchat/widgets-- -- --Folder create
3/27/2026 6:32:23 PM | * Tchat/templates-- -- --Folder create
3/27/2026 6:32:23 PM | * Tchat/stickers-- -- --Folder create
3/27/2026 6:32:23 PM | * Tchat/stickers/Stickers-- -- --Folder create
3/27/2026 6:32:23 PM | * Tchat/stickers/Deutsch-- -- --Folder create
3/27/2026 6:32:23 PM | * Tchat/splash-- -- --Folder create
3/27/2026 6:32:23 PM | * Tchat/lang-- -- --Folder create
3/27/2026 6:32:23 PM | * Tchat/install-- -- --Folder create
3/27/2026 6:32:23 PM | * Tchat/incl-- -- --Folder create
3/27/2026 6:32:23 PM | * Tchat/img-- -- --Folder create
3/27/2026 6:32:23 PM | * Tchat/backgrounds-- -- --Folder create
3/27/2026 6:32:23 PM | * Tchat/avatars-- -- --Folder create
3/27/2026 6:32:23 PM | * Tchat/attachments-- -- --Folder create
3/27/2026 6:32:23 PM | * Tchat/app-- -- --Folder create
3/27/2026 6:32:23 PM | * Tchat/admin-- -- --Folder create
3/27/2026 6:32:23 PM | * Tchat/admin/font-- -- --Folder create
3/27/2026 6:32:23 PM | * Planetes-- -- --Folder create
3/27/2026 6:32:23 PM | * Partenaires-- -- --Folder create
3/27/2026 6:32:23 PM | * Paiement-- -- --Folder create
3/27/2026 6:32:23 PM | * Online-- -- --Folder create
3/27/2026 6:32:23 PM | * Online/Templates-- -- --Folder create
3/27/2026 6:32:23 PM | * Methodes-- -- --Folder create
3/27/2026 6:32:23 PM | * Mail-- -- --Folder create
3/27/2026 6:32:23 PM | * Magie-- -- --Folder create
3/27/2026 6:32:23 PM | * Gratuite-- -- --Folder create
3/27/2026 6:32:23 PM | * Dons-- -- --Folder create
3/27/2026 6:32:23 PM | * Domicile-- -- --Folder create
3/27/2026 6:32:23 PM | * Coaching-- -- --Folder create
3/27/2026 6:32:23 PM | * Chat-- -- --Folder create
3/27/2026 6:32:23 PM | * CGU-- -- --Folder create
3/27/2026 6:32:23 PM | * Cartomancie-- -- --Folder create
3/27/2026 6:32:23 PM | * Cartomancie/Tarots-- -- --Folder create
3/27/2026 6:32:23 PM | * Cartomancie/Belline-- -- --Folder create
3/27/2026 6:32:23 PM | * Cartomancie/32-cartes-- -- --Folder create
3/27/2026 6:32:23 PM | * Cartomancie/32-cartes/Trefle-- -- --Folder create
3/27/2026 6:32:23 PM | * Cartomancie/32-cartes/Pique-- -- --Folder create
3/27/2026 6:32:23 PM | * Cartomancie/32-cartes/Coeur-- -- --Folder create
3/27/2026 6:32:23 PM | * Cartomancie/32-cartes/Carreau-- -- --Folder create
3/27/2026 6:32:23 PM | * Admin-- -- --Folder create
3/27/2026 6:32:23 PM | * Admin/sounds-- -- --Folder create
3/27/2026 6:32:23 PM | * Backup-- -- --Folder create
3/27/2026 6:32:23 PM | * Templates-- -- --Folder create
3/27/2026 6:32:23 PM | * WEFiles-- -- --Folder create
3/27/2026 6:32:23 PM | * WEFiles/Image-- -- --Folder create
3/27/2026 6:32:23 PM | * WEFiles/Image/WEImage-- -- --Folder create
3/27/2026 6:32:23 PM | * Backup/.htaccess-- -- --33
3/27/2026 6:32:23 PM | * .htaccess-- -- --0
3/27/2026 6:32:23 PM | * Admin/status.css-- -- --0
3/27/2026 6:32:23 PM | * Chat/Formulaire(var).js-- -- --1103
3/27/2026 6:32:23 PM | * Chat/Formulaire(var).php-- -- --4015
3/27/2026 6:32:23 PM | * Chat/Formulaire.css-- -- --4727
3/27/2026 6:32:23 PM | * Backup/Chat/Formulaire.dat-- -- --1028623
3/27/2026 6:32:23 PM | * Chat/Formulaire.php-- -- --62866
3/27/2026 6:32:23 PM | * Tchat/errors.txt-- -- --0
3/27/2026 6:32:23 PM | * sitemap.xml-- -- --27420
3/27/2026 6:32:23 PM | * robots.txt-- -- --39
3/27/2026 6:32:23 PM | * Backup/Belline net.ope-- -- --3598
3/27/2026 6:32:25 PM | 
3/27/2026 6:32:25 PM | 
--------------------------------Phase 1 Terminé--------------------------------
3/27/2026 6:32:25 PM | 

3/27/2026 7:02:08 PM | Debut Mise en ligne différentielle (Site):
3/27/2026 7:02:09 PM | Listing terminé :
3/27/2026 7:02:09 PM | 

3/27/2026 7:02:09 PM | * Tchat-- -- --Folder create
3/27/2026 7:02:09 PM | * Tchat/widgets-- -- --Folder create
3/27/2026 7:02:09 PM | * Tchat/templates-- -- --Folder create
3/27/2026 7:02:09 PM | * Tchat/stickers-- -- --Folder create
3/27/2026 7:02:09 PM | * Tchat/stickers/Stickers-- -- --Folder create
3/27/2026 7:02:09 PM | * Tchat/stickers/Deutsch-- -- --Folder create
3/27/2026 7:02:09 PM | * Tchat/splash-- -- --Folder create
3/27/2026 7:02:09 PM | * Tchat/lang-- -- --Folder create
3/27/2026 7:02:09 PM | * Tchat/install-- -- --Folder create
3/27/2026 7:02:09 PM | * Tchat/incl-- -- --Folder create
3/27/2026 7:02:09 PM | * Tchat/img-- -- --Folder create
3/27/2026 7:02:09 PM | * Tchat/backgrounds-- -- --Folder create
3/27/2026 7:02:09 PM | * Tchat/avatars-- -- --Folder create
3/27/2026 7:02:09 PM | * Tchat/attachments-- -- --Folder create
3/27/2026 7:02:09 PM | * Tchat/app-- -- --Folder create
3/27/2026 7:02:09 PM | * Tchat/admin-- -- --Folder create
3/27/2026 7:02:09 PM | * Tchat/admin/font-- -- --Folder create
3/27/2026 7:02:09 PM | * Planetes-- -- --Folder create
3/27/2026 7:02:09 PM | * Partenaires-- -- --Folder create
3/27/2026 7:02:09 PM | * Paiement-- -- --Folder create
3/27/2026 7:02:09 PM | * Online-- -- --Folder create
3/27/2026 7:02:09 PM | * Online/Templates-- -- --Folder create
3/27/2026 7:02:09 PM | * Methodes-- -- --Folder create
3/27/2026 7:02:09 PM | * Mail-- -- --Folder create
3/27/2026 7:02:09 PM | * Magie-- -- --Folder create
3/27/2026 7:02:09 PM | * Gratuite-- -- --Folder create
3/27/2026 7:02:09 PM | * Dons-- -- --Folder create
3/27/2026 7:02:09 PM | * Domicile-- -- --Folder create
3/27/2026 7:02:09 PM | * Coaching-- -- --Folder create
3/27/2026 7:02:09 PM | * Chat-- -- --Folder create
3/27/2026 7:02:09 PM | * CGU-- -- --Folder create
3/27/2026 7:02:09 PM | * Cartomancie-- -- --Folder create
3/27/2026 7:02:09 PM | * Cartomancie/Tarots-- -- --Folder create
3/27/2026 7:02:09 PM | * Cartomancie/Belline-- -- --Folder create
3/27/2026 7:02:09 PM | * Cartomancie/32-cartes-- -- --Folder create
3/27/2026 7:02:09 PM | * Cartomancie/32-cartes/Trefle-- -- --Folder create
3/27/2026 7:02:09 PM | * Cartomancie/32-cartes/Pique-- -- --Folder create
3/27/2026 7:02:09 PM | * Cartomancie/32-cartes/Coeur-- -- --Folder create
3/27/2026 7:02:09 PM | * Cartomancie/32-cartes/Carreau-- -- --Folder create
3/27/2026 7:02:09 PM | * Admin-- -- --Folder create
3/27/2026 7:02:09 PM | * Admin/sounds-- -- --Folder create
3/27/2026 7:02:09 PM | * Backup-- -- --Folder create
3/27/2026 7:02:09 PM | * Templates-- -- --Folder create
3/27/2026 7:02:09 PM | * WEFiles-- -- --Folder create
3/27/2026 7:02:09 PM | * WEFiles/Image-- -- --Folder create
3/27/2026 7:02:09 PM | * WEFiles/Image/WEImage-- -- --Folder create
3/27/2026 7:02:09 PM | * Backup/.htaccess-- -- --33
3/27/2026 7:02:09 PM | * .htaccess-- -- --0
3/27/2026 7:02:09 PM | * Admin/status.css-- -- --0
3/27/2026 7:02:09 PM | * Chat/Formulaire(var).js-- -- --1103
3/27/2026 7:02:09 PM | * Chat/Formulaire(var).php-- -- --4015
3/27/2026 7:02:09 PM | * Chat/Formulaire.css-- -- --4727
3/27/2026 7:02:09 PM | * Backup/Chat/Formulaire.dat-- -- --1028623
3/27/2026 7:02:09 PM | * Chat/Formulaire.php-- -- --62866
3/27/2026 7:02:09 PM | * Domicile/Formulaire(var).js-- -- --1111
3/27/2026 7:02:09 PM | * Domicile/Formulaire(var).php-- -- --3500
3/27/2026 7:02:09 PM | * Domicile/Formulaire.css-- -- --4727
3/27/2026 7:02:09 PM | * Backup/Domicile/Formulaire.dat-- -- --1021983
3/27/2026 7:02:09 PM | * Domicile/Formulaire.php-- -- --62992
3/27/2026 7:02:09 PM | * Dons/Dons(var).js-- -- --171
3/27/2026 7:02:09 PM | * Dons/Dons.css-- -- --1594
3/27/2026 7:02:09 PM | * Backup/Dons/Dons.dat-- -- --355868
3/27/2026 7:02:09 PM | * Dons/Dons.php-- -- --37377
3/27/2026 7:02:09 PM | * Tchat/errors.txt-- -- --0
3/27/2026 7:02:09 PM | * index(var).js-- -- --171
3/27/2026 7:02:09 PM | * index.css-- -- --917
3/27/2026 7:02:09 PM | * Backup/index.dat-- -- --153892
3/27/2026 7:02:09 PM | * index.php-- -- --38081
3/27/2026 7:02:09 PM | * sitemap.xml-- -- --27420
3/27/2026 7:02:09 PM | * robots.txt-- -- --39
3/27/2026 7:02:09 PM | * Backup/Belline net.ope-- -- --3598
3/27/2026 7:49:21 PM | 
3/27/2026 7:49:21 PM | 
--------------------------------Phase 1 Terminé--------------------------------
3/27/2026 7:49:21 PM | 

3/28/2026 9:15:26 AM | Debut Mise en ligne différentielle (Site):
3/28/2026 9:15:43 AM | Listing terminé :
3/28/2026 9:15:43 AM | 

3/28/2026 9:15:43 AM | * Tchat-- -- --Folder create
3/28/2026 9:15:43 AM | * Tchat/widgets-- -- --Folder create
3/28/2026 9:15:43 AM | * Tchat/templates-- -- --Folder create
3/28/2026 9:15:43 AM | * Tchat/stickers-- -- --Folder create
3/28/2026 9:15:43 AM | * Tchat/stickers/Stickers-- -- --Folder create
3/28/2026 9:15:43 AM | * Tchat/stickers/Deutsch-- -- --Folder create
3/28/2026 9:15:43 AM | * Tchat/splash-- -- --Folder create
3/28/2026 9:15:43 AM | * Tchat/lang-- -- --Folder create
3/28/2026 9:15:43 AM | * Tchat/install-- -- --Folder create
3/28/2026 9:15:43 AM | * Tchat/incl-- -- --Folder create
3/28/2026 9:15:43 AM | * Tchat/img-- -- --Folder create
3/28/2026 9:15:43 AM | * Tchat/backgrounds-- -- --Folder create
3/28/2026 9:15:43 AM | * Tchat/avatars-- -- --Folder create
3/28/2026 9:15:43 AM | * Tchat/attachments-- -- --Folder create
3/28/2026 9:15:43 AM | * Tchat/app-- -- --Folder create
3/28/2026 9:15:43 AM | * Tchat/admin-- -- --Folder create
3/28/2026 9:15:43 AM | * Tchat/admin/font-- -- --Folder create
3/28/2026 9:15:43 AM | * Planetes-- -- --Folder create
3/28/2026 9:15:43 AM | * Partenaires-- -- --Folder create
3/28/2026 9:15:43 AM | * Paiement-- -- --Folder create
3/28/2026 9:15:43 AM | * Online-- -- --Folder create
3/28/2026 9:15:43 AM | * Online/Templates-- -- --Folder create
3/28/2026 9:15:43 AM | * Methodes-- -- --Folder create
3/28/2026 9:15:43 AM | * Mail-- -- --Folder create
3/28/2026 9:15:43 AM | * Magie-- -- --Folder create
3/28/2026 9:15:43 AM | * Gratuite-- -- --Folder create
3/28/2026 9:15:43 AM | * Dons-- -- --Folder create
3/28/2026 9:15:43 AM | * Domicile-- -- --Folder create
3/28/2026 9:15:43 AM | * Coaching-- -- --Folder create
3/28/2026 9:15:43 AM | * Chat-- -- --Folder create
3/28/2026 9:15:43 AM | * CGU-- -- --Folder create
3/28/2026 9:15:43 AM | * Cartomancie-- -- --Folder create
3/28/2026 9:15:43 AM | * Cartomancie/Tarots-- -- --Folder create
3/28/2026 9:15:43 AM | * Cartomancie/Belline-- -- --Folder create
3/28/2026 9:15:43 AM | * Cartomancie/32-cartes-- -- --Folder create
3/28/2026 9:15:43 AM | * Cartomancie/32-cartes/Trefle-- -- --Folder create
3/28/2026 9:15:43 AM | * Cartomancie/32-cartes/Pique-- -- --Folder create
3/28/2026 9:15:43 AM | * Cartomancie/32-cartes/Coeur-- -- --Folder create
3/28/2026 9:15:43 AM | * Cartomancie/32-cartes/Carreau-- -- --Folder create
3/28/2026 9:15:43 AM | * Admin-- -- --Folder create
3/28/2026 9:15:43 AM | * Admin/sounds-- -- --Folder create
3/28/2026 9:15:43 AM | * Backup-- -- --Folder create
3/28/2026 9:15:43 AM | * Templates-- -- --Folder create
3/28/2026 9:15:43 AM | * WEFiles-- -- --Folder create
3/28/2026 9:15:43 AM | * WEFiles/Image-- -- --Folder create
3/28/2026 9:15:43 AM | * WEFiles/Image/WEImage-- -- --Folder create
3/28/2026 9:15:43 AM | * Backup/.htaccess-- -- --33
3/28/2026 9:15:43 AM | * .htaccess-- -- --0
3/28/2026 9:15:43 AM | * Admin/status.css-- -- --0
3/28/2026 9:15:43 AM | * Cartomancie/32-cartes/Carreau/07(var).js-- -- --171
3/28/2026 9:15:43 AM | * Cartomancie/32-cartes/Carreau/07.css-- -- --1196
3/28/2026 9:15:43 AM | * Backup/Cartomancie/32-cartes/Carreau/07.dat-- -- --278233
3/28/2026 9:15:43 AM | * Cartomancie/32-cartes/Carreau/07.php-- -- --34521
3/28/2026 9:15:43 AM | * Cartomancie/32-cartes/Carreau/08(var).js-- -- --171
3/28/2026 9:15:44 AM | * Cartomancie/32-cartes/Carreau/08.css-- -- --1197
3/28/2026 9:15:44 AM | * Backup/Cartomancie/32-cartes/Carreau/08.dat-- -- --279197
3/28/2026 9:15:44 AM | * Cartomancie/32-cartes/Carreau/08.php-- -- --35389
3/28/2026 9:15:44 AM | * Cartomancie/32-cartes/Carreau/09(var).js-- -- --171
3/28/2026 9:15:44 AM | * Cartomancie/32-cartes/Carreau/09.css-- -- --1196
3/28/2026 9:15:44 AM | * Backup/Cartomancie/32-cartes/Carreau/09.dat-- -- --277444
3/28/2026 9:15:44 AM | * Cartomancie/32-cartes/Carreau/09.php-- -- --34175
3/28/2026 9:15:44 AM | * Cartomancie/32-cartes/Carreau/10(var).js-- -- --171
3/28/2026 9:15:44 AM | * Cartomancie/32-cartes/Carreau/10.css-- -- --1196
3/28/2026 9:15:44 AM | * Backup/Cartomancie/32-cartes/Carreau/10.dat-- -- --278108
3/28/2026 9:15:44 AM | * Cartomancie/32-cartes/Carreau/10.php-- -- --34450
3/28/2026 9:15:44 AM | * Cartomancie/32-cartes/Carreau/11-Valet(var).js-- -- --171
3/28/2026 9:15:44 AM | * Cartomancie/32-cartes/Carreau/11-Valet.css-- -- --1196
3/28/2026 9:15:44 AM | * Backup/Cartomancie/32-cartes/Carreau/11-Valet.dat-- -- --278300
3/28/2026 9:15:44 AM | * Cartomancie/32-cartes/Carreau/11-Valet.php-- -- --35047
3/28/2026 9:15:44 AM | * Cartomancie/32-cartes/Carreau/12-Dame(var).js-- -- --171
3/28/2026 9:15:44 AM | * Cartomancie/32-cartes/Carreau/12-Dame.css-- -- --1196
3/28/2026 9:15:44 AM | * Backup/Cartomancie/32-cartes/Carreau/12-Dame.dat-- -- --277737
3/28/2026 9:15:44 AM | * Cartomancie/32-cartes/Carreau/12-Dame.php-- -- --34701
3/28/2026 9:15:44 AM | * Cartomancie/32-cartes/Carreau/13-Roi(var).js-- -- --171
3/28/2026 9:15:44 AM | * Cartomancie/32-cartes/Carreau/13-Roi.css-- -- --1196
3/28/2026 9:15:44 AM | * Backup/Cartomancie/32-cartes/Carreau/13-Roi.dat-- -- --278040
3/28/2026 9:15:44 AM | * Cartomancie/32-cartes/Carreau/13-Roi.php-- -- --34781
3/28/2026 9:15:44 AM | * Cartomancie/32-cartes/Carreau/14-As(var).js-- -- --171
3/28/2026 9:15:44 AM | * Cartomancie/32-cartes/Carreau/14-As.css-- -- --1196
3/28/2026 9:15:44 AM | * Backup/Cartomancie/32-cartes/Carreau/14-As.dat-- -- --278005
3/28/2026 9:15:44 AM | * Cartomancie/32-cartes/Carreau/14-As.php-- -- --34617
3/28/2026 9:15:44 AM | * Cartomancie/32-cartes/Coeur/07(var).js-- -- --171
3/28/2026 9:15:44 AM | * Cartomancie/32-cartes/Coeur/07.css-- -- --1196
3/28/2026 9:15:44 AM | * Backup/Cartomancie/32-cartes/Coeur/07.dat-- -- --277977
3/28/2026 9:15:44 AM | * Cartomancie/32-cartes/Coeur/07.php-- -- --34550
3/28/2026 9:15:44 AM | * Cartomancie/32-cartes/Coeur/08(var).js-- -- --171
3/28/2026 9:15:44 AM | * Cartomancie/32-cartes/Coeur/08.css-- -- --1196
3/28/2026 9:15:44 AM | * Backup/Cartomancie/32-cartes/Coeur/08.dat-- -- --277840
3/28/2026 9:15:44 AM | * Cartomancie/32-cartes/Coeur/08.php-- -- --34403
3/28/2026 9:15:44 AM | * Cartomancie/32-cartes/Coeur/09(var).js-- -- --171
3/28/2026 9:15:44 AM | * Cartomancie/32-cartes/Coeur/09.css-- -- --1196
3/28/2026 9:15:44 AM | * Backup/Cartomancie/32-cartes/Coeur/09.dat-- -- --277886
3/28/2026 9:15:44 AM | * Cartomancie/32-cartes/Coeur/09.php-- -- --34449
3/28/2026 9:15:44 AM | * Cartomancie/32-cartes/Coeur/10(var).js-- -- --171
3/28/2026 9:15:44 AM | * Cartomancie/32-cartes/Coeur/10.css-- -- --1211
3/28/2026 9:15:44 AM | * Backup/Cartomancie/32-cartes/Coeur/10.dat-- -- --284142
3/28/2026 9:15:44 AM | * Cartomancie/32-cartes/Coeur/10.php-- -- --35120
3/28/2026 9:15:44 AM | * Cartomancie/32-cartes/Coeur/11-Valet(var).js-- -- --171
3/28/2026 9:15:44 AM | * Cartomancie/32-cartes/Coeur/11-Valet.css-- -- --1196
3/28/2026 9:15:44 AM | * Backup/Cartomancie/32-cartes/Coeur/11-Valet.dat-- -- --278378
3/28/2026 9:15:44 AM | * Cartomancie/32-cartes/Coeur/11-Valet.php-- -- --34959
3/28/2026 9:15:44 AM | * Cartomancie/32-cartes/Coeur/12-Dame(var).js-- -- --171
3/28/2026 9:15:44 AM | * Cartomancie/32-cartes/Coeur/12-Dame.css-- -- --1196
3/28/2026 9:15:44 AM | * Backup/Cartomancie/32-cartes/Coeur/12-Dame.dat-- -- --277992
3/28/2026 9:15:44 AM | * Cartomancie/32-cartes/Coeur/12-Dame.php-- -- --34570
3/28/2026 9:15:44 AM | * Cartomancie/32-cartes/Coeur/13-Roi(var).js-- -- --103
3/28/2026 9:15:44 AM | * Cartomancie/32-cartes/Coeur/13-Roi.css-- -- --1143
3/28/2026 9:15:44 AM | * Backup/Cartomancie/32-cartes/Coeur/13-Roi.dat-- -- --255808
3/28/2026 9:15:44 AM | * Cartomancie/32-cartes/Coeur/13-Roi.php-- -- --34962
3/28/2026 9:15:44 AM | * Cartomancie/32-cartes/Coeur/14-As(var).js-- -- --103
3/28/2026 9:15:44 AM | * Cartomancie/32-cartes/Coeur/14-As.css-- -- --1143
3/28/2026 9:15:44 AM | * Backup/Cartomancie/32-cartes/Coeur/14-As.dat-- -- --255095
3/28/2026 9:15:44 AM | * Cartomancie/32-cartes/Coeur/14-As.php-- -- --34358
3/28/2026 9:15:44 AM | * Cartomancie/32-cartes/Pique/07(var).js-- -- --239
3/28/2026 9:15:44 AM | * Cartomancie/32-cartes/Pique/07.css-- -- --1249
3/28/2026 9:15:44 AM | * Backup/Cartomancie/32-cartes/Pique/07.dat-- -- --299014
3/28/2026 9:15:44 AM | * Cartomancie/32-cartes/Pique/07.php-- -- --34602
3/28/2026 9:15:44 AM | * Cartomancie/32-cartes/Pique/08(var).js-- -- --171
3/28/2026 9:15:44 AM | * Cartomancie/32-cartes/Pique/08.css-- -- --1196
3/28/2026 9:15:44 AM | * Backup/Cartomancie/32-cartes/Pique/08.dat-- -- --280545
3/28/2026 9:15:44 AM | * Cartomancie/32-cartes/Pique/08.php-- -- --35193
3/28/2026 9:15:44 AM | * Cartomancie/32-cartes/Pique/09(var).js-- -- --171
3/28/2026 9:15:44 AM | * Cartomancie/32-cartes/Pique/09.css-- -- --1196
3/28/2026 9:15:44 AM | * Backup/Cartomancie/32-cartes/Pique/09.dat-- -- --278107
3/28/2026 9:15:44 AM | * Cartomancie/32-cartes/Pique/09.php-- -- --34747
3/28/2026 9:15:44 AM | * Cartomancie/32-cartes/Pique/10(var).js-- -- --171
3/28/2026 9:15:44 AM | * Cartomancie/32-cartes/Pique/10.css-- -- --1196
3/28/2026 9:15:44 AM | * Backup/Cartomancie/32-cartes/Pique/10.dat-- -- --277812
3/28/2026 9:15:44 AM | * Cartomancie/32-cartes/Pique/10.php-- -- --34422
3/28/2026 9:15:44 AM | * Cartomancie/32-cartes/Pique/11-Valet(var).js-- -- --171
3/28/2026 9:15:44 AM | * Cartomancie/32-cartes/Pique/11-Valet.css-- -- --1197
3/28/2026 9:15:44 AM | * Backup/Cartomancie/32-cartes/Pique/11-Valet.dat-- -- --277946
3/28/2026 9:15:44 AM | * Cartomancie/32-cartes/Pique/11-Valet.php-- -- --34573
3/28/2026 9:15:44 AM | * Cartomancie/32-cartes/Pique/12-Dame(var).js-- -- --171
3/28/2026 9:15:44 AM | * Cartomancie/32-cartes/Pique/12-Dame.css-- -- --1197
3/28/2026 9:15:44 AM | * Backup/Cartomancie/32-cartes/Pique/12-Dame.dat-- -- --278107
3/28/2026 9:15:44 AM | * Cartomancie/32-cartes/Pique/12-Dame.php-- -- --34731
3/28/2026 9:15:44 AM | * Cartomancie/32-cartes/Pique/13-Roi(var).js-- -- --171
3/28/2026 9:15:44 AM | * Cartomancie/32-cartes/Pique/13-Roi.css-- -- --1196
3/28/2026 9:15:44 AM | * Backup/Cartomancie/32-cartes/Pique/13-Roi.dat-- -- --278324
3/28/2026 9:15:44 AM | * Cartomancie/32-cartes/Pique/13-Roi.php-- -- --34942
3/28/2026 9:15:44 AM | * Cartomancie/32-cartes/Pique/14-As(var).js-- -- --103
3/28/2026 9:15:44 AM | * Cartomancie/32-cartes/Pique/14-As.css-- -- --1143
3/28/2026 9:15:44 AM | * Backup/Cartomancie/32-cartes/Pique/14-As.dat-- -- --255319
3/28/2026 9:15:44 AM | * Cartomancie/32-cartes/Pique/14-As.php-- -- --34566
3/28/2026 9:15:44 AM | * Cartomancie/32-cartes/Trefle/07(var).js-- -- --171
3/28/2026 9:15:44 AM | * Cartomancie/32-cartes/Trefle/07.css-- -- --1274
3/28/2026 9:15:44 AM | * Backup/Cartomancie/32-cartes/Trefle/07.dat-- -- --278687
3/28/2026 9:15:44 AM | * Cartomancie/32-cartes/Trefle/07.php-- -- --35226
3/28/2026 9:15:44 AM | * Cartomancie/32-cartes/Trefle/08(var).js-- -- --171
3/28/2026 9:15:44 AM | * Cartomancie/32-cartes/Trefle/08.css-- -- --1273
3/28/2026 9:15:44 AM | * Backup/Cartomancie/32-cartes/Trefle/08.dat-- -- --278708
3/28/2026 9:15:44 AM | * Cartomancie/32-cartes/Trefle/08.php-- -- --35239
3/28/2026 9:15:44 AM | * Cartomancie/32-cartes/Trefle/09(var).js-- -- --171
3/28/2026 9:15:44 AM | * Cartomancie/32-cartes/Trefle/09.css-- -- --1274
3/28/2026 9:15:44 AM | * Backup/Cartomancie/32-cartes/Trefle/09.dat-- -- --278085
3/28/2026 9:15:44 AM | * Cartomancie/32-cartes/Trefle/09.php-- -- --34615
3/28/2026 9:15:44 AM | * Cartomancie/32-cartes/Trefle/10(var).js-- -- --171
3/28/2026 9:15:44 AM | * Cartomancie/32-cartes/Trefle/10.css-- -- --1274
3/28/2026 9:15:44 AM | * Backup/Cartomancie/32-cartes/Trefle/10.dat-- -- --278158
3/28/2026 9:15:44 AM | * Cartomancie/32-cartes/Trefle/10.php-- -- --34688
3/28/2026 9:15:44 AM | * Cartomancie/32-cartes/Trefle/11-Valet(var).js-- -- --171
3/28/2026 9:15:44 AM | * Cartomancie/32-cartes/Trefle/11-Valet.css-- -- --1273
3/28/2026 9:15:44 AM | * Backup/Cartomancie/32-cartes/Trefle/11-Valet.dat-- -- --278223
3/28/2026 9:15:44 AM | * Cartomancie/32-cartes/Trefle/11-Valet.php-- -- --34771
3/28/2026 9:15:44 AM | * Cartomancie/32-cartes/Trefle/12-Dame(var).js-- -- --171
3/28/2026 9:15:44 AM | * Cartomancie/32-cartes/Trefle/12-Dame.css-- -- --1273
3/28/2026 9:15:44 AM | * Backup/Cartomancie/32-cartes/Trefle/12-Dame.dat-- -- --278052
3/28/2026 9:15:44 AM | * Cartomancie/32-cartes/Trefle/12-Dame.php-- -- --34598
3/28/2026 9:15:44 AM | * Cartomancie/32-cartes/Trefle/13-Roi(var).js-- -- --171
3/28/2026 9:15:44 AM | * Cartomancie/32-cartes/Trefle/13-Roi.css-- -- --1274
3/28/2026 9:15:44 AM | * Backup/Cartomancie/32-cartes/Trefle/13-Roi.dat-- -- --277772
3/28/2026 9:15:44 AM | * Cartomancie/32-cartes/Trefle/13-Roi.php-- -- --34314
3/28/2026 9:15:44 AM | * Cartomancie/32-cartes/Trefle/14-As(var).js-- -- --171
3/28/2026 9:15:44 AM | * Cartomancie/32-cartes/Trefle/14-As.css-- -- --1273
3/28/2026 9:15:44 AM | * Backup/Cartomancie/32-cartes/Trefle/14-As.dat-- -- --277993
3/28/2026 9:15:44 AM | * Cartomancie/32-cartes/Trefle/14-As.php-- -- --34533
3/28/2026 9:15:44 AM | * Cartomancie/32-cartes/Accueil(var).js-- -- --171
3/28/2026 9:15:44 AM | * Cartomancie/32-cartes/Accueil.css-- -- --5807
3/28/2026 9:15:44 AM | * Backup/Cartomancie/32-cartes/Accueil.dat-- -- --1364076
3/28/2026 9:15:44 AM | * Cartomancie/32-cartes/Accueil.php-- -- --55624
3/28/2026 9:15:44 AM | * Cartomancie/Belline/01-Bleu(var).js-- -- --171
3/28/2026 9:15:44 AM | * Cartomancie/Belline/01-Bleu.css-- -- --1273
3/28/2026 9:15:44 AM | * Backup/Cartomancie/Belline/01-Bleu.dat-- -- --279645
3/28/2026 9:15:44 AM | * Cartomancie/Belline/01-Bleu.php-- -- --34126
3/28/2026 9:15:44 AM | * Cartomancie/Belline/02-Destinee(var).js-- -- --171
3/28/2026 9:15:44 AM | * Cartomancie/Belline/02-Destinee.css-- -- --1273
3/28/2026 9:15:44 AM | * Backup/Cartomancie/Belline/02-Destinee.dat-- -- --279977
3/28/2026 9:15:44 AM | * Cartomancie/Belline/02-Destinee.php-- -- --34462
3/28/2026 9:15:44 AM | * Cartomancie/Belline/03-Homme(var).js-- -- --171
3/28/2026 9:15:44 AM | * Cartomancie/Belline/03-Homme.css-- -- --1273
3/28/2026 9:15:44 AM | * Backup/Cartomancie/Belline/03-Homme.dat-- -- --280141
3/28/2026 9:15:44 AM | * Cartomancie/Belline/03-Homme.php-- -- --34611
3/28/2026 9:15:44 AM | * Cartomancie/Belline/04-Femme(var).js-- -- --171
3/28/2026 9:15:44 AM | * Cartomancie/Belline/04-Femme.css-- -- --1273
3/28/2026 9:15:44 AM | * Backup/Cartomancie/Belline/04-Femme.dat-- -- --279738
3/28/2026 9:15:44 AM | * Cartomancie/Belline/04-Femme.php-- -- --34204
3/28/2026 9:15:44 AM | * Cartomancie/Belline/05-Nativite(var).js-- -- --171
3/28/2026 9:15:44 AM | * Cartomancie/Belline/05-Nativite.css-- -- --1273
3/28/2026 9:15:44 AM | * Backup/Cartomancie/Belline/05-Nativite.dat-- -- --279973
3/28/2026 9:15:44 AM | * Cartomancie/Belline/05-Nativite.php-- -- --34473
3/28/2026 9:15:44 AM | * Cartomancie/Belline/06-Reussite(var).js-- -- --171
3/28/2026 9:15:44 AM | * Cartomancie/Belline/06-Reussite.css-- -- --1273
3/28/2026 9:15:44 AM | * Backup/Cartomancie/Belline/06-Reussite.dat-- -- --280262
3/28/2026 9:15:44 AM | * Cartomancie/Belline/06-Reussite.php-- -- --34667
3/28/2026 9:15:44 AM | * Cartomancie/Belline/07-Elevation(var).js-- -- --171
3/28/2026 9:15:44 AM | * Cartomancie/Belline/07-Elevation.css-- -- --1273
3/28/2026 9:15:44 AM | * Backup/Cartomancie/Belline/07-Elevation.dat-- -- --280125
3/28/2026 9:15:44 AM | * Cartomancie/Belline/07-Elevation.php-- -- --34606
3/28/2026 9:15:44 AM | * Cartomancie/Belline/08-Honneurs(var).js-- -- --171
3/28/2026 9:15:44 AM | * Cartomancie/Belline/08-Honneurs.css-- -- --1274
3/28/2026 9:15:44 AM | * Backup/Cartomancie/Belline/08-Honneurs.dat-- -- --280170
3/28/2026 9:15:44 AM | * Cartomancie/Belline/08-Honneurs.php-- -- --34600
3/28/2026 9:15:44 AM | * Cartomancie/Belline/09-Pensee(var).js-- -- --171
3/28/2026 9:15:44 AM | * Cartomancie/Belline/09-Pensee.css-- -- --1273
3/28/2026 9:15:44 AM | * Backup/Cartomancie/Belline/09-Pensee.dat-- -- --280200
3/28/2026 9:15:44 AM | * Cartomancie/Belline/09-Pensee.php-- -- --34684
3/28/2026 9:15:44 AM | * Cartomancie/Belline/10-Campagne(var).js-- -- --171
3/28/2026 9:15:44 AM | * Cartomancie/Belline/10-Campagne.css-- -- --1273
3/28/2026 9:15:44 AM | * Backup/Cartomancie/Belline/10-Campagne.dat-- -- --280039
3/28/2026 9:15:44 AM | * Cartomancie/Belline/10-Campagne.php-- -- --34574
3/28/2026 9:15:44 AM | * Cartomancie/Belline/11-Presents(var).js-- -- --171
3/28/2026 9:15:44 AM | * Cartomancie/Belline/11-Presents.css-- -- --1274
3/28/2026 9:15:44 AM | * Backup/Cartomancie/Belline/11-Presents.dat-- -- --280163
3/28/2026 9:15:44 AM | * Cartomancie/Belline/11-Presents.php-- -- --34596
3/28/2026 9:15:44 AM | * Cartomancie/Belline/12-Trahison(var).js-- -- --171
3/28/2026 9:15:44 AM | * Cartomancie/Belline/12-Trahison.css-- -- --1273
3/28/2026 9:15:44 AM | * Backup/Cartomancie/Belline/12-Trahison.dat-- -- --280085
3/28/2026 9:15:44 AM | * Cartomancie/Belline/12-Trahison.php-- -- --34602
3/28/2026 9:15:44 AM | * Cartomancie/Belline/13-Depart(var).js-- -- --171
3/28/2026 9:15:44 AM | * Cartomancie/Belline/13-Depart.css-- -- --1273
3/28/2026 9:15:44 AM | * Backup/Cartomancie/Belline/13-Depart.dat-- -- --279967
3/28/2026 9:15:44 AM | * Cartomancie/Belline/13-Depart.php-- -- --34471
3/28/2026 9:15:44 AM | * Cartomancie/Belline/14-Inconstance(var).js-- -- --171
3/28/2026 9:15:44 AM | * Cartomancie/Belline/14-Inconstance.css-- -- --1274
3/28/2026 9:15:44 AM | * Backup/Cartomancie/Belline/14-Inconstance.dat-- -- --280304
3/28/2026 9:15:44 AM | * Cartomancie/Belline/14-Inconstance.php-- -- --34834
3/28/2026 9:15:44 AM | * Cartomancie/Belline/15-Decouverte(var).js-- -- --171
3/28/2026 9:15:44 AM | * Cartomancie/Belline/15-Decouverte.css-- -- --1274
3/28/2026 9:15:44 AM | * Backup/Cartomancie/Belline/15-Decouverte.dat-- -- --280613
3/28/2026 9:15:44 AM | * Cartomancie/Belline/15-Decouverte.php-- -- --35150
3/28/2026 9:15:44 AM | * Cartomancie/Belline/16-Eau(var).js-- -- --171
3/28/2026 9:15:44 AM | * Cartomancie/Belline/16-Eau.css-- -- --1273
3/28/2026 9:15:44 AM | * Backup/Cartomancie/Belline/16-Eau.dat-- -- --280105
3/28/2026 9:15:44 AM | * Cartomancie/Belline/16-Eau.php-- -- --34603
3/28/2026 9:15:44 AM | * Cartomancie/Belline/17-Penates(var).js-- -- --171
3/28/2026 9:15:44 AM | * Cartomancie/Belline/17-Penates.css-- -- --1273
3/28/2026 9:15:44 AM | * Backup/Cartomancie/Belline/17-Penates.dat-- -- --280277
3/28/2026 9:15:44 AM | * Cartomancie/Belline/17-Penates.php-- -- --34783
3/28/2026 9:15:44 AM | * Cartomancie/Belline/18-Maladie(var).js-- -- --171
3/28/2026 9:15:44 AM | * Cartomancie/Belline/18-Maladie.css-- -- --1273
3/28/2026 9:15:44 AM | * Backup/Cartomancie/Belline/18-Maladie.dat-- -- --280043
3/28/2026 9:15:44 AM | * Cartomancie/Belline/18-Maladie.php-- -- --34454
3/28/2026 9:15:44 AM | * Cartomancie/Belline/19-Changement(var).js-- -- --171
3/28/2026 9:15:44 AM | * Cartomancie/Belline/19-Changement.css-- -- --1273
3/28/2026 9:15:44 AM | * Backup/Cartomancie/Belline/19-Changement.dat-- -- --280213
3/28/2026 9:15:44 AM | * Cartomancie/Belline/19-Changement.php-- -- --34742
3/28/2026 9:15:44 AM | * Cartomancie/Belline/20-Argent(var).js-- -- --171
3/28/2026 9:15:44 AM | * Cartomancie/Belline/20-Argent.css-- -- --1273
3/28/2026 9:15:44 AM | * Backup/Cartomancie/Belline/20-Argent.dat-- -- --279808
3/28/2026 9:15:44 AM | * Cartomancie/Belline/20-Argent.php-- -- --34329
3/28/2026 9:15:44 AM | * Cartomancie/Belline/21-Intelligence(var).js-- -- --171
3/28/2026 9:15:44 AM | * Cartomancie/Belline/21-Intelligence.css-- -- --1273
3/28/2026 9:15:44 AM | * Backup/Cartomancie/Belline/21-Intelligence.dat-- -- --280269
3/28/2026 9:15:44 AM | * Cartomancie/Belline/21-Intelligence.php-- -- --34802
3/28/2026 9:15:44 AM | * Cartomancie/Belline/22-Vol(var).js-- -- --171
3/28/2026 9:15:44 AM | * Cartomancie/Belline/22-Vol.css-- -- --1273
3/28/2026 9:15:44 AM | * Backup/Cartomancie/Belline/22-Vol.dat-- -- --279645
3/28/2026 9:15:44 AM | * Cartomancie/Belline/22-Vol.php-- -- --34489
3/28/2026 9:15:44 AM | * Cartomancie/Belline/23-Entreprises(var).js-- -- --171
3/28/2026 9:15:44 AM | * Cartomancie/Belline/23-Entreprises.css-- -- --1273
3/28/2026 9:15:44 AM | * Backup/Cartomancie/Belline/23-Entreprises.dat-- -- --278282
3/28/2026 9:15:44 AM | * Cartomancie/Belline/23-Entreprises.php-- -- --34498
3/28/2026 9:15:44 AM | * Cartomancie/Belline/24-Trafic(var).js-- -- --171
3/28/2026 9:15:44 AM | * Cartomancie/Belline/24-Trafic.css-- -- --1273
3/28/2026 9:15:44 AM | * Backup/Cartomancie/Belline/24-Trafic.dat-- -- --279936
3/28/2026 9:15:44 AM | * Cartomancie/Belline/24-Trafic.php-- -- --34457
3/28/2026 9:15:44 AM | * Cartomancie/Belline/25-Nouvelle(var).js-- -- --171
3/28/2026 9:15:44 AM | * Cartomancie/Belline/25-Nouvelle.css-- -- --1273
3/28/2026 9:15:44 AM | * Backup/Cartomancie/Belline/25-Nouvelle.dat-- -- --279638
3/28/2026 9:15:44 AM | * Cartomancie/Belline/25-Nouvelle.php-- -- --34172
3/28/2026 9:15:44 AM | * Cartomancie/Belline/26-Plaisirs(var).js-- -- --171
3/28/2026 9:15:44 AM | * Cartomancie/Belline/26-Plaisirs.css-- -- --1274
3/28/2026 9:15:44 AM | * Backup/Cartomancie/Belline/26-Plaisirs.dat-- -- --279841
3/28/2026 9:15:44 AM | * Cartomancie/Belline/26-Plaisirs.php-- -- --34374
3/28/2026 9:15:44 AM | * Cartomancie/Belline/27-Paix(var).js-- -- --171
3/28/2026 9:15:44 AM | * Cartomancie/Belline/27-Paix.css-- -- --1273
3/28/2026 9:15:44 AM | * Backup/Cartomancie/Belline/27-Paix.dat-- -- --280325
3/28/2026 9:15:44 AM | * Cartomancie/Belline/27-Paix.php-- -- --34851
3/28/2026 9:15:44 AM | * Cartomancie/Belline/28-Union(var).js-- -- --171
3/28/2026 9:15:44 AM | * Cartomancie/Belline/28-Union.css-- -- --1273
3/28/2026 9:15:44 AM | * Backup/Cartomancie/Belline/28-Union.dat-- -- --279818
3/28/2026 9:15:44 AM | * Cartomancie/Belline/28-Union.php-- -- --34316
3/28/2026 9:15:44 AM | * Cartomancie/Belline/29-Famille(var).js-- -- --171
3/28/2026 9:15:44 AM | * Cartomancie/Belline/29-Famille.css-- -- --1273
3/28/2026 9:15:44 AM | * Backup/Cartomancie/Belline/29-Famille.dat-- -- --279929
3/28/2026 9:15:44 AM | * Cartomancie/Belline/29-Famille.php-- -- --34461
3/28/2026 9:15:44 AM | * Cartomancie/Belline/30-Amor(var).js-- -- --171
3/28/2026 9:15:44 AM | * Cartomancie/Belline/30-Amor.css-- -- --1274
3/28/2026 9:15:44 AM | * Backup/Cartomancie/Belline/30-Amor.dat-- -- --279918
3/28/2026 9:15:44 AM | * Cartomancie/Belline/30-Amor.php-- -- --34442
3/28/2026 9:15:44 AM | * Cartomancie/Belline/31-Table(var).js-- -- --171
3/28/2026 9:15:44 AM | * Cartomancie/Belline/31-Table.css-- -- --1273
3/28/2026 9:15:44 AM | * Backup/Cartomancie/Belline/31-Table.dat-- -- --279902
3/28/2026 9:15:44 AM | * Cartomancie/Belline/31-Table.php-- -- --34430
3/28/2026 9:15:44 AM | * Cartomancie/Belline/32-Passions(var).js-- -- --171
3/28/2026 9:15:44 AM | * Cartomancie/Belline/32-Passions.css-- -- --1274
3/28/2026 9:15:44 AM | * Backup/Cartomancie/Belline/32-Passions.dat-- -- --280306
3/28/2026 9:15:44 AM | * Cartomancie/Belline/32-Passions.php-- -- --34839
3/28/2026 9:15:44 AM | * Cartomancie/Belline/33-Mechancete(var).js-- -- --239
3/28/2026 9:15:44 AM | * Cartomancie/Belline/33-Mechancete.css-- -- --1327
3/28/2026 9:15:44 AM | * Backup/Cartomancie/Belline/33-Mechancete.dat-- -- --300765
3/28/2026 9:15:44 AM | * Cartomancie/Belline/33-Mechancete.php-- -- --34380
3/28/2026 9:15:44 AM | * Cartomancie/Belline/34-Proces(var).js-- -- --171
3/28/2026 9:15:44 AM | * Cartomancie/Belline/34-Proces.css-- -- --1274
3/28/2026 9:15:44 AM | * Backup/Cartomancie/Belline/34-Proces.dat-- -- --279868
3/28/2026 9:15:44 AM | * Cartomancie/Belline/34-Proces.php-- -- --34397
3/28/2026 9:15:44 AM | * Cartomancie/Belline/35-Despotisme(var).js-- -- --171
3/28/2026 9:15:44 AM | * Cartomancie/Belline/35-Despotisme.css-- -- --1274
3/28/2026 9:15:44 AM | * Backup/Cartomancie/Belline/35-Despotisme.dat-- -- --280026
3/28/2026 9:15:44 AM | * Cartomancie/Belline/35-Despotisme.php-- -- --34554
3/28/2026 9:15:44 AM | * Cartomancie/Belline/36-Ennemis(var).js-- -- --171
3/28/2026 9:15:44 AM | * Cartomancie/Belline/36-Ennemis.css-- -- --1273
3/28/2026 9:15:45 AM | * Backup/Cartomancie/Belline/36-Ennemis.dat-- -- --279966
3/28/2026 9:15:45 AM | * Cartomancie/Belline/36-Ennemis.php-- -- --34489
3/28/2026 9:15:45 AM | * Cartomancie/Belline/37-Pourparlers(var).js-- -- --171
3/28/2026 9:15:45 AM | * Cartomancie/Belline/37-Pourparlers.css-- -- --1274
3/28/2026 9:15:45 AM | * Backup/Cartomancie/Belline/37-Pourparlers.dat-- -- --280030
3/28/2026 9:15:45 AM | * Cartomancie/Belline/37-Pourparlers.php-- -- --34569
3/28/2026 9:15:45 AM | * Cartomancie/Belline/38-Feu(var).js-- -- --171
3/28/2026 9:15:45 AM | * Cartomancie/Belline/38-Feu.css-- -- --1273
3/28/2026 9:15:45 AM | * Backup/Cartomancie/Belline/38-Feu.dat-- -- --279955
3/28/2026 9:15:45 AM | * Cartomancie/Belline/38-Feu.php-- -- --34479
3/28/2026 9:15:45 AM | * Cartomancie/Belline/39-Accident(var).js-- -- --171
3/28/2026 9:15:45 AM | * Cartomancie/Belline/39-Accident.css-- -- --1273
3/28/2026 9:15:45 AM | * Backup/Cartomancie/Belline/39-Accident.dat-- -- --280107
3/28/2026 9:15:45 AM | * Cartomancie/Belline/39-Accident.php-- -- --34624
3/28/2026 9:15:45 AM | * Cartomancie/Belline/40-Appui(var).js-- -- --171
3/28/2026 9:15:45 AM | * Cartomancie/Belline/40-Appui.css-- -- --1274
3/28/2026 9:15:45 AM | * Backup/Cartomancie/Belline/40-Appui.dat-- -- --279884
3/28/2026 9:15:45 AM | * Cartomancie/Belline/40-Appui.php-- -- --34411
3/28/2026 9:15:45 AM | * Cartomancie/Belline/41-Beaute(var).js-- -- --171
3/28/2026 9:15:45 AM | * Cartomancie/Belline/41-Beaute.css-- -- --1273
3/28/2026 9:15:45 AM | * Backup/Cartomancie/Belline/41-Beaute.dat-- -- --279622
3/28/2026 9:15:45 AM | * Cartomancie/Belline/41-Beaute.php-- -- --34567
3/28/2026 9:15:45 AM | * Cartomancie/Belline/42-Heritage(var).js-- -- --171
3/28/2026 9:15:45 AM | * Cartomancie/Belline/42-Heritage.css-- -- --1273
3/28/2026 9:15:45 AM | * Backup/Cartomancie/Belline/42-Heritage.dat-- -- --279984
3/28/2026 9:15:45 AM | * Cartomancie/Belline/42-Heritage.php-- -- --34509
3/28/2026 9:15:45 AM | * Cartomancie/Belline/43-Sagesse(var).js-- -- --171
3/28/2026 9:15:45 AM | * Cartomancie/Belline/43-Sagesse.css-- -- --1273
3/28/2026 9:15:45 AM | * Backup/Cartomancie/Belline/43-Sagesse.dat-- -- --280071
3/28/2026 9:15:45 AM | * Cartomancie/Belline/43-Sagesse.php-- -- --34499
3/28/2026 9:15:45 AM | * Cartomancie/Belline/44-Renommee(var).js-- -- --171
3/28/2026 9:15:45 AM | * Cartomancie/Belline/44-Renommee.css-- -- --1273
3/28/2026 9:15:45 AM | * Backup/Cartomancie/Belline/44-Renommee.dat-- -- --279987
3/28/2026 9:15:45 AM | * Cartomancie/Belline/44-Renommee.php-- -- --34512
3/28/2026 9:15:45 AM | * Cartomancie/Belline/45-Hasard(var).js-- -- --171
3/28/2026 9:15:45 AM | * Cartomancie/Belline/45-Hasard.css-- -- --1273
3/28/2026 9:15:45 AM | * Backup/Cartomancie/Belline/45-Hasard.dat-- -- --280066
3/28/2026 9:15:45 AM | * Cartomancie/Belline/45-Hasard.php-- -- --34492
3/28/2026 9:15:45 AM | * Cartomancie/Belline/46-Bonheur(var).js-- -- --171
3/28/2026 9:15:45 AM | * Cartomancie/Belline/46-Bonheur.css-- -- --1273
3/28/2026 9:15:45 AM | * Backup/Cartomancie/Belline/46-Bonheur.dat-- -- --279832
3/28/2026 9:15:45 AM | * Cartomancie/Belline/46-Bonheur.php-- -- --34355
3/28/2026 9:15:45 AM | * Cartomancie/Belline/47-Infortune(var).js-- -- --171
3/28/2026 9:15:45 AM | * Cartomancie/Belline/47-Infortune.css-- -- --1273
3/28/2026 9:15:45 AM | * Backup/Cartomancie/Belline/47-Infortune.dat-- -- --280238
3/28/2026 9:15:45 AM | * Cartomancie/Belline/47-Infortune.php-- -- --34765
3/28/2026 9:15:45 AM | * Cartomancie/Belline/48-Sterilite(var).js-- -- --171
3/28/2026 9:15:45 AM | * Cartomancie/Belline/48-Sterilite.css-- -- --1274
3/28/2026 9:15:45 AM | * Backup/Cartomancie/Belline/48-Sterilite.dat-- -- --279948
3/28/2026 9:15:45 AM | * Cartomancie/Belline/48-Sterilite.php-- -- --34474
3/28/2026 9:15:45 AM | * Cartomancie/Belline/49-Fatalite(var).js-- -- --171
3/28/2026 9:15:45 AM | * Cartomancie/Belline/49-Fatalite.css-- -- --1274
3/28/2026 9:15:45 AM | * Backup/Cartomancie/Belline/49-Fatalite.dat-- -- --280143
3/28/2026 9:15:45 AM | * Cartomancie/Belline/49-Fatalite.php-- -- --34666
3/28/2026 9:15:45 AM | * Cartomancie/Belline/50-Grace(var).js-- -- --171
3/28/2026 9:15:45 AM | * Cartomancie/Belline/50-Grace.css-- -- --1273
3/28/2026 9:15:45 AM | * Backup/Cartomancie/Belline/50-Grace.dat-- -- --280172
3/28/2026 9:15:45 AM | * Cartomancie/Belline/50-Grace.php-- -- --34674
3/28/2026 9:15:45 AM | * Cartomancie/Belline/51-Ruine(var).js-- -- --171
3/28/2026 9:15:45 AM | * Cartomancie/Belline/51-Ruine.css-- -- --1273
3/28/2026 9:15:45 AM | * Backup/Cartomancie/Belline/51-Ruine.dat-- -- --280475
3/28/2026 9:15:45 AM | * Cartomancie/Belline/51-Ruine.php-- -- --34977
3/28/2026 9:15:45 AM | * Cartomancie/Belline/52-Retard(var).js-- -- --171
3/28/2026 9:15:45 AM | * Cartomancie/Belline/52-Retard.css-- -- --1273
3/28/2026 9:15:45 AM | * Backup/Cartomancie/Belline/52-Retard.dat-- -- --279600
3/28/2026 9:15:45 AM | * Cartomancie/Belline/52-Retard.php-- -- --34113
3/28/2026 9:15:45 AM | * Cartomancie/Belline/53-Cloitre(var).js-- -- --171
3/28/2026 9:15:45 AM | * Cartomancie/Belline/53-Cloitre.css-- -- --1273
3/28/2026 9:15:45 AM | * Backup/Cartomancie/Belline/53-Cloitre.dat-- -- --280107
3/28/2026 9:15:45 AM | * Cartomancie/Belline/53-Cloitre.php-- -- --34613
3/28/2026 9:15:45 AM | * Cartomancie/Belline/Accueil(var).js-- -- --171
3/28/2026 9:15:45 AM | * Cartomancie/Belline/Accueil.css-- -- --8991
3/28/2026 9:15:45 AM | * Backup/Cartomancie/Belline/Accueil.dat-- -- --2231345
3/28/2026 9:15:45 AM | * Cartomancie/Belline/Accueil.php-- -- --69086
3/28/2026 9:15:45 AM | * Cartomancie/Tarots/01-Fou(var).js-- -- --171
3/28/2026 9:15:45 AM | * Cartomancie/Tarots/01-Fou.css-- -- --1196
3/28/2026 9:15:45 AM | * Backup/Cartomancie/Tarots/01-Fou.dat-- -- --280282
3/28/2026 9:15:45 AM | * Cartomancie/Tarots/01-Fou.php-- -- --34861
3/28/2026 9:15:45 AM | * Cartomancie/Tarots/02-Bateleur(var).js-- -- --171
3/28/2026 9:15:45 AM | * Cartomancie/Tarots/02-Bateleur.css-- -- --1196
3/28/2026 9:15:45 AM | * Backup/Cartomancie/Tarots/02-Bateleur.dat-- -- --279858
3/28/2026 9:15:45 AM | * Cartomancie/Tarots/02-Bateleur.php-- -- --34449
3/28/2026 9:15:45 AM | * Cartomancie/Tarots/03-Papesse(var).js-- -- --171
3/28/2026 9:15:45 AM | * Cartomancie/Tarots/03-Papesse.css-- -- --1196
3/28/2026 9:15:45 AM | * Backup/Cartomancie/Tarots/03-Papesse.dat-- -- --280097
3/28/2026 9:15:45 AM | * Cartomancie/Tarots/03-Papesse.php-- -- --34675
3/28/2026 9:15:45 AM | * Cartomancie/Tarots/04-Imperatrice(var).js-- -- --171
3/28/2026 9:15:45 AM | * Cartomancie/Tarots/04-Imperatrice.css-- -- --1196
3/28/2026 9:15:45 AM | * Backup/Cartomancie/Tarots/04-Imperatrice.dat-- -- --280707
3/28/2026 9:15:45 AM | * Cartomancie/Tarots/04-Imperatrice.php-- -- --35207
3/28/2026 9:15:45 AM | * Cartomancie/Tarots/05-Empereur(var).js-- -- --171
3/28/2026 9:15:45 AM | * Cartomancie/Tarots/05-Empereur.css-- -- --1196
3/28/2026 9:15:45 AM | * Backup/Cartomancie/Tarots/05-Empereur.dat-- -- --280211
3/28/2026 9:15:45 AM | * Cartomancie/Tarots/05-Empereur.php-- -- --34800
3/28/2026 9:15:45 AM | * Cartomancie/Tarots/06-Pape(var).js-- -- --171
3/28/2026 9:15:45 AM | * Cartomancie/Tarots/06-Pape.css-- -- --1196
3/28/2026 9:15:45 AM | * Backup/Cartomancie/Tarots/06-Pape.dat-- -- --280407
3/28/2026 9:15:45 AM | * Cartomancie/Tarots/06-Pape.php-- -- --34971
3/28/2026 9:15:45 AM | * Cartomancie/Tarots/07-Amoureux(var).js-- -- --171
3/28/2026 9:15:45 AM | * Cartomancie/Tarots/07-Amoureux.css-- -- --1273
3/28/2026 9:15:45 AM | * Backup/Cartomancie/Tarots/07-Amoureux.dat-- -- --280399
3/28/2026 9:15:45 AM | * Cartomancie/Tarots/07-Amoureux.php-- -- --34796
3/28/2026 9:15:45 AM | * Cartomancie/Tarots/08-Chariot(var).js-- -- --171
3/28/2026 9:15:45 AM | * Cartomancie/Tarots/08-Chariot.css-- -- --1273
3/28/2026 9:15:45 AM | * Backup/Cartomancie/Tarots/08-Chariot.dat-- -- --280797
3/28/2026 9:15:45 AM | * Cartomancie/Tarots/08-Chariot.php-- -- --35217
3/28/2026 9:15:45 AM | * Cartomancie/Tarots/09-Justice(var).js-- -- --171
3/28/2026 9:15:45 AM | * Cartomancie/Tarots/09-Justice.css-- -- --1273
3/28/2026 9:15:45 AM | * Backup/Cartomancie/Tarots/09-Justice.dat-- -- --280695
3/28/2026 9:15:45 AM | * Cartomancie/Tarots/09-Justice.php-- -- --35193
3/28/2026 9:15:45 AM | * Cartomancie/Tarots/10-Hermite(var).js-- -- --171
3/28/2026 9:15:45 AM | * Cartomancie/Tarots/10-Hermite.css-- -- --1273
3/28/2026 9:15:45 AM | * Backup/Cartomancie/Tarots/10-Hermite.dat-- -- --280698
3/28/2026 9:15:45 AM | * Cartomancie/Tarots/10-Hermite.php-- -- --35188
3/28/2026 9:15:45 AM | * Cartomancie/Tarots/11-Roue(var).js-- -- --171
3/28/2026 9:15:45 AM | * Cartomancie/Tarots/11-Roue.css-- -- --1273
3/28/2026 9:15:45 AM | * Backup/Cartomancie/Tarots/11-Roue.dat-- -- --280283
3/28/2026 9:15:45 AM | * Cartomancie/Tarots/11-Roue.php-- -- --34759
3/28/2026 9:15:45 AM | * Cartomancie/Tarots/12-Force(var).js-- -- --171
3/28/2026 9:15:45 AM | * Cartomancie/Tarots/12-Force.css-- -- --1273
3/28/2026 9:15:45 AM | * Backup/Cartomancie/Tarots/12-Force.dat-- -- --280246
3/28/2026 9:15:45 AM | * Cartomancie/Tarots/12-Force.php-- -- --34628
3/28/2026 9:15:45 AM | * Cartomancie/Tarots/13-Pendu(var).js-- -- --171
3/28/2026 9:15:45 AM | * Cartomancie/Tarots/13-Pendu.css-- -- --1273
3/28/2026 9:15:45 AM | * Backup/Cartomancie/Tarots/13-Pendu.dat-- -- --280007
3/28/2026 9:15:45 AM | * Cartomancie/Tarots/13-Pendu.php-- -- --34880
3/28/2026 9:15:45 AM | * Cartomancie/Tarots/14-Mort(var).js-- -- --171
3/28/2026 9:15:45 AM | * Cartomancie/Tarots/14-Mort.css-- -- --1273
3/28/2026 9:15:45 AM | * Backup/Cartomancie/Tarots/14-Mort.dat-- -- --280194
3/28/2026 9:15:45 AM | * Cartomancie/Tarots/14-Mort.php-- -- --34678
3/28/2026 9:15:45 AM | * Cartomancie/Tarots/15-Temperance(var).js-- -- --171
3/28/2026 9:15:45 AM | * Cartomancie/Tarots/15-Temperance.css-- -- --1273
3/28/2026 9:15:45 AM | * Backup/Cartomancie/Tarots/15-Temperance.dat-- -- --279885
3/28/2026 9:15:45 AM | * Cartomancie/Tarots/15-Temperance.php-- -- --34813
3/28/2026 9:15:45 AM | * Cartomancie/Tarots/16-Diable(var).js-- -- --171
3/28/2026 9:15:45 AM | * Cartomancie/Tarots/16-Diable.css-- -- --1273
3/28/2026 9:15:45 AM | * Backup/Cartomancie/Tarots/16-Diable.dat-- -- --280340
3/28/2026 9:15:45 AM | * Cartomancie/Tarots/16-Diable.php-- -- --34819
3/28/2026 9:15:45 AM | * Cartomancie/Tarots/16-Maison-Dieu(var).js-- -- --171
3/28/2026 9:15:45 AM | * Cartomancie/Tarots/16-Maison-Dieu.css-- -- --1273
3/28/2026 9:15:45 AM | * Backup/Cartomancie/Tarots/16-Maison-Dieu.dat-- -- --280578
3/28/2026 9:15:45 AM | * Cartomancie/Tarots/16-Maison-Dieu.php-- -- --34972
3/28/2026 9:15:45 AM | * Cartomancie/Tarots/17-Etoile(var).js-- -- --171
3/28/2026 9:15:45 AM | * Cartomancie/Tarots/17-Etoile.css-- -- --1273
3/28/2026 9:15:45 AM | * Backup/Cartomancie/Tarots/17-Etoile.dat-- -- --280190
3/28/2026 9:15:45 AM | * Cartomancie/Tarots/17-Etoile.php-- -- --34677
3/28/2026 9:15:45 AM | * Cartomancie/Tarots/18-Lune(var).js-- -- --171
3/28/2026 9:15:45 AM | * Cartomancie/Tarots/18-Lune.css-- -- --1273
3/28/2026 9:15:45 AM | * Backup/Cartomancie/Tarots/18-Lune.dat-- -- --280617
3/28/2026 9:15:45 AM | * Cartomancie/Tarots/18-Lune.php-- -- --35092
3/28/2026 9:15:45 AM | * Cartomancie/Tarots/19-Soleil(var).js-- -- --171
3/28/2026 9:15:45 AM | * Cartomancie/Tarots/19-Soleil.css-- -- --1273
3/28/2026 9:15:45 AM | * Backup/Cartomancie/Tarots/19-Soleil.dat-- -- --280461
3/28/2026 9:15:45 AM | * Cartomancie/Tarots/19-Soleil.php-- -- --34940
3/28/2026 9:15:45 AM | * Cartomancie/Tarots/20-Jugement(var).js-- -- --171
3/28/2026 9:15:45 AM | * Cartomancie/Tarots/20-Jugement.css-- -- --1273
3/28/2026 9:15:45 AM | * Backup/Cartomancie/Tarots/20-Jugement.dat-- -- --280333
3/28/2026 9:15:45 AM | * Cartomancie/Tarots/20-Jugement.php-- -- --34816
3/28/2026 9:15:45 AM | * Cartomancie/Tarots/21-Monde(var).js-- -- --171
3/28/2026 9:15:45 AM | * Cartomancie/Tarots/21-Monde.css-- -- --1273
3/28/2026 9:15:45 AM | * Backup/Cartomancie/Tarots/21-Monde.dat-- -- --280375
3/28/2026 9:15:45 AM | * Cartomancie/Tarots/21-Monde.php-- -- --34757
3/28/2026 9:15:45 AM | * Cartomancie/Tarots/Accueil(var).js-- -- --171
3/28/2026 9:15:45 AM | * Cartomancie/Tarots/Accueil.css-- -- --3694
3/28/2026 9:15:45 AM | * Backup/Cartomancie/Tarots/Accueil.dat-- -- --916733
3/28/2026 9:15:45 AM | * Cartomancie/Tarots/Accueil.php-- -- --46641
3/28/2026 9:15:45 AM | * CGU/CGU(var).js-- -- --171
3/28/2026 9:15:45 AM | * CGU/CGU.css-- -- --1071
3/28/2026 9:15:45 AM | * Backup/CGU/CGU.dat-- -- --253965
3/28/2026 9:15:45 AM | * CGU/CGU.php-- -- --41396
3/28/2026 9:15:45 AM | * Chat/Echec(var).js-- -- --171
3/28/2026 9:15:45 AM | * Chat/Echec.css-- -- --940
3/28/2026 9:15:45 AM | * Backup/Chat/Echec.dat-- -- --219233
3/28/2026 9:15:45 AM | * Chat/Echec.php-- -- --32501
3/28/2026 9:15:45 AM | * Chat/Envoi(var).js-- -- --171
3/28/2026 9:15:45 AM | * Chat/Envoi.css-- -- --862
3/28/2026 9:15:45 AM | * Backup/Chat/Envoi.dat-- -- --191848
3/28/2026 9:15:45 AM | * Chat/Envoi.php-- -- --32129
3/28/2026 9:15:45 AM | * Chat/Formulaire(var).js-- -- --1103
3/28/2026 9:15:45 AM | * Chat/Formulaire(var).php-- -- --4015
3/28/2026 9:15:45 AM | * Chat/Formulaire.css-- -- --4727
3/28/2026 9:15:45 AM | * Backup/Chat/Formulaire.dat-- -- --1028623
3/28/2026 9:15:45 AM | * Chat/Formulaire.php-- -- --62872
3/28/2026 9:15:45 AM | * Coaching/Echec(var).js-- -- --103
3/28/2026 9:15:45 AM | * Coaching/Echec.css-- -- --886
3/28/2026 9:15:45 AM | * Backup/Coaching/Echec.dat-- -- --192475
3/28/2026 9:15:45 AM | * Coaching/Echec.php-- -- --32505
3/28/2026 9:15:45 AM | * Coaching/Envoi(var).js-- -- --103
3/28/2026 9:15:45 AM | * Coaching/Envoi.css-- -- --809
3/28/2026 9:15:45 AM | * Backup/Coaching/Envoi.dat-- -- --167094
3/28/2026 9:15:45 AM | * Coaching/Envoi.php-- -- --32156
3/28/2026 9:15:45 AM | * Coaching/Formulaire(var).js-- -- --1111
3/28/2026 9:15:45 AM | * Coaching/Formulaire(var).php-- -- --2415
3/28/2026 9:15:45 AM | * Coaching/Formulaire.css-- -- --4726
3/28/2026 9:15:45 AM | * Backup/Coaching/Formulaire.dat-- -- --1009323
3/28/2026 9:15:45 AM | * Coaching/Formulaire.php-- -- --63286
3/28/2026 9:15:45 AM | * Domicile/Echec(var).js-- -- --171
3/28/2026 9:15:45 AM | * Domicile/Echec.css-- -- --939
3/28/2026 9:15:45 AM | * Backup/Domicile/Echec.dat-- -- --219269
3/28/2026 9:15:45 AM | * Domicile/Echec.php-- -- --32537
3/28/2026 9:15:45 AM | * Domicile/Envoi(var).js-- -- --171
3/28/2026 9:15:45 AM | * Domicile/Envoi.css-- -- --862
3/28/2026 9:15:45 AM | * Backup/Domicile/Envoi.dat-- -- --191826
3/28/2026 9:15:45 AM | * Domicile/Envoi.php-- -- --32146
3/28/2026 9:15:45 AM | * Domicile/Formulaire(var).js-- -- --1111
3/28/2026 9:15:45 AM | * Domicile/Formulaire(var).php-- -- --3500
3/28/2026 9:15:45 AM | * Domicile/Formulaire.css-- -- --4727
3/28/2026 9:15:45 AM | * Backup/Domicile/Formulaire.dat-- -- --1021983
3/28/2026 9:15:45 AM | * Domicile/Formulaire.php-- -- --62998
3/28/2026 9:15:45 AM | * Dons/Dons(var).js-- -- --171
3/28/2026 9:15:45 AM | * Dons/Dons.css-- -- --1594
3/28/2026 9:15:45 AM | * Backup/Dons/Dons.dat-- -- --355918
3/28/2026 9:15:45 AM | * Dons/Dons.php-- -- --37403
3/28/2026 9:15:45 AM | * Gratuite/Echec(var).js-- -- --171
3/28/2026 9:15:45 AM | * Gratuite/Echec.css-- -- --939
3/28/2026 9:15:45 AM | * Backup/Gratuite/Echec.dat-- -- --217184
3/28/2026 9:15:45 AM | * Gratuite/Echec.php-- -- --32511
3/28/2026 9:15:45 AM | * Gratuite/Envoi(var).js-- -- --171
3/28/2026 9:15:45 AM | * Gratuite/Envoi.css-- -- --862
3/28/2026 9:15:45 AM | * Backup/Gratuite/Envoi.dat-- -- --191819
3/28/2026 9:15:45 AM | * Gratuite/Envoi.php-- -- --31728
3/28/2026 9:15:45 AM | * Gratuite/Formulaire(var).js-- -- --1147
3/28/2026 9:15:45 AM | * Gratuite/Formulaire(var).php-- -- --3811
3/28/2026 9:15:45 AM | * Gratuite/Formulaire.css-- -- --5261
3/28/2026 9:15:45 AM | * Backup/Gratuite/Formulaire.dat-- -- --1081965
3/28/2026 9:15:45 AM | * Gratuite/Formulaire.php-- -- --64181
3/28/2026 9:15:45 AM | * Magie/Echec(var).js-- -- --171
3/28/2026 9:15:45 AM | * Magie/Echec.css-- -- --939
3/28/2026 9:15:45 AM | * Backup/Magie/Echec.dat-- -- --217239
3/28/2026 9:15:45 AM | * Magie/Echec.php-- -- --32555
3/28/2026 9:15:45 AM | * Magie/Envoi(var).js-- -- --171
3/28/2026 9:15:45 AM | * Magie/Envoi.css-- -- --862
3/28/2026 9:15:45 AM | * Backup/Magie/Envoi.dat-- -- --189902
3/28/2026 9:15:45 AM | * Magie/Envoi.php-- -- --32199
3/28/2026 9:15:45 AM | * Magie/Formulaire(var).js-- -- --1133
3/28/2026 9:15:45 AM | * Magie/Formulaire(var).php-- -- --5375
3/28/2026 9:15:45 AM | * Magie/Formulaire.css-- -- --4882
3/28/2026 9:15:45 AM | * Backup/Magie/Formulaire.dat-- -- --1097261
3/28/2026 9:15:45 AM | * Magie/Formulaire.php-- -- --67205
3/28/2026 9:15:45 AM | * Mail/Echec(var).js-- -- --103
3/28/2026 9:15:45 AM | * Mail/Echec.css-- -- --887
3/28/2026 9:15:45 AM | * Backup/Mail/Echec.dat-- -- --192434
3/28/2026 9:15:45 AM | * Mail/Echec.php-- -- --32490
3/28/2026 9:15:45 AM | * Mail/Envoi(var).js-- -- --103
3/28/2026 9:15:45 AM | * Mail/Envoi.css-- -- --809
3/28/2026 9:15:45 AM | * Backup/Mail/Envoi.dat-- -- --167130
3/28/2026 9:15:45 AM | * Mail/Envoi.php-- -- --32200
3/28/2026 9:15:45 AM | * Mail/Formulaire(var).js-- -- --1103
3/28/2026 9:15:46 AM | * Mail/Formulaire(var).php-- -- --2242
3/28/2026 9:15:46 AM | * Mail/Formulaire.css-- -- --4265
3/28/2026 9:15:46 AM | * Backup/Mail/Formulaire.dat-- -- --808907
3/28/2026 9:15:46 AM | * Mail/Formulaire.php-- -- --54718
3/28/2026 9:15:46 AM | * Methodes/Accueil(var).js-- -- --171
3/28/2026 9:15:46 AM | * Methodes/Accueil.css-- -- --1721
3/28/2026 9:15:46 AM | * Backup/Methodes/Accueil.dat-- -- --450511
3/28/2026 9:15:46 AM | * Methodes/Accueil.php-- -- --47387
3/28/2026 9:15:46 AM | * Methodes/Croix(var).js-- -- --171
3/28/2026 9:15:46 AM | * Methodes/Croix.css-- -- --3694
3/28/2026 9:15:46 AM | * Backup/Methodes/Croix.dat-- -- --950261
3/28/2026 9:15:46 AM | * Methodes/Croix.php-- -- --55991
3/28/2026 9:15:46 AM | * Methodes/Ligne(var).js-- -- --171
3/28/2026 9:15:46 AM | * Methodes/Ligne.css-- -- --3890
3/28/2026 9:15:46 AM | * Backup/Methodes/Ligne.dat-- -- --995220
3/28/2026 9:15:46 AM | * Methodes/Ligne.php-- -- --63942
3/28/2026 9:15:46 AM | * Methodes/Pyramide(var).js-- -- --171
3/28/2026 9:15:46 AM | * Methodes/Pyramide.css-- -- --2041
3/28/2026 9:15:46 AM | * Backup/Methodes/Pyramide.dat-- -- --484510
3/28/2026 9:15:46 AM | * Methodes/Pyramide.php-- -- --49877
3/28/2026 9:15:46 AM | * Paiement/Paiement_accepte(var).js-- -- --171
3/28/2026 9:15:46 AM | * Paiement/Paiement_accepte.css-- -- --862
3/28/2026 9:15:46 AM | * Backup/Paiement/Paiement_accepte.dat-- -- --189913
3/28/2026 9:15:46 AM | * Paiement/Paiement_accepte.php-- -- --32426
3/28/2026 9:15:46 AM | * Paiement/Paiement_avorte(var).js-- -- --171
3/28/2026 9:15:46 AM | * Paiement/Paiement_avorte.css-- -- --862
3/28/2026 9:15:46 AM | * Backup/Paiement/Paiement_avorte.dat-- -- --189602
3/28/2026 9:15:46 AM | * Paiement/Paiement_avorte.php-- -- --32017
3/28/2026 9:15:46 AM | * Partenaires/Partenaires(var).js-- -- --103
3/28/2026 9:15:46 AM | * Partenaires/Partenaires.css-- -- --702
3/28/2026 9:15:46 AM | * Backup/Partenaires/Partenaires.dat-- -- --172765
3/28/2026 9:15:46 AM | * Partenaires/Partenaires.php-- -- --32299
3/28/2026 9:15:46 AM | * Planetes/Accueil(var).js-- -- --171
3/28/2026 9:15:46 AM | * Planetes/Accueil.css-- -- --3106
3/28/2026 9:15:46 AM | * Backup/Planetes/Accueil.dat-- -- --814070
3/28/2026 9:15:46 AM | * Planetes/Accueil.php-- -- --45541
3/28/2026 9:15:46 AM | * Planetes/Jupiter(var).js-- -- --171
3/28/2026 9:15:46 AM | * Planetes/Jupiter.css-- -- --1182
3/28/2026 9:15:46 AM | * Backup/Planetes/Jupiter.dat-- -- --280107
3/28/2026 9:15:46 AM | * Planetes/Jupiter.php-- -- --35199
3/28/2026 9:15:46 AM | * Planetes/Lune(var).js-- -- --239
3/28/2026 9:15:46 AM | * Planetes/Lune.css-- -- --1236
3/28/2026 9:15:46 AM | * Backup/Planetes/Lune.dat-- -- --301576
3/28/2026 9:15:46 AM | * Planetes/Lune.php-- -- --35678
3/28/2026 9:15:46 AM | * Planetes/Mars(var).js-- -- --239
3/28/2026 9:15:46 AM | * Planetes/Mars.css-- -- --1236
3/28/2026 9:15:46 AM | * Backup/Planetes/Mars.dat-- -- --301227
3/28/2026 9:15:46 AM | * Planetes/Mars.php-- -- --35329
3/28/2026 9:15:46 AM | * Planetes/Mercure(var).js-- -- --239
3/28/2026 9:15:46 AM | * Planetes/Mercure.css-- -- --1236
3/28/2026 9:15:46 AM | * Backup/Planetes/Mercure.dat-- -- --302114
3/28/2026 9:15:46 AM | * Planetes/Mercure.php-- -- --36110
3/28/2026 9:15:46 AM | * Planetes/Neptune(var).js-- -- --239
3/28/2026 9:15:46 AM | * Planetes/Neptune.css-- -- --1236
3/28/2026 9:15:46 AM | * Backup/Planetes/Neptune.dat-- -- --301299
3/28/2026 9:15:46 AM | * Planetes/Neptune.php-- -- --35403
3/28/2026 9:15:46 AM | * Planetes/Pluton(var).js-- -- --239
3/28/2026 9:15:46 AM | * Planetes/Pluton.css-- -- --1236
3/28/2026 9:15:46 AM | * Backup/Planetes/Pluton.dat-- -- --301229
3/28/2026 9:15:46 AM | * Planetes/Pluton.php-- -- --35335
3/28/2026 9:15:46 AM | * Planetes/Saturne(var).js-- -- --239
3/28/2026 9:15:46 AM | * Planetes/Saturne.css-- -- --1250
3/28/2026 9:15:46 AM | * Backup/Planetes/Saturne.dat-- -- --303218
3/28/2026 9:15:46 AM | * Planetes/Saturne.php-- -- --35364
3/28/2026 9:15:46 AM | * Planetes/Soleil(var).js-- -- --239
3/28/2026 9:15:46 AM | * Planetes/Soleil.css-- -- --1251
3/28/2026 9:15:46 AM | * Backup/Planetes/Soleil.dat-- -- --304680
3/28/2026 9:15:46 AM | * Planetes/Soleil.php-- -- --35047
3/28/2026 9:15:46 AM | * Planetes/Uranus(var).js-- -- --239
3/28/2026 9:15:46 AM | * Planetes/Uranus.css-- -- --1251
3/28/2026 9:15:46 AM | * Backup/Planetes/Uranus.dat-- -- --304436
3/28/2026 9:15:46 AM | * Planetes/Uranus.php-- -- --34761
3/28/2026 9:15:46 AM | * Planetes/Venus(var).js-- -- --239
3/28/2026 9:15:46 AM | * Planetes/Venus.css-- -- --1251
3/28/2026 9:15:46 AM | * Backup/Planetes/Venus.dat-- -- --305172
3/28/2026 9:15:46 AM | * Planetes/Venus.php-- -- --35408
3/28/2026 9:15:46 AM | * Tchat/errors.txt-- -- --0
3/28/2026 9:15:46 AM | * index(var).js-- -- --171
3/28/2026 9:15:46 AM | * index.css-- -- --917
3/28/2026 9:15:46 AM | * Backup/index.dat-- -- --153862
3/28/2026 9:15:46 AM | * index.php-- -- --37900
3/28/2026 9:15:46 AM | * Templates/Base.css-- -- --4736
3/28/2026 9:15:46 AM | * Templates/Base.php-- -- --30593
3/28/2026 9:15:46 AM | * Backup/Templates/Base.tdat-- -- --1105364
3/28/2026 9:15:46 AM | * sitemap.xml-- -- --27422
3/28/2026 9:15:46 AM | * robots.txt-- -- --39
3/28/2026 9:15:46 AM | * Backup/Belline net.ope-- -- --3598
3/28/2026 9:15:49 AM | 
3/28/2026 9:15:49 AM | 
--------------------------------Phase 1 Terminé--------------------------------
3/28/2026 9:15:49 AM | 

3/30/2026 12:12:10 PM | Debut Mise en ligne différentielle (Site):
3/30/2026 12:12:26 PM | Listing terminé :
3/30/2026 12:12:26 PM | 

3/30/2026 12:12:26 PM | * Tchat-- -- --Folder create
3/30/2026 12:12:26 PM | * Tchat/widgets-- -- --Folder create
3/30/2026 12:12:26 PM | * Tchat/templates-- -- --Folder create
3/30/2026 12:12:26 PM | * Tchat/stickers-- -- --Folder create
3/30/2026 12:12:26 PM | * Tchat/stickers/Stickers-- -- --Folder create
3/30/2026 12:12:26 PM | * Tchat/stickers/Deutsch-- -- --Folder create
3/30/2026 12:12:26 PM | * Tchat/splash-- -- --Folder create
3/30/2026 12:12:26 PM | * Tchat/lang-- -- --Folder create
3/30/2026 12:12:26 PM | * Tchat/install-- -- --Folder create
3/30/2026 12:12:26 PM | * Tchat/incl-- -- --Folder create
3/30/2026 12:12:26 PM | * Tchat/img-- -- --Folder create
3/30/2026 12:12:26 PM | * Tchat/backgrounds-- -- --Folder create
3/30/2026 12:12:26 PM | * Tchat/avatars-- -- --Folder create
3/30/2026 12:12:26 PM | * Tchat/attachments-- -- --Folder create
3/30/2026 12:12:26 PM | * Tchat/app-- -- --Folder create
3/30/2026 12:12:26 PM | * Tchat/admin-- -- --Folder create
3/30/2026 12:12:26 PM | * Tchat/admin/font-- -- --Folder create
3/30/2026 12:12:26 PM | * Planetes-- -- --Folder create
3/30/2026 12:12:26 PM | * Partenaires-- -- --Folder create
3/30/2026 12:12:26 PM | * Paiement-- -- --Folder create
3/30/2026 12:12:26 PM | * Online-- -- --Folder create
3/30/2026 12:12:26 PM | * Online/Templates-- -- --Folder create
3/30/2026 12:12:26 PM | * Methodes-- -- --Folder create
3/30/2026 12:12:26 PM | * Mail-- -- --Folder create
3/30/2026 12:12:26 PM | * Magie-- -- --Folder create
3/30/2026 12:12:26 PM | * Gratuite-- -- --Folder create
3/30/2026 12:12:26 PM | * Dons-- -- --Folder create
3/30/2026 12:12:26 PM | * Domicile-- -- --Folder create
3/30/2026 12:12:26 PM | * Coaching-- -- --Folder create
3/30/2026 12:12:26 PM | * Chat-- -- --Folder create
3/30/2026 12:12:26 PM | * CGU-- -- --Folder create
3/30/2026 12:12:26 PM | * Cartomancie-- -- --Folder create
3/30/2026 12:12:26 PM | * Cartomancie/Tarots-- -- --Folder create
3/30/2026 12:12:26 PM | * Cartomancie/Belline-- -- --Folder create
3/30/2026 12:12:26 PM | * Cartomancie/32-cartes-- -- --Folder create
3/30/2026 12:12:26 PM | * Cartomancie/32-cartes/Trefle-- -- --Folder create
3/30/2026 12:12:26 PM | * Cartomancie/32-cartes/Pique-- -- --Folder create
3/30/2026 12:12:26 PM | * Cartomancie/32-cartes/Coeur-- -- --Folder create
3/30/2026 12:12:26 PM | * Cartomancie/32-cartes/Carreau-- -- --Folder create
3/30/2026 12:12:26 PM | * Admin-- -- --Folder create
3/30/2026 12:12:26 PM | * Admin/sounds-- -- --Folder create
3/30/2026 12:12:26 PM | * Backup-- -- --Folder create
3/30/2026 12:12:26 PM | * Templates-- -- --Folder create
3/30/2026 12:12:26 PM | * WEFiles-- -- --Folder create
3/30/2026 12:12:26 PM | * WEFiles/Image-- -- --Folder create
3/30/2026 12:12:26 PM | * WEFiles/Image/WEImage-- -- --Folder create
3/30/2026 12:12:26 PM | * Backup/.htaccess-- -- --33
3/30/2026 12:12:26 PM | * .htaccess-- -- --0
3/30/2026 12:12:26 PM | * Admin/status.css-- -- --0
3/30/2026 12:12:26 PM | * Cartomancie/32-cartes/Carreau/07(var).js-- -- --171
3/30/2026 12:12:26 PM | * Cartomancie/32-cartes/Carreau/07.css-- -- --1196
3/30/2026 12:12:26 PM | * Backup/Cartomancie/32-cartes/Carreau/07.dat-- -- --278233
3/30/2026 12:12:26 PM | * Cartomancie/32-cartes/Carreau/07.php-- -- --29569
3/30/2026 12:12:26 PM | * Cartomancie/32-cartes/Carreau/08(var).js-- -- --171
3/30/2026 12:12:26 PM | * Cartomancie/32-cartes/Carreau/08.css-- -- --1197
3/30/2026 12:12:26 PM | * Backup/Cartomancie/32-cartes/Carreau/08.dat-- -- --279197
3/30/2026 12:12:26 PM | * Cartomancie/32-cartes/Carreau/08.php-- -- --30437
3/30/2026 12:12:26 PM | * Cartomancie/32-cartes/Carreau/09(var).js-- -- --171
3/30/2026 12:12:26 PM | * Cartomancie/32-cartes/Carreau/09.css-- -- --1196
3/30/2026 12:12:26 PM | * Backup/Cartomancie/32-cartes/Carreau/09.dat-- -- --277444
3/30/2026 12:12:26 PM | * Cartomancie/32-cartes/Carreau/09.php-- -- --29223
3/30/2026 12:12:26 PM | * Cartomancie/32-cartes/Carreau/10(var).js-- -- --171
3/30/2026 12:12:26 PM | * Cartomancie/32-cartes/Carreau/10.css-- -- --1196
3/30/2026 12:12:26 PM | * Backup/Cartomancie/32-cartes/Carreau/10.dat-- -- --278108
3/30/2026 12:12:26 PM | * Cartomancie/32-cartes/Carreau/10.php-- -- --29498
3/30/2026 12:12:26 PM | * Cartomancie/32-cartes/Carreau/11-Valet(var).js-- -- --171
3/30/2026 12:12:26 PM | * Cartomancie/32-cartes/Carreau/11-Valet.css-- -- --1196
3/30/2026 12:12:26 PM | * Backup/Cartomancie/32-cartes/Carreau/11-Valet.dat-- -- --278300
3/30/2026 12:12:26 PM | * Cartomancie/32-cartes/Carreau/11-Valet.php-- -- --30095
3/30/2026 12:12:26 PM | * Cartomancie/32-cartes/Carreau/12-Dame(var).js-- -- --171
3/30/2026 12:12:26 PM | * Cartomancie/32-cartes/Carreau/12-Dame.css-- -- --1196
3/30/2026 12:12:26 PM | * Backup/Cartomancie/32-cartes/Carreau/12-Dame.dat-- -- --277737
3/30/2026 12:12:26 PM | * Cartomancie/32-cartes/Carreau/12-Dame.php-- -- --29749
3/30/2026 12:12:26 PM | * Cartomancie/32-cartes/Carreau/13-Roi(var).js-- -- --171
3/30/2026 12:12:26 PM | * Cartomancie/32-cartes/Carreau/13-Roi.css-- -- --1196
3/30/2026 12:12:26 PM | * Backup/Cartomancie/32-cartes/Carreau/13-Roi.dat-- -- --278040
3/30/2026 12:12:26 PM | * Cartomancie/32-cartes/Carreau/13-Roi.php-- -- --29829
3/30/2026 12:12:26 PM | * Cartomancie/32-cartes/Carreau/14-As(var).js-- -- --171
3/30/2026 12:12:26 PM | * Cartomancie/32-cartes/Carreau/14-As.css-- -- --1196
3/30/2026 12:12:26 PM | * Backup/Cartomancie/32-cartes/Carreau/14-As.dat-- -- --278005
3/30/2026 12:12:26 PM | * Cartomancie/32-cartes/Carreau/14-As.php-- -- --29665
3/30/2026 12:12:26 PM | * Cartomancie/32-cartes/Coeur/07(var).js-- -- --171
3/30/2026 12:12:26 PM | * Cartomancie/32-cartes/Coeur/07.css-- -- --1196
3/30/2026 12:12:26 PM | * Backup/Cartomancie/32-cartes/Coeur/07.dat-- -- --277977
3/30/2026 12:12:26 PM | * Cartomancie/32-cartes/Coeur/07.php-- -- --29598
3/30/2026 12:12:26 PM | * Cartomancie/32-cartes/Coeur/08(var).js-- -- --171
3/30/2026 12:12:26 PM | * Cartomancie/32-cartes/Coeur/08.css-- -- --1196
3/30/2026 12:12:26 PM | * Backup/Cartomancie/32-cartes/Coeur/08.dat-- -- --277840
3/30/2026 12:12:26 PM | * Cartomancie/32-cartes/Coeur/08.php-- -- --29451
3/30/2026 12:12:26 PM | * Cartomancie/32-cartes/Coeur/09(var).js-- -- --171
3/30/2026 12:12:26 PM | * Cartomancie/32-cartes/Coeur/09.css-- -- --1196
3/30/2026 12:12:26 PM | * Backup/Cartomancie/32-cartes/Coeur/09.dat-- -- --277886
3/30/2026 12:12:26 PM | * Cartomancie/32-cartes/Coeur/09.php-- -- --29497
3/30/2026 12:12:26 PM | * Cartomancie/32-cartes/Coeur/10(var).js-- -- --171
3/30/2026 12:12:26 PM | * Cartomancie/32-cartes/Coeur/10.css-- -- --1211
3/30/2026 12:12:26 PM | * Backup/Cartomancie/32-cartes/Coeur/10.dat-- -- --284142
3/30/2026 12:12:26 PM | * Cartomancie/32-cartes/Coeur/10.php-- -- --30168
3/30/2026 12:12:26 PM | * Cartomancie/32-cartes/Coeur/11-Valet(var).js-- -- --171
3/30/2026 12:12:26 PM | * Cartomancie/32-cartes/Coeur/11-Valet.css-- -- --1196
3/30/2026 12:12:26 PM | * Backup/Cartomancie/32-cartes/Coeur/11-Valet.dat-- -- --278378
3/30/2026 12:12:26 PM | * Cartomancie/32-cartes/Coeur/11-Valet.php-- -- --30007
3/30/2026 12:12:26 PM | * Cartomancie/32-cartes/Coeur/12-Dame(var).js-- -- --171
3/30/2026 12:12:26 PM | * Cartomancie/32-cartes/Coeur/12-Dame.css-- -- --1196
3/30/2026 12:12:26 PM | * Backup/Cartomancie/32-cartes/Coeur/12-Dame.dat-- -- --277992
3/30/2026 12:12:26 PM | * Cartomancie/32-cartes/Coeur/12-Dame.php-- -- --29618
3/30/2026 12:12:26 PM | * Cartomancie/32-cartes/Coeur/13-Roi(var).js-- -- --103
3/30/2026 12:12:26 PM | * Cartomancie/32-cartes/Coeur/13-Roi.css-- -- --1143
3/30/2026 12:12:26 PM | * Backup/Cartomancie/32-cartes/Coeur/13-Roi.dat-- -- --255808
3/30/2026 12:12:26 PM | * Cartomancie/32-cartes/Coeur/13-Roi.php-- -- --30010
3/30/2026 12:12:26 PM | * Cartomancie/32-cartes/Coeur/14-As(var).js-- -- --103
3/30/2026 12:12:26 PM | * Cartomancie/32-cartes/Coeur/14-As.css-- -- --1143
3/30/2026 12:12:26 PM | * Backup/Cartomancie/32-cartes/Coeur/14-As.dat-- -- --255095
3/30/2026 12:12:26 PM | * Cartomancie/32-cartes/Coeur/14-As.php-- -- --29406
3/30/2026 12:12:26 PM | * Cartomancie/32-cartes/Pique/07(var).js-- -- --239
3/30/2026 12:12:26 PM | * Cartomancie/32-cartes/Pique/07.css-- -- --1249
3/30/2026 12:12:26 PM | * Backup/Cartomancie/32-cartes/Pique/07.dat-- -- --299014
3/30/2026 12:12:26 PM | * Cartomancie/32-cartes/Pique/07.php-- -- --29650
3/30/2026 12:12:26 PM | * Cartomancie/32-cartes/Pique/08(var).js-- -- --171
3/30/2026 12:12:26 PM | * Cartomancie/32-cartes/Pique/08.css-- -- --1196
3/30/2026 12:12:26 PM | * Backup/Cartomancie/32-cartes/Pique/08.dat-- -- --280545
3/30/2026 12:12:26 PM | * Cartomancie/32-cartes/Pique/08.php-- -- --30241
3/30/2026 12:12:26 PM | * Cartomancie/32-cartes/Pique/09(var).js-- -- --171
3/30/2026 12:12:26 PM | * Cartomancie/32-cartes/Pique/09.css-- -- --1196
3/30/2026 12:12:26 PM | * Backup/Cartomancie/32-cartes/Pique/09.dat-- -- --278107
3/30/2026 12:12:26 PM | * Cartomancie/32-cartes/Pique/09.php-- -- --29795
3/30/2026 12:12:26 PM | * Cartomancie/32-cartes/Pique/10(var).js-- -- --171
3/30/2026 12:12:26 PM | * Cartomancie/32-cartes/Pique/10.css-- -- --1196
3/30/2026 12:12:26 PM | * Backup/Cartomancie/32-cartes/Pique/10.dat-- -- --277812
3/30/2026 12:12:27 PM | * Cartomancie/32-cartes/Pique/10.php-- -- --29470
3/30/2026 12:12:27 PM | * Cartomancie/32-cartes/Pique/11-Valet(var).js-- -- --171
3/30/2026 12:12:27 PM | * Cartomancie/32-cartes/Pique/11-Valet.css-- -- --1197
3/30/2026 12:12:27 PM | * Backup/Cartomancie/32-cartes/Pique/11-Valet.dat-- -- --277946
3/30/2026 12:12:27 PM | * Cartomancie/32-cartes/Pique/11-Valet.php-- -- --29621
3/30/2026 12:12:27 PM | * Cartomancie/32-cartes/Pique/12-Dame(var).js-- -- --171
3/30/2026 12:12:27 PM | * Cartomancie/32-cartes/Pique/12-Dame.css-- -- --1197
3/30/2026 12:12:27 PM | * Backup/Cartomancie/32-cartes/Pique/12-Dame.dat-- -- --278107
3/30/2026 12:12:27 PM | * Cartomancie/32-cartes/Pique/12-Dame.php-- -- --29779
3/30/2026 12:12:27 PM | * Cartomancie/32-cartes/Pique/13-Roi(var).js-- -- --171
3/30/2026 12:12:27 PM | * Cartomancie/32-cartes/Pique/13-Roi.css-- -- --1196
3/30/2026 12:12:27 PM | * Backup/Cartomancie/32-cartes/Pique/13-Roi.dat-- -- --278324
3/30/2026 12:12:27 PM | * Cartomancie/32-cartes/Pique/13-Roi.php-- -- --29990
3/30/2026 12:12:27 PM | * Cartomancie/32-cartes/Pique/14-As(var).js-- -- --103
3/30/2026 12:12:27 PM | * Cartomancie/32-cartes/Pique/14-As.css-- -- --1143
3/30/2026 12:12:27 PM | * Backup/Cartomancie/32-cartes/Pique/14-As.dat-- -- --255319
3/30/2026 12:12:27 PM | * Cartomancie/32-cartes/Pique/14-As.php-- -- --29614
3/30/2026 12:12:27 PM | * Cartomancie/32-cartes/Trefle/07(var).js-- -- --171
3/30/2026 12:12:27 PM | * Cartomancie/32-cartes/Trefle/07.css-- -- --1274
3/30/2026 12:12:27 PM | * Backup/Cartomancie/32-cartes/Trefle/07.dat-- -- --278687
3/30/2026 12:12:27 PM | * Cartomancie/32-cartes/Trefle/07.php-- -- --30274
3/30/2026 12:12:27 PM | * Cartomancie/32-cartes/Trefle/08(var).js-- -- --171
3/30/2026 12:12:27 PM | * Cartomancie/32-cartes/Trefle/08.css-- -- --1273
3/30/2026 12:12:27 PM | * Backup/Cartomancie/32-cartes/Trefle/08.dat-- -- --278708
3/30/2026 12:12:27 PM | * Cartomancie/32-cartes/Trefle/08.php-- -- --30287
3/30/2026 12:12:27 PM | * Cartomancie/32-cartes/Trefle/09(var).js-- -- --171
3/30/2026 12:12:27 PM | * Cartomancie/32-cartes/Trefle/09.css-- -- --1274
3/30/2026 12:12:27 PM | * Backup/Cartomancie/32-cartes/Trefle/09.dat-- -- --278085
3/30/2026 12:12:27 PM | * Cartomancie/32-cartes/Trefle/09.php-- -- --29663
3/30/2026 12:12:27 PM | * Cartomancie/32-cartes/Trefle/10(var).js-- -- --171
3/30/2026 12:12:27 PM | * Cartomancie/32-cartes/Trefle/10.css-- -- --1274
3/30/2026 12:12:27 PM | * Backup/Cartomancie/32-cartes/Trefle/10.dat-- -- --278158
3/30/2026 12:12:27 PM | * Cartomancie/32-cartes/Trefle/10.php-- -- --29736
3/30/2026 12:12:27 PM | * Cartomancie/32-cartes/Trefle/11-Valet(var).js-- -- --171
3/30/2026 12:12:27 PM | * Cartomancie/32-cartes/Trefle/11-Valet.css-- -- --1273
3/30/2026 12:12:27 PM | * Backup/Cartomancie/32-cartes/Trefle/11-Valet.dat-- -- --278223
3/30/2026 12:12:27 PM | * Cartomancie/32-cartes/Trefle/11-Valet.php-- -- --29819
3/30/2026 12:12:27 PM | * Cartomancie/32-cartes/Trefle/12-Dame(var).js-- -- --171
3/30/2026 12:12:27 PM | * Cartomancie/32-cartes/Trefle/12-Dame.css-- -- --1273
3/30/2026 12:12:27 PM | * Backup/Cartomancie/32-cartes/Trefle/12-Dame.dat-- -- --278052
3/30/2026 12:12:27 PM | * Cartomancie/32-cartes/Trefle/12-Dame.php-- -- --29646
3/30/2026 12:12:27 PM | * Cartomancie/32-cartes/Trefle/13-Roi(var).js-- -- --171
3/30/2026 12:12:27 PM | * Cartomancie/32-cartes/Trefle/13-Roi.css-- -- --1274
3/30/2026 12:12:27 PM | * Backup/Cartomancie/32-cartes/Trefle/13-Roi.dat-- -- --277772
3/30/2026 12:12:27 PM | * Cartomancie/32-cartes/Trefle/13-Roi.php-- -- --29362
3/30/2026 12:12:27 PM | * Cartomancie/32-cartes/Trefle/14-As(var).js-- -- --171
3/30/2026 12:12:27 PM | * Cartomancie/32-cartes/Trefle/14-As.css-- -- --1273
3/30/2026 12:12:27 PM | * Backup/Cartomancie/32-cartes/Trefle/14-As.dat-- -- --277993
3/30/2026 12:12:27 PM | * Cartomancie/32-cartes/Trefle/14-As.php-- -- --29581
3/30/2026 12:12:27 PM | * Cartomancie/32-cartes/Accueil(var).js-- -- --171
3/30/2026 12:12:27 PM | * Cartomancie/32-cartes/Accueil.css-- -- --5807
3/30/2026 12:12:27 PM | * Backup/Cartomancie/32-cartes/Accueil.dat-- -- --1364076
3/30/2026 12:12:27 PM | * Cartomancie/32-cartes/Accueil.php-- -- --50672
3/30/2026 12:12:27 PM | * Cartomancie/Belline/01-Bleu(var).js-- -- --171
3/30/2026 12:12:27 PM | * Cartomancie/Belline/01-Bleu.css-- -- --1273
3/30/2026 12:12:27 PM | * Backup/Cartomancie/Belline/01-Bleu.dat-- -- --279645
3/30/2026 12:12:27 PM | * Cartomancie/Belline/01-Bleu.php-- -- --29174
3/30/2026 12:12:27 PM | * Cartomancie/Belline/02-Destinee(var).js-- -- --171
3/30/2026 12:12:27 PM | * Cartomancie/Belline/02-Destinee.css-- -- --1273
3/30/2026 12:12:27 PM | * Backup/Cartomancie/Belline/02-Destinee.dat-- -- --279977
3/30/2026 12:12:27 PM | * Cartomancie/Belline/02-Destinee.php-- -- --29510
3/30/2026 12:12:27 PM | * Cartomancie/Belline/03-Homme(var).js-- -- --171
3/30/2026 12:12:27 PM | * Cartomancie/Belline/03-Homme.css-- -- --1273
3/30/2026 12:12:27 PM | * Backup/Cartomancie/Belline/03-Homme.dat-- -- --280141
3/30/2026 12:12:27 PM | * Cartomancie/Belline/03-Homme.php-- -- --29659
3/30/2026 12:12:27 PM | * Cartomancie/Belline/04-Femme(var).js-- -- --171
3/30/2026 12:12:27 PM | * Cartomancie/Belline/04-Femme.css-- -- --1273
3/30/2026 12:12:27 PM | * Backup/Cartomancie/Belline/04-Femme.dat-- -- --279738
3/30/2026 12:12:27 PM | * Cartomancie/Belline/04-Femme.php-- -- --29252
3/30/2026 12:12:27 PM | * Cartomancie/Belline/05-Nativite(var).js-- -- --171
3/30/2026 12:12:27 PM | * Cartomancie/Belline/05-Nativite.css-- -- --1273
3/30/2026 12:12:27 PM | * Backup/Cartomancie/Belline/05-Nativite.dat-- -- --279973
3/30/2026 12:12:27 PM | * Cartomancie/Belline/05-Nativite.php-- -- --29521
3/30/2026 12:12:27 PM | * Cartomancie/Belline/06-Reussite(var).js-- -- --171
3/30/2026 12:12:27 PM | * Cartomancie/Belline/06-Reussite.css-- -- --1273
3/30/2026 12:12:27 PM | * Backup/Cartomancie/Belline/06-Reussite.dat-- -- --280262
3/30/2026 12:12:27 PM | * Cartomancie/Belline/06-Reussite.php-- -- --29715
3/30/2026 12:12:27 PM | * Cartomancie/Belline/07-Elevation(var).js-- -- --171
3/30/2026 12:12:27 PM | * Cartomancie/Belline/07-Elevation.css-- -- --1273
3/30/2026 12:12:27 PM | * Backup/Cartomancie/Belline/07-Elevation.dat-- -- --280125
3/30/2026 12:12:27 PM | * Cartomancie/Belline/07-Elevation.php-- -- --29654
3/30/2026 12:12:27 PM | * Cartomancie/Belline/08-Honneurs(var).js-- -- --171
3/30/2026 12:12:27 PM | * Cartomancie/Belline/08-Honneurs.css-- -- --1274
3/30/2026 12:12:27 PM | * Backup/Cartomancie/Belline/08-Honneurs.dat-- -- --280170
3/30/2026 12:12:27 PM | * Cartomancie/Belline/08-Honneurs.php-- -- --29648
3/30/2026 12:12:27 PM | * Cartomancie/Belline/09-Pensee(var).js-- -- --171
3/30/2026 12:12:27 PM | * Cartomancie/Belline/09-Pensee.css-- -- --1273
3/30/2026 12:12:27 PM | * Backup/Cartomancie/Belline/09-Pensee.dat-- -- --280200
3/30/2026 12:12:27 PM | * Cartomancie/Belline/09-Pensee.php-- -- --29732
3/30/2026 12:12:27 PM | * Cartomancie/Belline/10-Campagne(var).js-- -- --171
3/30/2026 12:12:27 PM | * Cartomancie/Belline/10-Campagne.css-- -- --1273
3/30/2026 12:12:27 PM | * Backup/Cartomancie/Belline/10-Campagne.dat-- -- --280039
3/30/2026 12:12:27 PM | * Cartomancie/Belline/10-Campagne.php-- -- --29622
3/30/2026 12:12:27 PM | * Cartomancie/Belline/11-Presents(var).js-- -- --171
3/30/2026 12:12:27 PM | * Cartomancie/Belline/11-Presents.css-- -- --1274
3/30/2026 12:12:27 PM | * Backup/Cartomancie/Belline/11-Presents.dat-- -- --280163
3/30/2026 12:12:27 PM | * Cartomancie/Belline/11-Presents.php-- -- --29644
3/30/2026 12:12:27 PM | * Cartomancie/Belline/12-Trahison(var).js-- -- --171
3/30/2026 12:12:27 PM | * Cartomancie/Belline/12-Trahison.css-- -- --1273
3/30/2026 12:12:27 PM | * Backup/Cartomancie/Belline/12-Trahison.dat-- -- --280085
3/30/2026 12:12:27 PM | * Cartomancie/Belline/12-Trahison.php-- -- --29650
3/30/2026 12:12:27 PM | * Cartomancie/Belline/13-Depart(var).js-- -- --171
3/30/2026 12:12:27 PM | * Cartomancie/Belline/13-Depart.css-- -- --1273
3/30/2026 12:12:27 PM | * Backup/Cartomancie/Belline/13-Depart.dat-- -- --279967
3/30/2026 12:12:27 PM | * Cartomancie/Belline/13-Depart.php-- -- --29519
3/30/2026 12:12:27 PM | * Cartomancie/Belline/14-Inconstance(var).js-- -- --171
3/30/2026 12:12:27 PM | * Cartomancie/Belline/14-Inconstance.css-- -- --1274
3/30/2026 12:12:27 PM | * Backup/Cartomancie/Belline/14-Inconstance.dat-- -- --280304
3/30/2026 12:12:27 PM | * Cartomancie/Belline/14-Inconstance.php-- -- --29882
3/30/2026 12:12:27 PM | * Cartomancie/Belline/15-Decouverte(var).js-- -- --171
3/30/2026 12:12:27 PM | * Cartomancie/Belline/15-Decouverte.css-- -- --1274
3/30/2026 12:12:27 PM | * Backup/Cartomancie/Belline/15-Decouverte.dat-- -- --280613
3/30/2026 12:12:27 PM | * Cartomancie/Belline/15-Decouverte.php-- -- --30198
3/30/2026 12:12:27 PM | * Cartomancie/Belline/16-Eau(var).js-- -- --171
3/30/2026 12:12:27 PM | * Cartomancie/Belline/16-Eau.css-- -- --1273
3/30/2026 12:12:27 PM | * Backup/Cartomancie/Belline/16-Eau.dat-- -- --280105
3/30/2026 12:12:27 PM | * Cartomancie/Belline/16-Eau.php-- -- --29651
3/30/2026 12:12:27 PM | * Cartomancie/Belline/17-Penates(var).js-- -- --171
3/30/2026 12:12:27 PM | * Cartomancie/Belline/17-Penates.css-- -- --1273
3/30/2026 12:12:27 PM | * Backup/Cartomancie/Belline/17-Penates.dat-- -- --280277
3/30/2026 12:12:27 PM | * Cartomancie/Belline/17-Penates.php-- -- --29831
3/30/2026 12:12:27 PM | * Cartomancie/Belline/18-Maladie(var).js-- -- --171
3/30/2026 12:12:27 PM | * Cartomancie/Belline/18-Maladie.css-- -- --1273
3/30/2026 12:12:27 PM | * Backup/Cartomancie/Belline/18-Maladie.dat-- -- --280043
3/30/2026 12:12:27 PM | * Cartomancie/Belline/18-Maladie.php-- -- --29502
3/30/2026 12:12:27 PM | * Cartomancie/Belline/19-Changement(var).js-- -- --171
3/30/2026 12:12:27 PM | * Cartomancie/Belline/19-Changement.css-- -- --1273
3/30/2026 12:12:27 PM | * Backup/Cartomancie/Belline/19-Changement.dat-- -- --280213
3/30/2026 12:12:27 PM | * Cartomancie/Belline/19-Changement.php-- -- --29790
3/30/2026 12:12:27 PM | * Cartomancie/Belline/20-Argent(var).js-- -- --171
3/30/2026 12:12:27 PM | * Cartomancie/Belline/20-Argent.css-- -- --1273
3/30/2026 12:12:27 PM | * Backup/Cartomancie/Belline/20-Argent.dat-- -- --279808
3/30/2026 12:12:27 PM | * Cartomancie/Belline/20-Argent.php-- -- --29377
3/30/2026 12:12:27 PM | * Cartomancie/Belline/21-Intelligence(var).js-- -- --171
3/30/2026 12:12:27 PM | * Cartomancie/Belline/21-Intelligence.css-- -- --1273
3/30/2026 12:12:27 PM | * Backup/Cartomancie/Belline/21-Intelligence.dat-- -- --280269
3/30/2026 12:12:27 PM | * Cartomancie/Belline/21-Intelligence.php-- -- --29850
3/30/2026 12:12:27 PM | * Cartomancie/Belline/22-Vol(var).js-- -- --171
3/30/2026 12:12:27 PM | * Cartomancie/Belline/22-Vol.css-- -- --1273
3/30/2026 12:12:27 PM | * Backup/Cartomancie/Belline/22-Vol.dat-- -- --279645
3/30/2026 12:12:27 PM | * Cartomancie/Belline/22-Vol.php-- -- --29537
3/30/2026 12:12:27 PM | * Cartomancie/Belline/23-Entreprises(var).js-- -- --171
3/30/2026 12:12:27 PM | * Cartomancie/Belline/23-Entreprises.css-- -- --1273
3/30/2026 12:12:27 PM | * Backup/Cartomancie/Belline/23-Entreprises.dat-- -- --278282
3/30/2026 12:12:27 PM | * Cartomancie/Belline/23-Entreprises.php-- -- --29546
3/30/2026 12:12:27 PM | * Cartomancie/Belline/24-Trafic(var).js-- -- --171
3/30/2026 12:12:27 PM | * Cartomancie/Belline/24-Trafic.css-- -- --1273
3/30/2026 12:12:27 PM | * Backup/Cartomancie/Belline/24-Trafic.dat-- -- --279936
3/30/2026 12:12:27 PM | * Cartomancie/Belline/24-Trafic.php-- -- --29505
3/30/2026 12:12:27 PM | * Cartomancie/Belline/25-Nouvelle(var).js-- -- --171
3/30/2026 12:12:27 PM | * Cartomancie/Belline/25-Nouvelle.css-- -- --1273
3/30/2026 12:12:27 PM | * Backup/Cartomancie/Belline/25-Nouvelle.dat-- -- --279638
3/30/2026 12:12:27 PM | * Cartomancie/Belline/25-Nouvelle.php-- -- --29220
3/30/2026 12:12:27 PM | * Cartomancie/Belline/26-Plaisirs(var).js-- -- --171
3/30/2026 12:12:27 PM | * Cartomancie/Belline/26-Plaisirs.css-- -- --1274
3/30/2026 12:12:27 PM | * Backup/Cartomancie/Belline/26-Plaisirs.dat-- -- --279841
3/30/2026 12:12:27 PM | * Cartomancie/Belline/26-Plaisirs.php-- -- --29422
3/30/2026 12:12:27 PM | * Cartomancie/Belline/27-Paix(var).js-- -- --171
3/30/2026 12:12:27 PM | * Cartomancie/Belline/27-Paix.css-- -- --1273
3/30/2026 12:12:27 PM | * Backup/Cartomancie/Belline/27-Paix.dat-- -- --280325
3/30/2026 12:12:27 PM | * Cartomancie/Belline/27-Paix.php-- -- --29899
3/30/2026 12:12:27 PM | * Cartomancie/Belline/28-Union(var).js-- -- --171
3/30/2026 12:12:27 PM | * Cartomancie/Belline/28-Union.css-- -- --1273
3/30/2026 12:12:27 PM | * Backup/Cartomancie/Belline/28-Union.dat-- -- --279818
3/30/2026 12:12:27 PM | * Cartomancie/Belline/28-Union.php-- -- --29364
3/30/2026 12:12:27 PM | * Cartomancie/Belline/29-Famille(var).js-- -- --171
3/30/2026 12:12:27 PM | * Cartomancie/Belline/29-Famille.css-- -- --1273
3/30/2026 12:12:27 PM | * Backup/Cartomancie/Belline/29-Famille.dat-- -- --279929
3/30/2026 12:12:27 PM | * Cartomancie/Belline/29-Famille.php-- -- --29509
3/30/2026 12:12:27 PM | * Cartomancie/Belline/30-Amor(var).js-- -- --171
3/30/2026 12:12:27 PM | * Cartomancie/Belline/30-Amor.css-- -- --1274
3/30/2026 12:12:27 PM | * Backup/Cartomancie/Belline/30-Amor.dat-- -- --279918
3/30/2026 12:12:27 PM | * Cartomancie/Belline/30-Amor.php-- -- --29490
3/30/2026 12:12:27 PM | * Cartomancie/Belline/31-Table(var).js-- -- --171
3/30/2026 12:12:27 PM | * Cartomancie/Belline/31-Table.css-- -- --1273
3/30/2026 12:12:27 PM | * Backup/Cartomancie/Belline/31-Table.dat-- -- --279902
3/30/2026 12:12:27 PM | * Cartomancie/Belline/31-Table.php-- -- --29478
3/30/2026 12:12:27 PM | * Cartomancie/Belline/32-Passions(var).js-- -- --171
3/30/2026 12:12:27 PM | * Cartomancie/Belline/32-Passions.css-- -- --1274
3/30/2026 12:12:27 PM | * Backup/Cartomancie/Belline/32-Passions.dat-- -- --280306
3/30/2026 12:12:27 PM | * Cartomancie/Belline/32-Passions.php-- -- --29887
3/30/2026 12:12:27 PM | * Cartomancie/Belline/33-Mechancete(var).js-- -- --239
3/30/2026 12:12:27 PM | * Cartomancie/Belline/33-Mechancete.css-- -- --1327
3/30/2026 12:12:27 PM | * Backup/Cartomancie/Belline/33-Mechancete.dat-- -- --300765
3/30/2026 12:12:27 PM | * Cartomancie/Belline/33-Mechancete.php-- -- --29428
3/30/2026 12:12:27 PM | * Cartomancie/Belline/34-Proces(var).js-- -- --171
3/30/2026 12:12:27 PM | * Cartomancie/Belline/34-Proces.css-- -- --1274
3/30/2026 12:12:27 PM | * Backup/Cartomancie/Belline/34-Proces.dat-- -- --279868
3/30/2026 12:12:27 PM | * Cartomancie/Belline/34-Proces.php-- -- --29445
3/30/2026 12:12:27 PM | * Cartomancie/Belline/35-Despotisme(var).js-- -- --171
3/30/2026 12:12:27 PM | * Cartomancie/Belline/35-Despotisme.css-- -- --1274
3/30/2026 12:12:27 PM | * Backup/Cartomancie/Belline/35-Despotisme.dat-- -- --280026
3/30/2026 12:12:27 PM | * Cartomancie/Belline/35-Despotisme.php-- -- --29602
3/30/2026 12:12:27 PM | * Cartomancie/Belline/36-Ennemis(var).js-- -- --171
3/30/2026 12:12:27 PM | * Cartomancie/Belline/36-Ennemis.css-- -- --1273
3/30/2026 12:12:27 PM | * Backup/Cartomancie/Belline/36-Ennemis.dat-- -- --279966
3/30/2026 12:12:27 PM | * Cartomancie/Belline/36-Ennemis.php-- -- --29537
3/30/2026 12:12:27 PM | * Cartomancie/Belline/37-Pourparlers(var).js-- -- --171
3/30/2026 12:12:27 PM | * Cartomancie/Belline/37-Pourparlers.css-- -- --1274
3/30/2026 12:12:27 PM | * Backup/Cartomancie/Belline/37-Pourparlers.dat-- -- --280030
3/30/2026 12:12:27 PM | * Cartomancie/Belline/37-Pourparlers.php-- -- --29617
3/30/2026 12:12:27 PM | * Cartomancie/Belline/38-Feu(var).js-- -- --171
3/30/2026 12:12:27 PM | * Cartomancie/Belline/38-Feu.css-- -- --1273
3/30/2026 12:12:27 PM | * Backup/Cartomancie/Belline/38-Feu.dat-- -- --279955
3/30/2026 12:12:27 PM | * Cartomancie/Belline/38-Feu.php-- -- --29527
3/30/2026 12:12:27 PM | * Cartomancie/Belline/39-Accident(var).js-- -- --171
3/30/2026 12:12:27 PM | * Cartomancie/Belline/39-Accident.css-- -- --1273
3/30/2026 12:12:27 PM | * Backup/Cartomancie/Belline/39-Accident.dat-- -- --280107
3/30/2026 12:12:27 PM | * Cartomancie/Belline/39-Accident.php-- -- --29672
3/30/2026 12:12:27 PM | * Cartomancie/Belline/40-Appui(var).js-- -- --171
3/30/2026 12:12:27 PM | * Cartomancie/Belline/40-Appui.css-- -- --1274
3/30/2026 12:12:27 PM | * Backup/Cartomancie/Belline/40-Appui.dat-- -- --279884
3/30/2026 12:12:27 PM | * Cartomancie/Belline/40-Appui.php-- -- --29459
3/30/2026 12:12:27 PM | * Cartomancie/Belline/41-Beaute(var).js-- -- --171
3/30/2026 12:12:27 PM | * Cartomancie/Belline/41-Beaute.css-- -- --1273
3/30/2026 12:12:27 PM | * Backup/Cartomancie/Belline/41-Beaute.dat-- -- --279622
3/30/2026 12:12:27 PM | * Cartomancie/Belline/41-Beaute.php-- -- --29615
3/30/2026 12:12:27 PM | * Cartomancie/Belline/42-Heritage(var).js-- -- --171
3/30/2026 12:12:27 PM | * Cartomancie/Belline/42-Heritage.css-- -- --1273
3/30/2026 12:12:27 PM | * Backup/Cartomancie/Belline/42-Heritage.dat-- -- --279984
3/30/2026 12:12:27 PM | * Cartomancie/Belline/42-Heritage.php-- -- --29557
3/30/2026 12:12:27 PM | * Cartomancie/Belline/43-Sagesse(var).js-- -- --171
3/30/2026 12:12:27 PM | * Cartomancie/Belline/43-Sagesse.css-- -- --1273
3/30/2026 12:12:27 PM | * Backup/Cartomancie/Belline/43-Sagesse.dat-- -- --280071
3/30/2026 12:12:27 PM | * Cartomancie/Belline/43-Sagesse.php-- -- --29547
3/30/2026 12:12:27 PM | * Cartomancie/Belline/44-Renommee(var).js-- -- --171
3/30/2026 12:12:27 PM | * Cartomancie/Belline/44-Renommee.css-- -- --1273
3/30/2026 12:12:27 PM | * Backup/Cartomancie/Belline/44-Renommee.dat-- -- --279987
3/30/2026 12:12:27 PM | * Cartomancie/Belline/44-Renommee.php-- -- --29560
3/30/2026 12:12:27 PM | * Cartomancie/Belline/45-Hasard(var).js-- -- --171
3/30/2026 12:12:27 PM | * Cartomancie/Belline/45-Hasard.css-- -- --1273
3/30/2026 12:12:27 PM | * Backup/Cartomancie/Belline/45-Hasard.dat-- -- --280066
3/30/2026 12:12:27 PM | * Cartomancie/Belline/45-Hasard.php-- -- --29540
3/30/2026 12:12:27 PM | * Cartomancie/Belline/46-Bonheur(var).js-- -- --171
3/30/2026 12:12:27 PM | * Cartomancie/Belline/46-Bonheur.css-- -- --1273
3/30/2026 12:12:27 PM | * Backup/Cartomancie/Belline/46-Bonheur.dat-- -- --279832
3/30/2026 12:12:27 PM | * Cartomancie/Belline/46-Bonheur.php-- -- --29403
3/30/2026 12:12:27 PM | * Cartomancie/Belline/47-Infortune(var).js-- -- --171
3/30/2026 12:12:27 PM | * Cartomancie/Belline/47-Infortune.css-- -- --1273
3/30/2026 12:12:27 PM | * Backup/Cartomancie/Belline/47-Infortune.dat-- -- --280238
3/30/2026 12:12:27 PM | * Cartomancie/Belline/47-Infortune.php-- -- --29813
3/30/2026 12:12:27 PM | * Cartomancie/Belline/48-Sterilite(var).js-- -- --171
3/30/2026 12:12:27 PM | * Cartomancie/Belline/48-Sterilite.css-- -- --1274
3/30/2026 12:12:27 PM | * Backup/Cartomancie/Belline/48-Sterilite.dat-- -- --279948
3/30/2026 12:12:27 PM | * Cartomancie/Belline/48-Sterilite.php-- -- --29522
3/30/2026 12:12:27 PM | * Cartomancie/Belline/49-Fatalite(var).js-- -- --171
3/30/2026 12:12:27 PM | * Cartomancie/Belline/49-Fatalite.css-- -- --1274
3/30/2026 12:12:27 PM | * Backup/Cartomancie/Belline/49-Fatalite.dat-- -- --280143
3/30/2026 12:12:27 PM | * Cartomancie/Belline/49-Fatalite.php-- -- --29714
3/30/2026 12:12:27 PM | * Cartomancie/Belline/50-Grace(var).js-- -- --171
3/30/2026 12:12:27 PM | * Cartomancie/Belline/50-Grace.css-- -- --1273
3/30/2026 12:12:27 PM | * Backup/Cartomancie/Belline/50-Grace.dat-- -- --280172
3/30/2026 12:12:27 PM | * Cartomancie/Belline/50-Grace.php-- -- --29722
3/30/2026 12:12:27 PM | * Cartomancie/Belline/51-Ruine(var).js-- -- --171
3/30/2026 12:12:27 PM | * Cartomancie/Belline/51-Ruine.css-- -- --1273
3/30/2026 12:12:27 PM | * Backup/Cartomancie/Belline/51-Ruine.dat-- -- --280475
3/30/2026 12:12:27 PM | * Cartomancie/Belline/51-Ruine.php-- -- --30025
3/30/2026 12:12:27 PM | * Cartomancie/Belline/52-Retard(var).js-- -- --171
3/30/2026 12:12:27 PM | * Cartomancie/Belline/52-Retard.css-- -- --1273
3/30/2026 12:12:27 PM | * Backup/Cartomancie/Belline/52-Retard.dat-- -- --279600
3/30/2026 12:12:27 PM | * Cartomancie/Belline/52-Retard.php-- -- --29161
3/30/2026 12:12:27 PM | * Cartomancie/Belline/53-Cloitre(var).js-- -- --171
3/30/2026 12:12:27 PM | * Cartomancie/Belline/53-Cloitre.css-- -- --1273
3/30/2026 12:12:27 PM | * Backup/Cartomancie/Belline/53-Cloitre.dat-- -- --280107
3/30/2026 12:12:27 PM | * Cartomancie/Belline/53-Cloitre.php-- -- --29661
3/30/2026 12:12:27 PM | * Cartomancie/Belline/Accueil(var).js-- -- --171
3/30/2026 12:12:27 PM | * Cartomancie/Belline/Accueil.css-- -- --8991
3/30/2026 12:12:27 PM | * Backup/Cartomancie/Belline/Accueil.dat-- -- --2231345
3/30/2026 12:12:27 PM | * Cartomancie/Belline/Accueil.php-- -- --64134
3/30/2026 12:12:27 PM | * Cartomancie/Tarots/01-Fou(var).js-- -- --171
3/30/2026 12:12:27 PM | * Cartomancie/Tarots/01-Fou.css-- -- --1196
3/30/2026 12:12:27 PM | * Backup/Cartomancie/Tarots/01-Fou.dat-- -- --280282
3/30/2026 12:12:27 PM | * Cartomancie/Tarots/01-Fou.php-- -- --29909
3/30/2026 12:12:27 PM | * Cartomancie/Tarots/02-Bateleur(var).js-- -- --171
3/30/2026 12:12:27 PM | * Cartomancie/Tarots/02-Bateleur.css-- -- --1196
3/30/2026 12:12:27 PM | * Backup/Cartomancie/Tarots/02-Bateleur.dat-- -- --279858
3/30/2026 12:12:27 PM | * Cartomancie/Tarots/02-Bateleur.php-- -- --29497
3/30/2026 12:12:27 PM | * Cartomancie/Tarots/03-Papesse(var).js-- -- --171
3/30/2026 12:12:27 PM | * Cartomancie/Tarots/03-Papesse.css-- -- --1196
3/30/2026 12:12:27 PM | * Backup/Cartomancie/Tarots/03-Papesse.dat-- -- --280097
3/30/2026 12:12:27 PM | * Cartomancie/Tarots/03-Papesse.php-- -- --29723
3/30/2026 12:12:27 PM | * Cartomancie/Tarots/04-Imperatrice(var).js-- -- --171
3/30/2026 12:12:27 PM | * Cartomancie/Tarots/04-Imperatrice.css-- -- --1196
3/30/2026 12:12:27 PM | * Backup/Cartomancie/Tarots/04-Imperatrice.dat-- -- --280707
3/30/2026 12:12:27 PM | * Cartomancie/Tarots/04-Imperatrice.php-- -- --30255
3/30/2026 12:12:27 PM | * Cartomancie/Tarots/05-Empereur(var).js-- -- --171
3/30/2026 12:12:27 PM | * Cartomancie/Tarots/05-Empereur.css-- -- --1196
3/30/2026 12:12:27 PM | * Backup/Cartomancie/Tarots/05-Empereur.dat-- -- --280211
3/30/2026 12:12:27 PM | * Cartomancie/Tarots/05-Empereur.php-- -- --29848
3/30/2026 12:12:27 PM | * Cartomancie/Tarots/06-Pape(var).js-- -- --171
3/30/2026 12:12:27 PM | * Cartomancie/Tarots/06-Pape.css-- -- --1196
3/30/2026 12:12:27 PM | * Backup/Cartomancie/Tarots/06-Pape.dat-- -- --280407
3/30/2026 12:12:27 PM | * Cartomancie/Tarots/06-Pape.php-- -- --30019
3/30/2026 12:12:27 PM | * Cartomancie/Tarots/07-Amoureux(var).js-- -- --171
3/30/2026 12:12:27 PM | * Cartomancie/Tarots/07-Amoureux.css-- -- --1273
3/30/2026 12:12:27 PM | * Backup/Cartomancie/Tarots/07-Amoureux.dat-- -- --280399
3/30/2026 12:12:27 PM | * Cartomancie/Tarots/07-Amoureux.php-- -- --29844
3/30/2026 12:12:27 PM | * Cartomancie/Tarots/08-Chariot(var).js-- -- --171
3/30/2026 12:12:27 PM | * Cartomancie/Tarots/08-Chariot.css-- -- --1273
3/30/2026 12:12:27 PM | * Backup/Cartomancie/Tarots/08-Chariot.dat-- -- --280797
3/30/2026 12:12:27 PM | * Cartomancie/Tarots/08-Chariot.php-- -- --30265
3/30/2026 12:12:27 PM | * Cartomancie/Tarots/09-Justice(var).js-- -- --171
3/30/2026 12:12:27 PM | * Cartomancie/Tarots/09-Justice.css-- -- --1273
3/30/2026 12:12:27 PM | * Backup/Cartomancie/Tarots/09-Justice.dat-- -- --280695
3/30/2026 12:12:27 PM | * Cartomancie/Tarots/09-Justice.php-- -- --30241
3/30/2026 12:12:27 PM | * Cartomancie/Tarots/10-Hermite(var).js-- -- --171
3/30/2026 12:12:27 PM | * Cartomancie/Tarots/10-Hermite.css-- -- --1273
3/30/2026 12:12:27 PM | * Backup/Cartomancie/Tarots/10-Hermite.dat-- -- --280698
3/30/2026 12:12:27 PM | * Cartomancie/Tarots/10-Hermite.php-- -- --30236
3/30/2026 12:12:27 PM | * Cartomancie/Tarots/11-Roue(var).js-- -- --171
3/30/2026 12:12:27 PM | * Cartomancie/Tarots/11-Roue.css-- -- --1273
3/30/2026 12:12:27 PM | * Backup/Cartomancie/Tarots/11-Roue.dat-- -- --280283
3/30/2026 12:12:27 PM | * Cartomancie/Tarots/11-Roue.php-- -- --29807
3/30/2026 12:12:27 PM | * Cartomancie/Tarots/12-Force(var).js-- -- --171
3/30/2026 12:12:27 PM | * Cartomancie/Tarots/12-Force.css-- -- --1273
3/30/2026 12:12:27 PM | * Backup/Cartomancie/Tarots/12-Force.dat-- -- --280246
3/30/2026 12:12:27 PM | * Cartomancie/Tarots/12-Force.php-- -- --29676
3/30/2026 12:12:27 PM | * Cartomancie/Tarots/13-Pendu(var).js-- -- --171
3/30/2026 12:12:27 PM | * Cartomancie/Tarots/13-Pendu.css-- -- --1273
3/30/2026 12:12:27 PM | * Backup/Cartomancie/Tarots/13-Pendu.dat-- -- --280007
3/30/2026 12:12:27 PM | * Cartomancie/Tarots/13-Pendu.php-- -- --29928
3/30/2026 12:12:27 PM | * Cartomancie/Tarots/14-Mort(var).js-- -- --171
3/30/2026 12:12:27 PM | * Cartomancie/Tarots/14-Mort.css-- -- --1273
3/30/2026 12:12:27 PM | * Backup/Cartomancie/Tarots/14-Mort.dat-- -- --280194
3/30/2026 12:12:27 PM | * Cartomancie/Tarots/14-Mort.php-- -- --29726
3/30/2026 12:12:27 PM | * Cartomancie/Tarots/15-Temperance(var).js-- -- --171
3/30/2026 12:12:27 PM | * Cartomancie/Tarots/15-Temperance.css-- -- --1273
3/30/2026 12:12:28 PM | * Backup/Cartomancie/Tarots/15-Temperance.dat-- -- --279885
3/30/2026 12:12:28 PM | * Cartomancie/Tarots/15-Temperance.php-- -- --29861
3/30/2026 12:12:28 PM | * Cartomancie/Tarots/16-Diable(var).js-- -- --171
3/30/2026 12:12:28 PM | * Cartomancie/Tarots/16-Diable.css-- -- --1273
3/30/2026 12:12:28 PM | * Backup/Cartomancie/Tarots/16-Diable.dat-- -- --280340
3/30/2026 12:12:28 PM | * Cartomancie/Tarots/16-Diable.php-- -- --29867
3/30/2026 12:12:28 PM | * Cartomancie/Tarots/16-Maison-Dieu(var).js-- -- --171
3/30/2026 12:12:28 PM | * Cartomancie/Tarots/16-Maison-Dieu.css-- -- --1273
3/30/2026 12:12:28 PM | * Backup/Cartomancie/Tarots/16-Maison-Dieu.dat-- -- --280578
3/30/2026 12:12:28 PM | * Cartomancie/Tarots/16-Maison-Dieu.php-- -- --30020
3/30/2026 12:12:28 PM | * Cartomancie/Tarots/17-Etoile(var).js-- -- --171
3/30/2026 12:12:28 PM | * Cartomancie/Tarots/17-Etoile.css-- -- --1273
3/30/2026 12:12:28 PM | * Backup/Cartomancie/Tarots/17-Etoile.dat-- -- --280190
3/30/2026 12:12:28 PM | * Cartomancie/Tarots/17-Etoile.php-- -- --29725
3/30/2026 12:12:28 PM | * Cartomancie/Tarots/18-Lune(var).js-- -- --171
3/30/2026 12:12:28 PM | * Cartomancie/Tarots/18-Lune.css-- -- --1273
3/30/2026 12:12:28 PM | * Backup/Cartomancie/Tarots/18-Lune.dat-- -- --280617
3/30/2026 12:12:28 PM | * Cartomancie/Tarots/18-Lune.php-- -- --30140
3/30/2026 12:12:28 PM | * Cartomancie/Tarots/19-Soleil(var).js-- -- --171
3/30/2026 12:12:28 PM | * Cartomancie/Tarots/19-Soleil.css-- -- --1273
3/30/2026 12:12:28 PM | * Backup/Cartomancie/Tarots/19-Soleil.dat-- -- --280461
3/30/2026 12:12:28 PM | * Cartomancie/Tarots/19-Soleil.php-- -- --29988
3/30/2026 12:12:28 PM | * Cartomancie/Tarots/20-Jugement(var).js-- -- --171
3/30/2026 12:12:28 PM | * Cartomancie/Tarots/20-Jugement.css-- -- --1273
3/30/2026 12:12:28 PM | * Backup/Cartomancie/Tarots/20-Jugement.dat-- -- --280333
3/30/2026 12:12:28 PM | * Cartomancie/Tarots/20-Jugement.php-- -- --29864
3/30/2026 12:12:28 PM | * Cartomancie/Tarots/21-Monde(var).js-- -- --171
3/30/2026 12:12:28 PM | * Cartomancie/Tarots/21-Monde.css-- -- --1273
3/30/2026 12:12:28 PM | * Backup/Cartomancie/Tarots/21-Monde.dat-- -- --280375
3/30/2026 12:12:28 PM | * Cartomancie/Tarots/21-Monde.php-- -- --29805
3/30/2026 12:12:28 PM | * Cartomancie/Tarots/Accueil(var).js-- -- --171
3/30/2026 12:12:28 PM | * Cartomancie/Tarots/Accueil.css-- -- --3694
3/30/2026 12:12:28 PM | * Backup/Cartomancie/Tarots/Accueil.dat-- -- --916733
3/30/2026 12:12:28 PM | * Cartomancie/Tarots/Accueil.php-- -- --41689
3/30/2026 12:12:28 PM | * CGU/CGU(var).js-- -- --171
3/30/2026 12:12:28 PM | * CGU/CGU.css-- -- --1071
3/30/2026 12:12:28 PM | * Backup/CGU/CGU.dat-- -- --253965
3/30/2026 12:12:28 PM | * CGU/CGU.php-- -- --36444
3/30/2026 12:12:28 PM | * Chat/Echec(var).js-- -- --171
3/30/2026 12:12:28 PM | * Chat/Echec.css-- -- --940
3/30/2026 12:12:28 PM | * Backup/Chat/Echec.dat-- -- --219233
3/30/2026 12:12:28 PM | * Chat/Echec.php-- -- --27549
3/30/2026 12:12:28 PM | * Chat/Envoi(var).js-- -- --171
3/30/2026 12:12:28 PM | * Chat/Envoi.css-- -- --862
3/30/2026 12:12:28 PM | * Backup/Chat/Envoi.dat-- -- --191848
3/30/2026 12:12:28 PM | * Chat/Envoi.php-- -- --27177
3/30/2026 12:12:28 PM | * Chat/Formulaire(var).js-- -- --1103
3/30/2026 12:12:28 PM | * Chat/Formulaire(var).php-- -- --4015
3/30/2026 12:12:28 PM | * Chat/Formulaire.css-- -- --4727
3/30/2026 12:12:28 PM | * Backup/Chat/Formulaire.dat-- -- --1028623
3/30/2026 12:12:28 PM | * Chat/Formulaire.php-- -- --57920
3/30/2026 12:12:28 PM | * Coaching/Echec(var).js-- -- --103
3/30/2026 12:12:28 PM | * Coaching/Echec.css-- -- --886
3/30/2026 12:12:28 PM | * Backup/Coaching/Echec.dat-- -- --192475
3/30/2026 12:12:28 PM | * Coaching/Echec.php-- -- --27553
3/30/2026 12:12:28 PM | * Coaching/Envoi(var).js-- -- --103
3/30/2026 12:12:28 PM | * Coaching/Envoi.css-- -- --809
3/30/2026 12:12:28 PM | * Backup/Coaching/Envoi.dat-- -- --167094
3/30/2026 12:12:28 PM | * Coaching/Envoi.php-- -- --27204
3/30/2026 12:12:28 PM | * Coaching/Formulaire(var).js-- -- --1111
3/30/2026 12:12:28 PM | * Coaching/Formulaire(var).php-- -- --2415
3/30/2026 12:12:28 PM | * Coaching/Formulaire.css-- -- --4726
3/30/2026 12:12:28 PM | * Backup/Coaching/Formulaire.dat-- -- --1009323
3/30/2026 12:12:28 PM | * Coaching/Formulaire.php-- -- --58334
3/30/2026 12:12:28 PM | * Domicile/Echec(var).js-- -- --171
3/30/2026 12:12:28 PM | * Domicile/Echec.css-- -- --939
3/30/2026 12:12:28 PM | * Backup/Domicile/Echec.dat-- -- --219269
3/30/2026 12:12:28 PM | * Domicile/Echec.php-- -- --27585
3/30/2026 12:12:28 PM | * Domicile/Envoi(var).js-- -- --171
3/30/2026 12:12:28 PM | * Domicile/Envoi.css-- -- --862
3/30/2026 12:12:28 PM | * Backup/Domicile/Envoi.dat-- -- --191826
3/30/2026 12:12:28 PM | * Domicile/Envoi.php-- -- --27194
3/30/2026 12:12:28 PM | * Domicile/Formulaire(var).js-- -- --1111
3/30/2026 12:12:28 PM | * Domicile/Formulaire(var).php-- -- --3500
3/30/2026 12:12:28 PM | * Domicile/Formulaire.css-- -- --4727
3/30/2026 12:12:28 PM | * Backup/Domicile/Formulaire.dat-- -- --1021983
3/30/2026 12:12:28 PM | * Domicile/Formulaire.php-- -- --58046
3/30/2026 12:12:28 PM | * Dons/Dons(var).js-- -- --171
3/30/2026 12:12:28 PM | * Dons/Dons.css-- -- --1594
3/30/2026 12:12:28 PM | * Backup/Dons/Dons.dat-- -- --355918
3/30/2026 12:12:28 PM | * Dons/Dons.php-- -- --32451
3/30/2026 12:12:28 PM | * Gratuite/Echec(var).js-- -- --171
3/30/2026 12:12:28 PM | * Gratuite/Echec.css-- -- --939
3/30/2026 12:12:28 PM | * Backup/Gratuite/Echec.dat-- -- --217184
3/30/2026 12:12:28 PM | * Gratuite/Echec.php-- -- --27559
3/30/2026 12:12:28 PM | * Gratuite/Envoi(var).js-- -- --171
3/30/2026 12:12:28 PM | * Gratuite/Envoi.css-- -- --862
3/30/2026 12:12:28 PM | * Backup/Gratuite/Envoi.dat-- -- --191819
3/30/2026 12:12:28 PM | * Gratuite/Envoi.php-- -- --26776
3/30/2026 12:12:28 PM | * Gratuite/Formulaire(var).js-- -- --1147
3/30/2026 12:12:28 PM | * Gratuite/Formulaire(var).php-- -- --3811
3/30/2026 12:12:28 PM | * Gratuite/Formulaire.css-- -- --5261
3/30/2026 12:12:28 PM | * Backup/Gratuite/Formulaire.dat-- -- --1081965
3/30/2026 12:12:28 PM | * Gratuite/Formulaire.php-- -- --59229
3/30/2026 12:12:28 PM | * Magie/Echec(var).js-- -- --171
3/30/2026 12:12:28 PM | * Magie/Echec.css-- -- --939
3/30/2026 12:12:28 PM | * Backup/Magie/Echec.dat-- -- --217239
3/30/2026 12:12:28 PM | * Magie/Echec.php-- -- --27603
3/30/2026 12:12:28 PM | * Magie/Envoi(var).js-- -- --171
3/30/2026 12:12:28 PM | * Magie/Envoi.css-- -- --862
3/30/2026 12:12:28 PM | * Backup/Magie/Envoi.dat-- -- --189902
3/30/2026 12:12:28 PM | * Magie/Envoi.php-- -- --27247
3/30/2026 12:12:28 PM | * Magie/Formulaire(var).js-- -- --1133
3/30/2026 12:12:28 PM | * Magie/Formulaire(var).php-- -- --5375
3/30/2026 12:12:28 PM | * Magie/Formulaire.css-- -- --4882
3/30/2026 12:12:28 PM | * Backup/Magie/Formulaire.dat-- -- --1097261
3/30/2026 12:12:28 PM | * Magie/Formulaire.php-- -- --62253
3/30/2026 12:12:28 PM | * Mail/Echec(var).js-- -- --103
3/30/2026 12:12:28 PM | * Mail/Echec.css-- -- --887
3/30/2026 12:12:28 PM | * Backup/Mail/Echec.dat-- -- --192434
3/30/2026 12:12:28 PM | * Mail/Echec.php-- -- --27538
3/30/2026 12:12:28 PM | * Mail/Envoi(var).js-- -- --103
3/30/2026 12:12:28 PM | * Mail/Envoi.css-- -- --809
3/30/2026 12:12:28 PM | * Backup/Mail/Envoi.dat-- -- --167130
3/30/2026 12:12:28 PM | * Mail/Envoi.php-- -- --27248
3/30/2026 12:12:28 PM | * Mail/Formulaire(var).js-- -- --1103
3/30/2026 12:12:28 PM | * Mail/Formulaire(var).php-- -- --2242
3/30/2026 12:12:28 PM | * Mail/Formulaire.css-- -- --4265
3/30/2026 12:12:28 PM | * Backup/Mail/Formulaire.dat-- -- --808907
3/30/2026 12:12:28 PM | * Mail/Formulaire.php-- -- --49766
3/30/2026 12:12:28 PM | * Methodes/Accueil(var).js-- -- --171
3/30/2026 12:12:28 PM | * Methodes/Accueil.css-- -- --1721
3/30/2026 12:12:28 PM | * Backup/Methodes/Accueil.dat-- -- --450511
3/30/2026 12:12:28 PM | * Methodes/Accueil.php-- -- --42435
3/30/2026 12:12:28 PM | * Methodes/Croix(var).js-- -- --171
3/30/2026 12:12:28 PM | * Methodes/Croix.css-- -- --3694
3/30/2026 12:12:28 PM | * Backup/Methodes/Croix.dat-- -- --950261
3/30/2026 12:12:28 PM | * Methodes/Croix.php-- -- --51039
3/30/2026 12:12:28 PM | * Methodes/Ligne(var).js-- -- --171
3/30/2026 12:12:28 PM | * Methodes/Ligne.css-- -- --3890
3/30/2026 12:12:28 PM | * Backup/Methodes/Ligne.dat-- -- --995220
3/30/2026 12:12:28 PM | * Methodes/Ligne.php-- -- --58990
3/30/2026 12:12:28 PM | * Methodes/Pyramide(var).js-- -- --171
3/30/2026 12:12:28 PM | * Methodes/Pyramide.css-- -- --2041
3/30/2026 12:12:28 PM | * Backup/Methodes/Pyramide.dat-- -- --484510
3/30/2026 12:12:28 PM | * Methodes/Pyramide.php-- -- --44925
3/30/2026 12:12:28 PM | * Paiement/Paiement_accepte(var).js-- -- --171
3/30/2026 12:12:28 PM | * Paiement/Paiement_accepte.css-- -- --862
3/30/2026 12:12:28 PM | * Backup/Paiement/Paiement_accepte.dat-- -- --189913
3/30/2026 12:12:28 PM | * Paiement/Paiement_accepte.php-- -- --27474
3/30/2026 12:12:28 PM | * Paiement/Paiement_avorte(var).js-- -- --171
3/30/2026 12:12:28 PM | * Paiement/Paiement_avorte.css-- -- --862
3/30/2026 12:12:28 PM | * Backup/Paiement/Paiement_avorte.dat-- -- --189602
3/30/2026 12:12:28 PM | * Paiement/Paiement_avorte.php-- -- --27065
3/30/2026 12:12:28 PM | * Partenaires/Partenaires(var).js-- -- --103
3/30/2026 12:12:28 PM | * Partenaires/Partenaires.css-- -- --702
3/30/2026 12:12:28 PM | * Backup/Partenaires/Partenaires.dat-- -- --172765
3/30/2026 12:12:28 PM | * Partenaires/Partenaires.php-- -- --27347
3/30/2026 12:12:28 PM | * Planetes/Accueil(var).js-- -- --171
3/30/2026 12:12:28 PM | * Planetes/Accueil.css-- -- --3106
3/30/2026 12:12:28 PM | * Backup/Planetes/Accueil.dat-- -- --814070
3/30/2026 12:12:28 PM | * Planetes/Accueil.php-- -- --40589
3/30/2026 12:12:28 PM | * Planetes/Jupiter(var).js-- -- --171
3/30/2026 12:12:28 PM | * Planetes/Jupiter.css-- -- --1182
3/30/2026 12:12:28 PM | * Backup/Planetes/Jupiter.dat-- -- --280107
3/30/2026 12:12:28 PM | * Planetes/Jupiter.php-- -- --30247
3/30/2026 12:12:28 PM | * Planetes/Lune(var).js-- -- --239
3/30/2026 12:12:28 PM | * Planetes/Lune.css-- -- --1236
3/30/2026 12:12:28 PM | * Backup/Planetes/Lune.dat-- -- --301576
3/30/2026 12:12:28 PM | * Planetes/Lune.php-- -- --30726
3/30/2026 12:12:28 PM | * Planetes/Mars(var).js-- -- --239
3/30/2026 12:12:28 PM | * Planetes/Mars.css-- -- --1236
3/30/2026 12:12:28 PM | * Backup/Planetes/Mars.dat-- -- --301227
3/30/2026 12:12:28 PM | * Planetes/Mars.php-- -- --30377
3/30/2026 12:12:28 PM | * Planetes/Mercure(var).js-- -- --239
3/30/2026 12:12:28 PM | * Planetes/Mercure.css-- -- --1236
3/30/2026 12:12:28 PM | * Backup/Planetes/Mercure.dat-- -- --302114
3/30/2026 12:12:28 PM | * Planetes/Mercure.php-- -- --31158
3/30/2026 12:12:28 PM | * Planetes/Neptune(var).js-- -- --239
3/30/2026 12:12:28 PM | * Planetes/Neptune.css-- -- --1236
3/30/2026 12:12:28 PM | * Backup/Planetes/Neptune.dat-- -- --301299
3/30/2026 12:12:28 PM | * Planetes/Neptune.php-- -- --30451
3/30/2026 12:12:28 PM | * Planetes/Pluton(var).js-- -- --239
3/30/2026 12:12:28 PM | * Planetes/Pluton.css-- -- --1236
3/30/2026 12:12:28 PM | * Backup/Planetes/Pluton.dat-- -- --301229
3/30/2026 12:12:28 PM | * Planetes/Pluton.php-- -- --30383
3/30/2026 12:12:28 PM | * Planetes/Saturne(var).js-- -- --239
3/30/2026 12:12:28 PM | * Planetes/Saturne.css-- -- --1250
3/30/2026 12:12:28 PM | * Backup/Planetes/Saturne.dat-- -- --303218
3/30/2026 12:12:28 PM | * Planetes/Saturne.php-- -- --30412
3/30/2026 12:12:28 PM | * Planetes/Soleil(var).js-- -- --239
3/30/2026 12:12:28 PM | * Planetes/Soleil.css-- -- --1251
3/30/2026 12:12:28 PM | * Backup/Planetes/Soleil.dat-- -- --304680
3/30/2026 12:12:28 PM | * Planetes/Soleil.php-- -- --30095
3/30/2026 12:12:28 PM | * Planetes/Uranus(var).js-- -- --239
3/30/2026 12:12:28 PM | * Planetes/Uranus.css-- -- --1251
3/30/2026 12:12:28 PM | * Backup/Planetes/Uranus.dat-- -- --304436
3/30/2026 12:12:28 PM | * Planetes/Uranus.php-- -- --29809
3/30/2026 12:12:28 PM | * Planetes/Venus(var).js-- -- --239
3/30/2026 12:12:28 PM | * Planetes/Venus.css-- -- --1251
3/30/2026 12:12:28 PM | * Backup/Planetes/Venus.dat-- -- --305172
3/30/2026 12:12:28 PM | * Planetes/Venus.php-- -- --30456
3/30/2026 12:12:28 PM | * Tchat/errors.txt-- -- --0
3/30/2026 12:12:28 PM | * index(var).js-- -- --171
3/30/2026 12:12:28 PM | * index.css-- -- --1233
3/30/2026 12:12:28 PM | * Backup/index.dat-- -- --254722
3/30/2026 12:12:28 PM | * index.php-- -- --38067
3/30/2026 12:12:28 PM | * Templates/Base.css-- -- --4452
3/30/2026 12:12:28 PM | * Templates/Base.php-- -- --25641
3/30/2026 12:12:28 PM | * Backup/Templates/Base.tdat-- -- --1006410
3/30/2026 12:12:28 PM | * sitemap.xml-- -- --27422
3/30/2026 12:12:28 PM | * robots.txt-- -- --39
3/30/2026 12:12:28 PM | * Backup/Belline net.ope-- -- --3598
3/30/2026 12:12:31 PM | 
3/30/2026 12:12:31 PM | 
--------------------------------Phase 1 Terminé--------------------------------
3/30/2026 12:12:31 PM | 

3/30/2026 12:44:06 PM | Debut Mise en ligne différentielle (Site):
3/30/2026 12:44:06 PM | Listing terminé :
3/30/2026 12:44:06 PM | 

3/30/2026 12:44:06 PM | * Tchat-- -- --Folder create
3/30/2026 12:44:06 PM | * Tchat/widgets-- -- --Folder create
3/30/2026 12:44:06 PM | * Tchat/templates-- -- --Folder create
3/30/2026 12:44:06 PM | * Tchat/stickers-- -- --Folder create
3/30/2026 12:44:06 PM | * Tchat/stickers/Stickers-- -- --Folder create
3/30/2026 12:44:06 PM | * Tchat/stickers/Deutsch-- -- --Folder create
3/30/2026 12:44:06 PM | * Tchat/splash-- -- --Folder create
3/30/2026 12:44:06 PM | * Tchat/lang-- -- --Folder create
3/30/2026 12:44:06 PM | * Tchat/install-- -- --Folder create
3/30/2026 12:44:06 PM | * Tchat/incl-- -- --Folder create
3/30/2026 12:44:06 PM | * Tchat/img-- -- --Folder create
3/30/2026 12:44:06 PM | * Tchat/backgrounds-- -- --Folder create
3/30/2026 12:44:06 PM | * Tchat/avatars-- -- --Folder create
3/30/2026 12:44:06 PM | * Tchat/attachments-- -- --Folder create
3/30/2026 12:44:06 PM | * Tchat/app-- -- --Folder create
3/30/2026 12:44:06 PM | * Tchat/admin-- -- --Folder create
3/30/2026 12:44:06 PM | * Tchat/admin/font-- -- --Folder create
3/30/2026 12:44:06 PM | * Planetes-- -- --Folder create
3/30/2026 12:44:06 PM | * Partenaires-- -- --Folder create
3/30/2026 12:44:06 PM | * Paiement-- -- --Folder create
3/30/2026 12:44:06 PM | * Online-- -- --Folder create
3/30/2026 12:44:06 PM | * Online/Templates-- -- --Folder create
3/30/2026 12:44:06 PM | * Methodes-- -- --Folder create
3/30/2026 12:44:06 PM | * Mail-- -- --Folder create
3/30/2026 12:44:06 PM | * Magie-- -- --Folder create
3/30/2026 12:44:06 PM | * Gratuite-- -- --Folder create
3/30/2026 12:44:06 PM | * Dons-- -- --Folder create
3/30/2026 12:44:06 PM | * Domicile-- -- --Folder create
3/30/2026 12:44:06 PM | * Coaching-- -- --Folder create
3/30/2026 12:44:06 PM | * Chat-- -- --Folder create
3/30/2026 12:44:06 PM | * CGU-- -- --Folder create
3/30/2026 12:44:06 PM | * Cartomancie-- -- --Folder create
3/30/2026 12:44:06 PM | * Cartomancie/Tarots-- -- --Folder create
3/30/2026 12:44:06 PM | * Cartomancie/Belline-- -- --Folder create
3/30/2026 12:44:06 PM | * Cartomancie/32-cartes-- -- --Folder create
3/30/2026 12:44:06 PM | * Cartomancie/32-cartes/Trefle-- -- --Folder create
3/30/2026 12:44:06 PM | * Cartomancie/32-cartes/Pique-- -- --Folder create
3/30/2026 12:44:06 PM | * Cartomancie/32-cartes/Coeur-- -- --Folder create
3/30/2026 12:44:06 PM | * Cartomancie/32-cartes/Carreau-- -- --Folder create
3/30/2026 12:44:06 PM | * Admin-- -- --Folder create
3/30/2026 12:44:06 PM | * Admin/sounds-- -- --Folder create
3/30/2026 12:44:06 PM | * Backup-- -- --Folder create
3/30/2026 12:44:06 PM | * Templates-- -- --Folder create
3/30/2026 12:44:06 PM | * WEFiles-- -- --Folder create
3/30/2026 12:44:06 PM | * WEFiles/Image-- -- --Folder create
3/30/2026 12:44:06 PM | * WEFiles/Image/WEImage-- -- --Folder create
3/30/2026 12:44:06 PM | * Backup/.htaccess-- -- --33
3/30/2026 12:44:06 PM | * .htaccess-- -- --0
3/30/2026 12:44:06 PM | * Admin/status.css-- -- --0
3/30/2026 12:44:06 PM | * Tchat/errors.txt-- -- --0
3/30/2026 12:44:06 PM | * index(var).js-- -- --171
3/30/2026 12:44:06 PM | * index.css-- -- --1233
3/30/2026 12:44:06 PM | * Backup/index.dat-- -- --254722
3/30/2026 12:44:06 PM | * index.php-- -- --38067
3/30/2026 12:44:06 PM | * sitemap.xml-- -- --27422
3/30/2026 12:44:06 PM | * robots.txt-- -- --39
3/30/2026 12:44:06 PM | * Backup/Belline net.ope-- -- --3598
3/30/2026 12:44:08 PM | 
3/30/2026 12:44:08 PM | 
--------------------------------Phase 1 Terminé--------------------------------
3/30/2026 12:44:08 PM | 

3/30/2026 12:50:46 PM | Debut Mise en ligne différentielle (Site):
3/30/2026 12:51:04 PM | Listing terminé :
3/30/2026 12:51:04 PM | 

3/30/2026 12:51:04 PM | * Tchat-- -- --Folder create
3/30/2026 12:51:04 PM | * Tchat/widgets-- -- --Folder create
3/30/2026 12:51:04 PM | * Tchat/templates-- -- --Folder create
3/30/2026 12:51:04 PM | * Tchat/stickers-- -- --Folder create
3/30/2026 12:51:04 PM | * Tchat/stickers/Stickers-- -- --Folder create
3/30/2026 12:51:04 PM | * Tchat/stickers/Deutsch-- -- --Folder create
3/30/2026 12:51:04 PM | * Tchat/splash-- -- --Folder create
3/30/2026 12:51:04 PM | * Tchat/lang-- -- --Folder create
3/30/2026 12:51:04 PM | * Tchat/install-- -- --Folder create
3/30/2026 12:51:04 PM | * Tchat/incl-- -- --Folder create
3/30/2026 12:51:04 PM | * Tchat/img-- -- --Folder create
3/30/2026 12:51:04 PM | * Tchat/backgrounds-- -- --Folder create
3/30/2026 12:51:04 PM | * Tchat/avatars-- -- --Folder create
3/30/2026 12:51:04 PM | * Tchat/attachments-- -- --Folder create
3/30/2026 12:51:04 PM | * Tchat/app-- -- --Folder create
3/30/2026 12:51:04 PM | * Tchat/admin-- -- --Folder create
3/30/2026 12:51:04 PM | * Tchat/admin/font-- -- --Folder create
3/30/2026 12:51:04 PM | * Planetes-- -- --Folder create
3/30/2026 12:51:04 PM | * Partenaires-- -- --Folder create
3/30/2026 12:51:04 PM | * Paiement-- -- --Folder create
3/30/2026 12:51:04 PM | * Online-- -- --Folder create
3/30/2026 12:51:04 PM | * Online/Templates-- -- --Folder create
3/30/2026 12:51:04 PM | * Methodes-- -- --Folder create
3/30/2026 12:51:04 PM | * Mail-- -- --Folder create
3/30/2026 12:51:04 PM | * Magie-- -- --Folder create
3/30/2026 12:51:04 PM | * Gratuite-- -- --Folder create
3/30/2026 12:51:04 PM | * Dons-- -- --Folder create
3/30/2026 12:51:04 PM | * Domicile-- -- --Folder create
3/30/2026 12:51:04 PM | * Coaching-- -- --Folder create
3/30/2026 12:51:04 PM | * Chat-- -- --Folder create
3/30/2026 12:51:04 PM | * CGU-- -- --Folder create
3/30/2026 12:51:04 PM | * Cartomancie-- -- --Folder create
3/30/2026 12:51:04 PM | * Cartomancie/Tarots-- -- --Folder create
3/30/2026 12:51:04 PM | * Cartomancie/Belline-- -- --Folder create
3/30/2026 12:51:04 PM | * Cartomancie/32-cartes-- -- --Folder create
3/30/2026 12:51:04 PM | * Cartomancie/32-cartes/Trefle-- -- --Folder create
3/30/2026 12:51:04 PM | * Cartomancie/32-cartes/Pique-- -- --Folder create
3/30/2026 12:51:04 PM | * Cartomancie/32-cartes/Coeur-- -- --Folder create
3/30/2026 12:51:04 PM | * Cartomancie/32-cartes/Carreau-- -- --Folder create
3/30/2026 12:51:04 PM | * Admin-- -- --Folder create
3/30/2026 12:51:04 PM | * Admin/sounds-- -- --Folder create
3/30/2026 12:51:04 PM | * Backup-- -- --Folder create
3/30/2026 12:51:04 PM | * Templates-- -- --Folder create
3/30/2026 12:51:04 PM | * WEFiles-- -- --Folder create
3/30/2026 12:51:04 PM | * WEFiles/Image-- -- --Folder create
3/30/2026 12:51:04 PM | * WEFiles/Image/WEImage-- -- --Folder create
3/30/2026 12:51:04 PM | * Backup/.htaccess-- -- --33
3/30/2026 12:51:04 PM | * .htaccess-- -- --0
3/30/2026 12:51:04 PM | * Admin/status.css-- -- --0
3/30/2026 12:51:04 PM | * Cartomancie/32-cartes/Carreau/07(var).js-- -- --171
3/30/2026 12:51:04 PM | * Cartomancie/32-cartes/Carreau/07.css-- -- --1196
3/30/2026 12:51:04 PM | * Backup/Cartomancie/32-cartes/Carreau/07.dat-- -- --278328
3/30/2026 12:51:04 PM | * Cartomancie/32-cartes/Carreau/07.php-- -- --29569
3/30/2026 12:51:04 PM | * Cartomancie/32-cartes/Carreau/08(var).js-- -- --171
3/30/2026 12:51:04 PM | * Cartomancie/32-cartes/Carreau/08.css-- -- --1197
3/30/2026 12:51:04 PM | * Backup/Cartomancie/32-cartes/Carreau/08.dat-- -- --279102
3/30/2026 12:51:04 PM | * Cartomancie/32-cartes/Carreau/08.php-- -- --30437
3/30/2026 12:51:04 PM | * Cartomancie/32-cartes/Carreau/09(var).js-- -- --171
3/30/2026 12:51:04 PM | * Cartomancie/32-cartes/Carreau/09.css-- -- --1196
3/30/2026 12:51:04 PM | * Backup/Cartomancie/32-cartes/Carreau/09.dat-- -- --277444
3/30/2026 12:51:04 PM | * Cartomancie/32-cartes/Carreau/09.php-- -- --29223
3/30/2026 12:51:04 PM | * Cartomancie/32-cartes/Carreau/10(var).js-- -- --171
3/30/2026 12:51:04 PM | * Cartomancie/32-cartes/Carreau/10.css-- -- --1196
3/30/2026 12:51:04 PM | * Backup/Cartomancie/32-cartes/Carreau/10.dat-- -- --278203
3/30/2026 12:51:04 PM | * Cartomancie/32-cartes/Carreau/10.php-- -- --29498
3/30/2026 12:51:04 PM | * Cartomancie/32-cartes/Carreau/11-Valet(var).js-- -- --171
3/30/2026 12:51:04 PM | * Cartomancie/32-cartes/Carreau/11-Valet.css-- -- --1196
3/30/2026 12:51:04 PM | * Backup/Cartomancie/32-cartes/Carreau/11-Valet.dat-- -- --278300
3/30/2026 12:51:04 PM | * Cartomancie/32-cartes/Carreau/11-Valet.php-- -- --30095
3/30/2026 12:51:04 PM | * Cartomancie/32-cartes/Carreau/12-Dame(var).js-- -- --171
3/30/2026 12:51:04 PM | * Cartomancie/32-cartes/Carreau/12-Dame.css-- -- --1196
3/30/2026 12:51:04 PM | * Backup/Cartomancie/32-cartes/Carreau/12-Dame.dat-- -- --277642
3/30/2026 12:51:04 PM | * Cartomancie/32-cartes/Carreau/12-Dame.php-- -- --29749
3/30/2026 12:51:04 PM | * Cartomancie/32-cartes/Carreau/13-Roi(var).js-- -- --171
3/30/2026 12:51:04 PM | * Cartomancie/32-cartes/Carreau/13-Roi.css-- -- --1196
3/30/2026 12:51:04 PM | * Backup/Cartomancie/32-cartes/Carreau/13-Roi.dat-- -- --278040
3/30/2026 12:51:04 PM | * Cartomancie/32-cartes/Carreau/13-Roi.php-- -- --29829
3/30/2026 12:51:04 PM | * Cartomancie/32-cartes/Carreau/14-As(var).js-- -- --171
3/30/2026 12:51:04 PM | * Cartomancie/32-cartes/Carreau/14-As.css-- -- --1196
3/30/2026 12:51:04 PM | * Backup/Cartomancie/32-cartes/Carreau/14-As.dat-- -- --278005
3/30/2026 12:51:04 PM | * Cartomancie/32-cartes/Carreau/14-As.php-- -- --29665
3/30/2026 12:51:04 PM | * Cartomancie/32-cartes/Coeur/07(var).js-- -- --171
3/30/2026 12:51:04 PM | * Cartomancie/32-cartes/Coeur/07.css-- -- --1196
3/30/2026 12:51:04 PM | * Backup/Cartomancie/32-cartes/Coeur/07.dat-- -- --277977
3/30/2026 12:51:04 PM | * Cartomancie/32-cartes/Coeur/07.php-- -- --29598
3/30/2026 12:51:04 PM | * Cartomancie/32-cartes/Coeur/08(var).js-- -- --171
3/30/2026 12:51:04 PM | * Cartomancie/32-cartes/Coeur/08.css-- -- --1196
3/30/2026 12:51:04 PM | * Backup/Cartomancie/32-cartes/Coeur/08.dat-- -- --277840
3/30/2026 12:51:04 PM | * Cartomancie/32-cartes/Coeur/08.php-- -- --29451
3/30/2026 12:51:04 PM | * Cartomancie/32-cartes/Coeur/09(var).js-- -- --171
3/30/2026 12:51:04 PM | * Cartomancie/32-cartes/Coeur/09.css-- -- --1196
3/30/2026 12:51:04 PM | * Backup/Cartomancie/32-cartes/Coeur/09.dat-- -- --277886
3/30/2026 12:51:04 PM | * Cartomancie/32-cartes/Coeur/09.php-- -- --29497
3/30/2026 12:51:04 PM | * Cartomancie/32-cartes/Coeur/10(var).js-- -- --171
3/30/2026 12:51:04 PM | * Cartomancie/32-cartes/Coeur/10.css-- -- --1211
3/30/2026 12:51:04 PM | * Backup/Cartomancie/32-cartes/Coeur/10.dat-- -- --284142
3/30/2026 12:51:04 PM | * Cartomancie/32-cartes/Coeur/10.php-- -- --30168
3/30/2026 12:51:04 PM | * Cartomancie/32-cartes/Coeur/11-Valet(var).js-- -- --171
3/30/2026 12:51:04 PM | * Cartomancie/32-cartes/Coeur/11-Valet.css-- -- --1196
3/30/2026 12:51:04 PM | * Backup/Cartomancie/32-cartes/Coeur/11-Valet.dat-- -- --278378
3/30/2026 12:51:04 PM | * Cartomancie/32-cartes/Coeur/11-Valet.php-- -- --30007
3/30/2026 12:51:04 PM | * Cartomancie/32-cartes/Coeur/12-Dame(var).js-- -- --171
3/30/2026 12:51:04 PM | * Cartomancie/32-cartes/Coeur/12-Dame.css-- -- --1196
3/30/2026 12:51:04 PM | * Backup/Cartomancie/32-cartes/Coeur/12-Dame.dat-- -- --277992
3/30/2026 12:51:04 PM | * Cartomancie/32-cartes/Coeur/12-Dame.php-- -- --29618
3/30/2026 12:51:04 PM | * Cartomancie/32-cartes/Coeur/13-Roi(var).js-- -- --103
3/30/2026 12:51:04 PM | * Cartomancie/32-cartes/Coeur/13-Roi.css-- -- --1143
3/30/2026 12:51:04 PM | * Backup/Cartomancie/32-cartes/Coeur/13-Roi.dat-- -- --255713
3/30/2026 12:51:04 PM | * Cartomancie/32-cartes/Coeur/13-Roi.php-- -- --30010
3/30/2026 12:51:04 PM | * Cartomancie/32-cartes/Coeur/14-As(var).js-- -- --103
3/30/2026 12:51:04 PM | * Cartomancie/32-cartes/Coeur/14-As.css-- -- --1143
3/30/2026 12:51:04 PM | * Backup/Cartomancie/32-cartes/Coeur/14-As.dat-- -- --255095
3/30/2026 12:51:04 PM | * Cartomancie/32-cartes/Coeur/14-As.php-- -- --29406
3/30/2026 12:51:04 PM | * Cartomancie/32-cartes/Pique/07(var).js-- -- --239
3/30/2026 12:51:04 PM | * Cartomancie/32-cartes/Pique/07.css-- -- --1249
3/30/2026 12:51:04 PM | * Backup/Cartomancie/32-cartes/Pique/07.dat-- -- --299014
3/30/2026 12:51:04 PM | * Cartomancie/32-cartes/Pique/07.php-- -- --29650
3/30/2026 12:51:04 PM | * Cartomancie/32-cartes/Pique/08(var).js-- -- --171
3/30/2026 12:51:04 PM | * Cartomancie/32-cartes/Pique/08.css-- -- --1196
3/30/2026 12:51:04 PM | * Backup/Cartomancie/32-cartes/Pique/08.dat-- -- --280450
3/30/2026 12:51:04 PM | * Cartomancie/32-cartes/Pique/08.php-- -- --30241
3/30/2026 12:51:04 PM | * Cartomancie/32-cartes/Pique/09(var).js-- -- --171
3/30/2026 12:51:04 PM | * Cartomancie/32-cartes/Pique/09.css-- -- --1196
3/30/2026 12:51:04 PM | * Backup/Cartomancie/32-cartes/Pique/09.dat-- -- --278107
3/30/2026 12:51:04 PM | * Cartomancie/32-cartes/Pique/09.php-- -- --29795
3/30/2026 12:51:04 PM | * Cartomancie/32-cartes/Pique/10(var).js-- -- --171
3/30/2026 12:51:04 PM | * Cartomancie/32-cartes/Pique/10.css-- -- --1196
3/30/2026 12:51:04 PM | * Backup/Cartomancie/32-cartes/Pique/10.dat-- -- --277812
3/30/2026 12:51:04 PM | * Cartomancie/32-cartes/Pique/10.php-- -- --29470
3/30/2026 12:51:04 PM | * Cartomancie/32-cartes/Pique/11-Valet(var).js-- -- --171
3/30/2026 12:51:04 PM | * Cartomancie/32-cartes/Pique/11-Valet.css-- -- --1197
3/30/2026 12:51:04 PM | * Backup/Cartomancie/32-cartes/Pique/11-Valet.dat-- -- --278041
3/30/2026 12:51:05 PM | * Cartomancie/32-cartes/Pique/11-Valet.php-- -- --29621
3/30/2026 12:51:05 PM | * Cartomancie/32-cartes/Pique/12-Dame(var).js-- -- --171
3/30/2026 12:51:05 PM | * Cartomancie/32-cartes/Pique/12-Dame.css-- -- --1197
3/30/2026 12:51:05 PM | * Backup/Cartomancie/32-cartes/Pique/12-Dame.dat-- -- --278107
3/30/2026 12:51:05 PM | * Cartomancie/32-cartes/Pique/12-Dame.php-- -- --29779
3/30/2026 12:51:05 PM | * Cartomancie/32-cartes/Pique/13-Roi(var).js-- -- --171
3/30/2026 12:51:05 PM | * Cartomancie/32-cartes/Pique/13-Roi.css-- -- --1196
3/30/2026 12:51:05 PM | * Backup/Cartomancie/32-cartes/Pique/13-Roi.dat-- -- --278324
3/30/2026 12:51:05 PM | * Cartomancie/32-cartes/Pique/13-Roi.php-- -- --29990
3/30/2026 12:51:05 PM | * Cartomancie/32-cartes/Pique/14-As(var).js-- -- --103
3/30/2026 12:51:05 PM | * Cartomancie/32-cartes/Pique/14-As.css-- -- --1143
3/30/2026 12:51:05 PM | * Backup/Cartomancie/32-cartes/Pique/14-As.dat-- -- --255319
3/30/2026 12:51:05 PM | * Cartomancie/32-cartes/Pique/14-As.php-- -- --29614
3/30/2026 12:51:05 PM | * Cartomancie/32-cartes/Trefle/07(var).js-- -- --171
3/30/2026 12:51:05 PM | * Cartomancie/32-cartes/Trefle/07.css-- -- --1274
3/30/2026 12:51:05 PM | * Backup/Cartomancie/32-cartes/Trefle/07.dat-- -- --278687
3/30/2026 12:51:05 PM | * Cartomancie/32-cartes/Trefle/07.php-- -- --30274
3/30/2026 12:51:05 PM | * Cartomancie/32-cartes/Trefle/08(var).js-- -- --171
3/30/2026 12:51:05 PM | * Cartomancie/32-cartes/Trefle/08.css-- -- --1273
3/30/2026 12:51:05 PM | * Backup/Cartomancie/32-cartes/Trefle/08.dat-- -- --278708
3/30/2026 12:51:05 PM | * Cartomancie/32-cartes/Trefle/08.php-- -- --30287
3/30/2026 12:51:05 PM | * Cartomancie/32-cartes/Trefle/09(var).js-- -- --171
3/30/2026 12:51:05 PM | * Cartomancie/32-cartes/Trefle/09.css-- -- --1274
3/30/2026 12:51:05 PM | * Backup/Cartomancie/32-cartes/Trefle/09.dat-- -- --278085
3/30/2026 12:51:05 PM | * Cartomancie/32-cartes/Trefle/09.php-- -- --29663
3/30/2026 12:51:05 PM | * Cartomancie/32-cartes/Trefle/10(var).js-- -- --171
3/30/2026 12:51:05 PM | * Cartomancie/32-cartes/Trefle/10.css-- -- --1274
3/30/2026 12:51:05 PM | * Backup/Cartomancie/32-cartes/Trefle/10.dat-- -- --278158
3/30/2026 12:51:05 PM | * Cartomancie/32-cartes/Trefle/10.php-- -- --29736
3/30/2026 12:51:05 PM | * Cartomancie/32-cartes/Trefle/11-Valet(var).js-- -- --171
3/30/2026 12:51:05 PM | * Cartomancie/32-cartes/Trefle/11-Valet.css-- -- --1273
3/30/2026 12:51:05 PM | * Backup/Cartomancie/32-cartes/Trefle/11-Valet.dat-- -- --278318
3/30/2026 12:51:05 PM | * Cartomancie/32-cartes/Trefle/11-Valet.php-- -- --29819
3/30/2026 12:51:05 PM | * Cartomancie/32-cartes/Trefle/12-Dame(var).js-- -- --171
3/30/2026 12:51:05 PM | * Cartomancie/32-cartes/Trefle/12-Dame.css-- -- --1273
3/30/2026 12:51:05 PM | * Backup/Cartomancie/32-cartes/Trefle/12-Dame.dat-- -- --278052
3/30/2026 12:51:05 PM | * Cartomancie/32-cartes/Trefle/12-Dame.php-- -- --29646
3/30/2026 12:51:05 PM | * Cartomancie/32-cartes/Trefle/13-Roi(var).js-- -- --171
3/30/2026 12:51:05 PM | * Cartomancie/32-cartes/Trefle/13-Roi.css-- -- --1274
3/30/2026 12:51:05 PM | * Backup/Cartomancie/32-cartes/Trefle/13-Roi.dat-- -- --277772
3/30/2026 12:51:05 PM | * Cartomancie/32-cartes/Trefle/13-Roi.php-- -- --29362
3/30/2026 12:51:05 PM | * Cartomancie/32-cartes/Trefle/14-As(var).js-- -- --171
3/30/2026 12:51:05 PM | * Cartomancie/32-cartes/Trefle/14-As.css-- -- --1273
3/30/2026 12:51:05 PM | * Backup/Cartomancie/32-cartes/Trefle/14-As.dat-- -- --277993
3/30/2026 12:51:05 PM | * Cartomancie/32-cartes/Trefle/14-As.php-- -- --29581
3/30/2026 12:51:05 PM | * Cartomancie/32-cartes/Accueil(var).js-- -- --171
3/30/2026 12:51:05 PM | * Cartomancie/32-cartes/Accueil.css-- -- --5807
3/30/2026 12:51:05 PM | * Backup/Cartomancie/32-cartes/Accueil.dat-- -- --1364076
3/30/2026 12:51:05 PM | * Cartomancie/32-cartes/Accueil.php-- -- --50672
3/30/2026 12:51:05 PM | * Cartomancie/Belline/01-Bleu(var).js-- -- --171
3/30/2026 12:51:05 PM | * Cartomancie/Belline/01-Bleu.css-- -- --1273
3/30/2026 12:51:05 PM | * Backup/Cartomancie/Belline/01-Bleu.dat-- -- --279654
3/30/2026 12:51:05 PM | * Cartomancie/Belline/01-Bleu.php-- -- --29174
3/30/2026 12:51:05 PM | * Cartomancie/Belline/02-Destinee(var).js-- -- --171
3/30/2026 12:51:05 PM | * Cartomancie/Belline/02-Destinee.css-- -- --1273
3/30/2026 12:51:05 PM | * Backup/Cartomancie/Belline/02-Destinee.dat-- -- --279978
3/30/2026 12:51:05 PM | * Cartomancie/Belline/02-Destinee.php-- -- --29510
3/30/2026 12:51:05 PM | * Cartomancie/Belline/03-Homme(var).js-- -- --171
3/30/2026 12:51:05 PM | * Cartomancie/Belline/03-Homme.css-- -- --1273
3/30/2026 12:51:05 PM | * Backup/Cartomancie/Belline/03-Homme.dat-- -- --280150
3/30/2026 12:51:05 PM | * Cartomancie/Belline/03-Homme.php-- -- --29659
3/30/2026 12:51:05 PM | * Cartomancie/Belline/04-Femme(var).js-- -- --171
3/30/2026 12:51:05 PM | * Cartomancie/Belline/04-Femme.css-- -- --1273
3/30/2026 12:51:05 PM | * Backup/Cartomancie/Belline/04-Femme.dat-- -- --279747
3/30/2026 12:51:05 PM | * Cartomancie/Belline/04-Femme.php-- -- --29252
3/30/2026 12:51:05 PM | * Cartomancie/Belline/05-Nativite(var).js-- -- --171
3/30/2026 12:51:05 PM | * Cartomancie/Belline/05-Nativite.css-- -- --1273
3/30/2026 12:51:05 PM | * Backup/Cartomancie/Belline/05-Nativite.dat-- -- --279982
3/30/2026 12:51:05 PM | * Cartomancie/Belline/05-Nativite.php-- -- --29521
3/30/2026 12:51:05 PM | * Cartomancie/Belline/06-Reussite(var).js-- -- --171
3/30/2026 12:51:05 PM | * Cartomancie/Belline/06-Reussite.css-- -- --1273
3/30/2026 12:51:05 PM | * Backup/Cartomancie/Belline/06-Reussite.dat-- -- --280176
3/30/2026 12:51:05 PM | * Cartomancie/Belline/06-Reussite.php-- -- --29715
3/30/2026 12:51:05 PM | * Cartomancie/Belline/07-Elevation(var).js-- -- --171
3/30/2026 12:51:05 PM | * Cartomancie/Belline/07-Elevation.css-- -- --1273
3/30/2026 12:51:05 PM | * Backup/Cartomancie/Belline/07-Elevation.dat-- -- --280229
3/30/2026 12:51:05 PM | * Cartomancie/Belline/07-Elevation.php-- -- --29654
3/30/2026 12:51:05 PM | * Cartomancie/Belline/08-Honneurs(var).js-- -- --171
3/30/2026 12:51:05 PM | * Cartomancie/Belline/08-Honneurs.css-- -- --1274
3/30/2026 12:51:05 PM | * Backup/Cartomancie/Belline/08-Honneurs.dat-- -- --280084
3/30/2026 12:51:05 PM | * Cartomancie/Belline/08-Honneurs.php-- -- --29648
3/30/2026 12:51:05 PM | * Cartomancie/Belline/09-Pensee(var).js-- -- --171
3/30/2026 12:51:05 PM | * Cartomancie/Belline/09-Pensee.css-- -- --1273
3/30/2026 12:51:05 PM | * Backup/Cartomancie/Belline/09-Pensee.dat-- -- --280209
3/30/2026 12:51:05 PM | * Cartomancie/Belline/09-Pensee.php-- -- --29732
3/30/2026 12:51:05 PM | * Cartomancie/Belline/10-Campagne(var).js-- -- --171
3/30/2026 12:51:05 PM | * Cartomancie/Belline/10-Campagne.css-- -- --1273
3/30/2026 12:51:05 PM | * Backup/Cartomancie/Belline/10-Campagne.dat-- -- --280048
3/30/2026 12:51:05 PM | * Cartomancie/Belline/10-Campagne.php-- -- --29622
3/30/2026 12:51:05 PM | * Cartomancie/Belline/11-Presents(var).js-- -- --171
3/30/2026 12:51:05 PM | * Cartomancie/Belline/11-Presents.css-- -- --1274
3/30/2026 12:51:05 PM | * Backup/Cartomancie/Belline/11-Presents.dat-- -- --280077
3/30/2026 12:51:05 PM | * Cartomancie/Belline/11-Presents.php-- -- --29644
3/30/2026 12:51:05 PM | * Cartomancie/Belline/12-Trahison(var).js-- -- --171
3/30/2026 12:51:05 PM | * Cartomancie/Belline/12-Trahison.css-- -- --1273
3/30/2026 12:51:05 PM | * Backup/Cartomancie/Belline/12-Trahison.dat-- -- --280094
3/30/2026 12:51:05 PM | * Cartomancie/Belline/12-Trahison.php-- -- --29650
3/30/2026 12:51:05 PM | * Cartomancie/Belline/13-Depart(var).js-- -- --171
3/30/2026 12:51:05 PM | * Cartomancie/Belline/13-Depart.css-- -- --1273
3/30/2026 12:51:05 PM | * Backup/Cartomancie/Belline/13-Depart.dat-- -- --279976
3/30/2026 12:51:05 PM | * Cartomancie/Belline/13-Depart.php-- -- --29519
3/30/2026 12:51:05 PM | * Cartomancie/Belline/14-Inconstance(var).js-- -- --171
3/30/2026 12:51:05 PM | * Cartomancie/Belline/14-Inconstance.css-- -- --1274
3/30/2026 12:51:05 PM | * Backup/Cartomancie/Belline/14-Inconstance.dat-- -- --280408
3/30/2026 12:51:05 PM | * Cartomancie/Belline/14-Inconstance.php-- -- --29882
3/30/2026 12:51:05 PM | * Cartomancie/Belline/15-Decouverte(var).js-- -- --171
3/30/2026 12:51:05 PM | * Cartomancie/Belline/15-Decouverte.css-- -- --1274
3/30/2026 12:51:05 PM | * Backup/Cartomancie/Belline/15-Decouverte.dat-- -- --280622
3/30/2026 12:51:05 PM | * Cartomancie/Belline/15-Decouverte.php-- -- --30198
3/30/2026 12:51:05 PM | * Cartomancie/Belline/16-Eau(var).js-- -- --171
3/30/2026 12:51:05 PM | * Cartomancie/Belline/16-Eau.css-- -- --1273
3/30/2026 12:51:05 PM | * Backup/Cartomancie/Belline/16-Eau.dat-- -- --280114
3/30/2026 12:51:05 PM | * Cartomancie/Belline/16-Eau.php-- -- --29651
3/30/2026 12:51:05 PM | * Cartomancie/Belline/17-Penates(var).js-- -- --171
3/30/2026 12:51:05 PM | * Cartomancie/Belline/17-Penates.css-- -- --1273
3/30/2026 12:51:05 PM | * Backup/Cartomancie/Belline/17-Penates.dat-- -- --280286
3/30/2026 12:51:05 PM | * Cartomancie/Belline/17-Penates.php-- -- --29831
3/30/2026 12:51:05 PM | * Cartomancie/Belline/18-Maladie(var).js-- -- --171
3/30/2026 12:51:05 PM | * Cartomancie/Belline/18-Maladie.css-- -- --1273
3/30/2026 12:51:05 PM | * Backup/Cartomancie/Belline/18-Maladie.dat-- -- --279957
3/30/2026 12:51:05 PM | * Cartomancie/Belline/18-Maladie.php-- -- --29502
3/30/2026 12:51:05 PM | * Cartomancie/Belline/19-Changement(var).js-- -- --171
3/30/2026 12:51:05 PM | * Cartomancie/Belline/19-Changement.css-- -- --1273
3/30/2026 12:51:05 PM | * Backup/Cartomancie/Belline/19-Changement.dat-- -- --280222
3/30/2026 12:51:05 PM | * Cartomancie/Belline/19-Changement.php-- -- --29790
3/30/2026 12:51:05 PM | * Cartomancie/Belline/20-Argent(var).js-- -- --171
3/30/2026 12:51:05 PM | * Cartomancie/Belline/20-Argent.css-- -- --1273
3/30/2026 12:51:05 PM | * Backup/Cartomancie/Belline/20-Argent.dat-- -- --279817
3/30/2026 12:51:05 PM | * Cartomancie/Belline/20-Argent.php-- -- --29377
3/30/2026 12:51:05 PM | * Cartomancie/Belline/21-Intelligence(var).js-- -- --171
3/30/2026 12:51:05 PM | * Cartomancie/Belline/21-Intelligence.css-- -- --1273
3/30/2026 12:51:05 PM | * Backup/Cartomancie/Belline/21-Intelligence.dat-- -- --280278
3/30/2026 12:51:05 PM | * Cartomancie/Belline/21-Intelligence.php-- -- --29850
3/30/2026 12:51:05 PM | * Cartomancie/Belline/22-Vol(var).js-- -- --171
3/30/2026 12:51:05 PM | * Cartomancie/Belline/22-Vol.css-- -- --1273
3/30/2026 12:51:05 PM | * Backup/Cartomancie/Belline/22-Vol.dat-- -- --279559
3/30/2026 12:51:05 PM | * Cartomancie/Belline/22-Vol.php-- -- --29537
3/30/2026 12:51:05 PM | * Cartomancie/Belline/23-Entreprises(var).js-- -- --171
3/30/2026 12:51:05 PM | * Cartomancie/Belline/23-Entreprises.css-- -- --1273
3/30/2026 12:51:05 PM | * Backup/Cartomancie/Belline/23-Entreprises.dat-- -- --278196
3/30/2026 12:51:05 PM | * Cartomancie/Belline/23-Entreprises.php-- -- --29546
3/30/2026 12:51:05 PM | * Cartomancie/Belline/24-Trafic(var).js-- -- --171
3/30/2026 12:51:05 PM | * Cartomancie/Belline/24-Trafic.css-- -- --1273
3/30/2026 12:51:05 PM | * Backup/Cartomancie/Belline/24-Trafic.dat-- -- --279945
3/30/2026 12:51:05 PM | * Cartomancie/Belline/24-Trafic.php-- -- --29505
3/30/2026 12:51:05 PM | * Cartomancie/Belline/25-Nouvelle(var).js-- -- --171
3/30/2026 12:51:05 PM | * Cartomancie/Belline/25-Nouvelle.css-- -- --1273
3/30/2026 12:51:05 PM | * Backup/Cartomancie/Belline/25-Nouvelle.dat-- -- --279647
3/30/2026 12:51:05 PM | * Cartomancie/Belline/25-Nouvelle.php-- -- --29220
3/30/2026 12:51:05 PM | * Cartomancie/Belline/26-Plaisirs(var).js-- -- --171
3/30/2026 12:51:05 PM | * Cartomancie/Belline/26-Plaisirs.css-- -- --1274
3/30/2026 12:51:05 PM | * Backup/Cartomancie/Belline/26-Plaisirs.dat-- -- --279850
3/30/2026 12:51:05 PM | * Cartomancie/Belline/26-Plaisirs.php-- -- --29422
3/30/2026 12:51:05 PM | * Cartomancie/Belline/27-Paix(var).js-- -- --171
3/30/2026 12:51:05 PM | * Cartomancie/Belline/27-Paix.css-- -- --1273
3/30/2026 12:51:05 PM | * Backup/Cartomancie/Belline/27-Paix.dat-- -- --280334
3/30/2026 12:51:05 PM | * Cartomancie/Belline/27-Paix.php-- -- --29899
3/30/2026 12:51:05 PM | * Cartomancie/Belline/28-Union(var).js-- -- --171
3/30/2026 12:51:05 PM | * Cartomancie/Belline/28-Union.css-- -- --1273
3/30/2026 12:51:05 PM | * Backup/Cartomancie/Belline/28-Union.dat-- -- --279827
3/30/2026 12:51:05 PM | * Cartomancie/Belline/28-Union.php-- -- --29364
3/30/2026 12:51:05 PM | * Cartomancie/Belline/29-Famille(var).js-- -- --171
3/30/2026 12:51:05 PM | * Cartomancie/Belline/29-Famille.css-- -- --1273
3/30/2026 12:51:05 PM | * Backup/Cartomancie/Belline/29-Famille.dat-- -- --279938
3/30/2026 12:51:05 PM | * Cartomancie/Belline/29-Famille.php-- -- --29509
3/30/2026 12:51:05 PM | * Cartomancie/Belline/30-Amor(var).js-- -- --171
3/30/2026 12:51:05 PM | * Cartomancie/Belline/30-Amor.css-- -- --1274
3/30/2026 12:51:05 PM | * Backup/Cartomancie/Belline/30-Amor.dat-- -- --279927
3/30/2026 12:51:05 PM | * Cartomancie/Belline/30-Amor.php-- -- --29490
3/30/2026 12:51:05 PM | * Cartomancie/Belline/31-Table(var).js-- -- --171
3/30/2026 12:51:05 PM | * Cartomancie/Belline/31-Table.css-- -- --1273
3/30/2026 12:51:05 PM | * Backup/Cartomancie/Belline/31-Table.dat-- -- --279911
3/30/2026 12:51:05 PM | * Cartomancie/Belline/31-Table.php-- -- --29478
3/30/2026 12:51:05 PM | * Cartomancie/Belline/32-Passions(var).js-- -- --171
3/30/2026 12:51:05 PM | * Cartomancie/Belline/32-Passions.css-- -- --1274
3/30/2026 12:51:05 PM | * Backup/Cartomancie/Belline/32-Passions.dat-- -- --280315
3/30/2026 12:51:05 PM | * Cartomancie/Belline/32-Passions.php-- -- --29887
3/30/2026 12:51:05 PM | * Cartomancie/Belline/33-Mechancete(var).js-- -- --239
3/30/2026 12:51:05 PM | * Cartomancie/Belline/33-Mechancete.css-- -- --1327
3/30/2026 12:51:05 PM | * Backup/Cartomancie/Belline/33-Mechancete.dat-- -- --300869
3/30/2026 12:51:05 PM | * Cartomancie/Belline/33-Mechancete.php-- -- --29428
3/30/2026 12:51:05 PM | * Cartomancie/Belline/34-Proces(var).js-- -- --171
3/30/2026 12:51:05 PM | * Cartomancie/Belline/34-Proces.css-- -- --1274
3/30/2026 12:51:05 PM | * Backup/Cartomancie/Belline/34-Proces.dat-- -- --279877
3/30/2026 12:51:05 PM | * Cartomancie/Belline/34-Proces.php-- -- --29445
3/30/2026 12:51:05 PM | * Cartomancie/Belline/35-Despotisme(var).js-- -- --171
3/30/2026 12:51:05 PM | * Cartomancie/Belline/35-Despotisme.css-- -- --1274
3/30/2026 12:51:05 PM | * Backup/Cartomancie/Belline/35-Despotisme.dat-- -- --280035
3/30/2026 12:51:05 PM | * Cartomancie/Belline/35-Despotisme.php-- -- --29602
3/30/2026 12:51:05 PM | * Cartomancie/Belline/36-Ennemis(var).js-- -- --171
3/30/2026 12:51:05 PM | * Cartomancie/Belline/36-Ennemis.css-- -- --1273
3/30/2026 12:51:05 PM | * Backup/Cartomancie/Belline/36-Ennemis.dat-- -- --279975
3/30/2026 12:51:05 PM | * Cartomancie/Belline/36-Ennemis.php-- -- --29537
3/30/2026 12:51:05 PM | * Cartomancie/Belline/37-Pourparlers(var).js-- -- --171
3/30/2026 12:51:05 PM | * Cartomancie/Belline/37-Pourparlers.css-- -- --1274
3/30/2026 12:51:05 PM | * Backup/Cartomancie/Belline/37-Pourparlers.dat-- -- --280039
3/30/2026 12:51:05 PM | * Cartomancie/Belline/37-Pourparlers.php-- -- --29617
3/30/2026 12:51:05 PM | * Cartomancie/Belline/38-Feu(var).js-- -- --171
3/30/2026 12:51:05 PM | * Cartomancie/Belline/38-Feu.css-- -- --1273
3/30/2026 12:51:05 PM | * Backup/Cartomancie/Belline/38-Feu.dat-- -- --279964
3/30/2026 12:51:05 PM | * Cartomancie/Belline/38-Feu.php-- -- --29527
3/30/2026 12:51:05 PM | * Cartomancie/Belline/39-Accident(var).js-- -- --171
3/30/2026 12:51:05 PM | * Cartomancie/Belline/39-Accident.css-- -- --1273
3/30/2026 12:51:05 PM | * Backup/Cartomancie/Belline/39-Accident.dat-- -- --280116
3/30/2026 12:51:05 PM | * Cartomancie/Belline/39-Accident.php-- -- --29672
3/30/2026 12:51:05 PM | * Cartomancie/Belline/40-Appui(var).js-- -- --171
3/30/2026 12:51:05 PM | * Cartomancie/Belline/40-Appui.css-- -- --1274
3/30/2026 12:51:05 PM | * Backup/Cartomancie/Belline/40-Appui.dat-- -- --279893
3/30/2026 12:51:05 PM | * Cartomancie/Belline/40-Appui.php-- -- --29459
3/30/2026 12:51:05 PM | * Cartomancie/Belline/41-Beaute(var).js-- -- --171
3/30/2026 12:51:05 PM | * Cartomancie/Belline/41-Beaute.css-- -- --1273
3/30/2026 12:51:05 PM | * Backup/Cartomancie/Belline/41-Beaute.dat-- -- --279631
3/30/2026 12:51:05 PM | * Cartomancie/Belline/41-Beaute.php-- -- --29615
3/30/2026 12:51:05 PM | * Cartomancie/Belline/42-Heritage(var).js-- -- --171
3/30/2026 12:51:05 PM | * Cartomancie/Belline/42-Heritage.css-- -- --1273
3/30/2026 12:51:06 PM | * Backup/Cartomancie/Belline/42-Heritage.dat-- -- --279993
3/30/2026 12:51:06 PM | * Cartomancie/Belline/42-Heritage.php-- -- --29557
3/30/2026 12:51:06 PM | * Cartomancie/Belline/43-Sagesse(var).js-- -- --171
3/30/2026 12:51:06 PM | * Cartomancie/Belline/43-Sagesse.css-- -- --1273
3/30/2026 12:51:06 PM | * Backup/Cartomancie/Belline/43-Sagesse.dat-- -- --279985
3/30/2026 12:51:06 PM | * Cartomancie/Belline/43-Sagesse.php-- -- --29547
3/30/2026 12:51:06 PM | * Cartomancie/Belline/44-Renommee(var).js-- -- --171
3/30/2026 12:51:06 PM | * Cartomancie/Belline/44-Renommee.css-- -- --1273
3/30/2026 12:51:06 PM | * Backup/Cartomancie/Belline/44-Renommee.dat-- -- --279987
3/30/2026 12:51:06 PM | * Cartomancie/Belline/44-Renommee.php-- -- --29560
3/30/2026 12:51:06 PM | * Cartomancie/Belline/45-Hasard(var).js-- -- --171
3/30/2026 12:51:06 PM | * Cartomancie/Belline/45-Hasard.css-- -- --1273
3/30/2026 12:51:06 PM | * Backup/Cartomancie/Belline/45-Hasard.dat-- -- --279980
3/30/2026 12:51:06 PM | * Cartomancie/Belline/45-Hasard.php-- -- --29540
3/30/2026 12:51:06 PM | * Cartomancie/Belline/46-Bonheur(var).js-- -- --171
3/30/2026 12:51:06 PM | * Cartomancie/Belline/46-Bonheur.css-- -- --1273
3/30/2026 12:51:06 PM | * Backup/Cartomancie/Belline/46-Bonheur.dat-- -- --279841
3/30/2026 12:51:06 PM | * Cartomancie/Belline/46-Bonheur.php-- -- --29403
3/30/2026 12:51:06 PM | * Cartomancie/Belline/47-Infortune(var).js-- -- --171
3/30/2026 12:51:06 PM | * Cartomancie/Belline/47-Infortune.css-- -- --1273
3/30/2026 12:51:06 PM | * Backup/Cartomancie/Belline/47-Infortune.dat-- -- --280247
3/30/2026 12:51:06 PM | * Cartomancie/Belline/47-Infortune.php-- -- --29813
3/30/2026 12:51:06 PM | * Cartomancie/Belline/48-Sterilite(var).js-- -- --171
3/30/2026 12:51:06 PM | * Cartomancie/Belline/48-Sterilite.css-- -- --1274
3/30/2026 12:51:06 PM | * Backup/Cartomancie/Belline/48-Sterilite.dat-- -- --279957
3/30/2026 12:51:06 PM | * Cartomancie/Belline/48-Sterilite.php-- -- --29522
3/30/2026 12:51:06 PM | * Cartomancie/Belline/49-Fatalite(var).js-- -- --171
3/30/2026 12:51:06 PM | * Cartomancie/Belline/49-Fatalite.css-- -- --1274
3/30/2026 12:51:06 PM | * Backup/Cartomancie/Belline/49-Fatalite.dat-- -- --280152
3/30/2026 12:51:06 PM | * Cartomancie/Belline/49-Fatalite.php-- -- --29714
3/30/2026 12:51:06 PM | * Cartomancie/Belline/50-Grace(var).js-- -- --171
3/30/2026 12:51:06 PM | * Cartomancie/Belline/50-Grace.css-- -- --1273
3/30/2026 12:51:06 PM | * Backup/Cartomancie/Belline/50-Grace.dat-- -- --280181
3/30/2026 12:51:06 PM | * Cartomancie/Belline/50-Grace.php-- -- --29722
3/30/2026 12:51:06 PM | * Cartomancie/Belline/51-Ruine(var).js-- -- --171
3/30/2026 12:51:06 PM | * Cartomancie/Belline/51-Ruine.css-- -- --1273
3/30/2026 12:51:06 PM | * Backup/Cartomancie/Belline/51-Ruine.dat-- -- --280484
3/30/2026 12:51:06 PM | * Cartomancie/Belline/51-Ruine.php-- -- --30025
3/30/2026 12:51:06 PM | * Cartomancie/Belline/52-Retard(var).js-- -- --171
3/30/2026 12:51:06 PM | * Cartomancie/Belline/52-Retard.css-- -- --1273
3/30/2026 12:51:06 PM | * Backup/Cartomancie/Belline/52-Retard.dat-- -- --279609
3/30/2026 12:51:06 PM | * Cartomancie/Belline/52-Retard.php-- -- --29161
3/30/2026 12:51:06 PM | * Cartomancie/Belline/53-Cloitre(var).js-- -- --171
3/30/2026 12:51:06 PM | * Cartomancie/Belline/53-Cloitre.css-- -- --1273
3/30/2026 12:51:06 PM | * Backup/Cartomancie/Belline/53-Cloitre.dat-- -- --280211
3/30/2026 12:51:06 PM | * Cartomancie/Belline/53-Cloitre.php-- -- --29661
3/30/2026 12:51:06 PM | * Cartomancie/Belline/Accueil(var).js-- -- --171
3/30/2026 12:51:06 PM | * Cartomancie/Belline/Accueil.css-- -- --8991
3/30/2026 12:51:06 PM | * Backup/Cartomancie/Belline/Accueil.dat-- -- --2231345
3/30/2026 12:51:06 PM | * Cartomancie/Belline/Accueil.php-- -- --64134
3/30/2026 12:51:06 PM | * Cartomancie/Tarots/01-Fou(var).js-- -- --171
3/30/2026 12:51:06 PM | * Cartomancie/Tarots/01-Fou.css-- -- --1196
3/30/2026 12:51:06 PM | * Backup/Cartomancie/Tarots/01-Fou.dat-- -- --280291
3/30/2026 12:51:06 PM | * Cartomancie/Tarots/01-Fou.php-- -- --29909
3/30/2026 12:51:06 PM | * Cartomancie/Tarots/02-Bateleur(var).js-- -- --171
3/30/2026 12:51:06 PM | * Cartomancie/Tarots/02-Bateleur.css-- -- --1196
3/30/2026 12:51:06 PM | * Backup/Cartomancie/Tarots/02-Bateleur.dat-- -- --279867
3/30/2026 12:51:06 PM | * Cartomancie/Tarots/02-Bateleur.php-- -- --29497
3/30/2026 12:51:06 PM | * Cartomancie/Tarots/03-Papesse(var).js-- -- --171
3/30/2026 12:51:06 PM | * Cartomancie/Tarots/03-Papesse.css-- -- --1196
3/30/2026 12:51:06 PM | * Backup/Cartomancie/Tarots/03-Papesse.dat-- -- --280106
3/30/2026 12:51:06 PM | * Cartomancie/Tarots/03-Papesse.php-- -- --29723
3/30/2026 12:51:06 PM | * Cartomancie/Tarots/04-Imperatrice(var).js-- -- --171
3/30/2026 12:51:06 PM | * Cartomancie/Tarots/04-Imperatrice.css-- -- --1196
3/30/2026 12:51:06 PM | * Backup/Cartomancie/Tarots/04-Imperatrice.dat-- -- --280621
3/30/2026 12:51:06 PM | * Cartomancie/Tarots/04-Imperatrice.php-- -- --30255
3/30/2026 12:51:06 PM | * Cartomancie/Tarots/05-Empereur(var).js-- -- --171
3/30/2026 12:51:06 PM | * Cartomancie/Tarots/05-Empereur.css-- -- --1196
3/30/2026 12:51:06 PM | * Backup/Cartomancie/Tarots/05-Empereur.dat-- -- --280220
3/30/2026 12:51:06 PM | * Cartomancie/Tarots/05-Empereur.php-- -- --29848
3/30/2026 12:51:06 PM | * Cartomancie/Tarots/06-Pape(var).js-- -- --171
3/30/2026 12:51:06 PM | * Cartomancie/Tarots/06-Pape.css-- -- --1196
3/30/2026 12:51:06 PM | * Backup/Cartomancie/Tarots/06-Pape.dat-- -- --280416
3/30/2026 12:51:06 PM | * Cartomancie/Tarots/06-Pape.php-- -- --30019
3/30/2026 12:51:06 PM | * Cartomancie/Tarots/07-Amoureux(var).js-- -- --171
3/30/2026 12:51:06 PM | * Cartomancie/Tarots/07-Amoureux.css-- -- --1273
3/30/2026 12:51:06 PM | * Backup/Cartomancie/Tarots/07-Amoureux.dat-- -- --280313
3/30/2026 12:51:06 PM | * Cartomancie/Tarots/07-Amoureux.php-- -- --29844
3/30/2026 12:51:06 PM | * Cartomancie/Tarots/08-Chariot(var).js-- -- --171
3/30/2026 12:51:06 PM | * Cartomancie/Tarots/08-Chariot.css-- -- --1273
3/30/2026 12:51:06 PM | * Backup/Cartomancie/Tarots/08-Chariot.dat-- -- --280806
3/30/2026 12:51:06 PM | * Cartomancie/Tarots/08-Chariot.php-- -- --30265
3/30/2026 12:51:06 PM | * Cartomancie/Tarots/09-Justice(var).js-- -- --171
3/30/2026 12:51:06 PM | * Cartomancie/Tarots/09-Justice.css-- -- --1273
3/30/2026 12:51:06 PM | * Backup/Cartomancie/Tarots/09-Justice.dat-- -- --280704
3/30/2026 12:51:06 PM | * Cartomancie/Tarots/09-Justice.php-- -- --30241
3/30/2026 12:51:06 PM | * Cartomancie/Tarots/10-Hermite(var).js-- -- --171
3/30/2026 12:51:06 PM | * Cartomancie/Tarots/10-Hermite.css-- -- --1273
3/30/2026 12:51:06 PM | * Backup/Cartomancie/Tarots/10-Hermite.dat-- -- --280707
3/30/2026 12:51:06 PM | * Cartomancie/Tarots/10-Hermite.php-- -- --30236
3/30/2026 12:51:06 PM | * Cartomancie/Tarots/11-Roue(var).js-- -- --171
3/30/2026 12:51:06 PM | * Cartomancie/Tarots/11-Roue.css-- -- --1273
3/30/2026 12:51:06 PM | * Backup/Cartomancie/Tarots/11-Roue.dat-- -- --280292
3/30/2026 12:51:06 PM | * Cartomancie/Tarots/11-Roue.php-- -- --29807
3/30/2026 12:51:06 PM | * Cartomancie/Tarots/12-Force(var).js-- -- --171
3/30/2026 12:51:06 PM | * Cartomancie/Tarots/12-Force.css-- -- --1273
3/30/2026 12:51:06 PM | * Backup/Cartomancie/Tarots/12-Force.dat-- -- --280255
3/30/2026 12:51:06 PM | * Cartomancie/Tarots/12-Force.php-- -- --29676
3/30/2026 12:51:06 PM | * Cartomancie/Tarots/13-Pendu(var).js-- -- --171
3/30/2026 12:51:06 PM | * Cartomancie/Tarots/13-Pendu.css-- -- --1273
3/30/2026 12:51:06 PM | * Backup/Cartomancie/Tarots/13-Pendu.dat-- -- --280016
3/30/2026 12:51:06 PM | * Cartomancie/Tarots/13-Pendu.php-- -- --29928
3/30/2026 12:51:06 PM | * Cartomancie/Tarots/14-Mort(var).js-- -- --171
3/30/2026 12:51:06 PM | * Cartomancie/Tarots/14-Mort.css-- -- --1273
3/30/2026 12:51:06 PM | * Backup/Cartomancie/Tarots/14-Mort.dat-- -- --280203
3/30/2026 12:51:06 PM | * Cartomancie/Tarots/14-Mort.php-- -- --29726
3/30/2026 12:51:06 PM | * Cartomancie/Tarots/15-Temperance(var).js-- -- --171
3/30/2026 12:51:06 PM | * Cartomancie/Tarots/15-Temperance.css-- -- --1273
3/30/2026 12:51:06 PM | * Backup/Cartomancie/Tarots/15-Temperance.dat-- -- --279885
3/30/2026 12:51:06 PM | * Cartomancie/Tarots/15-Temperance.php-- -- --29861
3/30/2026 12:51:06 PM | * Cartomancie/Tarots/16-Diable(var).js-- -- --171
3/30/2026 12:51:06 PM | * Cartomancie/Tarots/16-Diable.css-- -- --1273
3/30/2026 12:51:06 PM | * Backup/Cartomancie/Tarots/16-Diable.dat-- -- --280349
3/30/2026 12:51:06 PM | * Cartomancie/Tarots/16-Diable.php-- -- --29867
3/30/2026 12:51:06 PM | * Cartomancie/Tarots/16-Maison-Dieu(var).js-- -- --171
3/30/2026 12:51:06 PM | * Cartomancie/Tarots/16-Maison-Dieu.css-- -- --1273
3/30/2026 12:51:06 PM | * Backup/Cartomancie/Tarots/16-Maison-Dieu.dat-- -- --280492
3/30/2026 12:51:06 PM | * Cartomancie/Tarots/16-Maison-Dieu.php-- -- --30020
3/30/2026 12:51:06 PM | * Cartomancie/Tarots/17-Etoile(var).js-- -- --171
3/30/2026 12:51:06 PM | * Cartomancie/Tarots/17-Etoile.css-- -- --1273
3/30/2026 12:51:06 PM | * Backup/Cartomancie/Tarots/17-Etoile.dat-- -- --280199
3/30/2026 12:51:06 PM | * Cartomancie/Tarots/17-Etoile.php-- -- --29725
3/30/2026 12:51:06 PM | * Cartomancie/Tarots/18-Lune(var).js-- -- --171
3/30/2026 12:51:06 PM | * Cartomancie/Tarots/18-Lune.css-- -- --1273
3/30/2026 12:51:06 PM | * Backup/Cartomancie/Tarots/18-Lune.dat-- -- --280626
3/30/2026 12:51:06 PM | * Cartomancie/Tarots/18-Lune.php-- -- --30140
3/30/2026 12:51:06 PM | * Cartomancie/Tarots/19-Soleil(var).js-- -- --171
3/30/2026 12:51:06 PM | * Cartomancie/Tarots/19-Soleil.css-- -- --1273
3/30/2026 12:51:06 PM | * Backup/Cartomancie/Tarots/19-Soleil.dat-- -- --280470
3/30/2026 12:51:06 PM | * Cartomancie/Tarots/19-Soleil.php-- -- --29988
3/30/2026 12:51:06 PM | * Cartomancie/Tarots/20-Jugement(var).js-- -- --171
3/30/2026 12:51:06 PM | * Cartomancie/Tarots/20-Jugement.css-- -- --1273
3/30/2026 12:51:06 PM | * Backup/Cartomancie/Tarots/20-Jugement.dat-- -- --280342
3/30/2026 12:51:06 PM | * Cartomancie/Tarots/20-Jugement.php-- -- --29864
3/30/2026 12:51:06 PM | * Cartomancie/Tarots/21-Monde(var).js-- -- --171
3/30/2026 12:51:06 PM | * Cartomancie/Tarots/21-Monde.css-- -- --1273
3/30/2026 12:51:06 PM | * Backup/Cartomancie/Tarots/21-Monde.dat-- -- --280289
3/30/2026 12:51:06 PM | * Cartomancie/Tarots/21-Monde.php-- -- --29805
3/30/2026 12:51:06 PM | * Cartomancie/Tarots/Accueil(var).js-- -- --171
3/30/2026 12:51:06 PM | * Cartomancie/Tarots/Accueil.css-- -- --3694
3/30/2026 12:51:06 PM | * Backup/Cartomancie/Tarots/Accueil.dat-- -- --916742
3/30/2026 12:51:06 PM | * Cartomancie/Tarots/Accueil.php-- -- --41689
3/30/2026 12:51:06 PM | * CGU/CGU(var).js-- -- --171
3/30/2026 12:51:06 PM | * CGU/CGU.css-- -- --1071
3/30/2026 12:51:06 PM | * Backup/CGU/CGU.dat-- -- --253879
3/30/2026 12:51:06 PM | * CGU/CGU.php-- -- --36444
3/30/2026 12:51:06 PM | * Chat/Echec(var).js-- -- --171
3/30/2026 12:51:06 PM | * Chat/Echec.css-- -- --940
3/30/2026 12:51:06 PM | * Backup/Chat/Echec.dat-- -- --219242
3/30/2026 12:51:06 PM | * Chat/Echec.php-- -- --27549
3/30/2026 12:51:06 PM | * Chat/Envoi(var).js-- -- --171
3/30/2026 12:51:06 PM | * Chat/Envoi.css-- -- --862
3/30/2026 12:51:06 PM | * Backup/Chat/Envoi.dat-- -- --191935
3/30/2026 12:51:06 PM | * Chat/Envoi.php-- -- --27177
3/30/2026 12:51:06 PM | * Chat/Formulaire(var).js-- -- --1103
3/30/2026 12:51:06 PM | * Chat/Formulaire(var).php-- -- --4015
3/30/2026 12:51:06 PM | * Chat/Formulaire.css-- -- --4727
3/30/2026 12:51:06 PM | * Backup/Chat/Formulaire.dat-- -- --1028727
3/30/2026 12:51:06 PM | * Chat/Formulaire.php-- -- --57920
3/30/2026 12:51:06 PM | * Coaching/Echec(var).js-- -- --103
3/30/2026 12:51:06 PM | * Coaching/Echec.css-- -- --886
3/30/2026 12:51:06 PM | * Backup/Coaching/Echec.dat-- -- --194477
3/30/2026 12:51:06 PM | * Coaching/Echec.php-- -- --27553
3/30/2026 12:51:06 PM | * Coaching/Envoi(var).js-- -- --103
3/30/2026 12:51:06 PM | * Coaching/Envoi.css-- -- --809
3/30/2026 12:51:06 PM | * Backup/Coaching/Envoi.dat-- -- --167111
3/30/2026 12:51:06 PM | * Coaching/Envoi.php-- -- --27204
3/30/2026 12:51:06 PM | * Coaching/Formulaire(var).js-- -- --1111
3/30/2026 12:51:06 PM | * Coaching/Formulaire(var).php-- -- --2415
3/30/2026 12:51:06 PM | * Coaching/Formulaire.css-- -- --4726
3/30/2026 12:51:06 PM | * Backup/Coaching/Formulaire.dat-- -- --1009334
3/30/2026 12:51:06 PM | * Coaching/Formulaire.php-- -- --58334
3/30/2026 12:51:06 PM | * Domicile/Echec(var).js-- -- --171
3/30/2026 12:51:06 PM | * Domicile/Echec.css-- -- --939
3/30/2026 12:51:06 PM | * Backup/Domicile/Echec.dat-- -- --219264
3/30/2026 12:51:06 PM | * Domicile/Echec.php-- -- --27585
3/30/2026 12:51:06 PM | * Domicile/Envoi(var).js-- -- --171
3/30/2026 12:51:06 PM | * Domicile/Envoi.css-- -- --862
3/30/2026 12:51:06 PM | * Backup/Domicile/Envoi.dat-- -- --191904
3/30/2026 12:51:06 PM | * Domicile/Envoi.php-- -- --27194
3/30/2026 12:51:06 PM | * Domicile/Formulaire(var).js-- -- --1111
3/30/2026 12:51:06 PM | * Domicile/Formulaire(var).php-- -- --3500
3/30/2026 12:51:06 PM | * Domicile/Formulaire.css-- -- --4727
3/30/2026 12:51:06 PM | * Backup/Domicile/Formulaire.dat-- -- --1022087
3/30/2026 12:51:06 PM | * Domicile/Formulaire.php-- -- --58046
3/30/2026 12:51:06 PM | * Dons/Dons(var).js-- -- --171
3/30/2026 12:51:06 PM | * Dons/Dons.css-- -- --1594
3/30/2026 12:51:06 PM | * Backup/Dons/Dons.dat-- -- --355927
3/30/2026 12:51:06 PM | * Dons/Dons.php-- -- --32451
3/30/2026 12:51:06 PM | * Gratuite/Echec(var).js-- -- --171
3/30/2026 12:51:06 PM | * Gratuite/Echec.css-- -- --939
3/30/2026 12:51:06 PM | * Backup/Gratuite/Echec.dat-- -- --217179
3/30/2026 12:51:06 PM | * Gratuite/Echec.php-- -- --27559
3/30/2026 12:51:06 PM | * Gratuite/Envoi(var).js-- -- --171
3/30/2026 12:51:06 PM | * Gratuite/Envoi.css-- -- --862
3/30/2026 12:51:06 PM | * Backup/Gratuite/Envoi.dat-- -- --191828
3/30/2026 12:51:06 PM | * Gratuite/Envoi.php-- -- --26776
3/30/2026 12:51:06 PM | * Gratuite/Formulaire(var).js-- -- --1147
3/30/2026 12:51:06 PM | * Gratuite/Formulaire(var).php-- -- --3811
3/30/2026 12:51:06 PM | * Gratuite/Formulaire.css-- -- --5261
3/30/2026 12:51:06 PM | * Backup/Gratuite/Formulaire.dat-- -- --1082069
3/30/2026 12:51:06 PM | * Gratuite/Formulaire.php-- -- --59229
3/30/2026 12:51:06 PM | * Magie/Echec(var).js-- -- --171
3/30/2026 12:51:06 PM | * Magie/Echec.css-- -- --939
3/30/2026 12:51:06 PM | * Backup/Magie/Echec.dat-- -- --217239
3/30/2026 12:51:06 PM | * Magie/Echec.php-- -- --27603
3/30/2026 12:51:06 PM | * Magie/Envoi(var).js-- -- --171
3/30/2026 12:51:06 PM | * Magie/Envoi.css-- -- --862
3/30/2026 12:51:06 PM | * Backup/Magie/Envoi.dat-- -- --189911
3/30/2026 12:51:06 PM | * Magie/Envoi.php-- -- --27247
3/30/2026 12:51:06 PM | * Magie/Formulaire(var).js-- -- --1133
3/30/2026 12:51:06 PM | * Magie/Formulaire(var).php-- -- --5375
3/30/2026 12:51:06 PM | * Magie/Formulaire.css-- -- --4882
3/30/2026 12:51:06 PM | * Backup/Magie/Formulaire.dat-- -- --1097270
3/30/2026 12:51:06 PM | * Magie/Formulaire.php-- -- --62253
3/30/2026 12:51:06 PM | * Mail/Echec(var).js-- -- --103
3/30/2026 12:51:06 PM | * Mail/Echec.css-- -- --887
3/30/2026 12:51:06 PM | * Backup/Mail/Echec.dat-- -- --194434
3/30/2026 12:51:06 PM | * Mail/Echec.php-- -- --27538
3/30/2026 12:51:06 PM | * Mail/Envoi(var).js-- -- --103
3/30/2026 12:51:06 PM | * Mail/Envoi.css-- -- --809
3/30/2026 12:51:06 PM | * Backup/Mail/Envoi.dat-- -- --167139
3/30/2026 12:51:06 PM | * Mail/Envoi.php-- -- --27248
3/30/2026 12:51:06 PM | * Mail/Formulaire(var).js-- -- --1103
3/30/2026 12:51:06 PM | * Mail/Formulaire(var).php-- -- --2242
3/30/2026 12:51:06 PM | * Mail/Formulaire.css-- -- --4265
3/30/2026 12:51:06 PM | * Backup/Mail/Formulaire.dat-- -- --808916
3/30/2026 12:51:06 PM | * Mail/Formulaire.php-- -- --49766
3/30/2026 12:51:06 PM | * Methodes/Accueil(var).js-- -- --171
3/30/2026 12:51:06 PM | * Methodes/Accueil.css-- -- --1721
3/30/2026 12:51:06 PM | * Backup/Methodes/Accueil.dat-- -- --450606
3/30/2026 12:51:06 PM | * Methodes/Accueil.php-- -- --42435
3/30/2026 12:51:06 PM | * Methodes/Croix(var).js-- -- --171
3/30/2026 12:51:06 PM | * Methodes/Croix.css-- -- --3694
3/30/2026 12:51:06 PM | * Backup/Methodes/Croix.dat-- -- --950261
3/30/2026 12:51:06 PM | * Methodes/Croix.php-- -- --51039
3/30/2026 12:51:06 PM | * Methodes/Ligne(var).js-- -- --171
3/30/2026 12:51:06 PM | * Methodes/Ligne.css-- -- --3890
3/30/2026 12:51:06 PM | * Backup/Methodes/Ligne.dat-- -- --995125
3/30/2026 12:51:06 PM | * Methodes/Ligne.php-- -- --58990
3/30/2026 12:51:06 PM | * Methodes/Pyramide(var).js-- -- --171
3/30/2026 12:51:06 PM | * Methodes/Pyramide.css-- -- --2041
3/30/2026 12:51:06 PM | * Backup/Methodes/Pyramide.dat-- -- --484415
3/30/2026 12:51:06 PM | * Methodes/Pyramide.php-- -- --44925
3/30/2026 12:51:06 PM | * Paiement/Paiement_accepte(var).js-- -- --171
3/30/2026 12:51:06 PM | * Paiement/Paiement_accepte.css-- -- --862
3/30/2026 12:51:06 PM | * Backup/Paiement/Paiement_accepte.dat-- -- --190008
3/30/2026 12:51:06 PM | * Paiement/Paiement_accepte.php-- -- --27474
3/30/2026 12:51:06 PM | * Paiement/Paiement_avorte(var).js-- -- --171
3/30/2026 12:51:06 PM | * Paiement/Paiement_avorte.css-- -- --862
3/30/2026 12:51:06 PM | * Backup/Paiement/Paiement_avorte.dat-- -- --189611
3/30/2026 12:51:06 PM | * Paiement/Paiement_avorte.php-- -- --27065
3/30/2026 12:51:06 PM | * Partenaires/Partenaires(var).js-- -- --103
3/30/2026 12:51:06 PM | * Partenaires/Partenaires.css-- -- --702
3/30/2026 12:51:06 PM | * Backup/Partenaires/Partenaires.dat-- -- --174611
3/30/2026 12:51:06 PM | * Partenaires/Partenaires.php-- -- --27347
3/30/2026 12:51:06 PM | * Planetes/Accueil(var).js-- -- --171
3/30/2026 12:51:06 PM | * Planetes/Accueil.css-- -- --3106
3/30/2026 12:51:06 PM | * Backup/Planetes/Accueil.dat-- -- --814070
3/30/2026 12:51:06 PM | * Planetes/Accueil.php-- -- --40589
3/30/2026 12:51:06 PM | * Planetes/Jupiter(var).js-- -- --171
3/30/2026 12:51:06 PM | * Planetes/Jupiter.css-- -- --1182
3/30/2026 12:51:06 PM | * Backup/Planetes/Jupiter.dat-- -- --280107
3/30/2026 12:51:06 PM | * Planetes/Jupiter.php-- -- --30247
3/30/2026 12:51:06 PM | * Planetes/Lune(var).js-- -- --239
3/30/2026 12:51:06 PM | * Planetes/Lune.css-- -- --1236
3/30/2026 12:51:06 PM | * Backup/Planetes/Lune.dat-- -- --301576
3/30/2026 12:51:06 PM | * Planetes/Lune.php-- -- --30726
3/30/2026 12:51:06 PM | * Planetes/Mars(var).js-- -- --239
3/30/2026 12:51:06 PM | * Planetes/Mars.css-- -- --1236
3/30/2026 12:51:06 PM | * Backup/Planetes/Mars.dat-- -- --301227
3/30/2026 12:51:06 PM | * Planetes/Mars.php-- -- --30377
3/30/2026 12:51:06 PM | * Planetes/Mercure(var).js-- -- --239
3/30/2026 12:51:06 PM | * Planetes/Mercure.css-- -- --1236
3/30/2026 12:51:06 PM | * Backup/Planetes/Mercure.dat-- -- --302019
3/30/2026 12:51:06 PM | * Planetes/Mercure.php-- -- --31158
3/30/2026 12:51:06 PM | * Planetes/Neptune(var).js-- -- --239
3/30/2026 12:51:06 PM | * Planetes/Neptune.css-- -- --1236
3/30/2026 12:51:06 PM | * Backup/Planetes/Neptune.dat-- -- --301299
3/30/2026 12:51:06 PM | * Planetes/Neptune.php-- -- --30451
3/30/2026 12:51:06 PM | * Planetes/Pluton(var).js-- -- --239
3/30/2026 12:51:06 PM | * Planetes/Pluton.css-- -- --1236
3/30/2026 12:51:06 PM | * Backup/Planetes/Pluton.dat-- -- --301229
3/30/2026 12:51:06 PM | * Planetes/Pluton.php-- -- --30383
3/30/2026 12:51:06 PM | * Planetes/Saturne(var).js-- -- --239
3/30/2026 12:51:06 PM | * Planetes/Saturne.css-- -- --1250
3/30/2026 12:51:06 PM | * Backup/Planetes/Saturne.dat-- -- --303313
3/30/2026 12:51:06 PM | * Planetes/Saturne.php-- -- --30412
3/30/2026 12:51:07 PM | * Planetes/Soleil(var).js-- -- --239
3/30/2026 12:51:07 PM | * Planetes/Soleil.css-- -- --1251
3/30/2026 12:51:07 PM | * Backup/Planetes/Soleil.dat-- -- --304680
3/30/2026 12:51:07 PM | * Planetes/Soleil.php-- -- --30095
3/30/2026 12:51:07 PM | * Planetes/Uranus(var).js-- -- --239
3/30/2026 12:51:07 PM | * Planetes/Uranus.css-- -- --1251
3/30/2026 12:51:07 PM | * Backup/Planetes/Uranus.dat-- -- --304436
3/30/2026 12:51:07 PM | * Planetes/Uranus.php-- -- --29809
3/30/2026 12:51:07 PM | * Planetes/Venus(var).js-- -- --239
3/30/2026 12:51:07 PM | * Planetes/Venus.css-- -- --1251
3/30/2026 12:51:07 PM | * Backup/Planetes/Venus.dat-- -- --305077
3/30/2026 12:51:07 PM | * Planetes/Venus.php-- -- --30456
3/30/2026 12:51:07 PM | * Tchat/errors.txt-- -- --0
3/30/2026 12:51:07 PM | * index(var).js-- -- --171
3/30/2026 12:51:07 PM | * index.css-- -- --1233
3/30/2026 12:51:07 PM | * Backup/index.dat-- -- --254541
3/30/2026 12:51:07 PM | * index.php-- -- --38067
3/30/2026 12:51:07 PM | * Templates/Base.css-- -- --4452
3/30/2026 12:51:07 PM | * Templates/Base.php-- -- --25641
3/30/2026 12:51:07 PM | * Backup/Templates/Base.tdat-- -- --1006419
3/30/2026 12:51:07 PM | * sitemap.xml-- -- --27422
3/30/2026 12:51:07 PM | * robots.txt-- -- --39
3/30/2026 12:51:07 PM | * Backup/Belline net.ope-- -- --3598
3/30/2026 12:51:10 PM | 
3/30/2026 12:51:10 PM | 
--------------------------------Phase 1 Terminé--------------------------------
3/30/2026 12:51:10 PM | 

3/31/2026 9:24:01 AM | Debut Mise en ligne différentielle (Site):
3/31/2026 9:24:16 AM | Listing terminé :
3/31/2026 9:24:16 AM | 

3/31/2026 9:24:16 AM | * Tchat-- -- --Folder create
3/31/2026 9:24:16 AM | * Tchat/widgets-- -- --Folder create
3/31/2026 9:24:16 AM | * Tchat/templates-- -- --Folder create
3/31/2026 9:24:16 AM | * Tchat/stickers-- -- --Folder create
3/31/2026 9:24:16 AM | * Tchat/stickers/Stickers-- -- --Folder create
3/31/2026 9:24:16 AM | * Tchat/stickers/Deutsch-- -- --Folder create
3/31/2026 9:24:16 AM | * Tchat/splash-- -- --Folder create
3/31/2026 9:24:16 AM | * Tchat/lang-- -- --Folder create
3/31/2026 9:24:16 AM | * Tchat/install-- -- --Folder create
3/31/2026 9:24:16 AM | * Tchat/incl-- -- --Folder create
3/31/2026 9:24:16 AM | * Tchat/img-- -- --Folder create
3/31/2026 9:24:16 AM | * Tchat/backgrounds-- -- --Folder create
3/31/2026 9:24:16 AM | * Tchat/avatars-- -- --Folder create
3/31/2026 9:24:16 AM | * Tchat/attachments-- -- --Folder create
3/31/2026 9:24:16 AM | * Tchat/app-- -- --Folder create
3/31/2026 9:24:16 AM | * Tchat/admin-- -- --Folder create
3/31/2026 9:24:16 AM | * Tchat/admin/font-- -- --Folder create
3/31/2026 9:24:16 AM | * Planetes-- -- --Folder create
3/31/2026 9:24:16 AM | * Partenaires-- -- --Folder create
3/31/2026 9:24:16 AM | * Paiement-- -- --Folder create
3/31/2026 9:24:16 AM | * Online-- -- --Folder create
3/31/2026 9:24:16 AM | * Online/Templates-- -- --Folder create
3/31/2026 9:24:16 AM | * Methodes-- -- --Folder create
3/31/2026 9:24:16 AM | * Mail-- -- --Folder create
3/31/2026 9:24:16 AM | * Magie-- -- --Folder create
3/31/2026 9:24:16 AM | * Gratuite-- -- --Folder create
3/31/2026 9:24:16 AM | * Dons-- -- --Folder create
3/31/2026 9:24:16 AM | * Domicile-- -- --Folder create
3/31/2026 9:24:16 AM | * Coaching-- -- --Folder create
3/31/2026 9:24:16 AM | * Chat-- -- --Folder create
3/31/2026 9:24:16 AM | * CGU-- -- --Folder create
3/31/2026 9:24:16 AM | * Cartomancie-- -- --Folder create
3/31/2026 9:24:16 AM | * Cartomancie/Tarots-- -- --Folder create
3/31/2026 9:24:16 AM | * Cartomancie/Belline-- -- --Folder create
3/31/2026 9:24:16 AM | * Cartomancie/32-cartes-- -- --Folder create
3/31/2026 9:24:16 AM | * Cartomancie/32-cartes/Trefle-- -- --Folder create
3/31/2026 9:24:16 AM | * Cartomancie/32-cartes/Pique-- -- --Folder create
3/31/2026 9:24:16 AM | * Cartomancie/32-cartes/Coeur-- -- --Folder create
3/31/2026 9:24:16 AM | * Cartomancie/32-cartes/Carreau-- -- --Folder create
3/31/2026 9:24:16 AM | * Admin-- -- --Folder create
3/31/2026 9:24:16 AM | * Admin/sounds-- -- --Folder create
3/31/2026 9:24:16 AM | * Backup-- -- --Folder create
3/31/2026 9:24:16 AM | * Files-- -- --Folder create
3/31/2026 9:24:16 AM | * Files/Image-- -- --Folder create
3/31/2026 9:24:16 AM | * Files/Image/Accueil-- -- --Folder create
3/31/2026 9:24:16 AM | * WEFiles-- -- --Folder create
3/31/2026 9:24:16 AM | * WEFiles/Image-- -- --Folder create
3/31/2026 9:24:16 AM | * WEFiles/Image/WEImage-- -- --Folder create
3/31/2026 9:24:16 AM | * Templates-- -- --Folder create
3/31/2026 9:24:16 AM | * Backup/.htaccess-- -- --33
3/31/2026 9:24:16 AM | * .htaccess-- -- --0
3/31/2026 9:24:16 AM | * Admin/status.css-- -- --0
3/31/2026 9:24:16 AM | * Cartomancie/32-cartes/Carreau/07(var).js-- -- --171
3/31/2026 9:24:16 AM | * Cartomancie/32-cartes/Carreau/07.css-- -- --1196
3/31/2026 9:24:16 AM | * Files/Image/Accueil/Gauche.png-- -- --3698
3/31/2026 9:24:16 AM | * Files/Image/Accueil/Accueil.png-- -- --5098
3/31/2026 9:24:16 AM | * WEFiles/Image/WEImage/Accueil-WEf21b83eca9.png-- -- --4859
3/31/2026 9:24:16 AM | * Files/Image/Accueil/Droite.png-- -- --3765
3/31/2026 9:24:16 AM | * Files/Image/Accueil/Bougies.png-- -- --57289
3/31/2026 9:24:16 AM | * WEFiles/Image/WEImage/Bougies-WEfc5b3ec259.png-- -- --6247
3/31/2026 9:24:16 AM | * Files/Image/Accueil/Logo.png-- -- --347614
3/31/2026 9:24:16 AM | * WEFiles/Image/WEImage/Logo-WE739e82f5b8.png-- -- --334190
3/31/2026 9:24:16 AM | * Backup/Cartomancie/32-cartes/Carreau/07.dat-- -- --278255
3/31/2026 9:24:16 AM | * Cartomancie/32-cartes/Carreau/07.php-- -- --29568
3/31/2026 9:24:16 AM | * Cartomancie/32-cartes/Carreau/08(var).js-- -- --171
3/31/2026 9:24:16 AM | * Cartomancie/32-cartes/Carreau/08.css-- -- --1197
3/31/2026 9:24:16 AM | * Backup/Cartomancie/32-cartes/Carreau/08.dat-- -- --279331
3/31/2026 9:24:16 AM | * Cartomancie/32-cartes/Carreau/08.php-- -- --30436
3/31/2026 9:24:16 AM | * Cartomancie/32-cartes/Carreau/09(var).js-- -- --171
3/31/2026 9:24:16 AM | * Cartomancie/32-cartes/Carreau/09.css-- -- --1196
3/31/2026 9:24:16 AM | * Backup/Cartomancie/32-cartes/Carreau/09.dat-- -- --278001
3/31/2026 9:24:16 AM | * Cartomancie/32-cartes/Carreau/09.php-- -- --29222
3/31/2026 9:24:16 AM | * Cartomancie/32-cartes/Carreau/10(var).js-- -- --171
3/31/2026 9:24:16 AM | * Cartomancie/32-cartes/Carreau/10.css-- -- --1196
3/31/2026 9:24:16 AM | * Backup/Cartomancie/32-cartes/Carreau/10.dat-- -- --278674
3/31/2026 9:24:16 AM | * Cartomancie/32-cartes/Carreau/10.php-- -- --29837
3/31/2026 9:24:16 AM | * Cartomancie/32-cartes/Carreau/11-Valet(var).js-- -- --171
3/31/2026 9:24:16 AM | * Cartomancie/32-cartes/Carreau/11-Valet.css-- -- --1196
3/31/2026 9:24:16 AM | * Backup/Cartomancie/32-cartes/Carreau/11-Valet.dat-- -- --278866
3/31/2026 9:24:16 AM | * Cartomancie/32-cartes/Carreau/11-Valet.php-- -- --30094
3/31/2026 9:24:16 AM | * Cartomancie/32-cartes/Carreau/12-Dame(var).js-- -- --171
3/31/2026 9:24:16 AM | * Cartomancie/32-cartes/Carreau/12-Dame.css-- -- --1196
3/31/2026 9:24:16 AM | * WEFiles/Image/WEImage/Accueil-WEfefa04e46a.png-- -- --857
3/31/2026 9:24:16 AM | * Backup/Cartomancie/32-cartes/Carreau/12-Dame.dat-- -- --278208
3/31/2026 9:24:16 AM | * Cartomancie/32-cartes/Carreau/12-Dame.php-- -- --29748
3/31/2026 9:24:16 AM | * Cartomancie/32-cartes/Carreau/13-Roi(var).js-- -- --171
3/31/2026 9:24:16 AM | * Cartomancie/32-cartes/Carreau/13-Roi.css-- -- --1196
3/31/2026 9:24:16 AM | * Backup/Cartomancie/32-cartes/Carreau/13-Roi.dat-- -- --278606
3/31/2026 9:24:16 AM | * Cartomancie/32-cartes/Carreau/13-Roi.php-- -- --29828
3/31/2026 9:24:16 AM | * Cartomancie/32-cartes/Carreau/14-As(var).js-- -- --171
3/31/2026 9:24:17 AM | * Cartomancie/32-cartes/Carreau/14-As.css-- -- --1196
3/31/2026 9:24:17 AM | * Backup/Cartomancie/32-cartes/Carreau/14-As.dat-- -- --278139
3/31/2026 9:24:17 AM | * Cartomancie/32-cartes/Carreau/14-As.php-- -- --29664
3/31/2026 9:24:17 AM | * Cartomancie/32-cartes/Coeur/07(var).js-- -- --171
3/31/2026 9:24:17 AM | * Cartomancie/32-cartes/Coeur/07.css-- -- --1196
3/31/2026 9:24:17 AM | * Backup/Cartomancie/32-cartes/Coeur/07.dat-- -- --277977
3/31/2026 9:24:17 AM | * Cartomancie/32-cartes/Coeur/07.php-- -- --29597
3/31/2026 9:24:17 AM | * Cartomancie/32-cartes/Coeur/08(var).js-- -- --171
3/31/2026 9:24:17 AM | * Cartomancie/32-cartes/Coeur/08.css-- -- --1196
3/31/2026 9:24:17 AM | * Backup/Cartomancie/32-cartes/Coeur/08.dat-- -- --277840
3/31/2026 9:24:17 AM | * Cartomancie/32-cartes/Coeur/08.php-- -- --29450
3/31/2026 9:24:17 AM | * Cartomancie/32-cartes/Coeur/09(var).js-- -- --171
3/31/2026 9:24:17 AM | * Cartomancie/32-cartes/Coeur/09.css-- -- --1196
3/31/2026 9:24:17 AM | * Backup/Cartomancie/32-cartes/Coeur/09.dat-- -- --277886
3/31/2026 9:24:17 AM | * Cartomancie/32-cartes/Coeur/09.php-- -- --29496
3/31/2026 9:24:17 AM | * Cartomancie/32-cartes/Coeur/10(var).js-- -- --171
3/31/2026 9:24:17 AM | * Cartomancie/32-cartes/Coeur/10.css-- -- --1211
3/31/2026 9:24:17 AM | * Backup/Cartomancie/32-cartes/Coeur/10.dat-- -- --284142
3/31/2026 9:24:17 AM | * Cartomancie/32-cartes/Coeur/10.php-- -- --30167
3/31/2026 9:24:17 AM | * Cartomancie/32-cartes/Coeur/11-Valet(var).js-- -- --171
3/31/2026 9:24:17 AM | * Cartomancie/32-cartes/Coeur/11-Valet.css-- -- --1196
3/31/2026 9:24:17 AM | * Backup/Cartomancie/32-cartes/Coeur/11-Valet.dat-- -- --278378
3/31/2026 9:24:17 AM | * Cartomancie/32-cartes/Coeur/11-Valet.php-- -- --30006
3/31/2026 9:24:17 AM | * Cartomancie/32-cartes/Coeur/12-Dame(var).js-- -- --171
3/31/2026 9:24:17 AM | * Cartomancie/32-cartes/Coeur/12-Dame.css-- -- --1196
3/31/2026 9:24:17 AM | * Backup/Cartomancie/32-cartes/Coeur/12-Dame.dat-- -- --277992
3/31/2026 9:24:17 AM | * Cartomancie/32-cartes/Coeur/12-Dame.php-- -- --29617
3/31/2026 9:24:17 AM | * Cartomancie/32-cartes/Coeur/13-Roi(var).js-- -- --103
3/31/2026 9:24:17 AM | * Cartomancie/32-cartes/Coeur/13-Roi.css-- -- --1143
3/31/2026 9:24:17 AM | * Backup/Cartomancie/32-cartes/Coeur/13-Roi.dat-- -- --255713
3/31/2026 9:24:17 AM | * Cartomancie/32-cartes/Coeur/13-Roi.php-- -- --30009
3/31/2026 9:24:17 AM | * Cartomancie/32-cartes/Coeur/14-As(var).js-- -- --103
3/31/2026 9:24:17 AM | * Cartomancie/32-cartes/Coeur/14-As.css-- -- --1143
3/31/2026 9:24:17 AM | * Backup/Cartomancie/32-cartes/Coeur/14-As.dat-- -- --255095
3/31/2026 9:24:17 AM | * Cartomancie/32-cartes/Coeur/14-As.php-- -- --29405
3/31/2026 9:24:17 AM | * Cartomancie/32-cartes/Pique/07(var).js-- -- --239
3/31/2026 9:24:17 AM | * Cartomancie/32-cartes/Pique/07.css-- -- --1249
3/31/2026 9:24:17 AM | * Backup/Cartomancie/32-cartes/Pique/07.dat-- -- --299014
3/31/2026 9:24:17 AM | * Cartomancie/32-cartes/Pique/07.php-- -- --29649
3/31/2026 9:24:17 AM | * Cartomancie/32-cartes/Pique/08(var).js-- -- --171
3/31/2026 9:24:17 AM | * Cartomancie/32-cartes/Pique/08.css-- -- --1196
3/31/2026 9:24:17 AM | * Backup/Cartomancie/32-cartes/Pique/08.dat-- -- --280450
3/31/2026 9:24:17 AM | * Cartomancie/32-cartes/Pique/08.php-- -- --30240
3/31/2026 9:24:17 AM | * Cartomancie/32-cartes/Pique/09(var).js-- -- --171
3/31/2026 9:24:17 AM | * Cartomancie/32-cartes/Pique/09.css-- -- --1196
3/31/2026 9:24:17 AM | * Backup/Cartomancie/32-cartes/Pique/09.dat-- -- --278107
3/31/2026 9:24:17 AM | * Cartomancie/32-cartes/Pique/09.php-- -- --29794
3/31/2026 9:24:17 AM | * Cartomancie/32-cartes/Pique/10(var).js-- -- --171
3/31/2026 9:24:17 AM | * Cartomancie/32-cartes/Pique/10.css-- -- --1196
3/31/2026 9:24:17 AM | * Backup/Cartomancie/32-cartes/Pique/10.dat-- -- --277812
3/31/2026 9:24:17 AM | * Cartomancie/32-cartes/Pique/10.php-- -- --29469
3/31/2026 9:24:17 AM | * Cartomancie/32-cartes/Pique/11-Valet(var).js-- -- --171
3/31/2026 9:24:17 AM | * Cartomancie/32-cartes/Pique/11-Valet.css-- -- --1197
3/31/2026 9:24:17 AM | * Backup/Cartomancie/32-cartes/Pique/11-Valet.dat-- -- --278041
3/31/2026 9:24:17 AM | * Cartomancie/32-cartes/Pique/11-Valet.php-- -- --29620
3/31/2026 9:24:17 AM | * Cartomancie/32-cartes/Pique/12-Dame(var).js-- -- --171
3/31/2026 9:24:17 AM | * Cartomancie/32-cartes/Pique/12-Dame.css-- -- --1197
3/31/2026 9:24:17 AM | * Backup/Cartomancie/32-cartes/Pique/12-Dame.dat-- -- --278107
3/31/2026 9:24:17 AM | * Cartomancie/32-cartes/Pique/12-Dame.php-- -- --29778
3/31/2026 9:24:17 AM | * Cartomancie/32-cartes/Pique/13-Roi(var).js-- -- --171
3/31/2026 9:24:17 AM | * Cartomancie/32-cartes/Pique/13-Roi.css-- -- --1196
3/31/2026 9:24:17 AM | * Backup/Cartomancie/32-cartes/Pique/13-Roi.dat-- -- --278324
3/31/2026 9:24:17 AM | * Cartomancie/32-cartes/Pique/13-Roi.php-- -- --29989
3/31/2026 9:24:17 AM | * Cartomancie/32-cartes/Pique/14-As(var).js-- -- --103
3/31/2026 9:24:17 AM | * Cartomancie/32-cartes/Pique/14-As.css-- -- --1143
3/31/2026 9:24:17 AM | * Backup/Cartomancie/32-cartes/Pique/14-As.dat-- -- --255319
3/31/2026 9:24:17 AM | * Cartomancie/32-cartes/Pique/14-As.php-- -- --29613
3/31/2026 9:24:17 AM | * Cartomancie/32-cartes/Trefle/07(var).js-- -- --171
3/31/2026 9:24:17 AM | * Cartomancie/32-cartes/Trefle/07.css-- -- --1274
3/31/2026 9:24:17 AM | * Backup/Cartomancie/32-cartes/Trefle/07.dat-- -- --278687
3/31/2026 9:24:17 AM | * Cartomancie/32-cartes/Trefle/07.php-- -- --30273
3/31/2026 9:24:17 AM | * Cartomancie/32-cartes/Trefle/08(var).js-- -- --171
3/31/2026 9:24:17 AM | * Cartomancie/32-cartes/Trefle/08.css-- -- --1273
3/31/2026 9:24:17 AM | * Backup/Cartomancie/32-cartes/Trefle/08.dat-- -- --278708
3/31/2026 9:24:17 AM | * Cartomancie/32-cartes/Trefle/08.php-- -- --30286
3/31/2026 9:24:17 AM | * Cartomancie/32-cartes/Trefle/09(var).js-- -- --171
3/31/2026 9:24:17 AM | * Cartomancie/32-cartes/Trefle/09.css-- -- --1274
3/31/2026 9:24:17 AM | * Backup/Cartomancie/32-cartes/Trefle/09.dat-- -- --278085
3/31/2026 9:24:17 AM | * Cartomancie/32-cartes/Trefle/09.php-- -- --29662
3/31/2026 9:24:17 AM | * Cartomancie/32-cartes/Trefle/10(var).js-- -- --171
3/31/2026 9:24:17 AM | * Cartomancie/32-cartes/Trefle/10.css-- -- --1274
3/31/2026 9:24:17 AM | * Backup/Cartomancie/32-cartes/Trefle/10.dat-- -- --278158
3/31/2026 9:24:17 AM | * Cartomancie/32-cartes/Trefle/10.php-- -- --29735
3/31/2026 9:24:17 AM | * Cartomancie/32-cartes/Trefle/11-Valet(var).js-- -- --171
3/31/2026 9:24:17 AM | * Cartomancie/32-cartes/Trefle/11-Valet.css-- -- --1273
3/31/2026 9:24:17 AM | * Backup/Cartomancie/32-cartes/Trefle/11-Valet.dat-- -- --278318
3/31/2026 9:24:17 AM | * Cartomancie/32-cartes/Trefle/11-Valet.php-- -- --29818
3/31/2026 9:24:17 AM | * Cartomancie/32-cartes/Trefle/12-Dame(var).js-- -- --171
3/31/2026 9:24:17 AM | * Cartomancie/32-cartes/Trefle/12-Dame.css-- -- --1273
3/31/2026 9:24:17 AM | * Backup/Cartomancie/32-cartes/Trefle/12-Dame.dat-- -- --278052
3/31/2026 9:24:17 AM | * Cartomancie/32-cartes/Trefle/12-Dame.php-- -- --29645
3/31/2026 9:24:17 AM | * Cartomancie/32-cartes/Trefle/13-Roi(var).js-- -- --171
3/31/2026 9:24:17 AM | * Cartomancie/32-cartes/Trefle/13-Roi.css-- -- --1274
3/31/2026 9:24:17 AM | * Backup/Cartomancie/32-cartes/Trefle/13-Roi.dat-- -- --277772
3/31/2026 9:24:17 AM | * Cartomancie/32-cartes/Trefle/13-Roi.php-- -- --29361
3/31/2026 9:24:17 AM | * Cartomancie/32-cartes/Trefle/14-As(var).js-- -- --171
3/31/2026 9:24:17 AM | * Cartomancie/32-cartes/Trefle/14-As.css-- -- --1273
3/31/2026 9:24:17 AM | * Backup/Cartomancie/32-cartes/Trefle/14-As.dat-- -- --277993
3/31/2026 9:24:17 AM | * Cartomancie/32-cartes/Trefle/14-As.php-- -- --29580
3/31/2026 9:24:17 AM | * Cartomancie/32-cartes/Accueil(var).js-- -- --171
3/31/2026 9:24:17 AM | * Cartomancie/32-cartes/Accueil.css-- -- --5807
3/31/2026 9:24:17 AM | * Backup/Cartomancie/32-cartes/Accueil.dat-- -- --1364076
3/31/2026 9:24:17 AM | * Cartomancie/32-cartes/Accueil.php-- -- --50671
3/31/2026 9:24:17 AM | * Cartomancie/Belline/01-Bleu(var).js-- -- --171
3/31/2026 9:24:17 AM | * Cartomancie/Belline/01-Bleu.css-- -- --1273
3/31/2026 9:24:17 AM | * Backup/Cartomancie/Belline/01-Bleu.dat-- -- --279654
3/31/2026 9:24:17 AM | * Cartomancie/Belline/01-Bleu.php-- -- --29173
3/31/2026 9:24:17 AM | * Cartomancie/Belline/02-Destinee(var).js-- -- --171
3/31/2026 9:24:17 AM | * Cartomancie/Belline/02-Destinee.css-- -- --1273
3/31/2026 9:24:17 AM | * Backup/Cartomancie/Belline/02-Destinee.dat-- -- --279978
3/31/2026 9:24:17 AM | * Cartomancie/Belline/02-Destinee.php-- -- --29509
3/31/2026 9:24:17 AM | * Cartomancie/Belline/03-Homme(var).js-- -- --171
3/31/2026 9:24:17 AM | * Cartomancie/Belline/03-Homme.css-- -- --1273
3/31/2026 9:24:17 AM | * Backup/Cartomancie/Belline/03-Homme.dat-- -- --280150
3/31/2026 9:24:17 AM | * Cartomancie/Belline/03-Homme.php-- -- --29658
3/31/2026 9:24:17 AM | * Cartomancie/Belline/04-Femme(var).js-- -- --171
3/31/2026 9:24:17 AM | * Cartomancie/Belline/04-Femme.css-- -- --1273
3/31/2026 9:24:17 AM | * Backup/Cartomancie/Belline/04-Femme.dat-- -- --279747
3/31/2026 9:24:17 AM | * Cartomancie/Belline/04-Femme.php-- -- --29251
3/31/2026 9:24:17 AM | * Cartomancie/Belline/05-Nativite(var).js-- -- --171
3/31/2026 9:24:17 AM | * Cartomancie/Belline/05-Nativite.css-- -- --1273
3/31/2026 9:24:17 AM | * Backup/Cartomancie/Belline/05-Nativite.dat-- -- --279982
3/31/2026 9:24:17 AM | * Cartomancie/Belline/05-Nativite.php-- -- --29520
3/31/2026 9:24:17 AM | * Cartomancie/Belline/06-Reussite(var).js-- -- --171
3/31/2026 9:24:17 AM | * Cartomancie/Belline/06-Reussite.css-- -- --1273
3/31/2026 9:24:17 AM | * Backup/Cartomancie/Belline/06-Reussite.dat-- -- --280176
3/31/2026 9:24:17 AM | * Cartomancie/Belline/06-Reussite.php-- -- --29714
3/31/2026 9:24:17 AM | * Cartomancie/Belline/07-Elevation(var).js-- -- --171
3/31/2026 9:24:17 AM | * Cartomancie/Belline/07-Elevation.css-- -- --1273
3/31/2026 9:24:17 AM | * Backup/Cartomancie/Belline/07-Elevation.dat-- -- --280229
3/31/2026 9:24:17 AM | * Cartomancie/Belline/07-Elevation.php-- -- --29653
3/31/2026 9:24:17 AM | * Cartomancie/Belline/08-Honneurs(var).js-- -- --171
3/31/2026 9:24:17 AM | * Cartomancie/Belline/08-Honneurs.css-- -- --1274
3/31/2026 9:24:17 AM | * Backup/Cartomancie/Belline/08-Honneurs.dat-- -- --280084
3/31/2026 9:24:17 AM | * Cartomancie/Belline/08-Honneurs.php-- -- --29647
3/31/2026 9:24:17 AM | * Cartomancie/Belline/09-Pensee(var).js-- -- --171
3/31/2026 9:24:17 AM | * Cartomancie/Belline/09-Pensee.css-- -- --1273
3/31/2026 9:24:17 AM | * Backup/Cartomancie/Belline/09-Pensee.dat-- -- --280209
3/31/2026 9:24:17 AM | * Cartomancie/Belline/09-Pensee.php-- -- --29731
3/31/2026 9:24:17 AM | * Cartomancie/Belline/10-Campagne(var).js-- -- --171
3/31/2026 9:24:17 AM | * Cartomancie/Belline/10-Campagne.css-- -- --1273
3/31/2026 9:24:17 AM | * Backup/Cartomancie/Belline/10-Campagne.dat-- -- --280048
3/31/2026 9:24:17 AM | * Cartomancie/Belline/10-Campagne.php-- -- --29621
3/31/2026 9:24:17 AM | * Cartomancie/Belline/11-Presents(var).js-- -- --171
3/31/2026 9:24:17 AM | * Cartomancie/Belline/11-Presents.css-- -- --1274
3/31/2026 9:24:17 AM | * Backup/Cartomancie/Belline/11-Presents.dat-- -- --280077
3/31/2026 9:24:17 AM | * Cartomancie/Belline/11-Presents.php-- -- --29643
3/31/2026 9:24:17 AM | * Cartomancie/Belline/12-Trahison(var).js-- -- --171
3/31/2026 9:24:17 AM | * Cartomancie/Belline/12-Trahison.css-- -- --1273
3/31/2026 9:24:17 AM | * Backup/Cartomancie/Belline/12-Trahison.dat-- -- --280094
3/31/2026 9:24:17 AM | * Cartomancie/Belline/12-Trahison.php-- -- --29649
3/31/2026 9:24:17 AM | * Cartomancie/Belline/13-Depart(var).js-- -- --171
3/31/2026 9:24:17 AM | * Cartomancie/Belline/13-Depart.css-- -- --1273
3/31/2026 9:24:17 AM | * Backup/Cartomancie/Belline/13-Depart.dat-- -- --279976
3/31/2026 9:24:17 AM | * Cartomancie/Belline/13-Depart.php-- -- --29518
3/31/2026 9:24:17 AM | * Cartomancie/Belline/14-Inconstance(var).js-- -- --171
3/31/2026 9:24:17 AM | * Cartomancie/Belline/14-Inconstance.css-- -- --1274
3/31/2026 9:24:17 AM | * Backup/Cartomancie/Belline/14-Inconstance.dat-- -- --280408
3/31/2026 9:24:17 AM | * Cartomancie/Belline/14-Inconstance.php-- -- --29881
3/31/2026 9:24:17 AM | * Cartomancie/Belline/15-Decouverte(var).js-- -- --171
3/31/2026 9:24:17 AM | * Cartomancie/Belline/15-Decouverte.css-- -- --1274
3/31/2026 9:24:17 AM | * Backup/Cartomancie/Belline/15-Decouverte.dat-- -- --280622
3/31/2026 9:24:17 AM | * Cartomancie/Belline/15-Decouverte.php-- -- --30197
3/31/2026 9:24:17 AM | * Cartomancie/Belline/16-Eau(var).js-- -- --171
3/31/2026 9:24:17 AM | * Cartomancie/Belline/16-Eau.css-- -- --1273
3/31/2026 9:24:17 AM | * Backup/Cartomancie/Belline/16-Eau.dat-- -- --280114
3/31/2026 9:24:17 AM | * Cartomancie/Belline/16-Eau.php-- -- --29650
3/31/2026 9:24:17 AM | * Cartomancie/Belline/17-Penates(var).js-- -- --171
3/31/2026 9:24:17 AM | * Cartomancie/Belline/17-Penates.css-- -- --1273
3/31/2026 9:24:17 AM | * Backup/Cartomancie/Belline/17-Penates.dat-- -- --280286
3/31/2026 9:24:17 AM | * Cartomancie/Belline/17-Penates.php-- -- --29830
3/31/2026 9:24:17 AM | * Cartomancie/Belline/18-Maladie(var).js-- -- --171
3/31/2026 9:24:17 AM | * Cartomancie/Belline/18-Maladie.css-- -- --1273
3/31/2026 9:24:17 AM | * Backup/Cartomancie/Belline/18-Maladie.dat-- -- --279957
3/31/2026 9:24:17 AM | * Cartomancie/Belline/18-Maladie.php-- -- --29501
3/31/2026 9:24:17 AM | * Cartomancie/Belline/19-Changement(var).js-- -- --171
3/31/2026 9:24:17 AM | * Cartomancie/Belline/19-Changement.css-- -- --1273
3/31/2026 9:24:17 AM | * Backup/Cartomancie/Belline/19-Changement.dat-- -- --280222
3/31/2026 9:24:17 AM | * Cartomancie/Belline/19-Changement.php-- -- --29789
3/31/2026 9:24:17 AM | * Cartomancie/Belline/20-Argent(var).js-- -- --171
3/31/2026 9:24:17 AM | * Cartomancie/Belline/20-Argent.css-- -- --1273
3/31/2026 9:24:17 AM | * Backup/Cartomancie/Belline/20-Argent.dat-- -- --279817
3/31/2026 9:24:17 AM | * Cartomancie/Belline/20-Argent.php-- -- --29376
3/31/2026 9:24:17 AM | * Cartomancie/Belline/21-Intelligence(var).js-- -- --171
3/31/2026 9:24:17 AM | * Cartomancie/Belline/21-Intelligence.css-- -- --1273
3/31/2026 9:24:17 AM | * Backup/Cartomancie/Belline/21-Intelligence.dat-- -- --280278
3/31/2026 9:24:17 AM | * Cartomancie/Belline/21-Intelligence.php-- -- --29849
3/31/2026 9:24:17 AM | * Cartomancie/Belline/22-Vol(var).js-- -- --171
3/31/2026 9:24:17 AM | * Cartomancie/Belline/22-Vol.css-- -- --1273
3/31/2026 9:24:17 AM | * Backup/Cartomancie/Belline/22-Vol.dat-- -- --279559
3/31/2026 9:24:17 AM | * Cartomancie/Belline/22-Vol.php-- -- --29536
3/31/2026 9:24:17 AM | * Cartomancie/Belline/23-Entreprises(var).js-- -- --171
3/31/2026 9:24:17 AM | * Cartomancie/Belline/23-Entreprises.css-- -- --1273
3/31/2026 9:24:17 AM | * Backup/Cartomancie/Belline/23-Entreprises.dat-- -- --278196
3/31/2026 9:24:17 AM | * Cartomancie/Belline/23-Entreprises.php-- -- --29545
3/31/2026 9:24:17 AM | * Cartomancie/Belline/24-Trafic(var).js-- -- --171
3/31/2026 9:24:17 AM | * Cartomancie/Belline/24-Trafic.css-- -- --1273
3/31/2026 9:24:17 AM | * Backup/Cartomancie/Belline/24-Trafic.dat-- -- --279945
3/31/2026 9:24:17 AM | * Cartomancie/Belline/24-Trafic.php-- -- --29504
3/31/2026 9:24:17 AM | * Cartomancie/Belline/25-Nouvelle(var).js-- -- --171
3/31/2026 9:24:17 AM | * Cartomancie/Belline/25-Nouvelle.css-- -- --1273
3/31/2026 9:24:17 AM | * Backup/Cartomancie/Belline/25-Nouvelle.dat-- -- --279647
3/31/2026 9:24:17 AM | * Cartomancie/Belline/25-Nouvelle.php-- -- --29219
3/31/2026 9:24:17 AM | * Cartomancie/Belline/26-Plaisirs(var).js-- -- --171
3/31/2026 9:24:17 AM | * Cartomancie/Belline/26-Plaisirs.css-- -- --1274
3/31/2026 9:24:17 AM | * Backup/Cartomancie/Belline/26-Plaisirs.dat-- -- --279850
3/31/2026 9:24:17 AM | * Cartomancie/Belline/26-Plaisirs.php-- -- --29421
3/31/2026 9:24:17 AM | * Cartomancie/Belline/27-Paix(var).js-- -- --171
3/31/2026 9:24:17 AM | * Cartomancie/Belline/27-Paix.css-- -- --1273
3/31/2026 9:24:17 AM | * Backup/Cartomancie/Belline/27-Paix.dat-- -- --280334
3/31/2026 9:24:17 AM | * Cartomancie/Belline/27-Paix.php-- -- --29898
3/31/2026 9:24:17 AM | * Cartomancie/Belline/28-Union(var).js-- -- --171
3/31/2026 9:24:17 AM | * Cartomancie/Belline/28-Union.css-- -- --1273
3/31/2026 9:24:17 AM | * Backup/Cartomancie/Belline/28-Union.dat-- -- --279827
3/31/2026 9:24:17 AM | * Cartomancie/Belline/28-Union.php-- -- --29363
3/31/2026 9:24:17 AM | * Cartomancie/Belline/29-Famille(var).js-- -- --171
3/31/2026 9:24:17 AM | * Cartomancie/Belline/29-Famille.css-- -- --1273
3/31/2026 9:24:17 AM | * Backup/Cartomancie/Belline/29-Famille.dat-- -- --279938
3/31/2026 9:24:17 AM | * Cartomancie/Belline/29-Famille.php-- -- --29508
3/31/2026 9:24:17 AM | * Cartomancie/Belline/30-Amor(var).js-- -- --171
3/31/2026 9:24:17 AM | * Cartomancie/Belline/30-Amor.css-- -- --1274
3/31/2026 9:24:17 AM | * Backup/Cartomancie/Belline/30-Amor.dat-- -- --279927
3/31/2026 9:24:17 AM | * Cartomancie/Belline/30-Amor.php-- -- --29489
3/31/2026 9:24:17 AM | * Cartomancie/Belline/31-Table(var).js-- -- --171
3/31/2026 9:24:17 AM | * Cartomancie/Belline/31-Table.css-- -- --1273
3/31/2026 9:24:17 AM | * Backup/Cartomancie/Belline/31-Table.dat-- -- --279911
3/31/2026 9:24:17 AM | * Cartomancie/Belline/31-Table.php-- -- --29477
3/31/2026 9:24:17 AM | * Cartomancie/Belline/32-Passions(var).js-- -- --171
3/31/2026 9:24:17 AM | * Cartomancie/Belline/32-Passions.css-- -- --1274
3/31/2026 9:24:17 AM | * Backup/Cartomancie/Belline/32-Passions.dat-- -- --280315
3/31/2026 9:24:17 AM | * Cartomancie/Belline/32-Passions.php-- -- --29886
3/31/2026 9:24:17 AM | * Cartomancie/Belline/33-Mechancete(var).js-- -- --239
3/31/2026 9:24:17 AM | * Cartomancie/Belline/33-Mechancete.css-- -- --1327
3/31/2026 9:24:17 AM | * Backup/Cartomancie/Belline/33-Mechancete.dat-- -- --300869
3/31/2026 9:24:17 AM | * Cartomancie/Belline/33-Mechancete.php-- -- --29427
3/31/2026 9:24:17 AM | * Cartomancie/Belline/34-Proces(var).js-- -- --171
3/31/2026 9:24:17 AM | * Cartomancie/Belline/34-Proces.css-- -- --1274
3/31/2026 9:24:17 AM | * Backup/Cartomancie/Belline/34-Proces.dat-- -- --279877
3/31/2026 9:24:17 AM | * Cartomancie/Belline/34-Proces.php-- -- --29444
3/31/2026 9:24:17 AM | * Cartomancie/Belline/35-Despotisme(var).js-- -- --171
3/31/2026 9:24:17 AM | * Cartomancie/Belline/35-Despotisme.css-- -- --1274
3/31/2026 9:24:17 AM | * Backup/Cartomancie/Belline/35-Despotisme.dat-- -- --280035
3/31/2026 9:24:17 AM | * Cartomancie/Belline/35-Despotisme.php-- -- --29601
3/31/2026 9:24:17 AM | * Cartomancie/Belline/36-Ennemis(var).js-- -- --171
3/31/2026 9:24:17 AM | * Cartomancie/Belline/36-Ennemis.css-- -- --1273
3/31/2026 9:24:17 AM | * Backup/Cartomancie/Belline/36-Ennemis.dat-- -- --279975
3/31/2026 9:24:17 AM | * Cartomancie/Belline/36-Ennemis.php-- -- --29536
3/31/2026 9:24:17 AM | * Cartomancie/Belline/37-Pourparlers(var).js-- -- --171
3/31/2026 9:24:17 AM | * Cartomancie/Belline/37-Pourparlers.css-- -- --1274
3/31/2026 9:24:17 AM | * Backup/Cartomancie/Belline/37-Pourparlers.dat-- -- --280039
3/31/2026 9:24:17 AM | * Cartomancie/Belline/37-Pourparlers.php-- -- --29616
3/31/2026 9:24:17 AM | * Cartomancie/Belline/38-Feu(var).js-- -- --171
3/31/2026 9:24:17 AM | * Cartomancie/Belline/38-Feu.css-- -- --1273
3/31/2026 9:24:17 AM | * Backup/Cartomancie/Belline/38-Feu.dat-- -- --279964
3/31/2026 9:24:17 AM | * Cartomancie/Belline/38-Feu.php-- -- --29526
3/31/2026 9:24:17 AM | * Cartomancie/Belline/39-Accident(var).js-- -- --171
3/31/2026 9:24:17 AM | * Cartomancie/Belline/39-Accident.css-- -- --1273
3/31/2026 9:24:17 AM | * Backup/Cartomancie/Belline/39-Accident.dat-- -- --280116
3/31/2026 9:24:17 AM | * Cartomancie/Belline/39-Accident.php-- -- --29671
3/31/2026 9:24:17 AM | * Cartomancie/Belline/40-Appui(var).js-- -- --171
3/31/2026 9:24:17 AM | * Cartomancie/Belline/40-Appui.css-- -- --1274
3/31/2026 9:24:17 AM | * Backup/Cartomancie/Belline/40-Appui.dat-- -- --279893
3/31/2026 9:24:17 AM | * Cartomancie/Belline/40-Appui.php-- -- --29458
3/31/2026 9:24:17 AM | * Cartomancie/Belline/41-Beaute(var).js-- -- --171
3/31/2026 9:24:17 AM | * Cartomancie/Belline/41-Beaute.css-- -- --1273
3/31/2026 9:24:17 AM | * Backup/Cartomancie/Belline/41-Beaute.dat-- -- --279631
3/31/2026 9:24:17 AM | * Cartomancie/Belline/41-Beaute.php-- -- --29614
3/31/2026 9:24:17 AM | * Cartomancie/Belline/42-Heritage(var).js-- -- --171
3/31/2026 9:24:17 AM | * Cartomancie/Belline/42-Heritage.css-- -- --1273
3/31/2026 9:24:17 AM | * Backup/Cartomancie/Belline/42-Heritage.dat-- -- --279993
3/31/2026 9:24:17 AM | * Cartomancie/Belline/42-Heritage.php-- -- --29556
3/31/2026 9:24:17 AM | * Cartomancie/Belline/43-Sagesse(var).js-- -- --171
3/31/2026 9:24:17 AM | * Cartomancie/Belline/43-Sagesse.css-- -- --1273
3/31/2026 9:24:17 AM | * Backup/Cartomancie/Belline/43-Sagesse.dat-- -- --279985
3/31/2026 9:24:17 AM | * Cartomancie/Belline/43-Sagesse.php-- -- --29546
3/31/2026 9:24:17 AM | * Cartomancie/Belline/44-Renommee(var).js-- -- --171
3/31/2026 9:24:17 AM | * Cartomancie/Belline/44-Renommee.css-- -- --1273
3/31/2026 9:24:17 AM | * Backup/Cartomancie/Belline/44-Renommee.dat-- -- --279987
3/31/2026 9:24:17 AM | * Cartomancie/Belline/44-Renommee.php-- -- --29559
3/31/2026 9:24:17 AM | * Cartomancie/Belline/45-Hasard(var).js-- -- --171
3/31/2026 9:24:17 AM | * Cartomancie/Belline/45-Hasard.css-- -- --1273
3/31/2026 9:24:18 AM | * Backup/Cartomancie/Belline/45-Hasard.dat-- -- --279980
3/31/2026 9:24:18 AM | * Cartomancie/Belline/45-Hasard.php-- -- --29539
3/31/2026 9:24:18 AM | * Cartomancie/Belline/46-Bonheur(var).js-- -- --171
3/31/2026 9:24:18 AM | * Cartomancie/Belline/46-Bonheur.css-- -- --1273
3/31/2026 9:24:18 AM | * Backup/Cartomancie/Belline/46-Bonheur.dat-- -- --279841
3/31/2026 9:24:18 AM | * Cartomancie/Belline/46-Bonheur.php-- -- --29402
3/31/2026 9:24:18 AM | * Cartomancie/Belline/47-Infortune(var).js-- -- --171
3/31/2026 9:24:18 AM | * Cartomancie/Belline/47-Infortune.css-- -- --1273
3/31/2026 9:24:18 AM | * Backup/Cartomancie/Belline/47-Infortune.dat-- -- --280247
3/31/2026 9:24:18 AM | * Cartomancie/Belline/47-Infortune.php-- -- --29812
3/31/2026 9:24:18 AM | * Cartomancie/Belline/48-Sterilite(var).js-- -- --171
3/31/2026 9:24:18 AM | * Cartomancie/Belline/48-Sterilite.css-- -- --1274
3/31/2026 9:24:18 AM | * Backup/Cartomancie/Belline/48-Sterilite.dat-- -- --279957
3/31/2026 9:24:18 AM | * Cartomancie/Belline/48-Sterilite.php-- -- --29521
3/31/2026 9:24:18 AM | * Cartomancie/Belline/49-Fatalite(var).js-- -- --171
3/31/2026 9:24:18 AM | * Cartomancie/Belline/49-Fatalite.css-- -- --1274
3/31/2026 9:24:18 AM | * Backup/Cartomancie/Belline/49-Fatalite.dat-- -- --280152
3/31/2026 9:24:18 AM | * Cartomancie/Belline/49-Fatalite.php-- -- --29713
3/31/2026 9:24:18 AM | * Cartomancie/Belline/50-Grace(var).js-- -- --171
3/31/2026 9:24:18 AM | * Cartomancie/Belline/50-Grace.css-- -- --1273
3/31/2026 9:24:18 AM | * Backup/Cartomancie/Belline/50-Grace.dat-- -- --280181
3/31/2026 9:24:18 AM | * Cartomancie/Belline/50-Grace.php-- -- --29721
3/31/2026 9:24:18 AM | * Cartomancie/Belline/51-Ruine(var).js-- -- --171
3/31/2026 9:24:18 AM | * Cartomancie/Belline/51-Ruine.css-- -- --1273
3/31/2026 9:24:18 AM | * Backup/Cartomancie/Belline/51-Ruine.dat-- -- --280484
3/31/2026 9:24:18 AM | * Cartomancie/Belline/51-Ruine.php-- -- --30024
3/31/2026 9:24:18 AM | * Cartomancie/Belline/52-Retard(var).js-- -- --171
3/31/2026 9:24:18 AM | * Cartomancie/Belline/52-Retard.css-- -- --1273
3/31/2026 9:24:18 AM | * Backup/Cartomancie/Belline/52-Retard.dat-- -- --279609
3/31/2026 9:24:18 AM | * Cartomancie/Belline/52-Retard.php-- -- --29160
3/31/2026 9:24:18 AM | * Cartomancie/Belline/53-Cloitre(var).js-- -- --171
3/31/2026 9:24:18 AM | * Cartomancie/Belline/53-Cloitre.css-- -- --1273
3/31/2026 9:24:18 AM | * Backup/Cartomancie/Belline/53-Cloitre.dat-- -- --280211
3/31/2026 9:24:18 AM | * Cartomancie/Belline/53-Cloitre.php-- -- --29660
3/31/2026 9:24:18 AM | * Cartomancie/Belline/Accueil(var).js-- -- --171
3/31/2026 9:24:18 AM | * Cartomancie/Belline/Accueil.css-- -- --8991
3/31/2026 9:24:18 AM | * Backup/Cartomancie/Belline/Accueil.dat-- -- --2231345
3/31/2026 9:24:18 AM | * Cartomancie/Belline/Accueil.php-- -- --64133
3/31/2026 9:24:18 AM | * Cartomancie/Tarots/01-Fou(var).js-- -- --171
3/31/2026 9:24:18 AM | * Cartomancie/Tarots/01-Fou.css-- -- --1196
3/31/2026 9:24:18 AM | * Backup/Cartomancie/Tarots/01-Fou.dat-- -- --280291
3/31/2026 9:24:18 AM | * Cartomancie/Tarots/01-Fou.php-- -- --29908
3/31/2026 9:24:18 AM | * Cartomancie/Tarots/02-Bateleur(var).js-- -- --171
3/31/2026 9:24:18 AM | * Cartomancie/Tarots/02-Bateleur.css-- -- --1196
3/31/2026 9:24:18 AM | * Backup/Cartomancie/Tarots/02-Bateleur.dat-- -- --279867
3/31/2026 9:24:18 AM | * Cartomancie/Tarots/02-Bateleur.php-- -- --29496
3/31/2026 9:24:18 AM | * Cartomancie/Tarots/03-Papesse(var).js-- -- --171
3/31/2026 9:24:18 AM | * Cartomancie/Tarots/03-Papesse.css-- -- --1196
3/31/2026 9:24:18 AM | * Backup/Cartomancie/Tarots/03-Papesse.dat-- -- --280106
3/31/2026 9:24:18 AM | * Cartomancie/Tarots/03-Papesse.php-- -- --29722
3/31/2026 9:24:18 AM | * Cartomancie/Tarots/04-Imperatrice(var).js-- -- --171
3/31/2026 9:24:18 AM | * Cartomancie/Tarots/04-Imperatrice.css-- -- --1196
3/31/2026 9:24:18 AM | * Backup/Cartomancie/Tarots/04-Imperatrice.dat-- -- --280621
3/31/2026 9:24:18 AM | * Cartomancie/Tarots/04-Imperatrice.php-- -- --30254
3/31/2026 9:24:18 AM | * Cartomancie/Tarots/05-Empereur(var).js-- -- --171
3/31/2026 9:24:18 AM | * Cartomancie/Tarots/05-Empereur.css-- -- --1196
3/31/2026 9:24:18 AM | * Backup/Cartomancie/Tarots/05-Empereur.dat-- -- --280220
3/31/2026 9:24:18 AM | * Cartomancie/Tarots/05-Empereur.php-- -- --29847
3/31/2026 9:24:18 AM | * Cartomancie/Tarots/06-Pape(var).js-- -- --171
3/31/2026 9:24:18 AM | * Cartomancie/Tarots/06-Pape.css-- -- --1196
3/31/2026 9:24:18 AM | * Backup/Cartomancie/Tarots/06-Pape.dat-- -- --280416
3/31/2026 9:24:18 AM | * Cartomancie/Tarots/06-Pape.php-- -- --30018
3/31/2026 9:24:18 AM | * Cartomancie/Tarots/07-Amoureux(var).js-- -- --171
3/31/2026 9:24:18 AM | * Cartomancie/Tarots/07-Amoureux.css-- -- --1273
3/31/2026 9:24:18 AM | * Backup/Cartomancie/Tarots/07-Amoureux.dat-- -- --280313
3/31/2026 9:24:18 AM | * Cartomancie/Tarots/07-Amoureux.php-- -- --29843
3/31/2026 9:24:18 AM | * Cartomancie/Tarots/08-Chariot(var).js-- -- --171
3/31/2026 9:24:18 AM | * Cartomancie/Tarots/08-Chariot.css-- -- --1273
3/31/2026 9:24:18 AM | * Backup/Cartomancie/Tarots/08-Chariot.dat-- -- --280806
3/31/2026 9:24:18 AM | * Cartomancie/Tarots/08-Chariot.php-- -- --30264
3/31/2026 9:24:18 AM | * Cartomancie/Tarots/09-Justice(var).js-- -- --171
3/31/2026 9:24:18 AM | * Cartomancie/Tarots/09-Justice.css-- -- --1273
3/31/2026 9:24:18 AM | * Backup/Cartomancie/Tarots/09-Justice.dat-- -- --280704
3/31/2026 9:24:18 AM | * Cartomancie/Tarots/09-Justice.php-- -- --30240
3/31/2026 9:24:18 AM | * Cartomancie/Tarots/10-Hermite(var).js-- -- --171
3/31/2026 9:24:18 AM | * Cartomancie/Tarots/10-Hermite.css-- -- --1273
3/31/2026 9:24:18 AM | * Backup/Cartomancie/Tarots/10-Hermite.dat-- -- --280707
3/31/2026 9:24:18 AM | * Cartomancie/Tarots/10-Hermite.php-- -- --30235
3/31/2026 9:24:18 AM | * Cartomancie/Tarots/11-Roue(var).js-- -- --171
3/31/2026 9:24:18 AM | * Cartomancie/Tarots/11-Roue.css-- -- --1273
3/31/2026 9:24:18 AM | * Backup/Cartomancie/Tarots/11-Roue.dat-- -- --280292
3/31/2026 9:24:18 AM | * Cartomancie/Tarots/11-Roue.php-- -- --29806
3/31/2026 9:24:18 AM | * Cartomancie/Tarots/12-Force(var).js-- -- --171
3/31/2026 9:24:18 AM | * Cartomancie/Tarots/12-Force.css-- -- --1273
3/31/2026 9:24:18 AM | * Backup/Cartomancie/Tarots/12-Force.dat-- -- --280255
3/31/2026 9:24:18 AM | * Cartomancie/Tarots/12-Force.php-- -- --29675
3/31/2026 9:24:18 AM | * Cartomancie/Tarots/13-Pendu(var).js-- -- --171
3/31/2026 9:24:18 AM | * Cartomancie/Tarots/13-Pendu.css-- -- --1273
3/31/2026 9:24:18 AM | * Backup/Cartomancie/Tarots/13-Pendu.dat-- -- --280016
3/31/2026 9:24:18 AM | * Cartomancie/Tarots/13-Pendu.php-- -- --29927
3/31/2026 9:24:18 AM | * Cartomancie/Tarots/14-Mort(var).js-- -- --171
3/31/2026 9:24:18 AM | * Cartomancie/Tarots/14-Mort.css-- -- --1273
3/31/2026 9:24:18 AM | * Backup/Cartomancie/Tarots/14-Mort.dat-- -- --280203
3/31/2026 9:24:18 AM | * Cartomancie/Tarots/14-Mort.php-- -- --29725
3/31/2026 9:24:18 AM | * Cartomancie/Tarots/15-Temperance(var).js-- -- --171
3/31/2026 9:24:18 AM | * Cartomancie/Tarots/15-Temperance.css-- -- --1273
3/31/2026 9:24:18 AM | * Backup/Cartomancie/Tarots/15-Temperance.dat-- -- --279885
3/31/2026 9:24:18 AM | * Cartomancie/Tarots/15-Temperance.php-- -- --29860
3/31/2026 9:24:18 AM | * Cartomancie/Tarots/16-Diable(var).js-- -- --171
3/31/2026 9:24:18 AM | * Cartomancie/Tarots/16-Diable.css-- -- --1273
3/31/2026 9:24:18 AM | * Backup/Cartomancie/Tarots/16-Diable.dat-- -- --280349
3/31/2026 9:24:18 AM | * Cartomancie/Tarots/16-Diable.php-- -- --29866
3/31/2026 9:24:18 AM | * Cartomancie/Tarots/16-Maison-Dieu(var).js-- -- --171
3/31/2026 9:24:18 AM | * Cartomancie/Tarots/16-Maison-Dieu.css-- -- --1273
3/31/2026 9:24:18 AM | * Backup/Cartomancie/Tarots/16-Maison-Dieu.dat-- -- --280492
3/31/2026 9:24:18 AM | * Cartomancie/Tarots/16-Maison-Dieu.php-- -- --30019
3/31/2026 9:24:18 AM | * Cartomancie/Tarots/17-Etoile(var).js-- -- --171
3/31/2026 9:24:18 AM | * Cartomancie/Tarots/17-Etoile.css-- -- --1273
3/31/2026 9:24:18 AM | * Backup/Cartomancie/Tarots/17-Etoile.dat-- -- --280199
3/31/2026 9:24:18 AM | * Cartomancie/Tarots/17-Etoile.php-- -- --29724
3/31/2026 9:24:18 AM | * Cartomancie/Tarots/18-Lune(var).js-- -- --171
3/31/2026 9:24:18 AM | * Cartomancie/Tarots/18-Lune.css-- -- --1273
3/31/2026 9:24:18 AM | * Backup/Cartomancie/Tarots/18-Lune.dat-- -- --280626
3/31/2026 9:24:18 AM | * Cartomancie/Tarots/18-Lune.php-- -- --30139
3/31/2026 9:24:18 AM | * Cartomancie/Tarots/19-Soleil(var).js-- -- --171
3/31/2026 9:24:18 AM | * Cartomancie/Tarots/19-Soleil.css-- -- --1273
3/31/2026 9:24:18 AM | * Backup/Cartomancie/Tarots/19-Soleil.dat-- -- --280470
3/31/2026 9:24:18 AM | * Cartomancie/Tarots/19-Soleil.php-- -- --29987
3/31/2026 9:24:18 AM | * Cartomancie/Tarots/20-Jugement(var).js-- -- --171
3/31/2026 9:24:18 AM | * Cartomancie/Tarots/20-Jugement.css-- -- --1273
3/31/2026 9:24:18 AM | * Backup/Cartomancie/Tarots/20-Jugement.dat-- -- --280342
3/31/2026 9:24:18 AM | * Cartomancie/Tarots/20-Jugement.php-- -- --29863
3/31/2026 9:24:18 AM | * Cartomancie/Tarots/21-Monde(var).js-- -- --171
3/31/2026 9:24:18 AM | * Cartomancie/Tarots/21-Monde.css-- -- --1273
3/31/2026 9:24:18 AM | * Backup/Cartomancie/Tarots/21-Monde.dat-- -- --280289
3/31/2026 9:24:18 AM | * Cartomancie/Tarots/21-Monde.php-- -- --29804
3/31/2026 9:24:18 AM | * Cartomancie/Tarots/Accueil(var).js-- -- --171
3/31/2026 9:24:18 AM | * Cartomancie/Tarots/Accueil.css-- -- --3694
3/31/2026 9:24:18 AM | * Backup/Cartomancie/Tarots/Accueil.dat-- -- --916742
3/31/2026 9:24:18 AM | * Cartomancie/Tarots/Accueil.php-- -- --41688
3/31/2026 9:24:18 AM | * CGU/CGU(var).js-- -- --171
3/31/2026 9:24:18 AM | * CGU/CGU.css-- -- --1071
3/31/2026 9:24:18 AM | * Backup/CGU/CGU.dat-- -- --253879
3/31/2026 9:24:18 AM | * CGU/CGU.php-- -- --36443
3/31/2026 9:24:18 AM | * Chat/Echec(var).js-- -- --171
3/31/2026 9:24:18 AM | * Chat/Echec.css-- -- --940
3/31/2026 9:24:18 AM | * Backup/Chat/Echec.dat-- -- --219233
3/31/2026 9:24:18 AM | * Chat/Echec.php-- -- --27548
3/31/2026 9:24:18 AM | * Chat/Envoi(var).js-- -- --171
3/31/2026 9:24:18 AM | * Chat/Envoi.css-- -- --862
3/31/2026 9:24:18 AM | * Backup/Chat/Envoi.dat-- -- --191983
3/31/2026 9:24:18 AM | * Chat/Envoi.php-- -- --27315
3/31/2026 9:24:18 AM | * Chat/Formulaire(var).js-- -- --1103
3/31/2026 9:24:18 AM | * Chat/Formulaire(var).php-- -- --4015
3/31/2026 9:24:18 AM | * Chat/Formulaire.css-- -- --4727
3/31/2026 9:24:18 AM | * Backup/Chat/Formulaire.dat-- -- --1028781
3/31/2026 9:24:18 AM | * Chat/Formulaire.php-- -- --57943
3/31/2026 9:24:18 AM | * Coaching/Echec(var).js-- -- --103
3/31/2026 9:24:18 AM | * Coaching/Echec.css-- -- --886
3/31/2026 9:24:18 AM | * Backup/Coaching/Echec.dat-- -- --194495
3/31/2026 9:24:18 AM | * Coaching/Echec.php-- -- --27552
3/31/2026 9:24:18 AM | * Coaching/Envoi(var).js-- -- --103
3/31/2026 9:24:18 AM | * Coaching/Envoi.css-- -- --809
3/31/2026 9:24:18 AM | * Backup/Coaching/Envoi.dat-- -- --167345
3/31/2026 9:24:18 AM | * Coaching/Envoi.php-- -- --27342
3/31/2026 9:24:18 AM | * Coaching/Formulaire(var).js-- -- --1111
3/31/2026 9:24:18 AM | * Coaching/Formulaire(var).php-- -- --2415
3/31/2026 9:24:18 AM | * Coaching/Formulaire.css-- -- --4502
3/31/2026 9:24:18 AM | * Files/Image/Accueil/Sans titre.png-- -- --26708
3/31/2026 9:24:18 AM | * Backup/Coaching/Formulaire.dat-- -- --951516
3/31/2026 9:24:18 AM | * Coaching/Formulaire.php-- -- --57314
3/31/2026 9:24:18 AM | * Domicile/Echec(var).js-- -- --171
3/31/2026 9:24:18 AM | * Domicile/Echec.css-- -- --939
3/31/2026 9:24:18 AM | * Backup/Domicile/Echec.dat-- -- --219255
3/31/2026 9:24:18 AM | * Domicile/Echec.php-- -- --27584
3/31/2026 9:24:18 AM | * Domicile/Envoi(var).js-- -- --171
3/31/2026 9:24:18 AM | * Domicile/Envoi.css-- -- --862
3/31/2026 9:24:18 AM | * Backup/Domicile/Envoi.dat-- -- --191961
3/31/2026 9:24:18 AM | * Domicile/Envoi.php-- -- --27332
3/31/2026 9:24:18 AM | * Domicile/Formulaire(var).js-- -- --1111
3/31/2026 9:24:18 AM | * Domicile/Formulaire(var).php-- -- --3500
3/31/2026 9:24:18 AM | * Domicile/Formulaire.css-- -- --4503
3/31/2026 9:24:18 AM | * Backup/Domicile/Formulaire.dat-- -- --964289
3/31/2026 9:24:18 AM | * Domicile/Formulaire.php-- -- --57050
3/31/2026 9:24:18 AM | * Dons/Dons(var).js-- -- --171
3/31/2026 9:24:18 AM | * Dons/Dons.css-- -- --1370
3/31/2026 9:24:18 AM | * Files/Image/Accueil/Tirelire.png-- -- --45001
3/31/2026 9:24:18 AM | * WEFiles/Image/WEImage/Tirelire-WE0be2e931ef.png-- -- --16896
3/31/2026 9:24:18 AM | * Files/Image/Accueil/Wero.jpeg-- -- --15284
3/31/2026 9:24:18 AM | * Backup/Dons/Dons.dat-- -- --301773
3/31/2026 9:24:18 AM | * Dons/Dons.php-- -- --31463
3/31/2026 9:24:18 AM | * Gratuite/Echec(var).js-- -- --171
3/31/2026 9:24:18 AM | * Gratuite/Echec.css-- -- --939
3/31/2026 9:24:18 AM | * Backup/Gratuite/Echec.dat-- -- --217170
3/31/2026 9:24:18 AM | * Gratuite/Echec.php-- -- --27558
3/31/2026 9:24:18 AM | * Gratuite/Envoi(var).js-- -- --171
3/31/2026 9:24:18 AM | * Gratuite/Envoi.css-- -- --862
3/31/2026 9:24:18 AM | * Backup/Gratuite/Envoi.dat-- -- --191958
3/31/2026 9:24:18 AM | * Gratuite/Envoi.php-- -- --26914
3/31/2026 9:24:18 AM | * Gratuite/Formulaire(var).js-- -- --1147
3/31/2026 9:24:18 AM | * Gratuite/Formulaire(var).php-- -- --3811
3/31/2026 9:24:18 AM | * Gratuite/Formulaire.css-- -- --5037
3/31/2026 9:24:18 AM | * Backup/Gratuite/Formulaire.dat-- -- --1024152
3/31/2026 9:24:18 AM | * Gratuite/Formulaire.php-- -- --58209
3/31/2026 9:24:18 AM | * Magie/Echec(var).js-- -- --171
3/31/2026 9:24:18 AM | * Magie/Echec.css-- -- --939
3/31/2026 9:24:18 AM | * Backup/Magie/Echec.dat-- -- --217230
3/31/2026 9:24:18 AM | * Magie/Echec.php-- -- --27602
3/31/2026 9:24:18 AM | * Magie/Envoi(var).js-- -- --171
3/31/2026 9:24:18 AM | * Magie/Envoi.css-- -- --862
3/31/2026 9:24:18 AM | * Backup/Magie/Envoi.dat-- -- --190135
3/31/2026 9:24:18 AM | * Magie/Envoi.php-- -- --27385
3/31/2026 9:24:18 AM | * Magie/Formulaire(var).js-- -- --1133
3/31/2026 9:24:18 AM | * Magie/Formulaire(var).php-- -- --5375
3/31/2026 9:24:18 AM | * Magie/Formulaire.css-- -- --4658
3/31/2026 9:24:18 AM | * WEFiles/Image/WEImage/Bougies-WE6404adb17f.png-- -- --14673
3/31/2026 9:24:18 AM | * Backup/Magie/Formulaire.dat-- -- --1039414
3/31/2026 9:24:18 AM | * Magie/Formulaire.php-- -- --61233
3/31/2026 9:24:18 AM | * Mail/Echec(var).js-- -- --103
3/31/2026 9:24:18 AM | * Mail/Echec.css-- -- --887
3/31/2026 9:24:18 AM | * Backup/Mail/Echec.dat-- -- --194547
3/31/2026 9:24:18 AM | * Mail/Echec.php-- -- --27537
3/31/2026 9:24:18 AM | * Mail/Envoi(var).js-- -- --103
3/31/2026 9:24:18 AM | * Mail/Envoi.css-- -- --809
3/31/2026 9:24:18 AM | * Backup/Mail/Envoi.dat-- -- --167293
3/31/2026 9:24:18 AM | * Mail/Envoi.php-- -- --27410
3/31/2026 9:24:18 AM | * Mail/Formulaire(var).js-- -- --1103
3/31/2026 9:24:18 AM | * Mail/Formulaire(var).php-- -- --2242
3/31/2026 9:24:18 AM | * Mail/Formulaire.css-- -- --4265
3/31/2026 9:24:18 AM | * Backup/Mail/Formulaire.dat-- -- --808946
3/31/2026 9:24:18 AM | * Mail/Formulaire.php-- -- --49765
3/31/2026 9:24:18 AM | * Methodes/Accueil(var).js-- -- --171
3/31/2026 9:24:18 AM | * Methodes/Accueil.css-- -- --1721
3/31/2026 9:24:18 AM | * Backup/Methodes/Accueil.dat-- -- --450606
3/31/2026 9:24:18 AM | * Methodes/Accueil.php-- -- --42434
3/31/2026 9:24:18 AM | * Methodes/Croix(var).js-- -- --171
3/31/2026 9:24:18 AM | * Methodes/Croix.css-- -- --3694
3/31/2026 9:24:18 AM | * Backup/Methodes/Croix.dat-- -- --950261
3/31/2026 9:24:18 AM | * Methodes/Croix.php-- -- --51038
3/31/2026 9:24:18 AM | * Methodes/Ligne(var).js-- -- --171
3/31/2026 9:24:18 AM | * Methodes/Ligne.css-- -- --3890
3/31/2026 9:24:18 AM | * Backup/Methodes/Ligne.dat-- -- --995125
3/31/2026 9:24:18 AM | * Methodes/Ligne.php-- -- --58989
3/31/2026 9:24:18 AM | * Methodes/Pyramide(var).js-- -- --171
3/31/2026 9:24:18 AM | * Methodes/Pyramide.css-- -- --2041
3/31/2026 9:24:18 AM | * Backup/Methodes/Pyramide.dat-- -- --484415
3/31/2026 9:24:18 AM | * Methodes/Pyramide.php-- -- --44924
3/31/2026 9:24:18 AM | * Paiement/Paiement_accepte(var).js-- -- --171
3/31/2026 9:24:18 AM | * Paiement/Paiement_accepte.css-- -- --862
3/31/2026 9:24:18 AM | * Backup/Paiement/Paiement_accepte.dat-- -- --190008
3/31/2026 9:24:18 AM | * Paiement/Paiement_accepte.php-- -- --27473
3/31/2026 9:24:18 AM | * Paiement/Paiement_avorte(var).js-- -- --171
3/31/2026 9:24:18 AM | * Paiement/Paiement_avorte.css-- -- --862
3/31/2026 9:24:18 AM | * Backup/Paiement/Paiement_avorte.dat-- -- --189611
3/31/2026 9:24:18 AM | * Paiement/Paiement_avorte.php-- -- --27064
3/31/2026 9:24:18 AM | * Partenaires/Partenaires(var).js-- -- --103
3/31/2026 9:24:18 AM | * Partenaires/Partenaires.css-- -- --702
3/31/2026 9:24:18 AM | * Backup/Partenaires/Partenaires.dat-- -- --174611
3/31/2026 9:24:18 AM | * Partenaires/Partenaires.php-- -- --27346
3/31/2026 9:24:18 AM | * Planetes/Accueil(var).js-- -- --171
3/31/2026 9:24:18 AM | * Planetes/Accueil.css-- -- --3106
3/31/2026 9:24:18 AM | * Files/Image/Accueil/Bouton bleu.png-- -- --165577
3/31/2026 9:24:18 AM | * Backup/Planetes/Accueil.dat-- -- --814070
3/31/2026 9:24:18 AM | * Planetes/Accueil.php-- -- --40588
3/31/2026 9:24:18 AM | * Planetes/Jupiter(var).js-- -- --171
3/31/2026 9:24:18 AM | * Planetes/Jupiter.css-- -- --1182
3/31/2026 9:24:18 AM | * Backup/Planetes/Jupiter.dat-- -- --280107
3/31/2026 9:24:18 AM | * Planetes/Jupiter.php-- -- --30246
3/31/2026 9:24:18 AM | * Planetes/Lune(var).js-- -- --239
3/31/2026 9:24:18 AM | * Planetes/Lune.css-- -- --1236
3/31/2026 9:24:18 AM | * Backup/Planetes/Lune.dat-- -- --301576
3/31/2026 9:24:18 AM | * Planetes/Lune.php-- -- --30725
3/31/2026 9:24:18 AM | * Planetes/Mars(var).js-- -- --239
3/31/2026 9:24:18 AM | * Planetes/Mars.css-- -- --1236
3/31/2026 9:24:18 AM | * Backup/Planetes/Mars.dat-- -- --301227
3/31/2026 9:24:18 AM | * Planetes/Mars.php-- -- --30376
3/31/2026 9:24:18 AM | * Planetes/Mercure(var).js-- -- --239
3/31/2026 9:24:18 AM | * Planetes/Mercure.css-- -- --1236
3/31/2026 9:24:18 AM | * Backup/Planetes/Mercure.dat-- -- --302019
3/31/2026 9:24:18 AM | * Planetes/Mercure.php-- -- --31157
3/31/2026 9:24:18 AM | * Planetes/Neptune(var).js-- -- --239
3/31/2026 9:24:18 AM | * Planetes/Neptune.css-- -- --1236
3/31/2026 9:24:18 AM | * Backup/Planetes/Neptune.dat-- -- --301299
3/31/2026 9:24:18 AM | * Planetes/Neptune.php-- -- --30450
3/31/2026 9:24:18 AM | * Planetes/Pluton(var).js-- -- --239
3/31/2026 9:24:18 AM | * Planetes/Pluton.css-- -- --1236
3/31/2026 9:24:18 AM | * Backup/Planetes/Pluton.dat-- -- --301229
3/31/2026 9:24:18 AM | * Planetes/Pluton.php-- -- --30382
3/31/2026 9:24:18 AM | * Planetes/Saturne(var).js-- -- --239
3/31/2026 9:24:18 AM | * Planetes/Saturne.css-- -- --1250
3/31/2026 9:24:18 AM | * Backup/Planetes/Saturne.dat-- -- --303313
3/31/2026 9:24:18 AM | * Planetes/Saturne.php-- -- --30411
3/31/2026 9:24:19 AM | * Planetes/Soleil(var).js-- -- --239
3/31/2026 9:24:19 AM | * Planetes/Soleil.css-- -- --1251
3/31/2026 9:24:19 AM | * Backup/Planetes/Soleil.dat-- -- --304680
3/31/2026 9:24:19 AM | * Planetes/Soleil.php-- -- --30094
3/31/2026 9:24:19 AM | * Planetes/Uranus(var).js-- -- --239
3/31/2026 9:24:19 AM | * Planetes/Uranus.css-- -- --1251
3/31/2026 9:24:19 AM | * Backup/Planetes/Uranus.dat-- -- --304436
3/31/2026 9:24:19 AM | * Planetes/Uranus.php-- -- --29808
3/31/2026 9:24:19 AM | * Planetes/Venus(var).js-- -- --239
3/31/2026 9:24:19 AM | * Planetes/Venus.css-- -- --1251
3/31/2026 9:24:19 AM | * Backup/Planetes/Venus.dat-- -- --305077
3/31/2026 9:24:19 AM | * Planetes/Venus.php-- -- --30455
3/31/2026 9:24:19 AM | * Tchat/errors.txt-- -- --0
3/31/2026 9:24:19 AM | * index(var).js-- -- --171
3/31/2026 9:24:19 AM | * index.css-- -- --1265
3/31/2026 9:24:19 AM | * Backup/index.dat-- -- --310429
3/31/2026 9:24:19 AM | * index.php-- -- --38066
3/31/2026 9:24:19 AM | * Templates/Base.css-- -- --4482
3/31/2026 9:24:19 AM | * Templates/Base.php-- -- --25640
3/31/2026 9:24:19 AM | * Backup/Templates/Base.tdat-- -- --1009415
3/31/2026 9:24:19 AM | * sitemap.xml-- -- --27422
3/31/2026 9:24:19 AM | * robots.txt-- -- --39
3/31/2026 9:24:19 AM | * Backup/Belline net.ope-- -- --3598
3/31/2026 9:24:21 AM | 
3/31/2026 9:24:21 AM | 
--------------------------------Phase 1 Terminé--------------------------------
3/31/2026 9:24:21 AM | 

3/31/2026 9:46:49 AM | Debut Mise en ligne différentielle (Site):
3/31/2026 9:47:05 AM | Listing terminé :
3/31/2026 9:47:05 AM | 

3/31/2026 9:47:05 AM | * Tchat-- -- --Folder create
3/31/2026 9:47:05 AM | * Tchat/widgets-- -- --Folder create
3/31/2026 9:47:05 AM | * Tchat/templates-- -- --Folder create
3/31/2026 9:47:05 AM | * Tchat/stickers-- -- --Folder create
3/31/2026 9:47:05 AM | * Tchat/stickers/Stickers-- -- --Folder create
3/31/2026 9:47:05 AM | * Tchat/stickers/Deutsch-- -- --Folder create
3/31/2026 9:47:05 AM | * Tchat/splash-- -- --Folder create
3/31/2026 9:47:05 AM | * Tchat/lang-- -- --Folder create
3/31/2026 9:47:05 AM | * Tchat/install-- -- --Folder create
3/31/2026 9:47:05 AM | * Tchat/incl-- -- --Folder create
3/31/2026 9:47:05 AM | * Tchat/img-- -- --Folder create
3/31/2026 9:47:05 AM | * Tchat/backgrounds-- -- --Folder create
3/31/2026 9:47:05 AM | * Tchat/avatars-- -- --Folder create
3/31/2026 9:47:05 AM | * Tchat/attachments-- -- --Folder create
3/31/2026 9:47:05 AM | * Tchat/app-- -- --Folder create
3/31/2026 9:47:05 AM | * Tchat/admin-- -- --Folder create
3/31/2026 9:47:05 AM | * Tchat/admin/font-- -- --Folder create
3/31/2026 9:47:05 AM | * Planetes-- -- --Folder create
3/31/2026 9:47:05 AM | * Partenaires-- -- --Folder create
3/31/2026 9:47:05 AM | * Paiement-- -- --Folder create
3/31/2026 9:47:05 AM | * Online-- -- --Folder create
3/31/2026 9:47:05 AM | * Online/Templates-- -- --Folder create
3/31/2026 9:47:05 AM | * Methodes-- -- --Folder create
3/31/2026 9:47:05 AM | * Mail-- -- --Folder create
3/31/2026 9:47:05 AM | * Magie-- -- --Folder create
3/31/2026 9:47:05 AM | * Gratuite-- -- --Folder create
3/31/2026 9:47:05 AM | * Dons-- -- --Folder create
3/31/2026 9:47:05 AM | * Domicile-- -- --Folder create
3/31/2026 9:47:05 AM | * Coaching-- -- --Folder create
3/31/2026 9:47:05 AM | * Chat-- -- --Folder create
3/31/2026 9:47:05 AM | * CGU-- -- --Folder create
3/31/2026 9:47:05 AM | * Cartomancie-- -- --Folder create
3/31/2026 9:47:05 AM | * Cartomancie/Tarots-- -- --Folder create
3/31/2026 9:47:05 AM | * Cartomancie/Belline-- -- --Folder create
3/31/2026 9:47:05 AM | * Cartomancie/32-cartes-- -- --Folder create
3/31/2026 9:47:05 AM | * Cartomancie/32-cartes/Trefle-- -- --Folder create
3/31/2026 9:47:05 AM | * Cartomancie/32-cartes/Pique-- -- --Folder create
3/31/2026 9:47:05 AM | * Cartomancie/32-cartes/Coeur-- -- --Folder create
3/31/2026 9:47:05 AM | * Cartomancie/32-cartes/Carreau-- -- --Folder create
3/31/2026 9:47:05 AM | * Admin-- -- --Folder create
3/31/2026 9:47:05 AM | * Admin/sounds-- -- --Folder create
3/31/2026 9:47:05 AM | * Backup-- -- --Folder create
3/31/2026 9:47:05 AM | * Templates-- -- --Folder create
3/31/2026 9:47:05 AM | * WEFiles-- -- --Folder create
3/31/2026 9:47:05 AM | * WEFiles/Image-- -- --Folder create
3/31/2026 9:47:05 AM | * WEFiles/Image/WEImage-- -- --Folder create
3/31/2026 9:47:05 AM | * Backup/.htaccess-- -- --33
3/31/2026 9:47:05 AM | * .htaccess-- -- --0
3/31/2026 9:47:05 AM | * Admin/status.css-- -- --0
3/31/2026 9:47:05 AM | * Cartomancie/32-cartes/Carreau/07(var).js-- -- --171
3/31/2026 9:47:05 AM | * Cartomancie/32-cartes/Carreau/07.css-- -- --1196
3/31/2026 9:47:05 AM | * Backup/Cartomancie/32-cartes/Carreau/07.dat-- -- --278255
3/31/2026 9:47:05 AM | * Cartomancie/32-cartes/Carreau/07.php-- -- --29568
3/31/2026 9:47:05 AM | * Cartomancie/32-cartes/Carreau/08(var).js-- -- --171
3/31/2026 9:47:05 AM | * Cartomancie/32-cartes/Carreau/08.css-- -- --1197
3/31/2026 9:47:05 AM | * Backup/Cartomancie/32-cartes/Carreau/08.dat-- -- --279331
3/31/2026 9:47:05 AM | * Cartomancie/32-cartes/Carreau/08.php-- -- --30436
3/31/2026 9:47:05 AM | * Cartomancie/32-cartes/Carreau/09(var).js-- -- --171
3/31/2026 9:47:05 AM | * Cartomancie/32-cartes/Carreau/09.css-- -- --1196
3/31/2026 9:47:05 AM | * Backup/Cartomancie/32-cartes/Carreau/09.dat-- -- --278001
3/31/2026 9:47:05 AM | * Cartomancie/32-cartes/Carreau/09.php-- -- --29222
3/31/2026 9:47:05 AM | * Cartomancie/32-cartes/Carreau/10(var).js-- -- --171
3/31/2026 9:47:05 AM | * Cartomancie/32-cartes/Carreau/10.css-- -- --1196
3/31/2026 9:47:05 AM | * Backup/Cartomancie/32-cartes/Carreau/10.dat-- -- --278674
3/31/2026 9:47:05 AM | * Cartomancie/32-cartes/Carreau/10.php-- -- --29837
3/31/2026 9:47:05 AM | * Cartomancie/32-cartes/Carreau/11-Valet(var).js-- -- --171
3/31/2026 9:47:05 AM | * Cartomancie/32-cartes/Carreau/11-Valet.css-- -- --1196
3/31/2026 9:47:05 AM | * Backup/Cartomancie/32-cartes/Carreau/11-Valet.dat-- -- --278866
3/31/2026 9:47:05 AM | * Cartomancie/32-cartes/Carreau/11-Valet.php-- -- --30094
3/31/2026 9:47:05 AM | * Cartomancie/32-cartes/Carreau/12-Dame(var).js-- -- --171
3/31/2026 9:47:05 AM | * Cartomancie/32-cartes/Carreau/12-Dame.css-- -- --1196
3/31/2026 9:47:05 AM | * Backup/Cartomancie/32-cartes/Carreau/12-Dame.dat-- -- --278208
3/31/2026 9:47:05 AM | * Cartomancie/32-cartes/Carreau/12-Dame.php-- -- --29748
3/31/2026 9:47:05 AM | * Cartomancie/32-cartes/Carreau/13-Roi(var).js-- -- --171
3/31/2026 9:47:05 AM | * Cartomancie/32-cartes/Carreau/13-Roi.css-- -- --1196
3/31/2026 9:47:05 AM | * Backup/Cartomancie/32-cartes/Carreau/13-Roi.dat-- -- --278606
3/31/2026 9:47:05 AM | * Cartomancie/32-cartes/Carreau/13-Roi.php-- -- --29828
3/31/2026 9:47:05 AM | * Cartomancie/32-cartes/Carreau/14-As(var).js-- -- --171
3/31/2026 9:47:06 AM | * Cartomancie/32-cartes/Carreau/14-As.css-- -- --1196
3/31/2026 9:47:06 AM | * Backup/Cartomancie/32-cartes/Carreau/14-As.dat-- -- --278139
3/31/2026 9:47:06 AM | * Cartomancie/32-cartes/Carreau/14-As.php-- -- --29664
3/31/2026 9:47:06 AM | * Cartomancie/32-cartes/Coeur/07(var).js-- -- --171
3/31/2026 9:47:06 AM | * Cartomancie/32-cartes/Coeur/07.css-- -- --1196
3/31/2026 9:47:06 AM | * Backup/Cartomancie/32-cartes/Coeur/07.dat-- -- --277977
3/31/2026 9:47:06 AM | * Cartomancie/32-cartes/Coeur/07.php-- -- --29597
3/31/2026 9:47:06 AM | * Cartomancie/32-cartes/Coeur/08(var).js-- -- --171
3/31/2026 9:47:06 AM | * Cartomancie/32-cartes/Coeur/08.css-- -- --1196
3/31/2026 9:47:06 AM | * Backup/Cartomancie/32-cartes/Coeur/08.dat-- -- --277840
3/31/2026 9:47:06 AM | * Cartomancie/32-cartes/Coeur/08.php-- -- --29450
3/31/2026 9:47:06 AM | * Cartomancie/32-cartes/Coeur/09(var).js-- -- --171
3/31/2026 9:47:06 AM | * Cartomancie/32-cartes/Coeur/09.css-- -- --1196
3/31/2026 9:47:06 AM | * Backup/Cartomancie/32-cartes/Coeur/09.dat-- -- --277886
3/31/2026 9:47:06 AM | * Cartomancie/32-cartes/Coeur/09.php-- -- --29496
3/31/2026 9:47:06 AM | * Cartomancie/32-cartes/Coeur/10(var).js-- -- --171
3/31/2026 9:47:06 AM | * Cartomancie/32-cartes/Coeur/10.css-- -- --1211
3/31/2026 9:47:06 AM | * Backup/Cartomancie/32-cartes/Coeur/10.dat-- -- --284142
3/31/2026 9:47:06 AM | * Cartomancie/32-cartes/Coeur/10.php-- -- --30167
3/31/2026 9:47:06 AM | * Cartomancie/32-cartes/Coeur/11-Valet(var).js-- -- --171
3/31/2026 9:47:06 AM | * Cartomancie/32-cartes/Coeur/11-Valet.css-- -- --1196
3/31/2026 9:47:06 AM | * Backup/Cartomancie/32-cartes/Coeur/11-Valet.dat-- -- --278378
3/31/2026 9:47:06 AM | * Cartomancie/32-cartes/Coeur/11-Valet.php-- -- --30006
3/31/2026 9:47:06 AM | * Cartomancie/32-cartes/Coeur/12-Dame(var).js-- -- --171
3/31/2026 9:47:06 AM | * Cartomancie/32-cartes/Coeur/12-Dame.css-- -- --1196
3/31/2026 9:47:06 AM | * Backup/Cartomancie/32-cartes/Coeur/12-Dame.dat-- -- --277992
3/31/2026 9:47:06 AM | * Cartomancie/32-cartes/Coeur/12-Dame.php-- -- --29617
3/31/2026 9:47:06 AM | * Cartomancie/32-cartes/Coeur/13-Roi(var).js-- -- --103
3/31/2026 9:47:06 AM | * Cartomancie/32-cartes/Coeur/13-Roi.css-- -- --1143
3/31/2026 9:47:06 AM | * Backup/Cartomancie/32-cartes/Coeur/13-Roi.dat-- -- --255713
3/31/2026 9:47:06 AM | * Cartomancie/32-cartes/Coeur/13-Roi.php-- -- --30009
3/31/2026 9:47:06 AM | * Cartomancie/32-cartes/Coeur/14-As(var).js-- -- --103
3/31/2026 9:47:06 AM | * Cartomancie/32-cartes/Coeur/14-As.css-- -- --1143
3/31/2026 9:47:06 AM | * Backup/Cartomancie/32-cartes/Coeur/14-As.dat-- -- --255095
3/31/2026 9:47:06 AM | * Cartomancie/32-cartes/Coeur/14-As.php-- -- --29405
3/31/2026 9:47:06 AM | * Cartomancie/32-cartes/Pique/07(var).js-- -- --239
3/31/2026 9:47:06 AM | * Cartomancie/32-cartes/Pique/07.css-- -- --1249
3/31/2026 9:47:06 AM | * Backup/Cartomancie/32-cartes/Pique/07.dat-- -- --299014
3/31/2026 9:47:06 AM | * Cartomancie/32-cartes/Pique/07.php-- -- --29649
3/31/2026 9:47:06 AM | * Cartomancie/32-cartes/Pique/08(var).js-- -- --171
3/31/2026 9:47:06 AM | * Cartomancie/32-cartes/Pique/08.css-- -- --1196
3/31/2026 9:47:06 AM | * Backup/Cartomancie/32-cartes/Pique/08.dat-- -- --280450
3/31/2026 9:47:06 AM | * Cartomancie/32-cartes/Pique/08.php-- -- --30240
3/31/2026 9:47:06 AM | * Cartomancie/32-cartes/Pique/09(var).js-- -- --171
3/31/2026 9:47:06 AM | * Cartomancie/32-cartes/Pique/09.css-- -- --1196
3/31/2026 9:47:06 AM | * Backup/Cartomancie/32-cartes/Pique/09.dat-- -- --278107
3/31/2026 9:47:06 AM | * Cartomancie/32-cartes/Pique/09.php-- -- --29794
3/31/2026 9:47:06 AM | * Cartomancie/32-cartes/Pique/10(var).js-- -- --171
3/31/2026 9:47:06 AM | * Cartomancie/32-cartes/Pique/10.css-- -- --1196
3/31/2026 9:47:06 AM | * Backup/Cartomancie/32-cartes/Pique/10.dat-- -- --277812
3/31/2026 9:47:06 AM | * Cartomancie/32-cartes/Pique/10.php-- -- --29469
3/31/2026 9:47:06 AM | * Cartomancie/32-cartes/Pique/11-Valet(var).js-- -- --171
3/31/2026 9:47:06 AM | * Cartomancie/32-cartes/Pique/11-Valet.css-- -- --1197
3/31/2026 9:47:06 AM | * Backup/Cartomancie/32-cartes/Pique/11-Valet.dat-- -- --278041
3/31/2026 9:47:06 AM | * Cartomancie/32-cartes/Pique/11-Valet.php-- -- --29620
3/31/2026 9:47:06 AM | * Cartomancie/32-cartes/Pique/12-Dame(var).js-- -- --171
3/31/2026 9:47:06 AM | * Cartomancie/32-cartes/Pique/12-Dame.css-- -- --1197
3/31/2026 9:47:06 AM | * Backup/Cartomancie/32-cartes/Pique/12-Dame.dat-- -- --278107
3/31/2026 9:47:06 AM | * Cartomancie/32-cartes/Pique/12-Dame.php-- -- --29778
3/31/2026 9:47:06 AM | * Cartomancie/32-cartes/Pique/13-Roi(var).js-- -- --171
3/31/2026 9:47:06 AM | * Cartomancie/32-cartes/Pique/13-Roi.css-- -- --1196
3/31/2026 9:47:06 AM | * Backup/Cartomancie/32-cartes/Pique/13-Roi.dat-- -- --278324
3/31/2026 9:47:06 AM | * Cartomancie/32-cartes/Pique/13-Roi.php-- -- --29989
3/31/2026 9:47:06 AM | * Cartomancie/32-cartes/Pique/14-As(var).js-- -- --103
3/31/2026 9:47:06 AM | * Cartomancie/32-cartes/Pique/14-As.css-- -- --1143
3/31/2026 9:47:06 AM | * Backup/Cartomancie/32-cartes/Pique/14-As.dat-- -- --255319
3/31/2026 9:47:06 AM | * Cartomancie/32-cartes/Pique/14-As.php-- -- --29613
3/31/2026 9:47:06 AM | * Cartomancie/32-cartes/Trefle/07(var).js-- -- --171
3/31/2026 9:47:06 AM | * Cartomancie/32-cartes/Trefle/07.css-- -- --1274
3/31/2026 9:47:06 AM | * Backup/Cartomancie/32-cartes/Trefle/07.dat-- -- --278687
3/31/2026 9:47:06 AM | * Cartomancie/32-cartes/Trefle/07.php-- -- --30273
3/31/2026 9:47:06 AM | * Cartomancie/32-cartes/Trefle/08(var).js-- -- --171
3/31/2026 9:47:06 AM | * Cartomancie/32-cartes/Trefle/08.css-- -- --1273
3/31/2026 9:47:06 AM | * Backup/Cartomancie/32-cartes/Trefle/08.dat-- -- --278708
3/31/2026 9:47:06 AM | * Cartomancie/32-cartes/Trefle/08.php-- -- --30286
3/31/2026 9:47:06 AM | * Cartomancie/32-cartes/Trefle/09(var).js-- -- --171
3/31/2026 9:47:06 AM | * Cartomancie/32-cartes/Trefle/09.css-- -- --1274
3/31/2026 9:47:06 AM | * Backup/Cartomancie/32-cartes/Trefle/09.dat-- -- --278085
3/31/2026 9:47:06 AM | * Cartomancie/32-cartes/Trefle/09.php-- -- --29662
3/31/2026 9:47:06 AM | * Cartomancie/32-cartes/Trefle/10(var).js-- -- --171
3/31/2026 9:47:06 AM | * Cartomancie/32-cartes/Trefle/10.css-- -- --1274
3/31/2026 9:47:06 AM | * Backup/Cartomancie/32-cartes/Trefle/10.dat-- -- --278158
3/31/2026 9:47:06 AM | * Cartomancie/32-cartes/Trefle/10.php-- -- --29735
3/31/2026 9:47:06 AM | * Cartomancie/32-cartes/Trefle/11-Valet(var).js-- -- --171
3/31/2026 9:47:06 AM | * Cartomancie/32-cartes/Trefle/11-Valet.css-- -- --1273
3/31/2026 9:47:06 AM | * Backup/Cartomancie/32-cartes/Trefle/11-Valet.dat-- -- --278318
3/31/2026 9:47:06 AM | * Cartomancie/32-cartes/Trefle/11-Valet.php-- -- --29818
3/31/2026 9:47:06 AM | * Cartomancie/32-cartes/Trefle/12-Dame(var).js-- -- --171
3/31/2026 9:47:06 AM | * Cartomancie/32-cartes/Trefle/12-Dame.css-- -- --1273
3/31/2026 9:47:06 AM | * Backup/Cartomancie/32-cartes/Trefle/12-Dame.dat-- -- --278052
3/31/2026 9:47:06 AM | * Cartomancie/32-cartes/Trefle/12-Dame.php-- -- --29645
3/31/2026 9:47:06 AM | * Cartomancie/32-cartes/Trefle/13-Roi(var).js-- -- --171
3/31/2026 9:47:06 AM | * Cartomancie/32-cartes/Trefle/13-Roi.css-- -- --1274
3/31/2026 9:47:06 AM | * Backup/Cartomancie/32-cartes/Trefle/13-Roi.dat-- -- --277772
3/31/2026 9:47:06 AM | * Cartomancie/32-cartes/Trefle/13-Roi.php-- -- --29361
3/31/2026 9:47:06 AM | * Cartomancie/32-cartes/Trefle/14-As(var).js-- -- --171
3/31/2026 9:47:06 AM | * Cartomancie/32-cartes/Trefle/14-As.css-- -- --1273
3/31/2026 9:47:06 AM | * Backup/Cartomancie/32-cartes/Trefle/14-As.dat-- -- --277993
3/31/2026 9:47:06 AM | * Cartomancie/32-cartes/Trefle/14-As.php-- -- --29580
3/31/2026 9:47:06 AM | * Cartomancie/32-cartes/Accueil(var).js-- -- --171
3/31/2026 9:47:06 AM | * Cartomancie/32-cartes/Accueil.css-- -- --5807
3/31/2026 9:47:06 AM | * Backup/Cartomancie/32-cartes/Accueil.dat-- -- --1364076
3/31/2026 9:47:06 AM | * Cartomancie/32-cartes/Accueil.php-- -- --50671
3/31/2026 9:47:06 AM | * Cartomancie/Belline/01-Bleu(var).js-- -- --171
3/31/2026 9:47:06 AM | * Cartomancie/Belline/01-Bleu.css-- -- --1273
3/31/2026 9:47:06 AM | * Backup/Cartomancie/Belline/01-Bleu.dat-- -- --279654
3/31/2026 9:47:06 AM | * Cartomancie/Belline/01-Bleu.php-- -- --29173
3/31/2026 9:47:06 AM | * Cartomancie/Belline/02-Destinee(var).js-- -- --171
3/31/2026 9:47:06 AM | * Cartomancie/Belline/02-Destinee.css-- -- --1273
3/31/2026 9:47:06 AM | * Backup/Cartomancie/Belline/02-Destinee.dat-- -- --279978
3/31/2026 9:47:06 AM | * Cartomancie/Belline/02-Destinee.php-- -- --29509
3/31/2026 9:47:06 AM | * Cartomancie/Belline/03-Homme(var).js-- -- --171
3/31/2026 9:47:06 AM | * Cartomancie/Belline/03-Homme.css-- -- --1273
3/31/2026 9:47:06 AM | * Backup/Cartomancie/Belline/03-Homme.dat-- -- --280150
3/31/2026 9:47:06 AM | * Cartomancie/Belline/03-Homme.php-- -- --29658
3/31/2026 9:47:06 AM | * Cartomancie/Belline/04-Femme(var).js-- -- --171
3/31/2026 9:47:06 AM | * Cartomancie/Belline/04-Femme.css-- -- --1273
3/31/2026 9:47:06 AM | * Backup/Cartomancie/Belline/04-Femme.dat-- -- --279747
3/31/2026 9:47:06 AM | * Cartomancie/Belline/04-Femme.php-- -- --29251
3/31/2026 9:47:06 AM | * Cartomancie/Belline/05-Nativite(var).js-- -- --171
3/31/2026 9:47:06 AM | * Cartomancie/Belline/05-Nativite.css-- -- --1273
3/31/2026 9:47:06 AM | * Backup/Cartomancie/Belline/05-Nativite.dat-- -- --279982
3/31/2026 9:47:06 AM | * Cartomancie/Belline/05-Nativite.php-- -- --29520
3/31/2026 9:47:06 AM | * Cartomancie/Belline/06-Reussite(var).js-- -- --171
3/31/2026 9:47:06 AM | * Cartomancie/Belline/06-Reussite.css-- -- --1273
3/31/2026 9:47:06 AM | * Backup/Cartomancie/Belline/06-Reussite.dat-- -- --280176
3/31/2026 9:47:06 AM | * Cartomancie/Belline/06-Reussite.php-- -- --29714
3/31/2026 9:47:06 AM | * Cartomancie/Belline/07-Elevation(var).js-- -- --171
3/31/2026 9:47:06 AM | * Cartomancie/Belline/07-Elevation.css-- -- --1273
3/31/2026 9:47:06 AM | * Backup/Cartomancie/Belline/07-Elevation.dat-- -- --280229
3/31/2026 9:47:06 AM | * Cartomancie/Belline/07-Elevation.php-- -- --29653
3/31/2026 9:47:06 AM | * Cartomancie/Belline/08-Honneurs(var).js-- -- --171
3/31/2026 9:47:06 AM | * Cartomancie/Belline/08-Honneurs.css-- -- --1274
3/31/2026 9:47:06 AM | * Backup/Cartomancie/Belline/08-Honneurs.dat-- -- --280084
3/31/2026 9:47:06 AM | * Cartomancie/Belline/08-Honneurs.php-- -- --29647
3/31/2026 9:47:06 AM | * Cartomancie/Belline/09-Pensee(var).js-- -- --171
3/31/2026 9:47:06 AM | * Cartomancie/Belline/09-Pensee.css-- -- --1273
3/31/2026 9:47:06 AM | * Backup/Cartomancie/Belline/09-Pensee.dat-- -- --280209
3/31/2026 9:47:06 AM | * Cartomancie/Belline/09-Pensee.php-- -- --29731
3/31/2026 9:47:06 AM | * Cartomancie/Belline/10-Campagne(var).js-- -- --171
3/31/2026 9:47:06 AM | * Cartomancie/Belline/10-Campagne.css-- -- --1273
3/31/2026 9:47:06 AM | * Backup/Cartomancie/Belline/10-Campagne.dat-- -- --280048
3/31/2026 9:47:06 AM | * Cartomancie/Belline/10-Campagne.php-- -- --29621
3/31/2026 9:47:06 AM | * Cartomancie/Belline/11-Presents(var).js-- -- --171
3/31/2026 9:47:06 AM | * Cartomancie/Belline/11-Presents.css-- -- --1274
3/31/2026 9:47:06 AM | * Backup/Cartomancie/Belline/11-Presents.dat-- -- --280077
3/31/2026 9:47:06 AM | * Cartomancie/Belline/11-Presents.php-- -- --29643
3/31/2026 9:47:06 AM | * Cartomancie/Belline/12-Trahison(var).js-- -- --171
3/31/2026 9:47:06 AM | * Cartomancie/Belline/12-Trahison.css-- -- --1273
3/31/2026 9:47:06 AM | * Backup/Cartomancie/Belline/12-Trahison.dat-- -- --280094
3/31/2026 9:47:06 AM | * Cartomancie/Belline/12-Trahison.php-- -- --29649
3/31/2026 9:47:06 AM | * Cartomancie/Belline/13-Depart(var).js-- -- --171
3/31/2026 9:47:06 AM | * Cartomancie/Belline/13-Depart.css-- -- --1273
3/31/2026 9:47:06 AM | * Backup/Cartomancie/Belline/13-Depart.dat-- -- --279976
3/31/2026 9:47:06 AM | * Cartomancie/Belline/13-Depart.php-- -- --29518
3/31/2026 9:47:06 AM | * Cartomancie/Belline/14-Inconstance(var).js-- -- --171
3/31/2026 9:47:06 AM | * Cartomancie/Belline/14-Inconstance.css-- -- --1274
3/31/2026 9:47:06 AM | * Backup/Cartomancie/Belline/14-Inconstance.dat-- -- --280408
3/31/2026 9:47:06 AM | * Cartomancie/Belline/14-Inconstance.php-- -- --29881
3/31/2026 9:47:06 AM | * Cartomancie/Belline/15-Decouverte(var).js-- -- --171
3/31/2026 9:47:06 AM | * Cartomancie/Belline/15-Decouverte.css-- -- --1274
3/31/2026 9:47:06 AM | * Backup/Cartomancie/Belline/15-Decouverte.dat-- -- --280622
3/31/2026 9:47:06 AM | * Cartomancie/Belline/15-Decouverte.php-- -- --30197
3/31/2026 9:47:06 AM | * Cartomancie/Belline/16-Eau(var).js-- -- --171
3/31/2026 9:47:06 AM | * Cartomancie/Belline/16-Eau.css-- -- --1273
3/31/2026 9:47:06 AM | * Backup/Cartomancie/Belline/16-Eau.dat-- -- --280114
3/31/2026 9:47:06 AM | * Cartomancie/Belline/16-Eau.php-- -- --29650
3/31/2026 9:47:06 AM | * Cartomancie/Belline/17-Penates(var).js-- -- --171
3/31/2026 9:47:06 AM | * Cartomancie/Belline/17-Penates.css-- -- --1273
3/31/2026 9:47:06 AM | * Backup/Cartomancie/Belline/17-Penates.dat-- -- --280286
3/31/2026 9:47:06 AM | * Cartomancie/Belline/17-Penates.php-- -- --29830
3/31/2026 9:47:06 AM | * Cartomancie/Belline/18-Maladie(var).js-- -- --171
3/31/2026 9:47:06 AM | * Cartomancie/Belline/18-Maladie.css-- -- --1273
3/31/2026 9:47:06 AM | * Backup/Cartomancie/Belline/18-Maladie.dat-- -- --279957
3/31/2026 9:47:06 AM | * Cartomancie/Belline/18-Maladie.php-- -- --29501
3/31/2026 9:47:06 AM | * Cartomancie/Belline/19-Changement(var).js-- -- --171
3/31/2026 9:47:06 AM | * Cartomancie/Belline/19-Changement.css-- -- --1273
3/31/2026 9:47:06 AM | * Backup/Cartomancie/Belline/19-Changement.dat-- -- --280222
3/31/2026 9:47:06 AM | * Cartomancie/Belline/19-Changement.php-- -- --29789
3/31/2026 9:47:06 AM | * Cartomancie/Belline/20-Argent(var).js-- -- --171
3/31/2026 9:47:06 AM | * Cartomancie/Belline/20-Argent.css-- -- --1273
3/31/2026 9:47:06 AM | * Backup/Cartomancie/Belline/20-Argent.dat-- -- --279817
3/31/2026 9:47:06 AM | * Cartomancie/Belline/20-Argent.php-- -- --29376
3/31/2026 9:47:06 AM | * Cartomancie/Belline/21-Intelligence(var).js-- -- --171
3/31/2026 9:47:06 AM | * Cartomancie/Belline/21-Intelligence.css-- -- --1273
3/31/2026 9:47:06 AM | * Backup/Cartomancie/Belline/21-Intelligence.dat-- -- --280278
3/31/2026 9:47:06 AM | * Cartomancie/Belline/21-Intelligence.php-- -- --29849
3/31/2026 9:47:06 AM | * Cartomancie/Belline/22-Vol(var).js-- -- --171
3/31/2026 9:47:06 AM | * Cartomancie/Belline/22-Vol.css-- -- --1273
3/31/2026 9:47:06 AM | * Backup/Cartomancie/Belline/22-Vol.dat-- -- --279559
3/31/2026 9:47:06 AM | * Cartomancie/Belline/22-Vol.php-- -- --29536
3/31/2026 9:47:06 AM | * Cartomancie/Belline/23-Entreprises(var).js-- -- --171
3/31/2026 9:47:06 AM | * Cartomancie/Belline/23-Entreprises.css-- -- --1273
3/31/2026 9:47:06 AM | * Backup/Cartomancie/Belline/23-Entreprises.dat-- -- --278196
3/31/2026 9:47:06 AM | * Cartomancie/Belline/23-Entreprises.php-- -- --29545
3/31/2026 9:47:06 AM | * Cartomancie/Belline/24-Trafic(var).js-- -- --171
3/31/2026 9:47:06 AM | * Cartomancie/Belline/24-Trafic.css-- -- --1273
3/31/2026 9:47:06 AM | * Backup/Cartomancie/Belline/24-Trafic.dat-- -- --279945
3/31/2026 9:47:06 AM | * Cartomancie/Belline/24-Trafic.php-- -- --29504
3/31/2026 9:47:06 AM | * Cartomancie/Belline/25-Nouvelle(var).js-- -- --171
3/31/2026 9:47:06 AM | * Cartomancie/Belline/25-Nouvelle.css-- -- --1273
3/31/2026 9:47:06 AM | * Backup/Cartomancie/Belline/25-Nouvelle.dat-- -- --279647
3/31/2026 9:47:06 AM | * Cartomancie/Belline/25-Nouvelle.php-- -- --29219
3/31/2026 9:47:06 AM | * Cartomancie/Belline/26-Plaisirs(var).js-- -- --171
3/31/2026 9:47:06 AM | * Cartomancie/Belline/26-Plaisirs.css-- -- --1274
3/31/2026 9:47:06 AM | * Backup/Cartomancie/Belline/26-Plaisirs.dat-- -- --279850
3/31/2026 9:47:06 AM | * Cartomancie/Belline/26-Plaisirs.php-- -- --29421
3/31/2026 9:47:06 AM | * Cartomancie/Belline/27-Paix(var).js-- -- --171
3/31/2026 9:47:06 AM | * Cartomancie/Belline/27-Paix.css-- -- --1273
3/31/2026 9:47:06 AM | * Backup/Cartomancie/Belline/27-Paix.dat-- -- --280334
3/31/2026 9:47:06 AM | * Cartomancie/Belline/27-Paix.php-- -- --29898
3/31/2026 9:47:06 AM | * Cartomancie/Belline/28-Union(var).js-- -- --171
3/31/2026 9:47:06 AM | * Cartomancie/Belline/28-Union.css-- -- --1273
3/31/2026 9:47:06 AM | * Backup/Cartomancie/Belline/28-Union.dat-- -- --279827
3/31/2026 9:47:06 AM | * Cartomancie/Belline/28-Union.php-- -- --29363
3/31/2026 9:47:06 AM | * Cartomancie/Belline/29-Famille(var).js-- -- --171
3/31/2026 9:47:06 AM | * Cartomancie/Belline/29-Famille.css-- -- --1273
3/31/2026 9:47:06 AM | * Backup/Cartomancie/Belline/29-Famille.dat-- -- --279938
3/31/2026 9:47:06 AM | * Cartomancie/Belline/29-Famille.php-- -- --29508
3/31/2026 9:47:06 AM | * Cartomancie/Belline/30-Amor(var).js-- -- --171
3/31/2026 9:47:06 AM | * Cartomancie/Belline/30-Amor.css-- -- --1274
3/31/2026 9:47:06 AM | * Backup/Cartomancie/Belline/30-Amor.dat-- -- --279927
3/31/2026 9:47:06 AM | * Cartomancie/Belline/30-Amor.php-- -- --29489
3/31/2026 9:47:06 AM | * Cartomancie/Belline/31-Table(var).js-- -- --171
3/31/2026 9:47:06 AM | * Cartomancie/Belline/31-Table.css-- -- --1273
3/31/2026 9:47:06 AM | * Backup/Cartomancie/Belline/31-Table.dat-- -- --279911
3/31/2026 9:47:06 AM | * Cartomancie/Belline/31-Table.php-- -- --29477
3/31/2026 9:47:06 AM | * Cartomancie/Belline/32-Passions(var).js-- -- --171
3/31/2026 9:47:06 AM | * Cartomancie/Belline/32-Passions.css-- -- --1274
3/31/2026 9:47:06 AM | * Backup/Cartomancie/Belline/32-Passions.dat-- -- --280315
3/31/2026 9:47:06 AM | * Cartomancie/Belline/32-Passions.php-- -- --29886
3/31/2026 9:47:06 AM | * Cartomancie/Belline/33-Mechancete(var).js-- -- --239
3/31/2026 9:47:06 AM | * Cartomancie/Belline/33-Mechancete.css-- -- --1327
3/31/2026 9:47:06 AM | * Backup/Cartomancie/Belline/33-Mechancete.dat-- -- --300869
3/31/2026 9:47:06 AM | * Cartomancie/Belline/33-Mechancete.php-- -- --29427
3/31/2026 9:47:06 AM | * Cartomancie/Belline/34-Proces(var).js-- -- --171
3/31/2026 9:47:06 AM | * Cartomancie/Belline/34-Proces.css-- -- --1274
3/31/2026 9:47:06 AM | * Backup/Cartomancie/Belline/34-Proces.dat-- -- --279877
3/31/2026 9:47:06 AM | * Cartomancie/Belline/34-Proces.php-- -- --29444
3/31/2026 9:47:06 AM | * Cartomancie/Belline/35-Despotisme(var).js-- -- --171
3/31/2026 9:47:06 AM | * Cartomancie/Belline/35-Despotisme.css-- -- --1274
3/31/2026 9:47:06 AM | * Backup/Cartomancie/Belline/35-Despotisme.dat-- -- --280035
3/31/2026 9:47:06 AM | * Cartomancie/Belline/35-Despotisme.php-- -- --29601
3/31/2026 9:47:06 AM | * Cartomancie/Belline/36-Ennemis(var).js-- -- --171
3/31/2026 9:47:06 AM | * Cartomancie/Belline/36-Ennemis.css-- -- --1273
3/31/2026 9:47:06 AM | * Backup/Cartomancie/Belline/36-Ennemis.dat-- -- --279975
3/31/2026 9:47:06 AM | * Cartomancie/Belline/36-Ennemis.php-- -- --29536
3/31/2026 9:47:06 AM | * Cartomancie/Belline/37-Pourparlers(var).js-- -- --171
3/31/2026 9:47:06 AM | * Cartomancie/Belline/37-Pourparlers.css-- -- --1274
3/31/2026 9:47:06 AM | * Backup/Cartomancie/Belline/37-Pourparlers.dat-- -- --280039
3/31/2026 9:47:06 AM | * Cartomancie/Belline/37-Pourparlers.php-- -- --29616
3/31/2026 9:47:06 AM | * Cartomancie/Belline/38-Feu(var).js-- -- --171
3/31/2026 9:47:06 AM | * Cartomancie/Belline/38-Feu.css-- -- --1273
3/31/2026 9:47:06 AM | * Backup/Cartomancie/Belline/38-Feu.dat-- -- --279964
3/31/2026 9:47:06 AM | * Cartomancie/Belline/38-Feu.php-- -- --29526
3/31/2026 9:47:06 AM | * Cartomancie/Belline/39-Accident(var).js-- -- --171
3/31/2026 9:47:06 AM | * Cartomancie/Belline/39-Accident.css-- -- --1273
3/31/2026 9:47:06 AM | * Backup/Cartomancie/Belline/39-Accident.dat-- -- --280116
3/31/2026 9:47:06 AM | * Cartomancie/Belline/39-Accident.php-- -- --29671
3/31/2026 9:47:06 AM | * Cartomancie/Belline/40-Appui(var).js-- -- --171
3/31/2026 9:47:06 AM | * Cartomancie/Belline/40-Appui.css-- -- --1274
3/31/2026 9:47:06 AM | * Backup/Cartomancie/Belline/40-Appui.dat-- -- --279893
3/31/2026 9:47:06 AM | * Cartomancie/Belline/40-Appui.php-- -- --29458
3/31/2026 9:47:06 AM | * Cartomancie/Belline/41-Beaute(var).js-- -- --171
3/31/2026 9:47:06 AM | * Cartomancie/Belline/41-Beaute.css-- -- --1273
3/31/2026 9:47:06 AM | * Backup/Cartomancie/Belline/41-Beaute.dat-- -- --279631
3/31/2026 9:47:06 AM | * Cartomancie/Belline/41-Beaute.php-- -- --29614
3/31/2026 9:47:06 AM | * Cartomancie/Belline/42-Heritage(var).js-- -- --171
3/31/2026 9:47:06 AM | * Cartomancie/Belline/42-Heritage.css-- -- --1273
3/31/2026 9:47:06 AM | * Backup/Cartomancie/Belline/42-Heritage.dat-- -- --279993
3/31/2026 9:47:06 AM | * Cartomancie/Belline/42-Heritage.php-- -- --29556
3/31/2026 9:47:06 AM | * Cartomancie/Belline/43-Sagesse(var).js-- -- --171
3/31/2026 9:47:06 AM | * Cartomancie/Belline/43-Sagesse.css-- -- --1273
3/31/2026 9:47:06 AM | * Backup/Cartomancie/Belline/43-Sagesse.dat-- -- --279985
3/31/2026 9:47:06 AM | * Cartomancie/Belline/43-Sagesse.php-- -- --29546
3/31/2026 9:47:06 AM | * Cartomancie/Belline/44-Renommee(var).js-- -- --171
3/31/2026 9:47:06 AM | * Cartomancie/Belline/44-Renommee.css-- -- --1273
3/31/2026 9:47:06 AM | * Backup/Cartomancie/Belline/44-Renommee.dat-- -- --279987
3/31/2026 9:47:06 AM | * Cartomancie/Belline/44-Renommee.php-- -- --29559
3/31/2026 9:47:06 AM | * Cartomancie/Belline/45-Hasard(var).js-- -- --171
3/31/2026 9:47:06 AM | * Cartomancie/Belline/45-Hasard.css-- -- --1273
3/31/2026 9:47:06 AM | * Backup/Cartomancie/Belline/45-Hasard.dat-- -- --279980
3/31/2026 9:47:06 AM | * Cartomancie/Belline/45-Hasard.php-- -- --29539
3/31/2026 9:47:06 AM | * Cartomancie/Belline/46-Bonheur(var).js-- -- --171
3/31/2026 9:47:06 AM | * Cartomancie/Belline/46-Bonheur.css-- -- --1273
3/31/2026 9:47:06 AM | * Backup/Cartomancie/Belline/46-Bonheur.dat-- -- --279841
3/31/2026 9:47:06 AM | * Cartomancie/Belline/46-Bonheur.php-- -- --29402
3/31/2026 9:47:06 AM | * Cartomancie/Belline/47-Infortune(var).js-- -- --171
3/31/2026 9:47:06 AM | * Cartomancie/Belline/47-Infortune.css-- -- --1273
3/31/2026 9:47:07 AM | * Backup/Cartomancie/Belline/47-Infortune.dat-- -- --280247
3/31/2026 9:47:07 AM | * Cartomancie/Belline/47-Infortune.php-- -- --29812
3/31/2026 9:47:07 AM | * Cartomancie/Belline/48-Sterilite(var).js-- -- --171
3/31/2026 9:47:07 AM | * Cartomancie/Belline/48-Sterilite.css-- -- --1274
3/31/2026 9:47:07 AM | * Backup/Cartomancie/Belline/48-Sterilite.dat-- -- --279957
3/31/2026 9:47:07 AM | * Cartomancie/Belline/48-Sterilite.php-- -- --29521
3/31/2026 9:47:07 AM | * Cartomancie/Belline/49-Fatalite(var).js-- -- --171
3/31/2026 9:47:07 AM | * Cartomancie/Belline/49-Fatalite.css-- -- --1274
3/31/2026 9:47:07 AM | * Backup/Cartomancie/Belline/49-Fatalite.dat-- -- --280152
3/31/2026 9:47:07 AM | * Cartomancie/Belline/49-Fatalite.php-- -- --29713
3/31/2026 9:47:07 AM | * Cartomancie/Belline/50-Grace(var).js-- -- --171
3/31/2026 9:47:07 AM | * Cartomancie/Belline/50-Grace.css-- -- --1273
3/31/2026 9:47:07 AM | * Backup/Cartomancie/Belline/50-Grace.dat-- -- --280181
3/31/2026 9:47:07 AM | * Cartomancie/Belline/50-Grace.php-- -- --29721
3/31/2026 9:47:07 AM | * Cartomancie/Belline/51-Ruine(var).js-- -- --171
3/31/2026 9:47:07 AM | * Cartomancie/Belline/51-Ruine.css-- -- --1273
3/31/2026 9:47:07 AM | * Backup/Cartomancie/Belline/51-Ruine.dat-- -- --280484
3/31/2026 9:47:07 AM | * Cartomancie/Belline/51-Ruine.php-- -- --30024
3/31/2026 9:47:07 AM | * Cartomancie/Belline/52-Retard(var).js-- -- --171
3/31/2026 9:47:07 AM | * Cartomancie/Belline/52-Retard.css-- -- --1273
3/31/2026 9:47:07 AM | * Backup/Cartomancie/Belline/52-Retard.dat-- -- --279609
3/31/2026 9:47:07 AM | * Cartomancie/Belline/52-Retard.php-- -- --29160
3/31/2026 9:47:07 AM | * Cartomancie/Belline/53-Cloitre(var).js-- -- --171
3/31/2026 9:47:07 AM | * Cartomancie/Belline/53-Cloitre.css-- -- --1273
3/31/2026 9:47:07 AM | * Backup/Cartomancie/Belline/53-Cloitre.dat-- -- --280211
3/31/2026 9:47:07 AM | * Cartomancie/Belline/53-Cloitre.php-- -- --29660
3/31/2026 9:47:07 AM | * Cartomancie/Belline/Accueil(var).js-- -- --171
3/31/2026 9:47:07 AM | * Cartomancie/Belline/Accueil.css-- -- --8991
3/31/2026 9:47:07 AM | * Backup/Cartomancie/Belline/Accueil.dat-- -- --2231345
3/31/2026 9:47:07 AM | * Cartomancie/Belline/Accueil.php-- -- --64133
3/31/2026 9:47:07 AM | * Cartomancie/Tarots/01-Fou(var).js-- -- --171
3/31/2026 9:47:07 AM | * Cartomancie/Tarots/01-Fou.css-- -- --1196
3/31/2026 9:47:07 AM | * Backup/Cartomancie/Tarots/01-Fou.dat-- -- --280291
3/31/2026 9:47:07 AM | * Cartomancie/Tarots/01-Fou.php-- -- --29908
3/31/2026 9:47:07 AM | * Cartomancie/Tarots/02-Bateleur(var).js-- -- --171
3/31/2026 9:47:07 AM | * Cartomancie/Tarots/02-Bateleur.css-- -- --1196
3/31/2026 9:47:07 AM | * Backup/Cartomancie/Tarots/02-Bateleur.dat-- -- --279867
3/31/2026 9:47:07 AM | * Cartomancie/Tarots/02-Bateleur.php-- -- --29496
3/31/2026 9:47:07 AM | * Cartomancie/Tarots/03-Papesse(var).js-- -- --171
3/31/2026 9:47:07 AM | * Cartomancie/Tarots/03-Papesse.css-- -- --1196
3/31/2026 9:47:07 AM | * Backup/Cartomancie/Tarots/03-Papesse.dat-- -- --280106
3/31/2026 9:47:07 AM | * Cartomancie/Tarots/03-Papesse.php-- -- --29722
3/31/2026 9:47:07 AM | * Cartomancie/Tarots/04-Imperatrice(var).js-- -- --171
3/31/2026 9:47:07 AM | * Cartomancie/Tarots/04-Imperatrice.css-- -- --1196
3/31/2026 9:47:07 AM | * Backup/Cartomancie/Tarots/04-Imperatrice.dat-- -- --280621
3/31/2026 9:47:07 AM | * Cartomancie/Tarots/04-Imperatrice.php-- -- --30254
3/31/2026 9:47:07 AM | * Cartomancie/Tarots/05-Empereur(var).js-- -- --171
3/31/2026 9:47:07 AM | * Cartomancie/Tarots/05-Empereur.css-- -- --1196
3/31/2026 9:47:07 AM | * Backup/Cartomancie/Tarots/05-Empereur.dat-- -- --280220
3/31/2026 9:47:07 AM | * Cartomancie/Tarots/05-Empereur.php-- -- --29847
3/31/2026 9:47:07 AM | * Cartomancie/Tarots/06-Pape(var).js-- -- --171
3/31/2026 9:47:07 AM | * Cartomancie/Tarots/06-Pape.css-- -- --1196
3/31/2026 9:47:07 AM | * Backup/Cartomancie/Tarots/06-Pape.dat-- -- --280416
3/31/2026 9:47:07 AM | * Cartomancie/Tarots/06-Pape.php-- -- --30018
3/31/2026 9:47:07 AM | * Cartomancie/Tarots/07-Amoureux(var).js-- -- --171
3/31/2026 9:47:07 AM | * Cartomancie/Tarots/07-Amoureux.css-- -- --1273
3/31/2026 9:47:07 AM | * Backup/Cartomancie/Tarots/07-Amoureux.dat-- -- --280313
3/31/2026 9:47:07 AM | * Cartomancie/Tarots/07-Amoureux.php-- -- --29843
3/31/2026 9:47:07 AM | * Cartomancie/Tarots/08-Chariot(var).js-- -- --171
3/31/2026 9:47:07 AM | * Cartomancie/Tarots/08-Chariot.css-- -- --1273
3/31/2026 9:47:07 AM | * Backup/Cartomancie/Tarots/08-Chariot.dat-- -- --280806
3/31/2026 9:47:07 AM | * Cartomancie/Tarots/08-Chariot.php-- -- --30264
3/31/2026 9:47:07 AM | * Cartomancie/Tarots/09-Justice(var).js-- -- --171
3/31/2026 9:47:07 AM | * Cartomancie/Tarots/09-Justice.css-- -- --1273
3/31/2026 9:47:07 AM | * Backup/Cartomancie/Tarots/09-Justice.dat-- -- --280704
3/31/2026 9:47:07 AM | * Cartomancie/Tarots/09-Justice.php-- -- --30240
3/31/2026 9:47:07 AM | * Cartomancie/Tarots/10-Hermite(var).js-- -- --171
3/31/2026 9:47:07 AM | * Cartomancie/Tarots/10-Hermite.css-- -- --1273
3/31/2026 9:47:07 AM | * Backup/Cartomancie/Tarots/10-Hermite.dat-- -- --280707
3/31/2026 9:47:07 AM | * Cartomancie/Tarots/10-Hermite.php-- -- --30235
3/31/2026 9:47:07 AM | * Cartomancie/Tarots/11-Roue(var).js-- -- --171
3/31/2026 9:47:07 AM | * Cartomancie/Tarots/11-Roue.css-- -- --1273
3/31/2026 9:47:07 AM | * Backup/Cartomancie/Tarots/11-Roue.dat-- -- --280292
3/31/2026 9:47:07 AM | * Cartomancie/Tarots/11-Roue.php-- -- --29806
3/31/2026 9:47:07 AM | * Cartomancie/Tarots/12-Force(var).js-- -- --171
3/31/2026 9:47:07 AM | * Cartomancie/Tarots/12-Force.css-- -- --1273
3/31/2026 9:47:07 AM | * Backup/Cartomancie/Tarots/12-Force.dat-- -- --280255
3/31/2026 9:47:07 AM | * Cartomancie/Tarots/12-Force.php-- -- --29675
3/31/2026 9:47:07 AM | * Cartomancie/Tarots/13-Pendu(var).js-- -- --171
3/31/2026 9:47:07 AM | * Cartomancie/Tarots/13-Pendu.css-- -- --1273
3/31/2026 9:47:07 AM | * Backup/Cartomancie/Tarots/13-Pendu.dat-- -- --280016
3/31/2026 9:47:07 AM | * Cartomancie/Tarots/13-Pendu.php-- -- --29927
3/31/2026 9:47:07 AM | * Cartomancie/Tarots/14-Mort(var).js-- -- --171
3/31/2026 9:47:07 AM | * Cartomancie/Tarots/14-Mort.css-- -- --1273
3/31/2026 9:47:07 AM | * Backup/Cartomancie/Tarots/14-Mort.dat-- -- --280203
3/31/2026 9:47:07 AM | * Cartomancie/Tarots/14-Mort.php-- -- --29725
3/31/2026 9:47:07 AM | * Cartomancie/Tarots/15-Temperance(var).js-- -- --171
3/31/2026 9:47:07 AM | * Cartomancie/Tarots/15-Temperance.css-- -- --1273
3/31/2026 9:47:07 AM | * Backup/Cartomancie/Tarots/15-Temperance.dat-- -- --279885
3/31/2026 9:47:07 AM | * Cartomancie/Tarots/15-Temperance.php-- -- --29860
3/31/2026 9:47:07 AM | * Cartomancie/Tarots/16-Diable(var).js-- -- --171
3/31/2026 9:47:07 AM | * Cartomancie/Tarots/16-Diable.css-- -- --1273
3/31/2026 9:47:07 AM | * Backup/Cartomancie/Tarots/16-Diable.dat-- -- --280349
3/31/2026 9:47:07 AM | * Cartomancie/Tarots/16-Diable.php-- -- --29866
3/31/2026 9:47:07 AM | * Cartomancie/Tarots/16-Maison-Dieu(var).js-- -- --171
3/31/2026 9:47:07 AM | * Cartomancie/Tarots/16-Maison-Dieu.css-- -- --1273
3/31/2026 9:47:07 AM | * Backup/Cartomancie/Tarots/16-Maison-Dieu.dat-- -- --280492
3/31/2026 9:47:07 AM | * Cartomancie/Tarots/16-Maison-Dieu.php-- -- --30019
3/31/2026 9:47:07 AM | * Cartomancie/Tarots/17-Etoile(var).js-- -- --171
3/31/2026 9:47:07 AM | * Cartomancie/Tarots/17-Etoile.css-- -- --1273
3/31/2026 9:47:07 AM | * Backup/Cartomancie/Tarots/17-Etoile.dat-- -- --280199
3/31/2026 9:47:07 AM | * Cartomancie/Tarots/17-Etoile.php-- -- --29724
3/31/2026 9:47:07 AM | * Cartomancie/Tarots/18-Lune(var).js-- -- --171
3/31/2026 9:47:07 AM | * Cartomancie/Tarots/18-Lune.css-- -- --1273
3/31/2026 9:47:07 AM | * Backup/Cartomancie/Tarots/18-Lune.dat-- -- --280626
3/31/2026 9:47:07 AM | * Cartomancie/Tarots/18-Lune.php-- -- --30139
3/31/2026 9:47:07 AM | * Cartomancie/Tarots/19-Soleil(var).js-- -- --171
3/31/2026 9:47:07 AM | * Cartomancie/Tarots/19-Soleil.css-- -- --1273
3/31/2026 9:47:07 AM | * Backup/Cartomancie/Tarots/19-Soleil.dat-- -- --280470
3/31/2026 9:47:07 AM | * Cartomancie/Tarots/19-Soleil.php-- -- --29987
3/31/2026 9:47:07 AM | * Cartomancie/Tarots/20-Jugement(var).js-- -- --171
3/31/2026 9:47:07 AM | * Cartomancie/Tarots/20-Jugement.css-- -- --1273
3/31/2026 9:47:07 AM | * Backup/Cartomancie/Tarots/20-Jugement.dat-- -- --280342
3/31/2026 9:47:07 AM | * Cartomancie/Tarots/20-Jugement.php-- -- --29863
3/31/2026 9:47:07 AM | * Cartomancie/Tarots/21-Monde(var).js-- -- --171
3/31/2026 9:47:07 AM | * Cartomancie/Tarots/21-Monde.css-- -- --1273
3/31/2026 9:47:07 AM | * Backup/Cartomancie/Tarots/21-Monde.dat-- -- --280289
3/31/2026 9:47:07 AM | * Cartomancie/Tarots/21-Monde.php-- -- --29804
3/31/2026 9:47:07 AM | * Cartomancie/Tarots/Accueil(var).js-- -- --171
3/31/2026 9:47:07 AM | * Cartomancie/Tarots/Accueil.css-- -- --3694
3/31/2026 9:47:07 AM | * Backup/Cartomancie/Tarots/Accueil.dat-- -- --916742
3/31/2026 9:47:07 AM | * Cartomancie/Tarots/Accueil.php-- -- --41688
3/31/2026 9:47:07 AM | * CGU/CGU(var).js-- -- --171
3/31/2026 9:47:07 AM | * CGU/CGU.css-- -- --1071
3/31/2026 9:47:07 AM | * Backup/CGU/CGU.dat-- -- --253879
3/31/2026 9:47:07 AM | * CGU/CGU.php-- -- --36443
3/31/2026 9:47:07 AM | * Chat/Echec(var).js-- -- --171
3/31/2026 9:47:07 AM | * Chat/Echec.css-- -- --940
3/31/2026 9:47:07 AM | * WEFiles/Image/WEImage/Gauche-WE208f1ef3b4.png-- -- --3021
3/31/2026 9:47:07 AM | * Backup/Chat/Echec.dat-- -- --219199
3/31/2026 9:47:07 AM | * Chat/Echec.php-- -- --27548
3/31/2026 9:47:07 AM | * Chat/Envoi(var).js-- -- --171
3/31/2026 9:47:07 AM | * Chat/Envoi.css-- -- --862
3/31/2026 9:47:07 AM | * WEFiles/Image/WEImage/Accueil-WE9d16150a25.png-- -- --4859
3/31/2026 9:47:07 AM | * Backup/Chat/Envoi.dat-- -- --191949
3/31/2026 9:47:07 AM | * Chat/Envoi.php-- -- --27315
3/31/2026 9:47:07 AM | * Chat/Formulaire(var).js-- -- --1103
3/31/2026 9:47:07 AM | * Chat/Formulaire(var).php-- -- --4015
3/31/2026 9:47:07 AM | * Chat/Formulaire.css-- -- --4727
3/31/2026 9:47:07 AM | * WEFiles/Image/WEImage/Gauche-WE63c617e524.png-- -- --3021
3/31/2026 9:47:07 AM | * WEFiles/Image/WEImage/Droite-WE5de40c5582.png-- -- --2975
3/31/2026 9:47:07 AM | * Backup/Chat/Formulaire.dat-- -- --1028764
3/31/2026 9:47:07 AM | * Chat/Formulaire.php-- -- --57943
3/31/2026 9:47:07 AM | * Coaching/Echec(var).js-- -- --103
3/31/2026 9:47:07 AM | * Coaching/Echec.css-- -- --886
3/31/2026 9:47:07 AM | * Backup/Coaching/Echec.dat-- -- --194495
3/31/2026 9:47:07 AM | * Coaching/Echec.php-- -- --27552
3/31/2026 9:47:07 AM | * Coaching/Envoi(var).js-- -- --103
3/31/2026 9:47:07 AM | * Coaching/Envoi.css-- -- --809
3/31/2026 9:47:07 AM | * Backup/Coaching/Envoi.dat-- -- --167345
3/31/2026 9:47:07 AM | * Coaching/Envoi.php-- -- --27342
3/31/2026 9:47:07 AM | * Coaching/Formulaire(var).js-- -- --1111
3/31/2026 9:47:07 AM | * Coaching/Formulaire(var).php-- -- --2415
3/31/2026 9:47:07 AM | * Coaching/Formulaire.css-- -- --4502
3/31/2026 9:47:07 AM | * Backup/Coaching/Formulaire.dat-- -- --951516
3/31/2026 9:47:07 AM | * Coaching/Formulaire.php-- -- --57314
3/31/2026 9:47:07 AM | * Domicile/Echec(var).js-- -- --171
3/31/2026 9:47:07 AM | * Domicile/Echec.css-- -- --939
3/31/2026 9:47:07 AM | * Backup/Domicile/Echec.dat-- -- --219255
3/31/2026 9:47:07 AM | * Domicile/Echec.php-- -- --27584
3/31/2026 9:47:07 AM | * Domicile/Envoi(var).js-- -- --171
3/31/2026 9:47:07 AM | * Domicile/Envoi.css-- -- --862
3/31/2026 9:47:07 AM | * Backup/Domicile/Envoi.dat-- -- --191961
3/31/2026 9:47:07 AM | * Domicile/Envoi.php-- -- --27332
3/31/2026 9:47:07 AM | * Domicile/Formulaire(var).js-- -- --1111
3/31/2026 9:47:07 AM | * Domicile/Formulaire(var).php-- -- --3500
3/31/2026 9:47:07 AM | * Domicile/Formulaire.css-- -- --4503
3/31/2026 9:47:07 AM | * Backup/Domicile/Formulaire.dat-- -- --964289
3/31/2026 9:47:07 AM | * Domicile/Formulaire.php-- -- --57050
3/31/2026 9:47:07 AM | * Dons/Dons(var).js-- -- --171
3/31/2026 9:47:07 AM | * Dons/Dons.css-- -- --1370
3/31/2026 9:47:07 AM | * Backup/Dons/Dons.dat-- -- --301790
3/31/2026 9:47:07 AM | * Dons/Dons.php-- -- --31463
3/31/2026 9:47:07 AM | * Gratuite/Echec(var).js-- -- --171
3/31/2026 9:47:07 AM | * Gratuite/Echec.css-- -- --939
3/31/2026 9:47:07 AM | * Backup/Gratuite/Echec.dat-- -- --217170
3/31/2026 9:47:07 AM | * Gratuite/Echec.php-- -- --27558
3/31/2026 9:47:07 AM | * Gratuite/Envoi(var).js-- -- --171
3/31/2026 9:47:07 AM | * Gratuite/Envoi.css-- -- --862
3/31/2026 9:47:07 AM | * Backup/Gratuite/Envoi.dat-- -- --191958
3/31/2026 9:47:07 AM | * Gratuite/Envoi.php-- -- --26914
3/31/2026 9:47:07 AM | * Gratuite/Formulaire(var).js-- -- --1147
3/31/2026 9:47:07 AM | * Gratuite/Formulaire(var).php-- -- --3811
3/31/2026 9:47:07 AM | * Gratuite/Formulaire.css-- -- --5037
3/31/2026 9:47:07 AM | * Backup/Gratuite/Formulaire.dat-- -- --1024152
3/31/2026 9:47:07 AM | * Gratuite/Formulaire.php-- -- --58209
3/31/2026 9:47:07 AM | * Magie/Echec(var).js-- -- --171
3/31/2026 9:47:07 AM | * Magie/Echec.css-- -- --939
3/31/2026 9:47:07 AM | * Backup/Magie/Echec.dat-- -- --217230
3/31/2026 9:47:07 AM | * Magie/Echec.php-- -- --27602
3/31/2026 9:47:07 AM | * Magie/Envoi(var).js-- -- --171
3/31/2026 9:47:07 AM | * Magie/Envoi.css-- -- --862
3/31/2026 9:47:07 AM | * Backup/Magie/Envoi.dat-- -- --190135
3/31/2026 9:47:07 AM | * Magie/Envoi.php-- -- --27385
3/31/2026 9:47:07 AM | * Magie/Formulaire(var).js-- -- --1133
3/31/2026 9:47:07 AM | * Magie/Formulaire(var).php-- -- --5375
3/31/2026 9:47:07 AM | * Magie/Formulaire.css-- -- --4658
3/31/2026 9:47:07 AM | * Backup/Magie/Formulaire.dat-- -- --1039431
3/31/2026 9:47:07 AM | * Magie/Formulaire.php-- -- --61233
3/31/2026 9:47:07 AM | * Mail/Echec(var).js-- -- --103
3/31/2026 9:47:07 AM | * Mail/Echec.css-- -- --887
3/31/2026 9:47:07 AM | * Backup/Mail/Echec.dat-- -- --194547
3/31/2026 9:47:07 AM | * Mail/Echec.php-- -- --27537
3/31/2026 9:47:07 AM | * Mail/Envoi(var).js-- -- --103
3/31/2026 9:47:07 AM | * Mail/Envoi.css-- -- --809
3/31/2026 9:47:07 AM | * Backup/Mail/Envoi.dat-- -- --167293
3/31/2026 9:47:07 AM | * Mail/Envoi.php-- -- --27410
3/31/2026 9:47:07 AM | * Mail/Formulaire(var).js-- -- --1103
3/31/2026 9:47:07 AM | * Mail/Formulaire(var).php-- -- --2242
3/31/2026 9:47:07 AM | * Mail/Formulaire.css-- -- --4265
3/31/2026 9:47:07 AM | * WEFiles/Image/WEImage/Gauche-WE482069bf43.png-- -- --3021
3/31/2026 9:47:07 AM | * WEFiles/Image/WEImage/Droite-WE34d1b58196.png-- -- --2975
3/31/2026 9:47:07 AM | * Backup/Mail/Formulaire.dat-- -- --808929
3/31/2026 9:47:07 AM | * Mail/Formulaire.php-- -- --49765
3/31/2026 9:47:07 AM | * Methodes/Accueil(var).js-- -- --171
3/31/2026 9:47:07 AM | * Methodes/Accueil.css-- -- --1721
3/31/2026 9:47:07 AM | * Backup/Methodes/Accueil.dat-- -- --450606
3/31/2026 9:47:07 AM | * Methodes/Accueil.php-- -- --42434
3/31/2026 9:47:07 AM | * Methodes/Croix(var).js-- -- --171
3/31/2026 9:47:07 AM | * Methodes/Croix.css-- -- --3694
3/31/2026 9:47:07 AM | * Backup/Methodes/Croix.dat-- -- --950261
3/31/2026 9:47:07 AM | * Methodes/Croix.php-- -- --51038
3/31/2026 9:47:07 AM | * Methodes/Ligne(var).js-- -- --171
3/31/2026 9:47:07 AM | * Methodes/Ligne.css-- -- --3890
3/31/2026 9:47:07 AM | * Backup/Methodes/Ligne.dat-- -- --995125
3/31/2026 9:47:07 AM | * Methodes/Ligne.php-- -- --58989
3/31/2026 9:47:07 AM | * Methodes/Pyramide(var).js-- -- --171
3/31/2026 9:47:07 AM | * Methodes/Pyramide.css-- -- --2041
3/31/2026 9:47:07 AM | * Backup/Methodes/Pyramide.dat-- -- --484415
3/31/2026 9:47:07 AM | * Methodes/Pyramide.php-- -- --44924
3/31/2026 9:47:07 AM | * Paiement/Paiement_accepte(var).js-- -- --171
3/31/2026 9:47:07 AM | * Paiement/Paiement_accepte.css-- -- --862
3/31/2026 9:47:07 AM | * Backup/Paiement/Paiement_accepte.dat-- -- --190008
3/31/2026 9:47:07 AM | * Paiement/Paiement_accepte.php-- -- --27473
3/31/2026 9:47:07 AM | * Paiement/Paiement_avorte(var).js-- -- --171
3/31/2026 9:47:07 AM | * Paiement/Paiement_avorte.css-- -- --862
3/31/2026 9:47:07 AM | * Backup/Paiement/Paiement_avorte.dat-- -- --189611
3/31/2026 9:47:07 AM | * Paiement/Paiement_avorte.php-- -- --27064
3/31/2026 9:47:07 AM | * Partenaires/Partenaires(var).js-- -- --103
3/31/2026 9:47:07 AM | * Partenaires/Partenaires.css-- -- --702
3/31/2026 9:47:07 AM | * Backup/Partenaires/Partenaires.dat-- -- --174611
3/31/2026 9:47:07 AM | * Partenaires/Partenaires.php-- -- --27346
3/31/2026 9:47:07 AM | * Planetes/Accueil(var).js-- -- --171
3/31/2026 9:47:07 AM | * Planetes/Accueil.css-- -- --3106
3/31/2026 9:47:07 AM | * Backup/Planetes/Accueil.dat-- -- --814070
3/31/2026 9:47:07 AM | * Planetes/Accueil.php-- -- --40588
3/31/2026 9:47:07 AM | * Planetes/Jupiter(var).js-- -- --171
3/31/2026 9:47:07 AM | * Planetes/Jupiter.css-- -- --1182
3/31/2026 9:47:07 AM | * Backup/Planetes/Jupiter.dat-- -- --280107
3/31/2026 9:47:07 AM | * Planetes/Jupiter.php-- -- --30246
3/31/2026 9:47:07 AM | * Planetes/Lune(var).js-- -- --239
3/31/2026 9:47:07 AM | * Planetes/Lune.css-- -- --1236
3/31/2026 9:47:07 AM | * Backup/Planetes/Lune.dat-- -- --301576
3/31/2026 9:47:07 AM | * Planetes/Lune.php-- -- --30725
3/31/2026 9:47:07 AM | * Planetes/Mars(var).js-- -- --239
3/31/2026 9:47:07 AM | * Planetes/Mars.css-- -- --1236
3/31/2026 9:47:07 AM | * Backup/Planetes/Mars.dat-- -- --301227
3/31/2026 9:47:07 AM | * Planetes/Mars.php-- -- --30376
3/31/2026 9:47:07 AM | * Planetes/Mercure(var).js-- -- --239
3/31/2026 9:47:07 AM | * Planetes/Mercure.css-- -- --1236
3/31/2026 9:47:07 AM | * Backup/Planetes/Mercure.dat-- -- --302019
3/31/2026 9:47:07 AM | * Planetes/Mercure.php-- -- --31157
3/31/2026 9:47:07 AM | * Planetes/Neptune(var).js-- -- --239
3/31/2026 9:47:07 AM | * Planetes/Neptune.css-- -- --1236
3/31/2026 9:47:07 AM | * Backup/Planetes/Neptune.dat-- -- --301299
3/31/2026 9:47:07 AM | * Planetes/Neptune.php-- -- --30450
3/31/2026 9:47:07 AM | * Planetes/Pluton(var).js-- -- --239
3/31/2026 9:47:07 AM | * Planetes/Pluton.css-- -- --1236
3/31/2026 9:47:07 AM | * Backup/Planetes/Pluton.dat-- -- --301229
3/31/2026 9:47:07 AM | * Planetes/Pluton.php-- -- --30382
3/31/2026 9:47:07 AM | * Planetes/Saturne(var).js-- -- --239
3/31/2026 9:47:07 AM | * Planetes/Saturne.css-- -- --1250
3/31/2026 9:47:07 AM | * Backup/Planetes/Saturne.dat-- -- --303313
3/31/2026 9:47:07 AM | * Planetes/Saturne.php-- -- --30411
3/31/2026 9:47:07 AM | * Planetes/Soleil(var).js-- -- --239
3/31/2026 9:47:07 AM | * Planetes/Soleil.css-- -- --1251
3/31/2026 9:47:07 AM | * Backup/Planetes/Soleil.dat-- -- --304680
3/31/2026 9:47:07 AM | * Planetes/Soleil.php-- -- --30094
3/31/2026 9:47:07 AM | * Planetes/Uranus(var).js-- -- --239
3/31/2026 9:47:07 AM | * Planetes/Uranus.css-- -- --1251
3/31/2026 9:47:07 AM | * Backup/Planetes/Uranus.dat-- -- --304436
3/31/2026 9:47:07 AM | * Planetes/Uranus.php-- -- --29808
3/31/2026 9:47:07 AM | * Planetes/Venus(var).js-- -- --239
3/31/2026 9:47:07 AM | * Planetes/Venus.css-- -- --1251
3/31/2026 9:47:07 AM | * Backup/Planetes/Venus.dat-- -- --305077
3/31/2026 9:47:07 AM | * Planetes/Venus.php-- -- --30455
3/31/2026 9:47:07 AM | * Tchat/errors.txt-- -- --0
3/31/2026 9:47:07 AM | * index(var).js-- -- --171
3/31/2026 9:47:07 AM | * index.css-- -- --1265
3/31/2026 9:47:07 AM | * Backup/index.dat-- -- --310429
3/31/2026 9:47:07 AM | * index.php-- -- --38066
3/31/2026 9:47:07 AM | * Templates/Base.css-- -- --4482
3/31/2026 9:47:07 AM | * Templates/Base.php-- -- --25640
3/31/2026 9:47:07 AM | * Backup/Templates/Base.tdat-- -- --1009415
3/31/2026 9:47:07 AM | * sitemap.xml-- -- --27422
3/31/2026 9:47:07 AM | * robots.txt-- -- --39
3/31/2026 9:47:07 AM | * Backup/Belline net.ope-- -- --3598
3/31/2026 9:47:10 AM | 
3/31/2026 9:47:10 AM | 
--------------------------------Phase 1 Terminé--------------------------------
3/31/2026 9:47:10 AM | 

3/31/2026 10:23:02 AM | Debut Mise en ligne différentielle (Site):
3/31/2026 10:23:18 AM | Listing terminé :
3/31/2026 10:23:18 AM | 

3/31/2026 10:23:18 AM | * Tchat-- -- --Folder create
3/31/2026 10:23:18 AM | * Tchat/widgets-- -- --Folder create
3/31/2026 10:23:18 AM | * Tchat/templates-- -- --Folder create
3/31/2026 10:23:18 AM | * Tchat/stickers-- -- --Folder create
3/31/2026 10:23:18 AM | * Tchat/stickers/Stickers-- -- --Folder create
3/31/2026 10:23:18 AM | * Tchat/stickers/Deutsch-- -- --Folder create
3/31/2026 10:23:18 AM | * Tchat/splash-- -- --Folder create
3/31/2026 10:23:18 AM | * Tchat/lang-- -- --Folder create
3/31/2026 10:23:18 AM | * Tchat/install-- -- --Folder create
3/31/2026 10:23:18 AM | * Tchat/incl-- -- --Folder create
3/31/2026 10:23:18 AM | * Tchat/img-- -- --Folder create
3/31/2026 10:23:18 AM | * Tchat/backgrounds-- -- --Folder create
3/31/2026 10:23:18 AM | * Tchat/avatars-- -- --Folder create
3/31/2026 10:23:18 AM | * Tchat/attachments-- -- --Folder create
3/31/2026 10:23:18 AM | * Tchat/app-- -- --Folder create
3/31/2026 10:23:18 AM | * Tchat/admin-- -- --Folder create
3/31/2026 10:23:18 AM | * Tchat/admin/font-- -- --Folder create
3/31/2026 10:23:18 AM | * Planetes-- -- --Folder create
3/31/2026 10:23:18 AM | * Partenaires-- -- --Folder create
3/31/2026 10:23:18 AM | * Paiement-- -- --Folder create
3/31/2026 10:23:18 AM | * Online-- -- --Folder create
3/31/2026 10:23:18 AM | * Online/Templates-- -- --Folder create
3/31/2026 10:23:18 AM | * Methodes-- -- --Folder create
3/31/2026 10:23:18 AM | * Mail-- -- --Folder create
3/31/2026 10:23:18 AM | * Magie-- -- --Folder create
3/31/2026 10:23:18 AM | * Gratuite-- -- --Folder create
3/31/2026 10:23:18 AM | * Dons-- -- --Folder create
3/31/2026 10:23:18 AM | * Domicile-- -- --Folder create
3/31/2026 10:23:18 AM | * Coaching-- -- --Folder create
3/31/2026 10:23:18 AM | * Chat-- -- --Folder create
3/31/2026 10:23:18 AM | * CGU-- -- --Folder create
3/31/2026 10:23:18 AM | * Cartomancie-- -- --Folder create
3/31/2026 10:23:18 AM | * Cartomancie/Tarots-- -- --Folder create
3/31/2026 10:23:18 AM | * Cartomancie/Belline-- -- --Folder create
3/31/2026 10:23:18 AM | * Cartomancie/32-cartes-- -- --Folder create
3/31/2026 10:23:18 AM | * Cartomancie/32-cartes/Trefle-- -- --Folder create
3/31/2026 10:23:18 AM | * Cartomancie/32-cartes/Pique-- -- --Folder create
3/31/2026 10:23:18 AM | * Cartomancie/32-cartes/Coeur-- -- --Folder create
3/31/2026 10:23:18 AM | * Cartomancie/32-cartes/Carreau-- -- --Folder create
3/31/2026 10:23:18 AM | * Admin-- -- --Folder create
3/31/2026 10:23:18 AM | * Admin/sounds-- -- --Folder create
3/31/2026 10:23:18 AM | * Backup-- -- --Folder create
3/31/2026 10:23:18 AM | * WEFiles-- -- --Folder create
3/31/2026 10:23:18 AM | * WEFiles/Image-- -- --Folder create
3/31/2026 10:23:18 AM | * WEFiles/Image/WEImage-- -- --Folder create
3/31/2026 10:23:18 AM | * Templates-- -- --Folder create
3/31/2026 10:23:18 AM | * Backup/.htaccess-- -- --33
3/31/2026 10:23:18 AM | * .htaccess-- -- --0
3/31/2026 10:23:18 AM | * Admin/status.css-- -- --0
3/31/2026 10:23:18 AM | * Cartomancie/32-cartes/Carreau/07(var).js-- -- --171
3/31/2026 10:23:18 AM | * Cartomancie/32-cartes/Carreau/07.css-- -- --1196
3/31/2026 10:23:18 AM | * WEFiles/Image/WEImage/Gauche-WEc13d28839d.png-- -- --3021
3/31/2026 10:23:18 AM | * WEFiles/Image/WEImage/Droite-WE7f2808aa29.png-- -- --2975
3/31/2026 10:23:18 AM | * Backup/Cartomancie/32-cartes/Carreau/07.dat-- -- --278255
3/31/2026 10:23:18 AM | * Cartomancie/32-cartes/Carreau/07.php-- -- --29568
3/31/2026 10:23:18 AM | * Cartomancie/32-cartes/Carreau/08(var).js-- -- --171
3/31/2026 10:23:18 AM | * Cartomancie/32-cartes/Carreau/08.css-- -- --1197
3/31/2026 10:23:18 AM | * Backup/Cartomancie/32-cartes/Carreau/08.dat-- -- --279245
3/31/2026 10:23:18 AM | * Cartomancie/32-cartes/Carreau/08.php-- -- --30436
3/31/2026 10:23:18 AM | * Cartomancie/32-cartes/Carreau/09(var).js-- -- --171
3/31/2026 10:23:18 AM | * Cartomancie/32-cartes/Carreau/09.css-- -- --1196
3/31/2026 10:23:18 AM | * Backup/Cartomancie/32-cartes/Carreau/09.dat-- -- --277915
3/31/2026 10:23:18 AM | * Cartomancie/32-cartes/Carreau/09.php-- -- --29222
3/31/2026 10:23:18 AM | * Cartomancie/32-cartes/Carreau/10(var).js-- -- --171
3/31/2026 10:23:18 AM | * Cartomancie/32-cartes/Carreau/10.css-- -- --1196
3/31/2026 10:23:18 AM | * Backup/Cartomancie/32-cartes/Carreau/10.dat-- -- --278588
3/31/2026 10:23:18 AM | * Cartomancie/32-cartes/Carreau/10.php-- -- --29837
3/31/2026 10:23:18 AM | * Cartomancie/32-cartes/Carreau/11-Valet(var).js-- -- --171
3/31/2026 10:23:19 AM | * Cartomancie/32-cartes/Carreau/11-Valet.css-- -- --1196
3/31/2026 10:23:19 AM | * Backup/Cartomancie/32-cartes/Carreau/11-Valet.dat-- -- --278780
3/31/2026 10:23:19 AM | * Cartomancie/32-cartes/Carreau/11-Valet.php-- -- --30094
3/31/2026 10:23:19 AM | * Cartomancie/32-cartes/Carreau/12-Dame(var).js-- -- --171
3/31/2026 10:23:19 AM | * Cartomancie/32-cartes/Carreau/12-Dame.css-- -- --1196
3/31/2026 10:23:19 AM | * Backup/Cartomancie/32-cartes/Carreau/12-Dame.dat-- -- --278122
3/31/2026 10:23:19 AM | * Cartomancie/32-cartes/Carreau/12-Dame.php-- -- --29748
3/31/2026 10:23:19 AM | * Cartomancie/32-cartes/Carreau/13-Roi(var).js-- -- --171
3/31/2026 10:23:19 AM | * Cartomancie/32-cartes/Carreau/13-Roi.css-- -- --1196
3/31/2026 10:23:19 AM | * Backup/Cartomancie/32-cartes/Carreau/13-Roi.dat-- -- --278615
3/31/2026 10:23:19 AM | * Cartomancie/32-cartes/Carreau/13-Roi.php-- -- --29828
3/31/2026 10:23:19 AM | * Cartomancie/32-cartes/Carreau/14-As(var).js-- -- --171
3/31/2026 10:23:19 AM | * Cartomancie/32-cartes/Carreau/14-As.css-- -- --1196
3/31/2026 10:23:19 AM | * Backup/Cartomancie/32-cartes/Carreau/14-As.dat-- -- --278053
3/31/2026 10:23:19 AM | * Cartomancie/32-cartes/Carreau/14-As.php-- -- --29664
3/31/2026 10:23:19 AM | * Cartomancie/32-cartes/Coeur/07(var).js-- -- --171
3/31/2026 10:23:19 AM | * Cartomancie/32-cartes/Coeur/07.css-- -- --1196
3/31/2026 10:23:19 AM | * Backup/Cartomancie/32-cartes/Coeur/07.dat-- -- --278072
3/31/2026 10:23:19 AM | * Cartomancie/32-cartes/Coeur/07.php-- -- --29597
3/31/2026 10:23:19 AM | * Cartomancie/32-cartes/Coeur/08(var).js-- -- --171
3/31/2026 10:23:19 AM | * Cartomancie/32-cartes/Coeur/08.css-- -- --1196
3/31/2026 10:23:19 AM | * Backup/Cartomancie/32-cartes/Coeur/08.dat-- -- --277935
3/31/2026 10:23:19 AM | * Cartomancie/32-cartes/Coeur/08.php-- -- --29450
3/31/2026 10:23:19 AM | * Cartomancie/32-cartes/Coeur/09(var).js-- -- --171
3/31/2026 10:23:19 AM | * Cartomancie/32-cartes/Coeur/09.css-- -- --1196
3/31/2026 10:23:19 AM | * Backup/Cartomancie/32-cartes/Coeur/09.dat-- -- --277981
3/31/2026 10:23:19 AM | * Cartomancie/32-cartes/Coeur/09.php-- -- --29496
3/31/2026 10:23:19 AM | * Cartomancie/32-cartes/Coeur/10(var).js-- -- --171
3/31/2026 10:23:19 AM | * Cartomancie/32-cartes/Coeur/10.css-- -- --1211
3/31/2026 10:23:19 AM | * Backup/Cartomancie/32-cartes/Coeur/10.dat-- -- --284142
3/31/2026 10:23:19 AM | * Cartomancie/32-cartes/Coeur/10.php-- -- --30167
3/31/2026 10:23:19 AM | * Cartomancie/32-cartes/Coeur/11-Valet(var).js-- -- --171
3/31/2026 10:23:19 AM | * Cartomancie/32-cartes/Coeur/11-Valet.css-- -- --1196
3/31/2026 10:23:19 AM | * Backup/Cartomancie/32-cartes/Coeur/11-Valet.dat-- -- --278378
3/31/2026 10:23:19 AM | * Cartomancie/32-cartes/Coeur/11-Valet.php-- -- --30006
3/31/2026 10:23:19 AM | * Cartomancie/32-cartes/Coeur/12-Dame(var).js-- -- --171
3/31/2026 10:23:19 AM | * Cartomancie/32-cartes/Coeur/12-Dame.css-- -- --1196
3/31/2026 10:23:19 AM | * Backup/Cartomancie/32-cartes/Coeur/12-Dame.dat-- -- --277992
3/31/2026 10:23:19 AM | * Cartomancie/32-cartes/Coeur/12-Dame.php-- -- --29617
3/31/2026 10:23:19 AM | * Cartomancie/32-cartes/Coeur/13-Roi(var).js-- -- --103
3/31/2026 10:23:19 AM | * Cartomancie/32-cartes/Coeur/13-Roi.css-- -- --1143
3/31/2026 10:23:19 AM | * Backup/Cartomancie/32-cartes/Coeur/13-Roi.dat-- -- --255713
3/31/2026 10:23:19 AM | * Cartomancie/32-cartes/Coeur/13-Roi.php-- -- --30009
3/31/2026 10:23:19 AM | * Cartomancie/32-cartes/Coeur/14-As(var).js-- -- --103
3/31/2026 10:23:19 AM | * Cartomancie/32-cartes/Coeur/14-As.css-- -- --1143
3/31/2026 10:23:19 AM | * Backup/Cartomancie/32-cartes/Coeur/14-As.dat-- -- --255095
3/31/2026 10:23:19 AM | * Cartomancie/32-cartes/Coeur/14-As.php-- -- --29405
3/31/2026 10:23:19 AM | * Cartomancie/32-cartes/Pique/07(var).js-- -- --239
3/31/2026 10:23:19 AM | * Cartomancie/32-cartes/Pique/07.css-- -- --1249
3/31/2026 10:23:19 AM | * Backup/Cartomancie/32-cartes/Pique/07.dat-- -- --299014
3/31/2026 10:23:19 AM | * Cartomancie/32-cartes/Pique/07.php-- -- --29649
3/31/2026 10:23:19 AM | * Cartomancie/32-cartes/Pique/08(var).js-- -- --171
3/31/2026 10:23:19 AM | * Cartomancie/32-cartes/Pique/08.css-- -- --1196
3/31/2026 10:23:19 AM | * Backup/Cartomancie/32-cartes/Pique/08.dat-- -- --280450
3/31/2026 10:23:19 AM | * Cartomancie/32-cartes/Pique/08.php-- -- --30240
3/31/2026 10:23:19 AM | * Cartomancie/32-cartes/Pique/09(var).js-- -- --171
3/31/2026 10:23:19 AM | * Cartomancie/32-cartes/Pique/09.css-- -- --1196
3/31/2026 10:23:19 AM | * Backup/Cartomancie/32-cartes/Pique/09.dat-- -- --278107
3/31/2026 10:23:19 AM | * Cartomancie/32-cartes/Pique/09.php-- -- --29794
3/31/2026 10:23:19 AM | * Cartomancie/32-cartes/Pique/10(var).js-- -- --171
3/31/2026 10:23:19 AM | * Cartomancie/32-cartes/Pique/10.css-- -- --1196
3/31/2026 10:23:19 AM | * Backup/Cartomancie/32-cartes/Pique/10.dat-- -- --277812
3/31/2026 10:23:19 AM | * Cartomancie/32-cartes/Pique/10.php-- -- --29469
3/31/2026 10:23:19 AM | * Cartomancie/32-cartes/Pique/11-Valet(var).js-- -- --171
3/31/2026 10:23:19 AM | * Cartomancie/32-cartes/Pique/11-Valet.css-- -- --1197
3/31/2026 10:23:19 AM | * Backup/Cartomancie/32-cartes/Pique/11-Valet.dat-- -- --277946
3/31/2026 10:23:19 AM | * Cartomancie/32-cartes/Pique/11-Valet.php-- -- --29620
3/31/2026 10:23:19 AM | * Cartomancie/32-cartes/Pique/12-Dame(var).js-- -- --171
3/31/2026 10:23:19 AM | * Cartomancie/32-cartes/Pique/12-Dame.css-- -- --1197
3/31/2026 10:23:19 AM | * Backup/Cartomancie/32-cartes/Pique/12-Dame.dat-- -- --278107
3/31/2026 10:23:19 AM | * Cartomancie/32-cartes/Pique/12-Dame.php-- -- --29778
3/31/2026 10:23:19 AM | * Cartomancie/32-cartes/Pique/13-Roi(var).js-- -- --171
3/31/2026 10:23:19 AM | * Cartomancie/32-cartes/Pique/13-Roi.css-- -- --1196
3/31/2026 10:23:19 AM | * Backup/Cartomancie/32-cartes/Pique/13-Roi.dat-- -- --278324
3/31/2026 10:23:19 AM | * Cartomancie/32-cartes/Pique/13-Roi.php-- -- --29989
3/31/2026 10:23:19 AM | * Cartomancie/32-cartes/Pique/14-As(var).js-- -- --103
3/31/2026 10:23:19 AM | * Cartomancie/32-cartes/Pique/14-As.css-- -- --1143
3/31/2026 10:23:19 AM | * Backup/Cartomancie/32-cartes/Pique/14-As.dat-- -- --255319
3/31/2026 10:23:19 AM | * Cartomancie/32-cartes/Pique/14-As.php-- -- --29613
3/31/2026 10:23:19 AM | * Cartomancie/32-cartes/Trefle/07(var).js-- -- --171
3/31/2026 10:23:19 AM | * Cartomancie/32-cartes/Trefle/07.css-- -- --1274
3/31/2026 10:23:19 AM | * Backup/Cartomancie/32-cartes/Trefle/07.dat-- -- --278687
3/31/2026 10:23:19 AM | * Cartomancie/32-cartes/Trefle/07.php-- -- --30273
3/31/2026 10:23:19 AM | * Cartomancie/32-cartes/Trefle/08(var).js-- -- --171
3/31/2026 10:23:19 AM | * Cartomancie/32-cartes/Trefle/08.css-- -- --1273
3/31/2026 10:23:19 AM | * Backup/Cartomancie/32-cartes/Trefle/08.dat-- -- --278708
3/31/2026 10:23:19 AM | * Cartomancie/32-cartes/Trefle/08.php-- -- --30286
3/31/2026 10:23:19 AM | * Cartomancie/32-cartes/Trefle/09(var).js-- -- --171
3/31/2026 10:23:19 AM | * Cartomancie/32-cartes/Trefle/09.css-- -- --1274
3/31/2026 10:23:19 AM | * Backup/Cartomancie/32-cartes/Trefle/09.dat-- -- --278085
3/31/2026 10:23:19 AM | * Cartomancie/32-cartes/Trefle/09.php-- -- --29662
3/31/2026 10:23:19 AM | * Cartomancie/32-cartes/Trefle/10(var).js-- -- --171
3/31/2026 10:23:19 AM | * Cartomancie/32-cartes/Trefle/10.css-- -- --1274
3/31/2026 10:23:19 AM | * Backup/Cartomancie/32-cartes/Trefle/10.dat-- -- --278158
3/31/2026 10:23:19 AM | * Cartomancie/32-cartes/Trefle/10.php-- -- --29735
3/31/2026 10:23:19 AM | * Cartomancie/32-cartes/Trefle/11-Valet(var).js-- -- --171
3/31/2026 10:23:19 AM | * Cartomancie/32-cartes/Trefle/11-Valet.css-- -- --1273
3/31/2026 10:23:19 AM | * Backup/Cartomancie/32-cartes/Trefle/11-Valet.dat-- -- --278223
3/31/2026 10:23:19 AM | * Cartomancie/32-cartes/Trefle/11-Valet.php-- -- --29818
3/31/2026 10:23:19 AM | * Cartomancie/32-cartes/Trefle/12-Dame(var).js-- -- --171
3/31/2026 10:23:19 AM | * Cartomancie/32-cartes/Trefle/12-Dame.css-- -- --1273
3/31/2026 10:23:19 AM | * Backup/Cartomancie/32-cartes/Trefle/12-Dame.dat-- -- --278052
3/31/2026 10:23:19 AM | * Cartomancie/32-cartes/Trefle/12-Dame.php-- -- --29645
3/31/2026 10:23:19 AM | * Cartomancie/32-cartes/Trefle/13-Roi(var).js-- -- --171
3/31/2026 10:23:19 AM | * Cartomancie/32-cartes/Trefle/13-Roi.css-- -- --1274
3/31/2026 10:23:19 AM | * Backup/Cartomancie/32-cartes/Trefle/13-Roi.dat-- -- --277772
3/31/2026 10:23:19 AM | * Cartomancie/32-cartes/Trefle/13-Roi.php-- -- --29361
3/31/2026 10:23:19 AM | * Cartomancie/32-cartes/Trefle/14-As(var).js-- -- --171
3/31/2026 10:23:19 AM | * Cartomancie/32-cartes/Trefle/14-As.css-- -- --1273
3/31/2026 10:23:19 AM | * Backup/Cartomancie/32-cartes/Trefle/14-As.dat-- -- --277993
3/31/2026 10:23:19 AM | * Cartomancie/32-cartes/Trefle/14-As.php-- -- --29580
3/31/2026 10:23:19 AM | * Cartomancie/32-cartes/Accueil(var).js-- -- --171
3/31/2026 10:23:19 AM | * Cartomancie/32-cartes/Accueil.css-- -- --5807
3/31/2026 10:23:19 AM | * Backup/Cartomancie/32-cartes/Accueil.dat-- -- --1364076
3/31/2026 10:23:19 AM | * Cartomancie/32-cartes/Accueil.php-- -- --50671
3/31/2026 10:23:19 AM | * Cartomancie/Belline/01-Bleu(var).js-- -- --171
3/31/2026 10:23:19 AM | * Cartomancie/Belline/01-Bleu.css-- -- --1273
3/31/2026 10:23:19 AM | * Backup/Cartomancie/Belline/01-Bleu.dat-- -- --279654
3/31/2026 10:23:19 AM | * Cartomancie/Belline/01-Bleu.php-- -- --29173
3/31/2026 10:23:19 AM | * Cartomancie/Belline/02-Destinee(var).js-- -- --171
3/31/2026 10:23:19 AM | * Cartomancie/Belline/02-Destinee.css-- -- --1273
3/31/2026 10:23:19 AM | * Backup/Cartomancie/Belline/02-Destinee.dat-- -- --279978
3/31/2026 10:23:19 AM | * Cartomancie/Belline/02-Destinee.php-- -- --29509
3/31/2026 10:23:19 AM | * Cartomancie/Belline/03-Homme(var).js-- -- --171
3/31/2026 10:23:19 AM | * Cartomancie/Belline/03-Homme.css-- -- --1273
3/31/2026 10:23:19 AM | * Backup/Cartomancie/Belline/03-Homme.dat-- -- --280150
3/31/2026 10:23:19 AM | * Cartomancie/Belline/03-Homme.php-- -- --29658
3/31/2026 10:23:19 AM | * Cartomancie/Belline/04-Femme(var).js-- -- --171
3/31/2026 10:23:19 AM | * Cartomancie/Belline/04-Femme.css-- -- --1273
3/31/2026 10:23:19 AM | * Backup/Cartomancie/Belline/04-Femme.dat-- -- --279747
3/31/2026 10:23:19 AM | * Cartomancie/Belline/04-Femme.php-- -- --29251
3/31/2026 10:23:19 AM | * Cartomancie/Belline/05-Nativite(var).js-- -- --171
3/31/2026 10:23:19 AM | * Cartomancie/Belline/05-Nativite.css-- -- --1273
3/31/2026 10:23:19 AM | * Backup/Cartomancie/Belline/05-Nativite.dat-- -- --279982
3/31/2026 10:23:19 AM | * Cartomancie/Belline/05-Nativite.php-- -- --29520
3/31/2026 10:23:19 AM | * Cartomancie/Belline/06-Reussite(var).js-- -- --171
3/31/2026 10:23:19 AM | * Cartomancie/Belline/06-Reussite.css-- -- --1273
3/31/2026 10:23:19 AM | * Backup/Cartomancie/Belline/06-Reussite.dat-- -- --280176
3/31/2026 10:23:19 AM | * Cartomancie/Belline/06-Reussite.php-- -- --29714
3/31/2026 10:23:19 AM | * Cartomancie/Belline/07-Elevation(var).js-- -- --171
3/31/2026 10:23:19 AM | * Cartomancie/Belline/07-Elevation.css-- -- --1273
3/31/2026 10:23:19 AM | * Backup/Cartomancie/Belline/07-Elevation.dat-- -- --280134
3/31/2026 10:23:19 AM | * Cartomancie/Belline/07-Elevation.php-- -- --29653
3/31/2026 10:23:19 AM | * Cartomancie/Belline/08-Honneurs(var).js-- -- --171
3/31/2026 10:23:19 AM | * Cartomancie/Belline/08-Honneurs.css-- -- --1274
3/31/2026 10:23:19 AM | * Backup/Cartomancie/Belline/08-Honneurs.dat-- -- --280084
3/31/2026 10:23:19 AM | * Cartomancie/Belline/08-Honneurs.php-- -- --29647
3/31/2026 10:23:19 AM | * Cartomancie/Belline/09-Pensee(var).js-- -- --171
3/31/2026 10:23:19 AM | * Cartomancie/Belline/09-Pensee.css-- -- --1273
3/31/2026 10:23:19 AM | * Backup/Cartomancie/Belline/09-Pensee.dat-- -- --280209
3/31/2026 10:23:19 AM | * Cartomancie/Belline/09-Pensee.php-- -- --29731
3/31/2026 10:23:19 AM | * Cartomancie/Belline/10-Campagne(var).js-- -- --171
3/31/2026 10:23:19 AM | * Cartomancie/Belline/10-Campagne.css-- -- --1273
3/31/2026 10:23:19 AM | * Backup/Cartomancie/Belline/10-Campagne.dat-- -- --280048
3/31/2026 10:23:19 AM | * Cartomancie/Belline/10-Campagne.php-- -- --29621
3/31/2026 10:23:19 AM | * Cartomancie/Belline/11-Presents(var).js-- -- --171
3/31/2026 10:23:19 AM | * Cartomancie/Belline/11-Presents.css-- -- --1274
3/31/2026 10:23:19 AM | * Backup/Cartomancie/Belline/11-Presents.dat-- -- --280077
3/31/2026 10:23:19 AM | * Cartomancie/Belline/11-Presents.php-- -- --29643
3/31/2026 10:23:19 AM | * Cartomancie/Belline/12-Trahison(var).js-- -- --171
3/31/2026 10:23:19 AM | * Cartomancie/Belline/12-Trahison.css-- -- --1273
3/31/2026 10:23:19 AM | * Backup/Cartomancie/Belline/12-Trahison.dat-- -- --280094
3/31/2026 10:23:19 AM | * Cartomancie/Belline/12-Trahison.php-- -- --29649
3/31/2026 10:23:19 AM | * Cartomancie/Belline/13-Depart(var).js-- -- --171
3/31/2026 10:23:19 AM | * Cartomancie/Belline/13-Depart.css-- -- --1273
3/31/2026 10:23:19 AM | * Backup/Cartomancie/Belline/13-Depart.dat-- -- --279976
3/31/2026 10:23:19 AM | * Cartomancie/Belline/13-Depart.php-- -- --29518
3/31/2026 10:23:19 AM | * Cartomancie/Belline/14-Inconstance(var).js-- -- --171
3/31/2026 10:23:19 AM | * Cartomancie/Belline/14-Inconstance.css-- -- --1274
3/31/2026 10:23:19 AM | * Backup/Cartomancie/Belline/14-Inconstance.dat-- -- --280313
3/31/2026 10:23:19 AM | * Cartomancie/Belline/14-Inconstance.php-- -- --29881
3/31/2026 10:23:19 AM | * Cartomancie/Belline/15-Decouverte(var).js-- -- --171
3/31/2026 10:23:19 AM | * Cartomancie/Belline/15-Decouverte.css-- -- --1274
3/31/2026 10:23:19 AM | * Backup/Cartomancie/Belline/15-Decouverte.dat-- -- --280622
3/31/2026 10:23:19 AM | * Cartomancie/Belline/15-Decouverte.php-- -- --30197
3/31/2026 10:23:19 AM | * Cartomancie/Belline/16-Eau(var).js-- -- --171
3/31/2026 10:23:19 AM | * Cartomancie/Belline/16-Eau.css-- -- --1273
3/31/2026 10:23:19 AM | * Backup/Cartomancie/Belline/16-Eau.dat-- -- --280114
3/31/2026 10:23:19 AM | * Cartomancie/Belline/16-Eau.php-- -- --29650
3/31/2026 10:23:19 AM | * Cartomancie/Belline/17-Penates(var).js-- -- --171
3/31/2026 10:23:19 AM | * Cartomancie/Belline/17-Penates.css-- -- --1273
3/31/2026 10:23:19 AM | * Backup/Cartomancie/Belline/17-Penates.dat-- -- --280286
3/31/2026 10:23:19 AM | * Cartomancie/Belline/17-Penates.php-- -- --29830
3/31/2026 10:23:19 AM | * Cartomancie/Belline/18-Maladie(var).js-- -- --171
3/31/2026 10:23:19 AM | * Cartomancie/Belline/18-Maladie.css-- -- --1273
3/31/2026 10:23:19 AM | * Backup/Cartomancie/Belline/18-Maladie.dat-- -- --279957
3/31/2026 10:23:19 AM | * Cartomancie/Belline/18-Maladie.php-- -- --29501
3/31/2026 10:23:19 AM | * Cartomancie/Belline/19-Changement(var).js-- -- --171
3/31/2026 10:23:19 AM | * Cartomancie/Belline/19-Changement.css-- -- --1273
3/31/2026 10:23:19 AM | * Backup/Cartomancie/Belline/19-Changement.dat-- -- --280222
3/31/2026 10:23:19 AM | * Cartomancie/Belline/19-Changement.php-- -- --29789
3/31/2026 10:23:19 AM | * Cartomancie/Belline/20-Argent(var).js-- -- --171
3/31/2026 10:23:19 AM | * Cartomancie/Belline/20-Argent.css-- -- --1273
3/31/2026 10:23:19 AM | * Backup/Cartomancie/Belline/20-Argent.dat-- -- --279817
3/31/2026 10:23:19 AM | * Cartomancie/Belline/20-Argent.php-- -- --29376
3/31/2026 10:23:19 AM | * Cartomancie/Belline/21-Intelligence(var).js-- -- --171
3/31/2026 10:23:19 AM | * Cartomancie/Belline/21-Intelligence.css-- -- --1273
3/31/2026 10:23:19 AM | * Backup/Cartomancie/Belline/21-Intelligence.dat-- -- --280278
3/31/2026 10:23:19 AM | * Cartomancie/Belline/21-Intelligence.php-- -- --29849
3/31/2026 10:23:19 AM | * Cartomancie/Belline/22-Vol(var).js-- -- --171
3/31/2026 10:23:19 AM | * Cartomancie/Belline/22-Vol.css-- -- --1273
3/31/2026 10:23:19 AM | * Backup/Cartomancie/Belline/22-Vol.dat-- -- --279559
3/31/2026 10:23:19 AM | * Cartomancie/Belline/22-Vol.php-- -- --29536
3/31/2026 10:23:19 AM | * Cartomancie/Belline/23-Entreprises(var).js-- -- --171
3/31/2026 10:23:19 AM | * Cartomancie/Belline/23-Entreprises.css-- -- --1273
3/31/2026 10:23:19 AM | * Backup/Cartomancie/Belline/23-Entreprises.dat-- -- --278196
3/31/2026 10:23:19 AM | * Cartomancie/Belline/23-Entreprises.php-- -- --29545
3/31/2026 10:23:19 AM | * Cartomancie/Belline/24-Trafic(var).js-- -- --171
3/31/2026 10:23:19 AM | * Cartomancie/Belline/24-Trafic.css-- -- --1273
3/31/2026 10:23:19 AM | * Backup/Cartomancie/Belline/24-Trafic.dat-- -- --279945
3/31/2026 10:23:19 AM | * Cartomancie/Belline/24-Trafic.php-- -- --29504
3/31/2026 10:23:19 AM | * Cartomancie/Belline/25-Nouvelle(var).js-- -- --171
3/31/2026 10:23:19 AM | * Cartomancie/Belline/25-Nouvelle.css-- -- --1273
3/31/2026 10:23:19 AM | * Backup/Cartomancie/Belline/25-Nouvelle.dat-- -- --279647
3/31/2026 10:23:19 AM | * Cartomancie/Belline/25-Nouvelle.php-- -- --29219
3/31/2026 10:23:19 AM | * Cartomancie/Belline/26-Plaisirs(var).js-- -- --171
3/31/2026 10:23:19 AM | * Cartomancie/Belline/26-Plaisirs.css-- -- --1274
3/31/2026 10:23:19 AM | * Backup/Cartomancie/Belline/26-Plaisirs.dat-- -- --279850
3/31/2026 10:23:19 AM | * Cartomancie/Belline/26-Plaisirs.php-- -- --29421
3/31/2026 10:23:19 AM | * Cartomancie/Belline/27-Paix(var).js-- -- --171
3/31/2026 10:23:19 AM | * Cartomancie/Belline/27-Paix.css-- -- --1273
3/31/2026 10:23:19 AM | * Backup/Cartomancie/Belline/27-Paix.dat-- -- --280334
3/31/2026 10:23:19 AM | * Cartomancie/Belline/27-Paix.php-- -- --29898
3/31/2026 10:23:19 AM | * Cartomancie/Belline/28-Union(var).js-- -- --171
3/31/2026 10:23:19 AM | * Cartomancie/Belline/28-Union.css-- -- --1273
3/31/2026 10:23:19 AM | * Backup/Cartomancie/Belline/28-Union.dat-- -- --279827
3/31/2026 10:23:19 AM | * Cartomancie/Belline/28-Union.php-- -- --29363
3/31/2026 10:23:19 AM | * Cartomancie/Belline/29-Famille(var).js-- -- --171
3/31/2026 10:23:19 AM | * Cartomancie/Belline/29-Famille.css-- -- --1273
3/31/2026 10:23:19 AM | * Backup/Cartomancie/Belline/29-Famille.dat-- -- --279938
3/31/2026 10:23:19 AM | * Cartomancie/Belline/29-Famille.php-- -- --29508
3/31/2026 10:23:19 AM | * Cartomancie/Belline/30-Amor(var).js-- -- --171
3/31/2026 10:23:19 AM | * Cartomancie/Belline/30-Amor.css-- -- --1274
3/31/2026 10:23:19 AM | * Backup/Cartomancie/Belline/30-Amor.dat-- -- --279927
3/31/2026 10:23:19 AM | * Cartomancie/Belline/30-Amor.php-- -- --29489
3/31/2026 10:23:19 AM | * Cartomancie/Belline/31-Table(var).js-- -- --171
3/31/2026 10:23:19 AM | * Cartomancie/Belline/31-Table.css-- -- --1273
3/31/2026 10:23:19 AM | * Backup/Cartomancie/Belline/31-Table.dat-- -- --279911
3/31/2026 10:23:19 AM | * Cartomancie/Belline/31-Table.php-- -- --29477
3/31/2026 10:23:19 AM | * Cartomancie/Belline/32-Passions(var).js-- -- --171
3/31/2026 10:23:19 AM | * Cartomancie/Belline/32-Passions.css-- -- --1274
3/31/2026 10:23:19 AM | * Backup/Cartomancie/Belline/32-Passions.dat-- -- --280315
3/31/2026 10:23:19 AM | * Cartomancie/Belline/32-Passions.php-- -- --29886
3/31/2026 10:23:19 AM | * Cartomancie/Belline/33-Mechancete(var).js-- -- --239
3/31/2026 10:23:19 AM | * Cartomancie/Belline/33-Mechancete.css-- -- --1327
3/31/2026 10:23:19 AM | * Backup/Cartomancie/Belline/33-Mechancete.dat-- -- --300774
3/31/2026 10:23:19 AM | * Cartomancie/Belline/33-Mechancete.php-- -- --29427
3/31/2026 10:23:19 AM | * Cartomancie/Belline/34-Proces(var).js-- -- --171
3/31/2026 10:23:19 AM | * Cartomancie/Belline/34-Proces.css-- -- --1274
3/31/2026 10:23:19 AM | * Backup/Cartomancie/Belline/34-Proces.dat-- -- --279877
3/31/2026 10:23:19 AM | * Cartomancie/Belline/34-Proces.php-- -- --29444
3/31/2026 10:23:19 AM | * Cartomancie/Belline/35-Despotisme(var).js-- -- --171
3/31/2026 10:23:19 AM | * Cartomancie/Belline/35-Despotisme.css-- -- --1274
3/31/2026 10:23:19 AM | * Backup/Cartomancie/Belline/35-Despotisme.dat-- -- --280035
3/31/2026 10:23:19 AM | * Cartomancie/Belline/35-Despotisme.php-- -- --29601
3/31/2026 10:23:19 AM | * Cartomancie/Belline/36-Ennemis(var).js-- -- --171
3/31/2026 10:23:19 AM | * Cartomancie/Belline/36-Ennemis.css-- -- --1273
3/31/2026 10:23:19 AM | * Backup/Cartomancie/Belline/36-Ennemis.dat-- -- --279975
3/31/2026 10:23:19 AM | * Cartomancie/Belline/36-Ennemis.php-- -- --29536
3/31/2026 10:23:19 AM | * Cartomancie/Belline/37-Pourparlers(var).js-- -- --171
3/31/2026 10:23:19 AM | * Cartomancie/Belline/37-Pourparlers.css-- -- --1274
3/31/2026 10:23:19 AM | * Backup/Cartomancie/Belline/37-Pourparlers.dat-- -- --280039
3/31/2026 10:23:19 AM | * Cartomancie/Belline/37-Pourparlers.php-- -- --29616
3/31/2026 10:23:19 AM | * Cartomancie/Belline/38-Feu(var).js-- -- --171
3/31/2026 10:23:19 AM | * Cartomancie/Belline/38-Feu.css-- -- --1273
3/31/2026 10:23:19 AM | * Backup/Cartomancie/Belline/38-Feu.dat-- -- --279964
3/31/2026 10:23:19 AM | * Cartomancie/Belline/38-Feu.php-- -- --29526
3/31/2026 10:23:19 AM | * Cartomancie/Belline/39-Accident(var).js-- -- --171
3/31/2026 10:23:19 AM | * Cartomancie/Belline/39-Accident.css-- -- --1273
3/31/2026 10:23:19 AM | * Backup/Cartomancie/Belline/39-Accident.dat-- -- --280116
3/31/2026 10:23:19 AM | * Cartomancie/Belline/39-Accident.php-- -- --29671
3/31/2026 10:23:19 AM | * Cartomancie/Belline/40-Appui(var).js-- -- --171
3/31/2026 10:23:19 AM | * Cartomancie/Belline/40-Appui.css-- -- --1274
3/31/2026 10:23:19 AM | * Backup/Cartomancie/Belline/40-Appui.dat-- -- --279893
3/31/2026 10:23:19 AM | * Cartomancie/Belline/40-Appui.php-- -- --29458
3/31/2026 10:23:19 AM | * Cartomancie/Belline/41-Beaute(var).js-- -- --171
3/31/2026 10:23:19 AM | * Cartomancie/Belline/41-Beaute.css-- -- --1273
3/31/2026 10:23:19 AM | * Backup/Cartomancie/Belline/41-Beaute.dat-- -- --279631
3/31/2026 10:23:19 AM | * Cartomancie/Belline/41-Beaute.php-- -- --29614
3/31/2026 10:23:19 AM | * Cartomancie/Belline/42-Heritage(var).js-- -- --171
3/31/2026 10:23:19 AM | * Cartomancie/Belline/42-Heritage.css-- -- --1273
3/31/2026 10:23:19 AM | * Backup/Cartomancie/Belline/42-Heritage.dat-- -- --279993
3/31/2026 10:23:19 AM | * Cartomancie/Belline/42-Heritage.php-- -- --29556
3/31/2026 10:23:19 AM | * Cartomancie/Belline/43-Sagesse(var).js-- -- --171
3/31/2026 10:23:19 AM | * Cartomancie/Belline/43-Sagesse.css-- -- --1273
3/31/2026 10:23:19 AM | * Backup/Cartomancie/Belline/43-Sagesse.dat-- -- --279985
3/31/2026 10:23:19 AM | * Cartomancie/Belline/43-Sagesse.php-- -- --29546
3/31/2026 10:23:19 AM | * Cartomancie/Belline/44-Renommee(var).js-- -- --171
3/31/2026 10:23:19 AM | * Cartomancie/Belline/44-Renommee.css-- -- --1273
3/31/2026 10:23:19 AM | * Backup/Cartomancie/Belline/44-Renommee.dat-- -- --279987
3/31/2026 10:23:19 AM | * Cartomancie/Belline/44-Renommee.php-- -- --29559
3/31/2026 10:23:19 AM | * Cartomancie/Belline/45-Hasard(var).js-- -- --171
3/31/2026 10:23:19 AM | * Cartomancie/Belline/45-Hasard.css-- -- --1273
3/31/2026 10:23:19 AM | * Backup/Cartomancie/Belline/45-Hasard.dat-- -- --279980
3/31/2026 10:23:19 AM | * Cartomancie/Belline/45-Hasard.php-- -- --29539
3/31/2026 10:23:19 AM | * Cartomancie/Belline/46-Bonheur(var).js-- -- --171
3/31/2026 10:23:19 AM | * Cartomancie/Belline/46-Bonheur.css-- -- --1273
3/31/2026 10:23:19 AM | * Backup/Cartomancie/Belline/46-Bonheur.dat-- -- --279841
3/31/2026 10:23:19 AM | * Cartomancie/Belline/46-Bonheur.php-- -- --29402
3/31/2026 10:23:19 AM | * Cartomancie/Belline/47-Infortune(var).js-- -- --171
3/31/2026 10:23:19 AM | * Cartomancie/Belline/47-Infortune.css-- -- --1273
3/31/2026 10:23:19 AM | * Backup/Cartomancie/Belline/47-Infortune.dat-- -- --280247
3/31/2026 10:23:19 AM | * Cartomancie/Belline/47-Infortune.php-- -- --29812
3/31/2026 10:23:19 AM | * Cartomancie/Belline/48-Sterilite(var).js-- -- --171
3/31/2026 10:23:19 AM | * Cartomancie/Belline/48-Sterilite.css-- -- --1274
3/31/2026 10:23:19 AM | * Backup/Cartomancie/Belline/48-Sterilite.dat-- -- --279957
3/31/2026 10:23:20 AM | * Cartomancie/Belline/48-Sterilite.php-- -- --29521
3/31/2026 10:23:20 AM | * Cartomancie/Belline/49-Fatalite(var).js-- -- --171
3/31/2026 10:23:20 AM | * Cartomancie/Belline/49-Fatalite.css-- -- --1274
3/31/2026 10:23:20 AM | * Backup/Cartomancie/Belline/49-Fatalite.dat-- -- --280152
3/31/2026 10:23:20 AM | * Cartomancie/Belline/49-Fatalite.php-- -- --29713
3/31/2026 10:23:20 AM | * Cartomancie/Belline/50-Grace(var).js-- -- --171
3/31/2026 10:23:20 AM | * Cartomancie/Belline/50-Grace.css-- -- --1273
3/31/2026 10:23:20 AM | * Backup/Cartomancie/Belline/50-Grace.dat-- -- --280181
3/31/2026 10:23:20 AM | * Cartomancie/Belline/50-Grace.php-- -- --29721
3/31/2026 10:23:20 AM | * Cartomancie/Belline/51-Ruine(var).js-- -- --171
3/31/2026 10:23:20 AM | * Cartomancie/Belline/51-Ruine.css-- -- --1273
3/31/2026 10:23:20 AM | * Backup/Cartomancie/Belline/51-Ruine.dat-- -- --280484
3/31/2026 10:23:20 AM | * Cartomancie/Belline/51-Ruine.php-- -- --30024
3/31/2026 10:23:20 AM | * Cartomancie/Belline/52-Retard(var).js-- -- --171
3/31/2026 10:23:20 AM | * Cartomancie/Belline/52-Retard.css-- -- --1273
3/31/2026 10:23:20 AM | * Backup/Cartomancie/Belline/52-Retard.dat-- -- --279609
3/31/2026 10:23:20 AM | * Cartomancie/Belline/52-Retard.php-- -- --29160
3/31/2026 10:23:20 AM | * Cartomancie/Belline/53-Cloitre(var).js-- -- --171
3/31/2026 10:23:20 AM | * Cartomancie/Belline/53-Cloitre.css-- -- --1273
3/31/2026 10:23:20 AM | * Backup/Cartomancie/Belline/53-Cloitre.dat-- -- --280116
3/31/2026 10:23:20 AM | * Cartomancie/Belline/53-Cloitre.php-- -- --29660
3/31/2026 10:23:20 AM | * Cartomancie/Belline/Accueil(var).js-- -- --171
3/31/2026 10:23:20 AM | * Cartomancie/Belline/Accueil.css-- -- --8991
3/31/2026 10:23:20 AM | * Backup/Cartomancie/Belline/Accueil.dat-- -- --2231440
3/31/2026 10:23:20 AM | * Cartomancie/Belline/Accueil.php-- -- --64133
3/31/2026 10:23:20 AM | * Cartomancie/Tarots/01-Fou(var).js-- -- --171
3/31/2026 10:23:20 AM | * Cartomancie/Tarots/01-Fou.css-- -- --1196
3/31/2026 10:23:20 AM | * Backup/Cartomancie/Tarots/01-Fou.dat-- -- --280291
3/31/2026 10:23:20 AM | * Cartomancie/Tarots/01-Fou.php-- -- --29908
3/31/2026 10:23:20 AM | * Cartomancie/Tarots/02-Bateleur(var).js-- -- --171
3/31/2026 10:23:20 AM | * Cartomancie/Tarots/02-Bateleur.css-- -- --1196
3/31/2026 10:23:20 AM | * Backup/Cartomancie/Tarots/02-Bateleur.dat-- -- --279867
3/31/2026 10:23:20 AM | * Cartomancie/Tarots/02-Bateleur.php-- -- --29496
3/31/2026 10:23:20 AM | * Cartomancie/Tarots/03-Papesse(var).js-- -- --171
3/31/2026 10:23:20 AM | * Cartomancie/Tarots/03-Papesse.css-- -- --1196
3/31/2026 10:23:20 AM | * Backup/Cartomancie/Tarots/03-Papesse.dat-- -- --280106
3/31/2026 10:23:20 AM | * Cartomancie/Tarots/03-Papesse.php-- -- --29722
3/31/2026 10:23:20 AM | * Cartomancie/Tarots/04-Imperatrice(var).js-- -- --171
3/31/2026 10:23:20 AM | * Cartomancie/Tarots/04-Imperatrice.css-- -- --1196
3/31/2026 10:23:20 AM | * Backup/Cartomancie/Tarots/04-Imperatrice.dat-- -- --280621
3/31/2026 10:23:20 AM | * Cartomancie/Tarots/04-Imperatrice.php-- -- --30254
3/31/2026 10:23:20 AM | * Cartomancie/Tarots/05-Empereur(var).js-- -- --171
3/31/2026 10:23:20 AM | * Cartomancie/Tarots/05-Empereur.css-- -- --1196
3/31/2026 10:23:20 AM | * Backup/Cartomancie/Tarots/05-Empereur.dat-- -- --280220
3/31/2026 10:23:20 AM | * Cartomancie/Tarots/05-Empereur.php-- -- --29847
3/31/2026 10:23:20 AM | * Cartomancie/Tarots/06-Pape(var).js-- -- --171
3/31/2026 10:23:20 AM | * Cartomancie/Tarots/06-Pape.css-- -- --1196
3/31/2026 10:23:20 AM | * Backup/Cartomancie/Tarots/06-Pape.dat-- -- --280416
3/31/2026 10:23:20 AM | * Cartomancie/Tarots/06-Pape.php-- -- --30018
3/31/2026 10:23:20 AM | * Cartomancie/Tarots/07-Amoureux(var).js-- -- --171
3/31/2026 10:23:20 AM | * Cartomancie/Tarots/07-Amoureux.css-- -- --1273
3/31/2026 10:23:20 AM | * Backup/Cartomancie/Tarots/07-Amoureux.dat-- -- --280313
3/31/2026 10:23:20 AM | * Cartomancie/Tarots/07-Amoureux.php-- -- --29843
3/31/2026 10:23:20 AM | * Cartomancie/Tarots/08-Chariot(var).js-- -- --171
3/31/2026 10:23:20 AM | * Cartomancie/Tarots/08-Chariot.css-- -- --1273
3/31/2026 10:23:20 AM | * Backup/Cartomancie/Tarots/08-Chariot.dat-- -- --280806
3/31/2026 10:23:20 AM | * Cartomancie/Tarots/08-Chariot.php-- -- --30264
3/31/2026 10:23:20 AM | * Cartomancie/Tarots/09-Justice(var).js-- -- --171
3/31/2026 10:23:20 AM | * Cartomancie/Tarots/09-Justice.css-- -- --1273
3/31/2026 10:23:20 AM | * Backup/Cartomancie/Tarots/09-Justice.dat-- -- --280704
3/31/2026 10:23:20 AM | * Cartomancie/Tarots/09-Justice.php-- -- --30240
3/31/2026 10:23:20 AM | * Cartomancie/Tarots/10-Hermite(var).js-- -- --171
3/31/2026 10:23:20 AM | * Cartomancie/Tarots/10-Hermite.css-- -- --1273
3/31/2026 10:23:20 AM | * Backup/Cartomancie/Tarots/10-Hermite.dat-- -- --280707
3/31/2026 10:23:20 AM | * Cartomancie/Tarots/10-Hermite.php-- -- --30235
3/31/2026 10:23:20 AM | * Cartomancie/Tarots/11-Roue(var).js-- -- --171
3/31/2026 10:23:20 AM | * Cartomancie/Tarots/11-Roue.css-- -- --1273
3/31/2026 10:23:20 AM | * Backup/Cartomancie/Tarots/11-Roue.dat-- -- --280387
3/31/2026 10:23:20 AM | * Cartomancie/Tarots/11-Roue.php-- -- --29806
3/31/2026 10:23:20 AM | * Cartomancie/Tarots/12-Force(var).js-- -- --171
3/31/2026 10:23:20 AM | * Cartomancie/Tarots/12-Force.css-- -- --1273
3/31/2026 10:23:20 AM | * Backup/Cartomancie/Tarots/12-Force.dat-- -- --280160
3/31/2026 10:23:20 AM | * Cartomancie/Tarots/12-Force.php-- -- --29675
3/31/2026 10:23:20 AM | * Cartomancie/Tarots/13-Pendu(var).js-- -- --171
3/31/2026 10:23:20 AM | * Cartomancie/Tarots/13-Pendu.css-- -- --1273
3/31/2026 10:23:20 AM | * Backup/Cartomancie/Tarots/13-Pendu.dat-- -- --280016
3/31/2026 10:23:20 AM | * Cartomancie/Tarots/13-Pendu.php-- -- --29927
3/31/2026 10:23:20 AM | * Cartomancie/Tarots/14-Mort(var).js-- -- --171
3/31/2026 10:23:20 AM | * Cartomancie/Tarots/14-Mort.css-- -- --1273
3/31/2026 10:23:20 AM | * Backup/Cartomancie/Tarots/14-Mort.dat-- -- --280203
3/31/2026 10:23:20 AM | * Cartomancie/Tarots/14-Mort.php-- -- --29725
3/31/2026 10:23:20 AM | * Cartomancie/Tarots/15-Temperance(var).js-- -- --171
3/31/2026 10:23:20 AM | * Cartomancie/Tarots/15-Temperance.css-- -- --1273
3/31/2026 10:23:20 AM | * Backup/Cartomancie/Tarots/15-Temperance.dat-- -- --279885
3/31/2026 10:23:20 AM | * Cartomancie/Tarots/15-Temperance.php-- -- --29860
3/31/2026 10:23:20 AM | * Cartomancie/Tarots/16-Diable(var).js-- -- --171
3/31/2026 10:23:20 AM | * Cartomancie/Tarots/16-Diable.css-- -- --1273
3/31/2026 10:23:20 AM | * Backup/Cartomancie/Tarots/16-Diable.dat-- -- --280349
3/31/2026 10:23:20 AM | * Cartomancie/Tarots/16-Diable.php-- -- --29866
3/31/2026 10:23:20 AM | * Cartomancie/Tarots/16-Maison-Dieu(var).js-- -- --171
3/31/2026 10:23:20 AM | * Cartomancie/Tarots/16-Maison-Dieu.css-- -- --1273
3/31/2026 10:23:20 AM | * Backup/Cartomancie/Tarots/16-Maison-Dieu.dat-- -- --280492
3/31/2026 10:23:20 AM | * Cartomancie/Tarots/16-Maison-Dieu.php-- -- --30019
3/31/2026 10:23:20 AM | * Cartomancie/Tarots/17-Etoile(var).js-- -- --171
3/31/2026 10:23:20 AM | * Cartomancie/Tarots/17-Etoile.css-- -- --1273
3/31/2026 10:23:20 AM | * Backup/Cartomancie/Tarots/17-Etoile.dat-- -- --280199
3/31/2026 10:23:20 AM | * Cartomancie/Tarots/17-Etoile.php-- -- --29724
3/31/2026 10:23:20 AM | * Cartomancie/Tarots/18-Lune(var).js-- -- --171
3/31/2026 10:23:20 AM | * Cartomancie/Tarots/18-Lune.css-- -- --1273
3/31/2026 10:23:20 AM | * Backup/Cartomancie/Tarots/18-Lune.dat-- -- --280626
3/31/2026 10:23:20 AM | * Cartomancie/Tarots/18-Lune.php-- -- --30139
3/31/2026 10:23:20 AM | * Cartomancie/Tarots/19-Soleil(var).js-- -- --171
3/31/2026 10:23:20 AM | * Cartomancie/Tarots/19-Soleil.css-- -- --1273
3/31/2026 10:23:20 AM | * Backup/Cartomancie/Tarots/19-Soleil.dat-- -- --280470
3/31/2026 10:23:20 AM | * Cartomancie/Tarots/19-Soleil.php-- -- --29987
3/31/2026 10:23:20 AM | * Cartomancie/Tarots/20-Jugement(var).js-- -- --171
3/31/2026 10:23:20 AM | * Cartomancie/Tarots/20-Jugement.css-- -- --1273
3/31/2026 10:23:20 AM | * Backup/Cartomancie/Tarots/20-Jugement.dat-- -- --280342
3/31/2026 10:23:20 AM | * Cartomancie/Tarots/20-Jugement.php-- -- --29863
3/31/2026 10:23:20 AM | * Cartomancie/Tarots/21-Monde(var).js-- -- --171
3/31/2026 10:23:20 AM | * Cartomancie/Tarots/21-Monde.css-- -- --1273
3/31/2026 10:23:20 AM | * Backup/Cartomancie/Tarots/21-Monde.dat-- -- --280289
3/31/2026 10:23:20 AM | * Cartomancie/Tarots/21-Monde.php-- -- --29804
3/31/2026 10:23:20 AM | * Cartomancie/Tarots/Accueil(var).js-- -- --171
3/31/2026 10:23:20 AM | * Cartomancie/Tarots/Accueil.css-- -- --3694
3/31/2026 10:23:20 AM | * Backup/Cartomancie/Tarots/Accueil.dat-- -- --916742
3/31/2026 10:23:20 AM | * Cartomancie/Tarots/Accueil.php-- -- --41688
3/31/2026 10:23:20 AM | * CGU/CGU(var).js-- -- --171
3/31/2026 10:23:20 AM | * CGU/CGU.css-- -- --1071
3/31/2026 10:23:20 AM | * Backup/CGU/CGU.dat-- -- --253879
3/31/2026 10:23:20 AM | * CGU/CGU.php-- -- --36443
3/31/2026 10:23:20 AM | * Chat/Echec(var).js-- -- --171
3/31/2026 10:23:20 AM | * Chat/Echec.css-- -- --940
3/31/2026 10:23:20 AM | * Backup/Chat/Echec.dat-- -- --219328
3/31/2026 10:23:20 AM | * Chat/Echec.php-- -- --27548
3/31/2026 10:23:20 AM | * Chat/Envoi(var).js-- -- --171
3/31/2026 10:23:20 AM | * Chat/Envoi.css-- -- --862
3/31/2026 10:23:20 AM | * Backup/Chat/Envoi.dat-- -- --191888
3/31/2026 10:23:20 AM | * Chat/Envoi.php-- -- --27315
3/31/2026 10:23:20 AM | * Chat/Formulaire(var).js-- -- --1103
3/31/2026 10:23:20 AM | * Chat/Formulaire(var).php-- -- --4015
3/31/2026 10:23:20 AM | * Chat/Formulaire.css-- -- --4727
3/31/2026 10:23:20 AM | * Backup/Chat/Formulaire.dat-- -- --1028686
3/31/2026 10:23:20 AM | * Chat/Formulaire.php-- -- --57943
3/31/2026 10:23:20 AM | * Coaching/Echec(var).js-- -- --103
3/31/2026 10:23:20 AM | * Coaching/Echec.css-- -- --886
3/31/2026 10:23:20 AM | * Backup/Coaching/Echec.dat-- -- --194504
3/31/2026 10:23:20 AM | * Coaching/Echec.php-- -- --27552
3/31/2026 10:23:20 AM | * Coaching/Envoi(var).js-- -- --103
3/31/2026 10:23:20 AM | * Coaching/Envoi.css-- -- --809
3/31/2026 10:23:20 AM | * Backup/Coaching/Envoi.dat-- -- --167164
3/31/2026 10:23:20 AM | * Coaching/Envoi.php-- -- --27342
3/31/2026 10:23:20 AM | * Coaching/Formulaire(var).js-- -- --1111
3/31/2026 10:23:20 AM | * Coaching/Formulaire(var).php-- -- --2415
3/31/2026 10:23:20 AM | * Coaching/Formulaire.css-- -- --4502
3/31/2026 10:23:20 AM | * Backup/Coaching/Formulaire.dat-- -- --951430
3/31/2026 10:23:20 AM | * Coaching/Formulaire.php-- -- --57314
3/31/2026 10:23:20 AM | * Domicile/Echec(var).js-- -- --171
3/31/2026 10:23:20 AM | * Domicile/Echec.css-- -- --939
3/31/2026 10:23:20 AM | * Backup/Domicile/Echec.dat-- -- --219264
3/31/2026 10:23:20 AM | * Domicile/Echec.php-- -- --27584
3/31/2026 10:23:20 AM | * Domicile/Envoi(var).js-- -- --171
3/31/2026 10:23:20 AM | * Domicile/Envoi.css-- -- --862
3/31/2026 10:23:20 AM | * Backup/Domicile/Envoi.dat-- -- --191875
3/31/2026 10:23:20 AM | * Domicile/Envoi.php-- -- --27332
3/31/2026 10:23:20 AM | * Domicile/Formulaire(var).js-- -- --1111
3/31/2026 10:23:20 AM | * Domicile/Formulaire(var).php-- -- --3500
3/31/2026 10:23:20 AM | * Domicile/Formulaire.css-- -- --4503
3/31/2026 10:23:20 AM | * Backup/Domicile/Formulaire.dat-- -- --964108
3/31/2026 10:23:20 AM | * Domicile/Formulaire.php-- -- --57050
3/31/2026 10:23:20 AM | * Dons/Dons(var).js-- -- --171
3/31/2026 10:23:20 AM | * Dons/Dons.css-- -- --1370
3/31/2026 10:23:20 AM | * WEFiles/Image/WEImage/Wero-WEbbdf885674.jpeg-- -- --4532
3/31/2026 10:23:20 AM | * Backup/Dons/Dons.dat-- -- --301600
3/31/2026 10:23:20 AM | * Dons/Dons.php-- -- --31463
3/31/2026 10:23:20 AM | * Gratuite/Echec(var).js-- -- --171
3/31/2026 10:23:20 AM | * Gratuite/Echec.css-- -- --939
3/31/2026 10:23:20 AM | * Backup/Gratuite/Echec.dat-- -- --217179
3/31/2026 10:23:20 AM | * Gratuite/Echec.php-- -- --27558
3/31/2026 10:23:20 AM | * Gratuite/Envoi(var).js-- -- --171
3/31/2026 10:23:20 AM | * Gratuite/Envoi.css-- -- --862
3/31/2026 10:23:20 AM | * Backup/Gratuite/Envoi.dat-- -- --191872
3/31/2026 10:23:20 AM | * Gratuite/Envoi.php-- -- --26914
3/31/2026 10:23:20 AM | * Gratuite/Formulaire(var).js-- -- --1147
3/31/2026 10:23:20 AM | * Gratuite/Formulaire(var).php-- -- --3811
3/31/2026 10:23:20 AM | * Gratuite/Formulaire.css-- -- --5037
3/31/2026 10:23:20 AM | * Backup/Gratuite/Formulaire.dat-- -- --1024066
3/31/2026 10:23:20 AM | * Gratuite/Formulaire.php-- -- --58209
3/31/2026 10:23:20 AM | * Magie/Echec(var).js-- -- --171
3/31/2026 10:23:20 AM | * Magie/Echec.css-- -- --939
3/31/2026 10:23:20 AM | * Backup/Magie/Echec.dat-- -- --217239
3/31/2026 10:23:20 AM | * Magie/Echec.php-- -- --27602
3/31/2026 10:23:20 AM | * Magie/Envoi(var).js-- -- --171
3/31/2026 10:23:20 AM | * Magie/Envoi.css-- -- --862
3/31/2026 10:23:20 AM | * Backup/Magie/Envoi.dat-- -- --190049
3/31/2026 10:23:20 AM | * Magie/Envoi.php-- -- --27385
3/31/2026 10:23:20 AM | * Magie/Formulaire(var).js-- -- --1133
3/31/2026 10:23:20 AM | * Magie/Formulaire(var).php-- -- --5375
3/31/2026 10:23:20 AM | * Magie/Formulaire.css-- -- --4658
3/31/2026 10:23:20 AM | * Backup/Magie/Formulaire.dat-- -- --1039448
3/31/2026 10:23:20 AM | * Magie/Formulaire.php-- -- --61233
3/31/2026 10:23:20 AM | * Mail/Echec(var).js-- -- --103
3/31/2026 10:23:20 AM | * Mail/Echec.css-- -- --887
3/31/2026 10:23:20 AM | * Backup/Mail/Echec.dat-- -- --194461
3/31/2026 10:23:20 AM | * Mail/Echec.php-- -- --27537
3/31/2026 10:23:20 AM | * Mail/Envoi(var).js-- -- --103
3/31/2026 10:23:20 AM | * Mail/Envoi.css-- -- --809
3/31/2026 10:23:20 AM | * Backup/Mail/Envoi.dat-- -- --167207
3/31/2026 10:23:20 AM | * Mail/Envoi.php-- -- --27410
3/31/2026 10:23:20 AM | * Mail/Formulaire(var).js-- -- --1103
3/31/2026 10:23:20 AM | * Mail/Formulaire(var).php-- -- --2242
3/31/2026 10:23:20 AM | * Mail/Formulaire.css-- -- --4265
3/31/2026 10:23:20 AM | * Backup/Mail/Formulaire.dat-- -- --809041
3/31/2026 10:23:20 AM | * Mail/Formulaire.php-- -- --49765
3/31/2026 10:23:20 AM | * Methodes/Accueil(var).js-- -- --171
3/31/2026 10:23:20 AM | * Methodes/Accueil.css-- -- --1721
3/31/2026 10:23:20 AM | * WEFiles/Image/WEImage/Accueil-WEf7fa1d1209.png-- -- --4859
3/31/2026 10:23:20 AM | * Backup/Methodes/Accueil.dat-- -- --450541
3/31/2026 10:23:20 AM | * Methodes/Accueil.php-- -- --42434
3/31/2026 10:23:20 AM | * Methodes/Croix(var).js-- -- --171
3/31/2026 10:23:20 AM | * Methodes/Croix.css-- -- --3694
3/31/2026 10:23:20 AM | * WEFiles/Image/WEImage/Accueil-WE0a5522db33.png-- -- --4859
3/31/2026 10:23:20 AM | * Backup/Methodes/Croix.dat-- -- --950291
3/31/2026 10:23:20 AM | * Methodes/Croix.php-- -- --51038
3/31/2026 10:23:20 AM | * Methodes/Ligne(var).js-- -- --171
3/31/2026 10:23:20 AM | * Methodes/Ligne.css-- -- --3890
3/31/2026 10:23:20 AM | * WEFiles/Image/WEImage/Accueil-WE76b583f815.png-- -- --4859
3/31/2026 10:23:20 AM | * Backup/Methodes/Ligne.dat-- -- --995164
3/31/2026 10:23:20 AM | * Methodes/Ligne.php-- -- --58989
3/31/2026 10:23:20 AM | * Methodes/Pyramide(var).js-- -- --171
3/31/2026 10:23:20 AM | * Methodes/Pyramide.css-- -- --2041
3/31/2026 10:23:20 AM | * WEFiles/Image/WEImage/Accueil-WEeb6aa1b9a8.png-- -- --4859
3/31/2026 10:23:20 AM | * Backup/Methodes/Pyramide.dat-- -- --486232
3/31/2026 10:23:20 AM | * Methodes/Pyramide.php-- -- --44939
3/31/2026 10:23:20 AM | * Paiement/Paiement_accepte(var).js-- -- --171
3/31/2026 10:23:20 AM | * Paiement/Paiement_accepte.css-- -- --862
3/31/2026 10:23:20 AM | * WEFiles/Image/WEImage/Accueil-WE30fa075e81.png-- -- --4859
3/31/2026 10:23:20 AM | * Backup/Paiement/Paiement_accepte.dat-- -- --189904
3/31/2026 10:23:20 AM | * Paiement/Paiement_accepte.php-- -- --27473
3/31/2026 10:23:20 AM | * Paiement/Paiement_avorte(var).js-- -- --171
3/31/2026 10:23:20 AM | * Paiement/Paiement_avorte.css-- -- --862
3/31/2026 10:23:20 AM | * WEFiles/Image/WEImage/Gauche-WEb09f76add7.png-- -- --3021
3/31/2026 10:23:20 AM | * Backup/Paiement/Paiement_avorte.dat-- -- --189602
3/31/2026 10:23:20 AM | * Paiement/Paiement_avorte.php-- -- --27064
3/31/2026 10:23:20 AM | * Partenaires/Partenaires(var).js-- -- --103
3/31/2026 10:23:20 AM | * Partenaires/Partenaires.css-- -- --702
3/31/2026 10:23:20 AM | * Backup/Partenaires/Partenaires.dat-- -- --174629
3/31/2026 10:23:20 AM | * Partenaires/Partenaires.php-- -- --27346
3/31/2026 10:23:20 AM | * Planetes/Accueil(var).js-- -- --171
3/31/2026 10:23:20 AM | * Planetes/Accueil.css-- -- --3106
3/31/2026 10:23:20 AM | * Backup/Planetes/Accueil.dat-- -- --814070
3/31/2026 10:23:20 AM | * Planetes/Accueil.php-- -- --40588
3/31/2026 10:23:20 AM | * Planetes/Jupiter(var).js-- -- --171
3/31/2026 10:23:20 AM | * Planetes/Jupiter.css-- -- --1182
3/31/2026 10:23:20 AM | * Backup/Planetes/Jupiter.dat-- -- --280107
3/31/2026 10:23:20 AM | * Planetes/Jupiter.php-- -- --30246
3/31/2026 10:23:20 AM | * Planetes/Lune(var).js-- -- --239
3/31/2026 10:23:20 AM | * Planetes/Lune.css-- -- --1236
3/31/2026 10:23:20 AM | * Backup/Planetes/Lune.dat-- -- --301576
3/31/2026 10:23:20 AM | * Planetes/Lune.php-- -- --30725
3/31/2026 10:23:20 AM | * Planetes/Mars(var).js-- -- --239
3/31/2026 10:23:20 AM | * Planetes/Mars.css-- -- --1236
3/31/2026 10:23:20 AM | * Backup/Planetes/Mars.dat-- -- --301227
3/31/2026 10:23:20 AM | * Planetes/Mars.php-- -- --30376
3/31/2026 10:23:20 AM | * Planetes/Mercure(var).js-- -- --239
3/31/2026 10:23:20 AM | * Planetes/Mercure.css-- -- --1236
3/31/2026 10:23:20 AM | * Backup/Planetes/Mercure.dat-- -- --302019
3/31/2026 10:23:20 AM | * Planetes/Mercure.php-- -- --31157
3/31/2026 10:23:20 AM | * Planetes/Neptune(var).js-- -- --239
3/31/2026 10:23:20 AM | * Planetes/Neptune.css-- -- --1236
3/31/2026 10:23:20 AM | * Backup/Planetes/Neptune.dat-- -- --301394
3/31/2026 10:23:20 AM | * Planetes/Neptune.php-- -- --30450
3/31/2026 10:23:20 AM | * Planetes/Pluton(var).js-- -- --239
3/31/2026 10:23:20 AM | * Planetes/Pluton.css-- -- --1236
3/31/2026 10:23:20 AM | * Backup/Planetes/Pluton.dat-- -- --301229
3/31/2026 10:23:20 AM | * Planetes/Pluton.php-- -- --30382
3/31/2026 10:23:20 AM | * Planetes/Saturne(var).js-- -- --239
3/31/2026 10:23:20 AM | * Planetes/Saturne.css-- -- --1250
3/31/2026 10:23:20 AM | * Backup/Planetes/Saturne.dat-- -- --303218
3/31/2026 10:23:20 AM | * Planetes/Saturne.php-- -- --30411
3/31/2026 10:23:20 AM | * Planetes/Soleil(var).js-- -- --239
3/31/2026 10:23:20 AM | * Planetes/Soleil.css-- -- --1251
3/31/2026 10:23:20 AM | * Backup/Planetes/Soleil.dat-- -- --304680
3/31/2026 10:23:20 AM | * Planetes/Soleil.php-- -- --30094
3/31/2026 10:23:20 AM | * Planetes/Uranus(var).js-- -- --239
3/31/2026 10:23:20 AM | * Planetes/Uranus.css-- -- --1251
3/31/2026 10:23:20 AM | * Backup/Planetes/Uranus.dat-- -- --304436
3/31/2026 10:23:20 AM | * Planetes/Uranus.php-- -- --29808
3/31/2026 10:23:20 AM | * Planetes/Venus(var).js-- -- --239
3/31/2026 10:23:20 AM | * Planetes/Venus.css-- -- --1251
3/31/2026 10:23:20 AM | * Backup/Planetes/Venus.dat-- -- --305077
3/31/2026 10:23:20 AM | * Planetes/Venus.php-- -- --30455
3/31/2026 10:23:20 AM | * Tchat/errors.txt-- -- --0
3/31/2026 10:23:20 AM | * index(var).js-- -- --171
3/31/2026 10:23:20 AM | * index.css-- -- --1265
3/31/2026 10:23:20 AM | * Backup/index.dat-- -- --310343
3/31/2026 10:23:20 AM | * index.php-- -- --38066
3/31/2026 10:23:20 AM | * Templates/Base.css-- -- --4482
3/31/2026 10:23:20 AM | * Templates/Base.php-- -- --25640
3/31/2026 10:23:20 AM | * Backup/Templates/Base.tdat-- -- --1009337
3/31/2026 10:23:20 AM | * sitemap.xml-- -- --27422
3/31/2026 10:23:20 AM | * robots.txt-- -- --39
3/31/2026 10:23:20 AM | * Backup/Belline net.ope-- -- --3598
3/31/2026 10:23:23 AM | 
3/31/2026 10:23:23 AM | 
--------------------------------Phase 1 Terminé--------------------------------
3/31/2026 10:23:23 AM | 

3/31/2026 11:56:19 AM | Debut Mise en ligne différentielle (Site):
3/31/2026 11:56:36 AM | Listing terminé :
3/31/2026 11:56:36 AM | 

3/31/2026 11:56:36 AM | * Tchat-- -- --Folder create
3/31/2026 11:56:36 AM | * Tchat/widgets-- -- --Folder create
3/31/2026 11:56:36 AM | * Tchat/templates-- -- --Folder create
3/31/2026 11:56:36 AM | * Tchat/stickers-- -- --Folder create
3/31/2026 11:56:36 AM | * Tchat/stickers/Stickers-- -- --Folder create
3/31/2026 11:56:36 AM | * Tchat/stickers/Deutsch-- -- --Folder create
3/31/2026 11:56:36 AM | * Tchat/splash-- -- --Folder create
3/31/2026 11:56:36 AM | * Tchat/lang-- -- --Folder create
3/31/2026 11:56:36 AM | * Tchat/install-- -- --Folder create
3/31/2026 11:56:36 AM | * Tchat/incl-- -- --Folder create
3/31/2026 11:56:36 AM | * Tchat/img-- -- --Folder create
3/31/2026 11:56:36 AM | * Tchat/backgrounds-- -- --Folder create
3/31/2026 11:56:36 AM | * Tchat/avatars-- -- --Folder create
3/31/2026 11:56:36 AM | * Tchat/attachments-- -- --Folder create
3/31/2026 11:56:36 AM | * Tchat/app-- -- --Folder create
3/31/2026 11:56:36 AM | * Tchat/admin-- -- --Folder create
3/31/2026 11:56:36 AM | * Tchat/admin/font-- -- --Folder create
3/31/2026 11:56:36 AM | * Planetes-- -- --Folder create
3/31/2026 11:56:36 AM | * Partenaires-- -- --Folder create
3/31/2026 11:56:36 AM | * Paiement-- -- --Folder create
3/31/2026 11:56:36 AM | * Online-- -- --Folder create
3/31/2026 11:56:36 AM | * Online/Templates-- -- --Folder create
3/31/2026 11:56:36 AM | * Methodes-- -- --Folder create
3/31/2026 11:56:36 AM | * Mail-- -- --Folder create
3/31/2026 11:56:36 AM | * Magie-- -- --Folder create
3/31/2026 11:56:36 AM | * Gratuite-- -- --Folder create
3/31/2026 11:56:36 AM | * Dons-- -- --Folder create
3/31/2026 11:56:36 AM | * Domicile-- -- --Folder create
3/31/2026 11:56:36 AM | * Coaching-- -- --Folder create
3/31/2026 11:56:36 AM | * Chat-- -- --Folder create
3/31/2026 11:56:36 AM | * CGU-- -- --Folder create
3/31/2026 11:56:36 AM | * Cartomancie-- -- --Folder create
3/31/2026 11:56:36 AM | * Cartomancie/Tarots-- -- --Folder create
3/31/2026 11:56:36 AM | * Cartomancie/Belline-- -- --Folder create
3/31/2026 11:56:36 AM | * Cartomancie/32-cartes-- -- --Folder create
3/31/2026 11:56:36 AM | * Cartomancie/32-cartes/Trefle-- -- --Folder create
3/31/2026 11:56:36 AM | * Cartomancie/32-cartes/Pique-- -- --Folder create
3/31/2026 11:56:36 AM | * Cartomancie/32-cartes/Coeur-- -- --Folder create
3/31/2026 11:56:36 AM | * Cartomancie/32-cartes/Carreau-- -- --Folder create
3/31/2026 11:56:36 AM | * Admin-- -- --Folder create
3/31/2026 11:56:36 AM | * Admin/sounds-- -- --Folder create
3/31/2026 11:56:36 AM | * Backup-- -- --Folder create
3/31/2026 11:56:36 AM | * Templates-- -- --Folder create
3/31/2026 11:56:36 AM | * WEFiles-- -- --Folder create
3/31/2026 11:56:36 AM | * WEFiles/Image-- -- --Folder create
3/31/2026 11:56:36 AM | * WEFiles/Image/WEImage-- -- --Folder create
3/31/2026 11:56:36 AM | * Files-- -- --Folder create
3/31/2026 11:56:36 AM | * Files/Image-- -- --Folder create
3/31/2026 11:56:36 AM | * Files/Image/Planetes-- -- --Folder create
3/31/2026 11:56:36 AM | * Backup/.htaccess-- -- --33
3/31/2026 11:56:36 AM | * .htaccess-- -- --0
3/31/2026 11:56:36 AM | * Admin/status.css-- -- --0
3/31/2026 11:56:36 AM | * Cartomancie/32-cartes/Carreau/07(var).js-- -- --171
3/31/2026 11:56:36 AM | * Cartomancie/32-cartes/Carreau/07.css-- -- --1196
3/31/2026 11:56:36 AM | * Backup/Cartomancie/32-cartes/Carreau/07.dat-- -- --278255
3/31/2026 11:56:36 AM | * Cartomancie/32-cartes/Carreau/07.php-- -- --29568
3/31/2026 11:56:36 AM | * Cartomancie/32-cartes/Carreau/08(var).js-- -- --171
3/31/2026 11:56:36 AM | * Cartomancie/32-cartes/Carreau/08.css-- -- --1197
3/31/2026 11:56:36 AM | * Backup/Cartomancie/32-cartes/Carreau/08.dat-- -- --279150
3/31/2026 11:56:36 AM | * Cartomancie/32-cartes/Carreau/08.php-- -- --30436
3/31/2026 11:56:36 AM | * Cartomancie/32-cartes/Carreau/09(var).js-- -- --171
3/31/2026 11:56:36 AM | * Cartomancie/32-cartes/Carreau/09.css-- -- --1196
3/31/2026 11:56:37 AM | * Backup/Cartomancie/32-cartes/Carreau/09.dat-- -- --277915
3/31/2026 11:56:37 AM | * Cartomancie/32-cartes/Carreau/09.php-- -- --29222
3/31/2026 11:56:37 AM | * Cartomancie/32-cartes/Carreau/10(var).js-- -- --171
3/31/2026 11:56:37 AM | * Cartomancie/32-cartes/Carreau/10.css-- -- --1196
3/31/2026 11:56:37 AM | * Backup/Cartomancie/32-cartes/Carreau/10.dat-- -- --278588
3/31/2026 11:56:37 AM | * Cartomancie/32-cartes/Carreau/10.php-- -- --29837
3/31/2026 11:56:37 AM | * Cartomancie/32-cartes/Carreau/11-Valet(var).js-- -- --171
3/31/2026 11:56:37 AM | * Cartomancie/32-cartes/Carreau/11-Valet.css-- -- --1196
3/31/2026 11:56:37 AM | * Backup/Cartomancie/32-cartes/Carreau/11-Valet.dat-- -- --278875
3/31/2026 11:56:37 AM | * Cartomancie/32-cartes/Carreau/11-Valet.php-- -- --30094
3/31/2026 11:56:37 AM | * Cartomancie/32-cartes/Carreau/12-Dame(var).js-- -- --171
3/31/2026 11:56:37 AM | * Cartomancie/32-cartes/Carreau/12-Dame.css-- -- --1196
3/31/2026 11:56:37 AM | * Backup/Cartomancie/32-cartes/Carreau/12-Dame.dat-- -- --278217
3/31/2026 11:56:37 AM | * Cartomancie/32-cartes/Carreau/12-Dame.php-- -- --29748
3/31/2026 11:56:37 AM | * Cartomancie/32-cartes/Carreau/13-Roi(var).js-- -- --171
3/31/2026 11:56:37 AM | * Cartomancie/32-cartes/Carreau/13-Roi.css-- -- --1196
3/31/2026 11:56:37 AM | * Backup/Cartomancie/32-cartes/Carreau/13-Roi.dat-- -- --278520
3/31/2026 11:56:37 AM | * Cartomancie/32-cartes/Carreau/13-Roi.php-- -- --29828
3/31/2026 11:56:37 AM | * Cartomancie/32-cartes/Carreau/14-As(var).js-- -- --171
3/31/2026 11:56:37 AM | * Cartomancie/32-cartes/Carreau/14-As.css-- -- --1196
3/31/2026 11:56:37 AM | * Backup/Cartomancie/32-cartes/Carreau/14-As.dat-- -- --278053
3/31/2026 11:56:37 AM | * Cartomancie/32-cartes/Carreau/14-As.php-- -- --29664
3/31/2026 11:56:37 AM | * Cartomancie/32-cartes/Coeur/07(var).js-- -- --171
3/31/2026 11:56:37 AM | * Cartomancie/32-cartes/Coeur/07.css-- -- --1196
3/31/2026 11:56:37 AM | * Backup/Cartomancie/32-cartes/Coeur/07.dat-- -- --277977
3/31/2026 11:56:37 AM | * Cartomancie/32-cartes/Coeur/07.php-- -- --29597
3/31/2026 11:56:37 AM | * Cartomancie/32-cartes/Coeur/08(var).js-- -- --171
3/31/2026 11:56:37 AM | * Cartomancie/32-cartes/Coeur/08.css-- -- --1196
3/31/2026 11:56:37 AM | * Backup/Cartomancie/32-cartes/Coeur/08.dat-- -- --277840
3/31/2026 11:56:37 AM | * Cartomancie/32-cartes/Coeur/08.php-- -- --29450
3/31/2026 11:56:37 AM | * Cartomancie/32-cartes/Coeur/09(var).js-- -- --171
3/31/2026 11:56:37 AM | * Cartomancie/32-cartes/Coeur/09.css-- -- --1196
3/31/2026 11:56:37 AM | * Backup/Cartomancie/32-cartes/Coeur/09.dat-- -- --277886
3/31/2026 11:56:37 AM | * Cartomancie/32-cartes/Coeur/09.php-- -- --29496
3/31/2026 11:56:37 AM | * Cartomancie/32-cartes/Coeur/10(var).js-- -- --171
3/31/2026 11:56:37 AM | * Cartomancie/32-cartes/Coeur/10.css-- -- --1211
3/31/2026 11:56:37 AM | * Backup/Cartomancie/32-cartes/Coeur/10.dat-- -- --284142
3/31/2026 11:56:37 AM | * Cartomancie/32-cartes/Coeur/10.php-- -- --30167
3/31/2026 11:56:37 AM | * Cartomancie/32-cartes/Coeur/11-Valet(var).js-- -- --171
3/31/2026 11:56:37 AM | * Cartomancie/32-cartes/Coeur/11-Valet.css-- -- --1196
3/31/2026 11:56:37 AM | * Backup/Cartomancie/32-cartes/Coeur/11-Valet.dat-- -- --278378
3/31/2026 11:56:37 AM | * Cartomancie/32-cartes/Coeur/11-Valet.php-- -- --30006
3/31/2026 11:56:37 AM | * Cartomancie/32-cartes/Coeur/12-Dame(var).js-- -- --171
3/31/2026 11:56:37 AM | * Cartomancie/32-cartes/Coeur/12-Dame.css-- -- --1196
3/31/2026 11:56:37 AM | * Backup/Cartomancie/32-cartes/Coeur/12-Dame.dat-- -- --277992
3/31/2026 11:56:37 AM | * Cartomancie/32-cartes/Coeur/12-Dame.php-- -- --29617
3/31/2026 11:56:37 AM | * Cartomancie/32-cartes/Coeur/13-Roi(var).js-- -- --103
3/31/2026 11:56:37 AM | * Cartomancie/32-cartes/Coeur/13-Roi.css-- -- --1143
3/31/2026 11:56:37 AM | * Backup/Cartomancie/32-cartes/Coeur/13-Roi.dat-- -- --255713
3/31/2026 11:56:37 AM | * Cartomancie/32-cartes/Coeur/13-Roi.php-- -- --30009
3/31/2026 11:56:37 AM | * Cartomancie/32-cartes/Coeur/14-As(var).js-- -- --103
3/31/2026 11:56:37 AM | * Cartomancie/32-cartes/Coeur/14-As.css-- -- --1143
3/31/2026 11:56:37 AM | * Backup/Cartomancie/32-cartes/Coeur/14-As.dat-- -- --255095
3/31/2026 11:56:37 AM | * Cartomancie/32-cartes/Coeur/14-As.php-- -- --29405
3/31/2026 11:56:37 AM | * Cartomancie/32-cartes/Pique/07(var).js-- -- --239
3/31/2026 11:56:37 AM | * Cartomancie/32-cartes/Pique/07.css-- -- --1249
3/31/2026 11:56:37 AM | * Backup/Cartomancie/32-cartes/Pique/07.dat-- -- --299014
3/31/2026 11:56:37 AM | * Cartomancie/32-cartes/Pique/07.php-- -- --29649
3/31/2026 11:56:37 AM | * Cartomancie/32-cartes/Pique/08(var).js-- -- --171
3/31/2026 11:56:37 AM | * Cartomancie/32-cartes/Pique/08.css-- -- --1196
3/31/2026 11:56:37 AM | * Backup/Cartomancie/32-cartes/Pique/08.dat-- -- --280450
3/31/2026 11:56:37 AM | * Cartomancie/32-cartes/Pique/08.php-- -- --30240
3/31/2026 11:56:37 AM | * Cartomancie/32-cartes/Pique/09(var).js-- -- --171
3/31/2026 11:56:37 AM | * Cartomancie/32-cartes/Pique/09.css-- -- --1196
3/31/2026 11:56:37 AM | * Backup/Cartomancie/32-cartes/Pique/09.dat-- -- --278107
3/31/2026 11:56:37 AM | * Cartomancie/32-cartes/Pique/09.php-- -- --29794
3/31/2026 11:56:37 AM | * Cartomancie/32-cartes/Pique/10(var).js-- -- --171
3/31/2026 11:56:37 AM | * Cartomancie/32-cartes/Pique/10.css-- -- --1196
3/31/2026 11:56:37 AM | * Backup/Cartomancie/32-cartes/Pique/10.dat-- -- --277812
3/31/2026 11:56:37 AM | * Cartomancie/32-cartes/Pique/10.php-- -- --29469
3/31/2026 11:56:37 AM | * Cartomancie/32-cartes/Pique/11-Valet(var).js-- -- --171
3/31/2026 11:56:37 AM | * Cartomancie/32-cartes/Pique/11-Valet.css-- -- --1197
3/31/2026 11:56:37 AM | * Backup/Cartomancie/32-cartes/Pique/11-Valet.dat-- -- --277946
3/31/2026 11:56:37 AM | * Cartomancie/32-cartes/Pique/11-Valet.php-- -- --29620
3/31/2026 11:56:37 AM | * Cartomancie/32-cartes/Pique/12-Dame(var).js-- -- --171
3/31/2026 11:56:37 AM | * Cartomancie/32-cartes/Pique/12-Dame.css-- -- --1197
3/31/2026 11:56:37 AM | * Backup/Cartomancie/32-cartes/Pique/12-Dame.dat-- -- --278107
3/31/2026 11:56:37 AM | * Cartomancie/32-cartes/Pique/12-Dame.php-- -- --29778
3/31/2026 11:56:37 AM | * Cartomancie/32-cartes/Pique/13-Roi(var).js-- -- --171
3/31/2026 11:56:37 AM | * Cartomancie/32-cartes/Pique/13-Roi.css-- -- --1196
3/31/2026 11:56:37 AM | * Backup/Cartomancie/32-cartes/Pique/13-Roi.dat-- -- --278324
3/31/2026 11:56:37 AM | * Cartomancie/32-cartes/Pique/13-Roi.php-- -- --29989
3/31/2026 11:56:37 AM | * Cartomancie/32-cartes/Pique/14-As(var).js-- -- --103
3/31/2026 11:56:37 AM | * Cartomancie/32-cartes/Pique/14-As.css-- -- --1143
3/31/2026 11:56:37 AM | * Backup/Cartomancie/32-cartes/Pique/14-As.dat-- -- --255319
3/31/2026 11:56:37 AM | * Cartomancie/32-cartes/Pique/14-As.php-- -- --29613
3/31/2026 11:56:37 AM | * Cartomancie/32-cartes/Trefle/07(var).js-- -- --171
3/31/2026 11:56:37 AM | * Cartomancie/32-cartes/Trefle/07.css-- -- --1274
3/31/2026 11:56:37 AM | * Backup/Cartomancie/32-cartes/Trefle/07.dat-- -- --278687
3/31/2026 11:56:37 AM | * Cartomancie/32-cartes/Trefle/07.php-- -- --30273
3/31/2026 11:56:37 AM | * Cartomancie/32-cartes/Trefle/08(var).js-- -- --171
3/31/2026 11:56:37 AM | * Cartomancie/32-cartes/Trefle/08.css-- -- --1273
3/31/2026 11:56:37 AM | * Backup/Cartomancie/32-cartes/Trefle/08.dat-- -- --278708
3/31/2026 11:56:37 AM | * Cartomancie/32-cartes/Trefle/08.php-- -- --30286
3/31/2026 11:56:37 AM | * Cartomancie/32-cartes/Trefle/09(var).js-- -- --171
3/31/2026 11:56:37 AM | * Cartomancie/32-cartes/Trefle/09.css-- -- --1274
3/31/2026 11:56:37 AM | * Backup/Cartomancie/32-cartes/Trefle/09.dat-- -- --278085
3/31/2026 11:56:37 AM | * Cartomancie/32-cartes/Trefle/09.php-- -- --29662
3/31/2026 11:56:37 AM | * Cartomancie/32-cartes/Trefle/10(var).js-- -- --171
3/31/2026 11:56:37 AM | * Cartomancie/32-cartes/Trefle/10.css-- -- --1274
3/31/2026 11:56:37 AM | * Backup/Cartomancie/32-cartes/Trefle/10.dat-- -- --278158
3/31/2026 11:56:37 AM | * Cartomancie/32-cartes/Trefle/10.php-- -- --29735
3/31/2026 11:56:37 AM | * Cartomancie/32-cartes/Trefle/11-Valet(var).js-- -- --171
3/31/2026 11:56:37 AM | * Cartomancie/32-cartes/Trefle/11-Valet.css-- -- --1273
3/31/2026 11:56:37 AM | * Backup/Cartomancie/32-cartes/Trefle/11-Valet.dat-- -- --278223
3/31/2026 11:56:37 AM | * Cartomancie/32-cartes/Trefle/11-Valet.php-- -- --29818
3/31/2026 11:56:37 AM | * Cartomancie/32-cartes/Trefle/12-Dame(var).js-- -- --171
3/31/2026 11:56:37 AM | * Cartomancie/32-cartes/Trefle/12-Dame.css-- -- --1273
3/31/2026 11:56:37 AM | * Backup/Cartomancie/32-cartes/Trefle/12-Dame.dat-- -- --278052
3/31/2026 11:56:37 AM | * Cartomancie/32-cartes/Trefle/12-Dame.php-- -- --29645
3/31/2026 11:56:37 AM | * Cartomancie/32-cartes/Trefle/13-Roi(var).js-- -- --171
3/31/2026 11:56:37 AM | * Cartomancie/32-cartes/Trefle/13-Roi.css-- -- --1274
3/31/2026 11:56:37 AM | * Backup/Cartomancie/32-cartes/Trefle/13-Roi.dat-- -- --277772
3/31/2026 11:56:37 AM | * Cartomancie/32-cartes/Trefle/13-Roi.php-- -- --29361
3/31/2026 11:56:37 AM | * Cartomancie/32-cartes/Trefle/14-As(var).js-- -- --171
3/31/2026 11:56:37 AM | * Cartomancie/32-cartes/Trefle/14-As.css-- -- --1273
3/31/2026 11:56:37 AM | * Backup/Cartomancie/32-cartes/Trefle/14-As.dat-- -- --277993
3/31/2026 11:56:37 AM | * Cartomancie/32-cartes/Trefle/14-As.php-- -- --29580
3/31/2026 11:56:37 AM | * Cartomancie/32-cartes/Accueil(var).js-- -- --171
3/31/2026 11:56:37 AM | * Cartomancie/32-cartes/Accueil.css-- -- --5807
3/31/2026 11:56:37 AM | * WEFiles/Image/WEImage/Accueil-WE0f1099de46.png-- -- --4859
3/31/2026 11:56:37 AM | * Backup/Cartomancie/32-cartes/Accueil.dat-- -- --1364115
3/31/2026 11:56:37 AM | * Cartomancie/32-cartes/Accueil.php-- -- --50671
3/31/2026 11:56:37 AM | * Cartomancie/Belline/01-Bleu(var).js-- -- --171
3/31/2026 11:56:37 AM | * Cartomancie/Belline/01-Bleu.css-- -- --1273
3/31/2026 11:56:37 AM | * Backup/Cartomancie/Belline/01-Bleu.dat-- -- --279654
3/31/2026 11:56:37 AM | * Cartomancie/Belline/01-Bleu.php-- -- --29173
3/31/2026 11:56:37 AM | * Cartomancie/Belline/02-Destinee(var).js-- -- --171
3/31/2026 11:56:37 AM | * Cartomancie/Belline/02-Destinee.css-- -- --1273
3/31/2026 11:56:37 AM | * Backup/Cartomancie/Belline/02-Destinee.dat-- -- --279978
3/31/2026 11:56:37 AM | * Cartomancie/Belline/02-Destinee.php-- -- --29509
3/31/2026 11:56:37 AM | * Cartomancie/Belline/03-Homme(var).js-- -- --171
3/31/2026 11:56:37 AM | * Cartomancie/Belline/03-Homme.css-- -- --1273
3/31/2026 11:56:37 AM | * Backup/Cartomancie/Belline/03-Homme.dat-- -- --280150
3/31/2026 11:56:37 AM | * Cartomancie/Belline/03-Homme.php-- -- --29658
3/31/2026 11:56:37 AM | * Cartomancie/Belline/04-Femme(var).js-- -- --171
3/31/2026 11:56:37 AM | * Cartomancie/Belline/04-Femme.css-- -- --1273
3/31/2026 11:56:37 AM | * Backup/Cartomancie/Belline/04-Femme.dat-- -- --279747
3/31/2026 11:56:37 AM | * Cartomancie/Belline/04-Femme.php-- -- --29251
3/31/2026 11:56:37 AM | * Cartomancie/Belline/05-Nativite(var).js-- -- --171
3/31/2026 11:56:37 AM | * Cartomancie/Belline/05-Nativite.css-- -- --1273
3/31/2026 11:56:37 AM | * Backup/Cartomancie/Belline/05-Nativite.dat-- -- --279982
3/31/2026 11:56:37 AM | * Cartomancie/Belline/05-Nativite.php-- -- --29520
3/31/2026 11:56:37 AM | * Cartomancie/Belline/06-Reussite(var).js-- -- --171
3/31/2026 11:56:37 AM | * Cartomancie/Belline/06-Reussite.css-- -- --1273
3/31/2026 11:56:37 AM | * Backup/Cartomancie/Belline/06-Reussite.dat-- -- --280176
3/31/2026 11:56:37 AM | * Cartomancie/Belline/06-Reussite.php-- -- --29714
3/31/2026 11:56:37 AM | * Cartomancie/Belline/07-Elevation(var).js-- -- --171
3/31/2026 11:56:37 AM | * Cartomancie/Belline/07-Elevation.css-- -- --1273
3/31/2026 11:56:37 AM | * Backup/Cartomancie/Belline/07-Elevation.dat-- -- --280134
3/31/2026 11:56:37 AM | * Cartomancie/Belline/07-Elevation.php-- -- --29653
3/31/2026 11:56:37 AM | * Cartomancie/Belline/08-Honneurs(var).js-- -- --171
3/31/2026 11:56:37 AM | * Cartomancie/Belline/08-Honneurs.css-- -- --1274
3/31/2026 11:56:37 AM | * Backup/Cartomancie/Belline/08-Honneurs.dat-- -- --280084
3/31/2026 11:56:37 AM | * Cartomancie/Belline/08-Honneurs.php-- -- --29647
3/31/2026 11:56:37 AM | * Cartomancie/Belline/09-Pensee(var).js-- -- --171
3/31/2026 11:56:37 AM | * Cartomancie/Belline/09-Pensee.css-- -- --1273
3/31/2026 11:56:37 AM | * Backup/Cartomancie/Belline/09-Pensee.dat-- -- --280209
3/31/2026 11:56:37 AM | * Cartomancie/Belline/09-Pensee.php-- -- --29731
3/31/2026 11:56:37 AM | * Cartomancie/Belline/10-Campagne(var).js-- -- --171
3/31/2026 11:56:37 AM | * Cartomancie/Belline/10-Campagne.css-- -- --1273
3/31/2026 11:56:37 AM | * Backup/Cartomancie/Belline/10-Campagne.dat-- -- --280048
3/31/2026 11:56:37 AM | * Cartomancie/Belline/10-Campagne.php-- -- --29621
3/31/2026 11:56:37 AM | * Cartomancie/Belline/11-Presents(var).js-- -- --171
3/31/2026 11:56:37 AM | * Cartomancie/Belline/11-Presents.css-- -- --1274
3/31/2026 11:56:37 AM | * Backup/Cartomancie/Belline/11-Presents.dat-- -- --280077
3/31/2026 11:56:37 AM | * Cartomancie/Belline/11-Presents.php-- -- --29643
3/31/2026 11:56:37 AM | * Cartomancie/Belline/12-Trahison(var).js-- -- --171
3/31/2026 11:56:37 AM | * Cartomancie/Belline/12-Trahison.css-- -- --1273
3/31/2026 11:56:37 AM | * Backup/Cartomancie/Belline/12-Trahison.dat-- -- --280094
3/31/2026 11:56:37 AM | * Cartomancie/Belline/12-Trahison.php-- -- --29649
3/31/2026 11:56:37 AM | * Cartomancie/Belline/13-Depart(var).js-- -- --171
3/31/2026 11:56:37 AM | * Cartomancie/Belline/13-Depart.css-- -- --1273
3/31/2026 11:56:37 AM | * Backup/Cartomancie/Belline/13-Depart.dat-- -- --279976
3/31/2026 11:56:37 AM | * Cartomancie/Belline/13-Depart.php-- -- --29518
3/31/2026 11:56:37 AM | * Cartomancie/Belline/14-Inconstance(var).js-- -- --171
3/31/2026 11:56:37 AM | * Cartomancie/Belline/14-Inconstance.css-- -- --1274
3/31/2026 11:56:37 AM | * Backup/Cartomancie/Belline/14-Inconstance.dat-- -- --280313
3/31/2026 11:56:37 AM | * Cartomancie/Belline/14-Inconstance.php-- -- --29881
3/31/2026 11:56:37 AM | * Cartomancie/Belline/15-Decouverte(var).js-- -- --171
3/31/2026 11:56:37 AM | * Cartomancie/Belline/15-Decouverte.css-- -- --1274
3/31/2026 11:56:37 AM | * Backup/Cartomancie/Belline/15-Decouverte.dat-- -- --280622
3/31/2026 11:56:37 AM | * Cartomancie/Belline/15-Decouverte.php-- -- --30197
3/31/2026 11:56:37 AM | * Cartomancie/Belline/16-Eau(var).js-- -- --171
3/31/2026 11:56:37 AM | * Cartomancie/Belline/16-Eau.css-- -- --1273
3/31/2026 11:56:37 AM | * Backup/Cartomancie/Belline/16-Eau.dat-- -- --280114
3/31/2026 11:56:37 AM | * Cartomancie/Belline/16-Eau.php-- -- --29650
3/31/2026 11:56:37 AM | * Cartomancie/Belline/17-Penates(var).js-- -- --171
3/31/2026 11:56:37 AM | * Cartomancie/Belline/17-Penates.css-- -- --1273
3/31/2026 11:56:37 AM | * Backup/Cartomancie/Belline/17-Penates.dat-- -- --280286
3/31/2026 11:56:37 AM | * Cartomancie/Belline/17-Penates.php-- -- --29830
3/31/2026 11:56:37 AM | * Cartomancie/Belline/18-Maladie(var).js-- -- --171
3/31/2026 11:56:37 AM | * Cartomancie/Belline/18-Maladie.css-- -- --1273
3/31/2026 11:56:37 AM | * Backup/Cartomancie/Belline/18-Maladie.dat-- -- --279957
3/31/2026 11:56:37 AM | * Cartomancie/Belline/18-Maladie.php-- -- --29501
3/31/2026 11:56:37 AM | * Cartomancie/Belline/19-Changement(var).js-- -- --171
3/31/2026 11:56:37 AM | * Cartomancie/Belline/19-Changement.css-- -- --1273
3/31/2026 11:56:37 AM | * Backup/Cartomancie/Belline/19-Changement.dat-- -- --280222
3/31/2026 11:56:37 AM | * Cartomancie/Belline/19-Changement.php-- -- --29789
3/31/2026 11:56:37 AM | * Cartomancie/Belline/20-Argent(var).js-- -- --171
3/31/2026 11:56:37 AM | * Cartomancie/Belline/20-Argent.css-- -- --1273
3/31/2026 11:56:37 AM | * Backup/Cartomancie/Belline/20-Argent.dat-- -- --279817
3/31/2026 11:56:37 AM | * Cartomancie/Belline/20-Argent.php-- -- --29376
3/31/2026 11:56:37 AM | * Cartomancie/Belline/21-Intelligence(var).js-- -- --171
3/31/2026 11:56:37 AM | * Cartomancie/Belline/21-Intelligence.css-- -- --1273
3/31/2026 11:56:37 AM | * Backup/Cartomancie/Belline/21-Intelligence.dat-- -- --280278
3/31/2026 11:56:37 AM | * Cartomancie/Belline/21-Intelligence.php-- -- --29849
3/31/2026 11:56:37 AM | * Cartomancie/Belline/22-Vol(var).js-- -- --171
3/31/2026 11:56:37 AM | * Cartomancie/Belline/22-Vol.css-- -- --1273
3/31/2026 11:56:37 AM | * Backup/Cartomancie/Belline/22-Vol.dat-- -- --279559
3/31/2026 11:56:37 AM | * Cartomancie/Belline/22-Vol.php-- -- --29536
3/31/2026 11:56:37 AM | * Cartomancie/Belline/23-Entreprises(var).js-- -- --171
3/31/2026 11:56:37 AM | * Cartomancie/Belline/23-Entreprises.css-- -- --1273
3/31/2026 11:56:37 AM | * Backup/Cartomancie/Belline/23-Entreprises.dat-- -- --278196
3/31/2026 11:56:37 AM | * Cartomancie/Belline/23-Entreprises.php-- -- --29545
3/31/2026 11:56:37 AM | * Cartomancie/Belline/24-Trafic(var).js-- -- --171
3/31/2026 11:56:37 AM | * Cartomancie/Belline/24-Trafic.css-- -- --1273
3/31/2026 11:56:37 AM | * Backup/Cartomancie/Belline/24-Trafic.dat-- -- --279945
3/31/2026 11:56:37 AM | * Cartomancie/Belline/24-Trafic.php-- -- --29504
3/31/2026 11:56:37 AM | * Cartomancie/Belline/25-Nouvelle(var).js-- -- --171
3/31/2026 11:56:37 AM | * Cartomancie/Belline/25-Nouvelle.css-- -- --1273
3/31/2026 11:56:37 AM | * Backup/Cartomancie/Belline/25-Nouvelle.dat-- -- --279647
3/31/2026 11:56:37 AM | * Cartomancie/Belline/25-Nouvelle.php-- -- --29219
3/31/2026 11:56:37 AM | * Cartomancie/Belline/26-Plaisirs(var).js-- -- --171
3/31/2026 11:56:37 AM | * Cartomancie/Belline/26-Plaisirs.css-- -- --1274
3/31/2026 11:56:37 AM | * Backup/Cartomancie/Belline/26-Plaisirs.dat-- -- --279850
3/31/2026 11:56:37 AM | * Cartomancie/Belline/26-Plaisirs.php-- -- --29421
3/31/2026 11:56:37 AM | * Cartomancie/Belline/27-Paix(var).js-- -- --171
3/31/2026 11:56:37 AM | * Cartomancie/Belline/27-Paix.css-- -- --1273
3/31/2026 11:56:37 AM | * Backup/Cartomancie/Belline/27-Paix.dat-- -- --280334
3/31/2026 11:56:37 AM | * Cartomancie/Belline/27-Paix.php-- -- --29898
3/31/2026 11:56:37 AM | * Cartomancie/Belline/28-Union(var).js-- -- --171
3/31/2026 11:56:37 AM | * Cartomancie/Belline/28-Union.css-- -- --1273
3/31/2026 11:56:37 AM | * Backup/Cartomancie/Belline/28-Union.dat-- -- --279827
3/31/2026 11:56:37 AM | * Cartomancie/Belline/28-Union.php-- -- --29363
3/31/2026 11:56:37 AM | * Cartomancie/Belline/29-Famille(var).js-- -- --171
3/31/2026 11:56:37 AM | * Cartomancie/Belline/29-Famille.css-- -- --1273
3/31/2026 11:56:37 AM | * Backup/Cartomancie/Belline/29-Famille.dat-- -- --279938
3/31/2026 11:56:37 AM | * Cartomancie/Belline/29-Famille.php-- -- --29508
3/31/2026 11:56:37 AM | * Cartomancie/Belline/30-Amor(var).js-- -- --171
3/31/2026 11:56:37 AM | * Cartomancie/Belline/30-Amor.css-- -- --1274
3/31/2026 11:56:37 AM | * Backup/Cartomancie/Belline/30-Amor.dat-- -- --279927
3/31/2026 11:56:37 AM | * Cartomancie/Belline/30-Amor.php-- -- --29489
3/31/2026 11:56:37 AM | * Cartomancie/Belline/31-Table(var).js-- -- --171
3/31/2026 11:56:37 AM | * Cartomancie/Belline/31-Table.css-- -- --1273
3/31/2026 11:56:37 AM | * Backup/Cartomancie/Belline/31-Table.dat-- -- --279911
3/31/2026 11:56:37 AM | * Cartomancie/Belline/31-Table.php-- -- --29477
3/31/2026 11:56:37 AM | * Cartomancie/Belline/32-Passions(var).js-- -- --171
3/31/2026 11:56:37 AM | * Cartomancie/Belline/32-Passions.css-- -- --1274
3/31/2026 11:56:37 AM | * Backup/Cartomancie/Belline/32-Passions.dat-- -- --280315
3/31/2026 11:56:37 AM | * Cartomancie/Belline/32-Passions.php-- -- --29886
3/31/2026 11:56:37 AM | * Cartomancie/Belline/33-Mechancete(var).js-- -- --239
3/31/2026 11:56:37 AM | * Cartomancie/Belline/33-Mechancete.css-- -- --1327
3/31/2026 11:56:37 AM | * Backup/Cartomancie/Belline/33-Mechancete.dat-- -- --300774
3/31/2026 11:56:37 AM | * Cartomancie/Belline/33-Mechancete.php-- -- --29427
3/31/2026 11:56:37 AM | * Cartomancie/Belline/34-Proces(var).js-- -- --171
3/31/2026 11:56:37 AM | * Cartomancie/Belline/34-Proces.css-- -- --1274
3/31/2026 11:56:37 AM | * Backup/Cartomancie/Belline/34-Proces.dat-- -- --279877
3/31/2026 11:56:37 AM | * Cartomancie/Belline/34-Proces.php-- -- --29444
3/31/2026 11:56:37 AM | * Cartomancie/Belline/35-Despotisme(var).js-- -- --171
3/31/2026 11:56:37 AM | * Cartomancie/Belline/35-Despotisme.css-- -- --1274
3/31/2026 11:56:37 AM | * Backup/Cartomancie/Belline/35-Despotisme.dat-- -- --280035
3/31/2026 11:56:37 AM | * Cartomancie/Belline/35-Despotisme.php-- -- --29601
3/31/2026 11:56:37 AM | * Cartomancie/Belline/36-Ennemis(var).js-- -- --171
3/31/2026 11:56:37 AM | * Cartomancie/Belline/36-Ennemis.css-- -- --1273
3/31/2026 11:56:37 AM | * Backup/Cartomancie/Belline/36-Ennemis.dat-- -- --279975
3/31/2026 11:56:37 AM | * Cartomancie/Belline/36-Ennemis.php-- -- --29536
3/31/2026 11:56:37 AM | * Cartomancie/Belline/37-Pourparlers(var).js-- -- --171
3/31/2026 11:56:37 AM | * Cartomancie/Belline/37-Pourparlers.css-- -- --1274
3/31/2026 11:56:37 AM | * Backup/Cartomancie/Belline/37-Pourparlers.dat-- -- --280134
3/31/2026 11:56:37 AM | * Cartomancie/Belline/37-Pourparlers.php-- -- --29616
3/31/2026 11:56:37 AM | * Cartomancie/Belline/38-Feu(var).js-- -- --171
3/31/2026 11:56:37 AM | * Cartomancie/Belline/38-Feu.css-- -- --1273
3/31/2026 11:56:37 AM | * Backup/Cartomancie/Belline/38-Feu.dat-- -- --279964
3/31/2026 11:56:37 AM | * Cartomancie/Belline/38-Feu.php-- -- --29526
3/31/2026 11:56:37 AM | * Cartomancie/Belline/39-Accident(var).js-- -- --171
3/31/2026 11:56:37 AM | * Cartomancie/Belline/39-Accident.css-- -- --1273
3/31/2026 11:56:37 AM | * Backup/Cartomancie/Belline/39-Accident.dat-- -- --280116
3/31/2026 11:56:37 AM | * Cartomancie/Belline/39-Accident.php-- -- --29671
3/31/2026 11:56:37 AM | * Cartomancie/Belline/40-Appui(var).js-- -- --171
3/31/2026 11:56:37 AM | * Cartomancie/Belline/40-Appui.css-- -- --1274
3/31/2026 11:56:37 AM | * Backup/Cartomancie/Belline/40-Appui.dat-- -- --279893
3/31/2026 11:56:37 AM | * Cartomancie/Belline/40-Appui.php-- -- --29458
3/31/2026 11:56:37 AM | * Cartomancie/Belline/41-Beaute(var).js-- -- --171
3/31/2026 11:56:37 AM | * Cartomancie/Belline/41-Beaute.css-- -- --1273
3/31/2026 11:56:37 AM | * Backup/Cartomancie/Belline/41-Beaute.dat-- -- --279631
3/31/2026 11:56:38 AM | * Cartomancie/Belline/41-Beaute.php-- -- --29614
3/31/2026 11:56:38 AM | * Cartomancie/Belline/42-Heritage(var).js-- -- --171
3/31/2026 11:56:38 AM | * Cartomancie/Belline/42-Heritage.css-- -- --1273
3/31/2026 11:56:38 AM | * Backup/Cartomancie/Belline/42-Heritage.dat-- -- --279993
3/31/2026 11:56:38 AM | * Cartomancie/Belline/42-Heritage.php-- -- --29556
3/31/2026 11:56:38 AM | * Cartomancie/Belline/43-Sagesse(var).js-- -- --171
3/31/2026 11:56:38 AM | * Cartomancie/Belline/43-Sagesse.css-- -- --1273
3/31/2026 11:56:38 AM | * Backup/Cartomancie/Belline/43-Sagesse.dat-- -- --279985
3/31/2026 11:56:38 AM | * Cartomancie/Belline/43-Sagesse.php-- -- --29546
3/31/2026 11:56:38 AM | * Cartomancie/Belline/44-Renommee(var).js-- -- --171
3/31/2026 11:56:38 AM | * Cartomancie/Belline/44-Renommee.css-- -- --1273
3/31/2026 11:56:38 AM | * Backup/Cartomancie/Belline/44-Renommee.dat-- -- --279987
3/31/2026 11:56:38 AM | * Cartomancie/Belline/44-Renommee.php-- -- --29559
3/31/2026 11:56:38 AM | * Cartomancie/Belline/45-Hasard(var).js-- -- --171
3/31/2026 11:56:38 AM | * Cartomancie/Belline/45-Hasard.css-- -- --1273
3/31/2026 11:56:38 AM | * Backup/Cartomancie/Belline/45-Hasard.dat-- -- --279980
3/31/2026 11:56:38 AM | * Cartomancie/Belline/45-Hasard.php-- -- --29539
3/31/2026 11:56:38 AM | * Cartomancie/Belline/46-Bonheur(var).js-- -- --171
3/31/2026 11:56:38 AM | * Cartomancie/Belline/46-Bonheur.css-- -- --1273
3/31/2026 11:56:38 AM | * Backup/Cartomancie/Belline/46-Bonheur.dat-- -- --279841
3/31/2026 11:56:38 AM | * Cartomancie/Belline/46-Bonheur.php-- -- --29402
3/31/2026 11:56:38 AM | * Cartomancie/Belline/47-Infortune(var).js-- -- --171
3/31/2026 11:56:38 AM | * Cartomancie/Belline/47-Infortune.css-- -- --1273
3/31/2026 11:56:38 AM | * Backup/Cartomancie/Belline/47-Infortune.dat-- -- --280247
3/31/2026 11:56:38 AM | * Cartomancie/Belline/47-Infortune.php-- -- --29812
3/31/2026 11:56:38 AM | * Cartomancie/Belline/48-Sterilite(var).js-- -- --171
3/31/2026 11:56:38 AM | * Cartomancie/Belline/48-Sterilite.css-- -- --1274
3/31/2026 11:56:38 AM | * Backup/Cartomancie/Belline/48-Sterilite.dat-- -- --279957
3/31/2026 11:56:38 AM | * Cartomancie/Belline/48-Sterilite.php-- -- --29521
3/31/2026 11:56:38 AM | * Cartomancie/Belline/49-Fatalite(var).js-- -- --171
3/31/2026 11:56:38 AM | * Cartomancie/Belline/49-Fatalite.css-- -- --1274
3/31/2026 11:56:38 AM | * Backup/Cartomancie/Belline/49-Fatalite.dat-- -- --280152
3/31/2026 11:56:38 AM | * Cartomancie/Belline/49-Fatalite.php-- -- --29713
3/31/2026 11:56:38 AM | * Cartomancie/Belline/50-Grace(var).js-- -- --171
3/31/2026 11:56:38 AM | * Cartomancie/Belline/50-Grace.css-- -- --1273
3/31/2026 11:56:38 AM | * Backup/Cartomancie/Belline/50-Grace.dat-- -- --280181
3/31/2026 11:56:38 AM | * Cartomancie/Belline/50-Grace.php-- -- --29721
3/31/2026 11:56:38 AM | * Cartomancie/Belline/51-Ruine(var).js-- -- --171
3/31/2026 11:56:38 AM | * Cartomancie/Belline/51-Ruine.css-- -- --1273
3/31/2026 11:56:38 AM | * Backup/Cartomancie/Belline/51-Ruine.dat-- -- --280484
3/31/2026 11:56:38 AM | * Cartomancie/Belline/51-Ruine.php-- -- --30024
3/31/2026 11:56:38 AM | * Cartomancie/Belline/52-Retard(var).js-- -- --171
3/31/2026 11:56:38 AM | * Cartomancie/Belline/52-Retard.css-- -- --1273
3/31/2026 11:56:38 AM | * Backup/Cartomancie/Belline/52-Retard.dat-- -- --279609
3/31/2026 11:56:38 AM | * Cartomancie/Belline/52-Retard.php-- -- --29160
3/31/2026 11:56:38 AM | * Cartomancie/Belline/53-Cloitre(var).js-- -- --171
3/31/2026 11:56:38 AM | * Cartomancie/Belline/53-Cloitre.css-- -- --1273
3/31/2026 11:56:38 AM | * Backup/Cartomancie/Belline/53-Cloitre.dat-- -- --280116
3/31/2026 11:56:38 AM | * Cartomancie/Belline/53-Cloitre.php-- -- --29660
3/31/2026 11:56:38 AM | * Cartomancie/Belline/Accueil(var).js-- -- --171
3/31/2026 11:56:38 AM | * Cartomancie/Belline/Accueil.css-- -- --8991
3/31/2026 11:56:38 AM | * Backup/Cartomancie/Belline/Accueil.dat-- -- --2231345
3/31/2026 11:56:38 AM | * Cartomancie/Belline/Accueil.php-- -- --64133
3/31/2026 11:56:38 AM | * Cartomancie/Tarots/01-Fou(var).js-- -- --171
3/31/2026 11:56:38 AM | * Cartomancie/Tarots/01-Fou.css-- -- --1196
3/31/2026 11:56:38 AM | * Backup/Cartomancie/Tarots/01-Fou.dat-- -- --280291
3/31/2026 11:56:38 AM | * Cartomancie/Tarots/01-Fou.php-- -- --29908
3/31/2026 11:56:38 AM | * Cartomancie/Tarots/02-Bateleur(var).js-- -- --171
3/31/2026 11:56:38 AM | * Cartomancie/Tarots/02-Bateleur.css-- -- --1196
3/31/2026 11:56:38 AM | * Backup/Cartomancie/Tarots/02-Bateleur.dat-- -- --279867
3/31/2026 11:56:38 AM | * Cartomancie/Tarots/02-Bateleur.php-- -- --29496
3/31/2026 11:56:38 AM | * Cartomancie/Tarots/03-Papesse(var).js-- -- --171
3/31/2026 11:56:38 AM | * Cartomancie/Tarots/03-Papesse.css-- -- --1196
3/31/2026 11:56:38 AM | * Backup/Cartomancie/Tarots/03-Papesse.dat-- -- --280106
3/31/2026 11:56:38 AM | * Cartomancie/Tarots/03-Papesse.php-- -- --29722
3/31/2026 11:56:38 AM | * Cartomancie/Tarots/04-Imperatrice(var).js-- -- --171
3/31/2026 11:56:38 AM | * Cartomancie/Tarots/04-Imperatrice.css-- -- --1196
3/31/2026 11:56:38 AM | * Backup/Cartomancie/Tarots/04-Imperatrice.dat-- -- --280621
3/31/2026 11:56:38 AM | * Cartomancie/Tarots/04-Imperatrice.php-- -- --30254
3/31/2026 11:56:38 AM | * Cartomancie/Tarots/05-Empereur(var).js-- -- --171
3/31/2026 11:56:38 AM | * Cartomancie/Tarots/05-Empereur.css-- -- --1196
3/31/2026 11:56:38 AM | * Backup/Cartomancie/Tarots/05-Empereur.dat-- -- --280220
3/31/2026 11:56:38 AM | * Cartomancie/Tarots/05-Empereur.php-- -- --29847
3/31/2026 11:56:38 AM | * Cartomancie/Tarots/06-Pape(var).js-- -- --171
3/31/2026 11:56:38 AM | * Cartomancie/Tarots/06-Pape.css-- -- --1196
3/31/2026 11:56:38 AM | * Backup/Cartomancie/Tarots/06-Pape.dat-- -- --280416
3/31/2026 11:56:38 AM | * Cartomancie/Tarots/06-Pape.php-- -- --30018
3/31/2026 11:56:38 AM | * Cartomancie/Tarots/07-Amoureux(var).js-- -- --171
3/31/2026 11:56:38 AM | * Cartomancie/Tarots/07-Amoureux.css-- -- --1273
3/31/2026 11:56:38 AM | * Backup/Cartomancie/Tarots/07-Amoureux.dat-- -- --280313
3/31/2026 11:56:38 AM | * Cartomancie/Tarots/07-Amoureux.php-- -- --29843
3/31/2026 11:56:38 AM | * Cartomancie/Tarots/08-Chariot(var).js-- -- --171
3/31/2026 11:56:38 AM | * Cartomancie/Tarots/08-Chariot.css-- -- --1273
3/31/2026 11:56:38 AM | * Backup/Cartomancie/Tarots/08-Chariot.dat-- -- --280806
3/31/2026 11:56:38 AM | * Cartomancie/Tarots/08-Chariot.php-- -- --30264
3/31/2026 11:56:38 AM | * Cartomancie/Tarots/09-Justice(var).js-- -- --171
3/31/2026 11:56:38 AM | * Cartomancie/Tarots/09-Justice.css-- -- --1273
3/31/2026 11:56:38 AM | * Backup/Cartomancie/Tarots/09-Justice.dat-- -- --280704
3/31/2026 11:56:38 AM | * Cartomancie/Tarots/09-Justice.php-- -- --30240
3/31/2026 11:56:38 AM | * Cartomancie/Tarots/10-Hermite(var).js-- -- --171
3/31/2026 11:56:38 AM | * Cartomancie/Tarots/10-Hermite.css-- -- --1273
3/31/2026 11:56:38 AM | * Backup/Cartomancie/Tarots/10-Hermite.dat-- -- --280707
3/31/2026 11:56:38 AM | * Cartomancie/Tarots/10-Hermite.php-- -- --30235
3/31/2026 11:56:38 AM | * Cartomancie/Tarots/11-Roue(var).js-- -- --171
3/31/2026 11:56:38 AM | * Cartomancie/Tarots/11-Roue.css-- -- --1273
3/31/2026 11:56:38 AM | * Backup/Cartomancie/Tarots/11-Roue.dat-- -- --280292
3/31/2026 11:56:38 AM | * Cartomancie/Tarots/11-Roue.php-- -- --29806
3/31/2026 11:56:38 AM | * Cartomancie/Tarots/12-Force(var).js-- -- --171
3/31/2026 11:56:38 AM | * Cartomancie/Tarots/12-Force.css-- -- --1273
3/31/2026 11:56:38 AM | * Backup/Cartomancie/Tarots/12-Force.dat-- -- --280160
3/31/2026 11:56:38 AM | * Cartomancie/Tarots/12-Force.php-- -- --29675
3/31/2026 11:56:38 AM | * Cartomancie/Tarots/13-Pendu(var).js-- -- --171
3/31/2026 11:56:38 AM | * Cartomancie/Tarots/13-Pendu.css-- -- --1273
3/31/2026 11:56:38 AM | * Backup/Cartomancie/Tarots/13-Pendu.dat-- -- --280016
3/31/2026 11:56:38 AM | * Cartomancie/Tarots/13-Pendu.php-- -- --29927
3/31/2026 11:56:38 AM | * Cartomancie/Tarots/14-Mort(var).js-- -- --171
3/31/2026 11:56:38 AM | * Cartomancie/Tarots/14-Mort.css-- -- --1273
3/31/2026 11:56:38 AM | * Backup/Cartomancie/Tarots/14-Mort.dat-- -- --280203
3/31/2026 11:56:38 AM | * Cartomancie/Tarots/14-Mort.php-- -- --29725
3/31/2026 11:56:38 AM | * Cartomancie/Tarots/15-Temperance(var).js-- -- --171
3/31/2026 11:56:38 AM | * Cartomancie/Tarots/15-Temperance.css-- -- --1273
3/31/2026 11:56:38 AM | * Backup/Cartomancie/Tarots/15-Temperance.dat-- -- --279885
3/31/2026 11:56:38 AM | * Cartomancie/Tarots/15-Temperance.php-- -- --29860
3/31/2026 11:56:38 AM | * Cartomancie/Tarots/16-Diable(var).js-- -- --171
3/31/2026 11:56:38 AM | * Cartomancie/Tarots/16-Diable.css-- -- --1273
3/31/2026 11:56:38 AM | * Backup/Cartomancie/Tarots/16-Diable.dat-- -- --280349
3/31/2026 11:56:38 AM | * Cartomancie/Tarots/16-Diable.php-- -- --29866
3/31/2026 11:56:38 AM | * Cartomancie/Tarots/16-Maison-Dieu(var).js-- -- --171
3/31/2026 11:56:38 AM | * Cartomancie/Tarots/16-Maison-Dieu.css-- -- --1273
3/31/2026 11:56:38 AM | * Backup/Cartomancie/Tarots/16-Maison-Dieu.dat-- -- --280492
3/31/2026 11:56:38 AM | * Cartomancie/Tarots/16-Maison-Dieu.php-- -- --30019
3/31/2026 11:56:38 AM | * Cartomancie/Tarots/17-Etoile(var).js-- -- --171
3/31/2026 11:56:38 AM | * Cartomancie/Tarots/17-Etoile.css-- -- --1273
3/31/2026 11:56:38 AM | * Backup/Cartomancie/Tarots/17-Etoile.dat-- -- --280199
3/31/2026 11:56:38 AM | * Cartomancie/Tarots/17-Etoile.php-- -- --29724
3/31/2026 11:56:38 AM | * Cartomancie/Tarots/18-Lune(var).js-- -- --171
3/31/2026 11:56:38 AM | * Cartomancie/Tarots/18-Lune.css-- -- --1273
3/31/2026 11:56:38 AM | * Backup/Cartomancie/Tarots/18-Lune.dat-- -- --280626
3/31/2026 11:56:38 AM | * Cartomancie/Tarots/18-Lune.php-- -- --30139
3/31/2026 11:56:38 AM | * Cartomancie/Tarots/19-Soleil(var).js-- -- --171
3/31/2026 11:56:38 AM | * Cartomancie/Tarots/19-Soleil.css-- -- --1273
3/31/2026 11:56:38 AM | * Backup/Cartomancie/Tarots/19-Soleil.dat-- -- --280470
3/31/2026 11:56:38 AM | * Cartomancie/Tarots/19-Soleil.php-- -- --29987
3/31/2026 11:56:38 AM | * Cartomancie/Tarots/20-Jugement(var).js-- -- --171
3/31/2026 11:56:38 AM | * Cartomancie/Tarots/20-Jugement.css-- -- --1273
3/31/2026 11:56:38 AM | * Backup/Cartomancie/Tarots/20-Jugement.dat-- -- --280342
3/31/2026 11:56:38 AM | * Cartomancie/Tarots/20-Jugement.php-- -- --29863
3/31/2026 11:56:38 AM | * Cartomancie/Tarots/21-Monde(var).js-- -- --171
3/31/2026 11:56:38 AM | * Cartomancie/Tarots/21-Monde.css-- -- --1273
3/31/2026 11:56:38 AM | * Backup/Cartomancie/Tarots/21-Monde.dat-- -- --280289
3/31/2026 11:56:38 AM | * Cartomancie/Tarots/21-Monde.php-- -- --29804
3/31/2026 11:56:38 AM | * Cartomancie/Tarots/Accueil(var).js-- -- --171
3/31/2026 11:56:38 AM | * Cartomancie/Tarots/Accueil.css-- -- --3694
3/31/2026 11:56:38 AM | * Backup/Cartomancie/Tarots/Accueil.dat-- -- --916742
3/31/2026 11:56:38 AM | * Cartomancie/Tarots/Accueil.php-- -- --41688
3/31/2026 11:56:38 AM | * CGU/CGU(var).js-- -- --171
3/31/2026 11:56:38 AM | * CGU/CGU.css-- -- --847
3/31/2026 11:56:38 AM | * WEFiles/Image/WEImage/Accueil-WEbe3ff0985f.png-- -- --4859
3/31/2026 11:56:38 AM | * Backup/CGU/CGU.dat-- -- --197750
3/31/2026 11:56:38 AM | * CGU/CGU.php-- -- --35439
3/31/2026 11:56:38 AM | * Chat/Echec(var).js-- -- --171
3/31/2026 11:56:38 AM | * Chat/Echec.css-- -- --940
3/31/2026 11:56:38 AM | * Backup/Chat/Echec.dat-- -- --219242
3/31/2026 11:56:38 AM | * Chat/Echec.php-- -- --27548
3/31/2026 11:56:38 AM | * Chat/Envoi(var).js-- -- --171
3/31/2026 11:56:38 AM | * Chat/Envoi.css-- -- --862
3/31/2026 11:56:38 AM | * Backup/Chat/Envoi.dat-- -- --191897
3/31/2026 11:56:38 AM | * Chat/Envoi.php-- -- --27315
3/31/2026 11:56:38 AM | * Chat/Formulaire(var).js-- -- --1103
3/31/2026 11:56:38 AM | * Chat/Formulaire(var).php-- -- --4015
3/31/2026 11:56:38 AM | * Chat/Formulaire.css-- -- --4727
3/31/2026 11:56:38 AM | * Backup/Chat/Formulaire.dat-- -- --1028671
3/31/2026 11:56:38 AM | * Chat/Formulaire.php-- -- --57919
3/31/2026 11:56:38 AM | * Coaching/Echec(var).js-- -- --103
3/31/2026 11:56:38 AM | * Coaching/Echec.css-- -- --886
3/31/2026 11:56:38 AM | * Backup/Coaching/Echec.dat-- -- --194504
3/31/2026 11:56:38 AM | * Coaching/Echec.php-- -- --27552
3/31/2026 11:56:38 AM | * Coaching/Envoi(var).js-- -- --103
3/31/2026 11:56:38 AM | * Coaching/Envoi.css-- -- --809
3/31/2026 11:56:38 AM | * Backup/Coaching/Envoi.dat-- -- --167164
3/31/2026 11:56:38 AM | * Coaching/Envoi.php-- -- --27342
3/31/2026 11:56:38 AM | * Coaching/Formulaire(var).js-- -- --1111
3/31/2026 11:56:38 AM | * Coaching/Formulaire(var).php-- -- --2415
3/31/2026 11:56:38 AM | * Coaching/Formulaire.css-- -- --4726
3/31/2026 11:56:38 AM | * Backup/Coaching/Formulaire.dat-- -- --1009410
3/31/2026 11:56:38 AM | * Coaching/Formulaire.php-- -- --58333
3/31/2026 11:56:38 AM | * Domicile/Echec(var).js-- -- --171
3/31/2026 11:56:38 AM | * Domicile/Echec.css-- -- --939
3/31/2026 11:56:38 AM | * Backup/Domicile/Echec.dat-- -- --219264
3/31/2026 11:56:38 AM | * Domicile/Echec.php-- -- --27584
3/31/2026 11:56:38 AM | * Domicile/Envoi(var).js-- -- --171
3/31/2026 11:56:38 AM | * Domicile/Envoi.css-- -- --862
3/31/2026 11:56:38 AM | * Backup/Domicile/Envoi.dat-- -- --191875
3/31/2026 11:56:38 AM | * Domicile/Envoi.php-- -- --27332
3/31/2026 11:56:38 AM | * Domicile/Formulaire(var).js-- -- --1111
3/31/2026 11:56:38 AM | * Domicile/Formulaire(var).php-- -- --3500
3/31/2026 11:56:38 AM | * Domicile/Formulaire.css-- -- --4727
3/31/2026 11:56:38 AM | * Backup/Domicile/Formulaire.dat-- -- --1022068
3/31/2026 11:56:38 AM | * Domicile/Formulaire.php-- -- --58045
3/31/2026 11:56:38 AM | * Dons/Dons(var).js-- -- --171
3/31/2026 11:56:38 AM | * Dons/Dons.css-- -- --1594
3/31/2026 11:56:38 AM | * Backup/Dons/Dons.dat-- -- --359688
3/31/2026 11:56:38 AM | * Dons/Dons.php-- -- --32482
3/31/2026 11:56:38 AM | * Gratuite/Echec(var).js-- -- --171
3/31/2026 11:56:38 AM | * Gratuite/Echec.css-- -- --939
3/31/2026 11:56:38 AM | * Backup/Gratuite/Echec.dat-- -- --217179
3/31/2026 11:56:38 AM | * Gratuite/Echec.php-- -- --27558
3/31/2026 11:56:38 AM | * Gratuite/Envoi(var).js-- -- --171
3/31/2026 11:56:38 AM | * Gratuite/Envoi.css-- -- --862
3/31/2026 11:56:38 AM | * Backup/Gratuite/Envoi.dat-- -- --191872
3/31/2026 11:56:38 AM | * Gratuite/Envoi.php-- -- --26914
3/31/2026 11:56:38 AM | * Gratuite/Formulaire(var).js-- -- --1147
3/31/2026 11:56:38 AM | * Gratuite/Formulaire(var).php-- -- --3811
3/31/2026 11:56:38 AM | * Gratuite/Formulaire.css-- -- --5261
3/31/2026 11:56:38 AM | * Backup/Gratuite/Formulaire.dat-- -- --1082145
3/31/2026 11:56:39 AM | * Gratuite/Formulaire.php-- -- --59228
3/31/2026 11:56:39 AM | * Magie/Echec(var).js-- -- --171
3/31/2026 11:56:39 AM | * Magie/Echec.css-- -- --939
3/31/2026 11:56:39 AM | * Backup/Magie/Echec.dat-- -- --217239
3/31/2026 11:56:39 AM | * Magie/Echec.php-- -- --27602
3/31/2026 11:56:39 AM | * Magie/Envoi(var).js-- -- --171
3/31/2026 11:56:39 AM | * Magie/Envoi.css-- -- --862
3/31/2026 11:56:39 AM | * Backup/Magie/Envoi.dat-- -- --189954
3/31/2026 11:56:39 AM | * Magie/Envoi.php-- -- --27385
3/31/2026 11:56:39 AM | * Magie/Formulaire(var).js-- -- --1133
3/31/2026 11:56:39 AM | * Magie/Formulaire(var).php-- -- --5375
3/31/2026 11:56:39 AM | * Magie/Formulaire.css-- -- --4882
3/31/2026 11:56:39 AM | * Backup/Magie/Formulaire.dat-- -- --1097309
3/31/2026 11:56:39 AM | * Magie/Formulaire.php-- -- --62252
3/31/2026 11:56:39 AM | * Mail/Echec(var).js-- -- --103
3/31/2026 11:56:39 AM | * Mail/Echec.css-- -- --887
3/31/2026 11:56:39 AM | * Backup/Mail/Echec.dat-- -- --194461
3/31/2026 11:56:39 AM | * Mail/Echec.php-- -- --27537
3/31/2026 11:56:39 AM | * Mail/Envoi(var).js-- -- --103
3/31/2026 11:56:39 AM | * Mail/Envoi.css-- -- --809
3/31/2026 11:56:39 AM | * Backup/Mail/Envoi.dat-- -- --167207
3/31/2026 11:56:39 AM | * Mail/Envoi.php-- -- --27410
3/31/2026 11:56:39 AM | * Mail/Formulaire(var).js-- -- --1103
3/31/2026 11:56:39 AM | * Mail/Formulaire(var).php-- -- --2242
3/31/2026 11:56:39 AM | * Mail/Formulaire.css-- -- --4265
3/31/2026 11:56:39 AM | * Backup/Mail/Formulaire.dat-- -- --808955
3/31/2026 11:56:39 AM | * Mail/Formulaire.php-- -- --49765
3/31/2026 11:56:39 AM | * Methodes/Accueil(var).js-- -- --171
3/31/2026 11:56:39 AM | * Methodes/Accueil.css-- -- --1721
3/31/2026 11:56:39 AM | * Backup/Methodes/Accueil.dat-- -- --450550
3/31/2026 11:56:39 AM | * Methodes/Accueil.php-- -- --42434
3/31/2026 11:56:39 AM | * Methodes/Croix(var).js-- -- --171
3/31/2026 11:56:39 AM | * Methodes/Croix.css-- -- --3694
3/31/2026 11:56:39 AM | * Backup/Methodes/Croix.dat-- -- --950300
3/31/2026 11:56:39 AM | * Methodes/Croix.php-- -- --51038
3/31/2026 11:56:39 AM | * Methodes/Ligne(var).js-- -- --171
3/31/2026 11:56:39 AM | * Methodes/Ligne.css-- -- --3890
3/31/2026 11:56:39 AM | * Backup/Methodes/Ligne.dat-- -- --995173
3/31/2026 11:56:39 AM | * Methodes/Ligne.php-- -- --58989
3/31/2026 11:56:39 AM | * Methodes/Pyramide(var).js-- -- --171
3/31/2026 11:56:39 AM | * Methodes/Pyramide.css-- -- --2041
3/31/2026 11:56:39 AM | * Backup/Methodes/Pyramide.dat-- -- --486241
3/31/2026 11:56:39 AM | * Methodes/Pyramide.php-- -- --44939
3/31/2026 11:56:39 AM | * Paiement/Paiement_accepte(var).js-- -- --171
3/31/2026 11:56:39 AM | * Paiement/Paiement_accepte.css-- -- --862
3/31/2026 11:56:39 AM | * Backup/Paiement/Paiement_accepte.dat-- -- --189904
3/31/2026 11:56:39 AM | * Paiement/Paiement_accepte.php-- -- --27473
3/31/2026 11:56:39 AM | * Paiement/Paiement_avorte(var).js-- -- --171
3/31/2026 11:56:39 AM | * Paiement/Paiement_avorte.css-- -- --862
3/31/2026 11:56:39 AM | * Backup/Paiement/Paiement_avorte.dat-- -- --189697
3/31/2026 11:56:39 AM | * Paiement/Paiement_avorte.php-- -- --27064
3/31/2026 11:56:39 AM | * Partenaires/Partenaires(var).js-- -- --103
3/31/2026 11:56:39 AM | * Partenaires/Partenaires.css-- -- --556
3/31/2026 11:56:39 AM | * Backup/Partenaires/Partenaires.dat-- -- --130494
3/31/2026 11:56:39 AM | * Partenaires/Partenaires.php-- -- --26508
3/31/2026 11:56:39 AM | * Planetes/Accueil(var).js-- -- --171
3/31/2026 11:56:39 AM | * Planetes/Accueil.css-- -- --3106
3/31/2026 11:56:39 AM | * WEFiles/Image/WEImage/Accueil-WEf827361a52.png-- -- --4859
3/31/2026 11:56:39 AM | * Backup/Planetes/Accueil.dat-- -- --814110
3/31/2026 11:56:39 AM | * Planetes/Accueil.php-- -- --40589
3/31/2026 11:56:39 AM | * Planetes/Jupiter(var).js-- -- --171
3/31/2026 11:56:39 AM | * Planetes/Jupiter.css-- -- --1182
3/31/2026 11:56:39 AM | * WEFiles/Image/WEImage/Accueil-WE7c4d4618e8.png-- -- --4859
3/31/2026 11:56:39 AM | * Files/Image/Planetes/jupiter.png-- -- --290470
3/31/2026 11:56:39 AM | * WEFiles/Image/WEImage/jupiter-WE22c70bbcb4.png-- -- --24138
3/31/2026 11:56:39 AM | * Backup/Planetes/Jupiter.dat-- -- --280082
3/31/2026 11:56:39 AM | * Planetes/Jupiter.php-- -- --30246
3/31/2026 11:56:39 AM | * Planetes/Lune(var).js-- -- --239
3/31/2026 11:56:39 AM | * Planetes/Lune.css-- -- --1236
3/31/2026 11:56:39 AM | * Files/Image/Planetes/lune.png-- -- --198790
3/31/2026 11:56:39 AM | * WEFiles/Image/WEImage/lune-WEa744dc0aa6.png-- -- --11726
3/31/2026 11:56:39 AM | * WEFiles/Image/WEImage/Accueil-WEdca6663948.png-- -- --4859
3/31/2026 11:56:39 AM | * Backup/Planetes/Lune.dat-- -- --301589
3/31/2026 11:56:39 AM | * Planetes/Lune.php-- -- --30725
3/31/2026 11:56:39 AM | * Planetes/Mars(var).js-- -- --239
3/31/2026 11:56:39 AM | * Planetes/Mars.css-- -- --1236
3/31/2026 11:56:39 AM | * Files/Image/Planetes/mars.png-- -- --174410
3/31/2026 11:56:39 AM | * WEFiles/Image/WEImage/mars-WE7824d02237.png-- -- --19861
3/31/2026 11:56:39 AM | * WEFiles/Image/WEImage/Accueil-WE3449aa1ae8.png-- -- --4859
3/31/2026 11:56:39 AM | * Backup/Planetes/Mars.dat-- -- --301335
3/31/2026 11:56:39 AM | * Planetes/Mars.php-- -- --30376
3/31/2026 11:56:39 AM | * Planetes/Mercure(var).js-- -- --239
3/31/2026 11:56:39 AM | * Planetes/Mercure.css-- -- --1236
3/31/2026 11:56:39 AM | * Files/Image/Planetes/mercure.png-- -- --311474
3/31/2026 11:56:39 AM | * WEFiles/Image/WEImage/mercure-WEeb1c7c3496.png-- -- --23831
3/31/2026 11:56:39 AM | * WEFiles/Image/WEImage/Accueil-WEe9bc9b688e.png-- -- --4859
3/31/2026 11:56:39 AM | * Backup/Planetes/Mercure.dat-- -- --302032
3/31/2026 11:56:39 AM | * Planetes/Mercure.php-- -- --31157
3/31/2026 11:56:39 AM | * Planetes/Neptune(var).js-- -- --239
3/31/2026 11:56:39 AM | * Planetes/Neptune.css-- -- --1236
3/31/2026 11:56:39 AM | * Files/Image/Planetes/neptune.png-- -- --199587
3/31/2026 11:56:39 AM | * WEFiles/Image/WEImage/neptune-WE92f6bc3ae0.png-- -- --18196
3/31/2026 11:56:39 AM | * WEFiles/Image/WEImage/Accueil-WE9589f0596d.png-- -- --4859
3/31/2026 11:56:39 AM | * Backup/Planetes/Neptune.dat-- -- --301312
3/31/2026 11:56:39 AM | * Planetes/Neptune.php-- -- --30450
3/31/2026 11:56:39 AM | * Planetes/Pluton(var).js-- -- --239
3/31/2026 11:56:39 AM | * Planetes/Pluton.css-- -- --1236
3/31/2026 11:56:39 AM | * Files/Image/Planetes/pluton.png-- -- --833076
3/31/2026 11:56:39 AM | * WEFiles/Image/WEImage/pluton-WE09f0021b47.png-- -- --23290
3/31/2026 11:56:39 AM | * WEFiles/Image/WEImage/Accueil-WE31225b45fb.png-- -- --4859
3/31/2026 11:56:39 AM | * Backup/Planetes/Pluton.dat-- -- --301242
3/31/2026 11:56:39 AM | * Planetes/Pluton.php-- -- --30382
3/31/2026 11:56:39 AM | * Planetes/Saturne(var).js-- -- --239
3/31/2026 11:56:39 AM | * Planetes/Saturne.css-- -- --1250
3/31/2026 11:56:39 AM | * Files/Image/Planetes/saturne.png-- -- --33923
3/31/2026 11:56:39 AM | * WEFiles/Image/WEImage/saturne-WEb42562a04a.png-- -- --20982
3/31/2026 11:56:39 AM | * WEFiles/Image/WEImage/Accueil-WE9e515d2e2a.png-- -- --4859
3/31/2026 11:56:39 AM | * Backup/Planetes/Saturne.dat-- -- --305046
3/31/2026 11:56:39 AM | * Planetes/Saturne.php-- -- --30421
3/31/2026 11:56:39 AM | * Planetes/Soleil(var).js-- -- --239
3/31/2026 11:56:39 AM | * Planetes/Soleil.css-- -- --1251
3/31/2026 11:56:39 AM | * Files/Image/Planetes/soleil.png-- -- --245235
3/31/2026 11:56:39 AM | * WEFiles/Image/WEImage/soleil-WEd7300510eb.png-- -- --30278
3/31/2026 11:56:39 AM | * WEFiles/Image/WEImage/Accueil-WEcdcdd5b0ac.png-- -- --4859
3/31/2026 11:56:39 AM | * Backup/Planetes/Soleil.dat-- -- --304693
3/31/2026 11:56:39 AM | * Planetes/Soleil.php-- -- --30094
3/31/2026 11:56:39 AM | * Planetes/Uranus(var).js-- -- --239
3/31/2026 11:56:39 AM | * Planetes/Uranus.css-- -- --1251
3/31/2026 11:56:39 AM | * Files/Image/Planetes/uranus.png-- -- --192928
3/31/2026 11:56:39 AM | * WEFiles/Image/WEImage/uranus-WE574f9e9060.png-- -- --25799
3/31/2026 11:56:39 AM | * WEFiles/Image/WEImage/Accueil-WE7420c6afde.png-- -- --4859
3/31/2026 11:56:39 AM | * Backup/Planetes/Uranus.dat-- -- --304449
3/31/2026 11:56:39 AM | * Planetes/Uranus.php-- -- --29808
3/31/2026 11:56:39 AM | * Planetes/Venus(var).js-- -- --239
3/31/2026 11:56:39 AM | * Planetes/Venus.css-- -- --1251
3/31/2026 11:56:39 AM | * Files/Image/Planetes/venus.png-- -- --210114
3/31/2026 11:56:39 AM | * WEFiles/Image/WEImage/venus-WE5a03a66b9b.png-- -- --22070
3/31/2026 11:56:39 AM | * WEFiles/Image/WEImage/Accueil-WE58955cf73b.png-- -- --4859
3/31/2026 11:56:39 AM | * Backup/Planetes/Venus.dat-- -- --305090
3/31/2026 11:56:39 AM | * Planetes/Venus.php-- -- --30455
3/31/2026 11:56:39 AM | * Tchat/errors.txt-- -- --0
3/31/2026 11:56:39 AM | * index(var).js-- -- --171
3/31/2026 11:56:39 AM | * index.css-- -- --1265
3/31/2026 11:56:39 AM | * Backup/index.dat-- -- --310343
3/31/2026 11:56:39 AM | * index.php-- -- --38066
3/31/2026 11:56:39 AM | * Templates/Base.css-- -- --4482
3/31/2026 11:56:39 AM | * Templates/Base.php-- -- --25640
3/31/2026 11:56:39 AM | * Backup/Templates/Base.tdat-- -- --1009337
3/31/2026 11:56:39 AM | * sitemap.xml-- -- --27422
3/31/2026 11:56:39 AM | * robots.txt-- -- --39
3/31/2026 11:56:39 AM | * Backup/Belline net.ope-- -- --3598
3/31/2026 1:07:05 PM | Debut Mise en ligne différentielle (Site):
3/31/2026 1:07:20 PM | Listing terminé :
3/31/2026 1:07:20 PM | 

3/31/2026 1:07:20 PM | * Tchat-- -- --Folder create
3/31/2026 1:07:20 PM | * Tchat/widgets-- -- --Folder create
3/31/2026 1:07:20 PM | * Tchat/templates-- -- --Folder create
3/31/2026 1:07:20 PM | * Tchat/stickers-- -- --Folder create
3/31/2026 1:07:20 PM | * Tchat/stickers/Stickers-- -- --Folder create
3/31/2026 1:07:20 PM | * Tchat/stickers/Deutsch-- -- --Folder create
3/31/2026 1:07:20 PM | * Tchat/splash-- -- --Folder create
3/31/2026 1:07:20 PM | * Tchat/lang-- -- --Folder create
3/31/2026 1:07:20 PM | * Tchat/install-- -- --Folder create
3/31/2026 1:07:20 PM | * Tchat/incl-- -- --Folder create
3/31/2026 1:07:20 PM | * Tchat/img-- -- --Folder create
3/31/2026 1:07:20 PM | * Tchat/backgrounds-- -- --Folder create
3/31/2026 1:07:20 PM | * Tchat/avatars-- -- --Folder create
3/31/2026 1:07:20 PM | * Tchat/attachments-- -- --Folder create
3/31/2026 1:07:20 PM | * Tchat/app-- -- --Folder create
3/31/2026 1:07:20 PM | * Tchat/admin-- -- --Folder create
3/31/2026 1:07:20 PM | * Tchat/admin/font-- -- --Folder create
3/31/2026 1:07:20 PM | * Planetes-- -- --Folder create
3/31/2026 1:07:20 PM | * Partenaires-- -- --Folder create
3/31/2026 1:07:20 PM | * Paiement-- -- --Folder create
3/31/2026 1:07:20 PM | * Online-- -- --Folder create
3/31/2026 1:07:20 PM | * Online/Templates-- -- --Folder create
3/31/2026 1:07:20 PM | * Methodes-- -- --Folder create
3/31/2026 1:07:20 PM | * Mail-- -- --Folder create
3/31/2026 1:07:20 PM | * Magie-- -- --Folder create
3/31/2026 1:07:20 PM | * Gratuite-- -- --Folder create
3/31/2026 1:07:20 PM | * Dons-- -- --Folder create
3/31/2026 1:07:20 PM | * Domicile-- -- --Folder create
3/31/2026 1:07:20 PM | * Coaching-- -- --Folder create
3/31/2026 1:07:20 PM | * Chat-- -- --Folder create
3/31/2026 1:07:20 PM | * CGU-- -- --Folder create
3/31/2026 1:07:20 PM | * Cartomancie-- -- --Folder create
3/31/2026 1:07:20 PM | * Cartomancie/Tarots-- -- --Folder create
3/31/2026 1:07:20 PM | * Cartomancie/Belline-- -- --Folder create
3/31/2026 1:07:20 PM | * Cartomancie/32-cartes-- -- --Folder create
3/31/2026 1:07:20 PM | * Cartomancie/32-cartes/Trefle-- -- --Folder create
3/31/2026 1:07:20 PM | * Cartomancie/32-cartes/Pique-- -- --Folder create
3/31/2026 1:07:20 PM | * Cartomancie/32-cartes/Coeur-- -- --Folder create
3/31/2026 1:07:20 PM | * Cartomancie/32-cartes/Carreau-- -- --Folder create
3/31/2026 1:07:20 PM | * Admin-- -- --Folder create
3/31/2026 1:07:20 PM | * Admin/sounds-- -- --Folder create
3/31/2026 1:07:20 PM | * Backup-- -- --Folder create
3/31/2026 1:07:20 PM | * WEFiles-- -- --Folder create
3/31/2026 1:07:21 PM | * WEFiles/Image-- -- --Folder create
3/31/2026 1:07:21 PM | * WEFiles/Image/WEImage-- -- --Folder create
3/31/2026 1:07:21 PM | * Templates-- -- --Folder create
3/31/2026 1:07:21 PM | * Files-- -- --Folder create
3/31/2026 1:07:21 PM | * Files/Image-- -- --Folder create
3/31/2026 1:07:21 PM | * Files/Image/Accueil-- -- --Folder create
3/31/2026 1:07:21 PM | * Files/Image/Planetes-- -- --Folder create
3/31/2026 1:07:21 PM | * Backup/.htaccess-- -- --33
3/31/2026 1:07:21 PM | * .htaccess-- -- --0
3/31/2026 1:07:21 PM | * Admin/status.css-- -- --0
3/31/2026 1:07:21 PM | * Cartomancie/32-cartes/Carreau/07(var).js-- -- --171
3/31/2026 1:07:21 PM | * Cartomancie/32-cartes/Carreau/07.css-- -- --1196
3/31/2026 1:07:21 PM | * WEFiles/Image/WEImage/Gauche-WEa3238f4d67.png-- -- --3021
3/31/2026 1:07:21 PM | * WEFiles/Image/WEImage/Droite-WE518c84efb2.png-- -- --2975
3/31/2026 1:07:21 PM | * Backup/Cartomancie/32-cartes/Carreau/07.dat-- -- --278367
3/31/2026 1:07:21 PM | * Cartomancie/32-cartes/Carreau/07.php-- -- --29568
3/31/2026 1:07:21 PM | * Cartomancie/32-cartes/Carreau/08(var).js-- -- --171
3/31/2026 1:07:21 PM | * Cartomancie/32-cartes/Carreau/08.css-- -- --1197
3/31/2026 1:07:21 PM | * Backup/Cartomancie/32-cartes/Carreau/08.dat-- -- --279219
3/31/2026 1:07:21 PM | * Cartomancie/32-cartes/Carreau/08.php-- -- --30436
3/31/2026 1:07:21 PM | * Cartomancie/32-cartes/Carreau/09(var).js-- -- --171
3/31/2026 1:07:21 PM | * Cartomancie/32-cartes/Carreau/09.css-- -- --1196
3/31/2026 1:07:21 PM | * Backup/Cartomancie/32-cartes/Carreau/09.dat-- -- --278105
3/31/2026 1:07:21 PM | * Cartomancie/32-cartes/Carreau/09.php-- -- --29222
3/31/2026 1:07:21 PM | * Cartomancie/32-cartes/Carreau/10(var).js-- -- --171
3/31/2026 1:07:21 PM | * Cartomancie/32-cartes/Carreau/10.css-- -- --1196
3/31/2026 1:07:21 PM | * Backup/Cartomancie/32-cartes/Carreau/10.dat-- -- --278683
3/31/2026 1:07:21 PM | * Cartomancie/32-cartes/Carreau/10.php-- -- --29837
3/31/2026 1:07:21 PM | * Cartomancie/32-cartes/Carreau/11-Valet(var).js-- -- --171
3/31/2026 1:07:21 PM | * Cartomancie/32-cartes/Carreau/11-Valet.css-- -- --1196
3/31/2026 1:07:21 PM | * Backup/Cartomancie/32-cartes/Carreau/11-Valet.dat-- -- --278875
3/31/2026 1:07:21 PM | * Cartomancie/32-cartes/Carreau/11-Valet.php-- -- --30094
3/31/2026 1:07:21 PM | * Cartomancie/32-cartes/Carreau/12-Dame(var).js-- -- --171
3/31/2026 1:07:21 PM | * Cartomancie/32-cartes/Carreau/12-Dame.css-- -- --1196
3/31/2026 1:07:21 PM | * Backup/Cartomancie/32-cartes/Carreau/12-Dame.dat-- -- --278217
3/31/2026 1:07:21 PM | * Cartomancie/32-cartes/Carreau/12-Dame.php-- -- --29748
3/31/2026 1:07:21 PM | * Cartomancie/32-cartes/Carreau/13-Roi(var).js-- -- --171
3/31/2026 1:07:21 PM | * Cartomancie/32-cartes/Carreau/13-Roi.css-- -- --1196
3/31/2026 1:07:21 PM | * Backup/Cartomancie/32-cartes/Carreau/13-Roi.dat-- -- --278615
3/31/2026 1:07:21 PM | * Cartomancie/32-cartes/Carreau/13-Roi.php-- -- --29828
3/31/2026 1:07:21 PM | * Cartomancie/32-cartes/Carreau/14-As(var).js-- -- --171
3/31/2026 1:07:21 PM | * Cartomancie/32-cartes/Carreau/14-As.css-- -- --1196
3/31/2026 1:07:21 PM | * Backup/Cartomancie/32-cartes/Carreau/14-As.dat-- -- --278139
3/31/2026 1:07:21 PM | * Cartomancie/32-cartes/Carreau/14-As.php-- -- --29664
3/31/2026 1:07:21 PM | * Cartomancie/32-cartes/Coeur/07(var).js-- -- --171
3/31/2026 1:07:21 PM | * Cartomancie/32-cartes/Coeur/07.css-- -- --1196
3/31/2026 1:07:21 PM | * Backup/Cartomancie/32-cartes/Coeur/07.dat-- -- --278102
3/31/2026 1:07:21 PM | * Cartomancie/32-cartes/Coeur/07.php-- -- --29597
3/31/2026 1:07:21 PM | * Cartomancie/32-cartes/Coeur/08(var).js-- -- --171
3/31/2026 1:07:21 PM | * Cartomancie/32-cartes/Coeur/08.css-- -- --1196
3/31/2026 1:07:21 PM | * Backup/Cartomancie/32-cartes/Coeur/08.dat-- -- --277974
3/31/2026 1:07:21 PM | * Cartomancie/32-cartes/Coeur/08.php-- -- --29450
3/31/2026 1:07:21 PM | * Cartomancie/32-cartes/Coeur/09(var).js-- -- --171
3/31/2026 1:07:21 PM | * Cartomancie/32-cartes/Coeur/09.css-- -- --1196
3/31/2026 1:07:21 PM | * Backup/Cartomancie/32-cartes/Coeur/09.dat-- -- --278020
3/31/2026 1:07:21 PM | * Cartomancie/32-cartes/Coeur/09.php-- -- --29496
3/31/2026 1:07:21 PM | * Cartomancie/32-cartes/Coeur/10(var).js-- -- --171
3/31/2026 1:07:21 PM | * Cartomancie/32-cartes/Coeur/10.css-- -- --1211
3/31/2026 1:07:21 PM | * Backup/Cartomancie/32-cartes/Coeur/10.dat-- -- --284276
3/31/2026 1:07:21 PM | * Cartomancie/32-cartes/Coeur/10.php-- -- --30167
3/31/2026 1:07:21 PM | * Cartomancie/32-cartes/Coeur/11-Valet(var).js-- -- --171
3/31/2026 1:07:21 PM | * Cartomancie/32-cartes/Coeur/11-Valet.css-- -- --1196
3/31/2026 1:07:21 PM | * Backup/Cartomancie/32-cartes/Coeur/11-Valet.dat-- -- --278512
3/31/2026 1:07:21 PM | * Cartomancie/32-cartes/Coeur/11-Valet.php-- -- --30006
3/31/2026 1:07:21 PM | * Cartomancie/32-cartes/Coeur/12-Dame(var).js-- -- --171
3/31/2026 1:07:21 PM | * Cartomancie/32-cartes/Coeur/12-Dame.css-- -- --1196
3/31/2026 1:07:21 PM | * Backup/Cartomancie/32-cartes/Coeur/12-Dame.dat-- -- --278126
3/31/2026 1:07:21 PM | * Cartomancie/32-cartes/Coeur/12-Dame.php-- -- --29617
3/31/2026 1:07:21 PM | * Cartomancie/32-cartes/Coeur/13-Roi(var).js-- -- --103
3/31/2026 1:07:21 PM | * Cartomancie/32-cartes/Coeur/13-Roi.css-- -- --1143
3/31/2026 1:07:21 PM | * Backup/Cartomancie/32-cartes/Coeur/13-Roi.dat-- -- --255847
3/31/2026 1:07:21 PM | * Cartomancie/32-cartes/Coeur/13-Roi.php-- -- --30009
3/31/2026 1:07:21 PM | * Cartomancie/32-cartes/Coeur/14-As(var).js-- -- --103
3/31/2026 1:07:21 PM | * Cartomancie/32-cartes/Coeur/14-As.css-- -- --1143
3/31/2026 1:07:21 PM | * Backup/Cartomancie/32-cartes/Coeur/14-As.dat-- -- --255229
3/31/2026 1:07:21 PM | * Cartomancie/32-cartes/Coeur/14-As.php-- -- --29405
3/31/2026 1:07:21 PM | * Cartomancie/32-cartes/Pique/07(var).js-- -- --239
3/31/2026 1:07:21 PM | * Cartomancie/32-cartes/Pique/07.css-- -- --1249
3/31/2026 1:07:21 PM | * Backup/Cartomancie/32-cartes/Pique/07.dat-- -- --299148
3/31/2026 1:07:21 PM | * Cartomancie/32-cartes/Pique/07.php-- -- --29649
3/31/2026 1:07:21 PM | * Cartomancie/32-cartes/Pique/08(var).js-- -- --171
3/31/2026 1:07:21 PM | * Cartomancie/32-cartes/Pique/08.css-- -- --1196
3/31/2026 1:07:21 PM | * Backup/Cartomancie/32-cartes/Pique/08.dat-- -- --280584
3/31/2026 1:07:21 PM | * Cartomancie/32-cartes/Pique/08.php-- -- --30240
3/31/2026 1:07:21 PM | * Cartomancie/32-cartes/Pique/09(var).js-- -- --171
3/31/2026 1:07:21 PM | * Cartomancie/32-cartes/Pique/09.css-- -- --1196
3/31/2026 1:07:21 PM | * Backup/Cartomancie/32-cartes/Pique/09.dat-- -- --278241
3/31/2026 1:07:21 PM | * Cartomancie/32-cartes/Pique/09.php-- -- --29794
3/31/2026 1:07:21 PM | * Cartomancie/32-cartes/Pique/10(var).js-- -- --171
3/31/2026 1:07:21 PM | * Cartomancie/32-cartes/Pique/10.css-- -- --1196
3/31/2026 1:07:21 PM | * Backup/Cartomancie/32-cartes/Pique/10.dat-- -- --277946
3/31/2026 1:07:21 PM | * Cartomancie/32-cartes/Pique/10.php-- -- --29469
3/31/2026 1:07:21 PM | * Cartomancie/32-cartes/Pique/11-Valet(var).js-- -- --171
3/31/2026 1:07:21 PM | * Cartomancie/32-cartes/Pique/11-Valet.css-- -- --1197
3/31/2026 1:07:21 PM | * Backup/Cartomancie/32-cartes/Pique/11-Valet.dat-- -- --278080
3/31/2026 1:07:21 PM | * Cartomancie/32-cartes/Pique/11-Valet.php-- -- --29620
3/31/2026 1:07:21 PM | * Cartomancie/32-cartes/Pique/12-Dame(var).js-- -- --171
3/31/2026 1:07:21 PM | * Cartomancie/32-cartes/Pique/12-Dame.css-- -- --1197
3/31/2026 1:07:21 PM | * Backup/Cartomancie/32-cartes/Pique/12-Dame.dat-- -- --278241
3/31/2026 1:07:21 PM | * Cartomancie/32-cartes/Pique/12-Dame.php-- -- --29778
3/31/2026 1:07:21 PM | * Cartomancie/32-cartes/Pique/13-Roi(var).js-- -- --171
3/31/2026 1:07:21 PM | * Cartomancie/32-cartes/Pique/13-Roi.css-- -- --1196
3/31/2026 1:07:21 PM | * Backup/Cartomancie/32-cartes/Pique/13-Roi.dat-- -- --278458
3/31/2026 1:07:21 PM | * Cartomancie/32-cartes/Pique/13-Roi.php-- -- --29989
3/31/2026 1:07:21 PM | * Cartomancie/32-cartes/Pique/14-As(var).js-- -- --103
3/31/2026 1:07:21 PM | * Cartomancie/32-cartes/Pique/14-As.css-- -- --1143
3/31/2026 1:07:21 PM | * Backup/Cartomancie/32-cartes/Pique/14-As.dat-- -- --255453
3/31/2026 1:07:21 PM | * Cartomancie/32-cartes/Pique/14-As.php-- -- --29613
3/31/2026 1:07:21 PM | * Cartomancie/32-cartes/Trefle/07(var).js-- -- --171
3/31/2026 1:07:21 PM | * Cartomancie/32-cartes/Trefle/07.css-- -- --1274
3/31/2026 1:07:21 PM | * Backup/Cartomancie/32-cartes/Trefle/07.dat-- -- --278821
3/31/2026 1:07:21 PM | * Cartomancie/32-cartes/Trefle/07.php-- -- --30273
3/31/2026 1:07:21 PM | * Cartomancie/32-cartes/Trefle/08(var).js-- -- --171
3/31/2026 1:07:21 PM | * Cartomancie/32-cartes/Trefle/08.css-- -- --1273
3/31/2026 1:07:21 PM | * Backup/Cartomancie/32-cartes/Trefle/08.dat-- -- --278842
3/31/2026 1:07:21 PM | * Cartomancie/32-cartes/Trefle/08.php-- -- --30286
3/31/2026 1:07:21 PM | * Cartomancie/32-cartes/Trefle/09(var).js-- -- --171
3/31/2026 1:07:21 PM | * Cartomancie/32-cartes/Trefle/09.css-- -- --1274
3/31/2026 1:07:21 PM | * Backup/Cartomancie/32-cartes/Trefle/09.dat-- -- --278219
3/31/2026 1:07:21 PM | * Cartomancie/32-cartes/Trefle/09.php-- -- --29662
3/31/2026 1:07:21 PM | * Cartomancie/32-cartes/Trefle/10(var).js-- -- --171
3/31/2026 1:07:21 PM | * Cartomancie/32-cartes/Trefle/10.css-- -- --1274
3/31/2026 1:07:21 PM | * Backup/Cartomancie/32-cartes/Trefle/10.dat-- -- --278292
3/31/2026 1:07:21 PM | * Cartomancie/32-cartes/Trefle/10.php-- -- --29735
3/31/2026 1:07:21 PM | * Cartomancie/32-cartes/Trefle/11-Valet(var).js-- -- --171
3/31/2026 1:07:21 PM | * Cartomancie/32-cartes/Trefle/11-Valet.css-- -- --1273
3/31/2026 1:07:21 PM | * Backup/Cartomancie/32-cartes/Trefle/11-Valet.dat-- -- --278357
3/31/2026 1:07:21 PM | * Cartomancie/32-cartes/Trefle/11-Valet.php-- -- --29818
3/31/2026 1:07:21 PM | * Cartomancie/32-cartes/Trefle/12-Dame(var).js-- -- --171
3/31/2026 1:07:21 PM | * Cartomancie/32-cartes/Trefle/12-Dame.css-- -- --1273
3/31/2026 1:07:21 PM | * Backup/Cartomancie/32-cartes/Trefle/12-Dame.dat-- -- --278281
3/31/2026 1:07:21 PM | * Cartomancie/32-cartes/Trefle/12-Dame.php-- -- --29645
3/31/2026 1:07:21 PM | * Cartomancie/32-cartes/Trefle/13-Roi(var).js-- -- --171
3/31/2026 1:07:21 PM | * Cartomancie/32-cartes/Trefle/13-Roi.css-- -- --1274
3/31/2026 1:07:21 PM | * Backup/Cartomancie/32-cartes/Trefle/13-Roi.dat-- -- --278001
3/31/2026 1:07:21 PM | * Cartomancie/32-cartes/Trefle/13-Roi.php-- -- --29361
3/31/2026 1:07:21 PM | * Cartomancie/32-cartes/Trefle/14-As(var).js-- -- --171
3/31/2026 1:07:21 PM | * Cartomancie/32-cartes/Trefle/14-As.css-- -- --1273
3/31/2026 1:07:21 PM | * Backup/Cartomancie/32-cartes/Trefle/14-As.dat-- -- --278127
3/31/2026 1:07:21 PM | * Cartomancie/32-cartes/Trefle/14-As.php-- -- --29580
3/31/2026 1:07:21 PM | * Cartomancie/32-cartes/Accueil(var).js-- -- --171
3/31/2026 1:07:21 PM | * Cartomancie/32-cartes/Accueil.css-- -- --5807
3/31/2026 1:07:21 PM | * Files/Image/Accueil/32 cartes.png-- -- --62535
3/31/2026 1:07:21 PM | * WEFiles/Image/WEImage/32 cartes-WEeb54e05e63.png-- -- --47641
3/31/2026 1:07:21 PM | * Backup/Cartomancie/32-cartes/Accueil.dat-- -- --1366062
3/31/2026 1:07:21 PM | * Cartomancie/32-cartes/Accueil.php-- -- --50682
3/31/2026 1:07:21 PM | * Cartomancie/Belline/01-Bleu(var).js-- -- --171
3/31/2026 1:07:21 PM | * Cartomancie/Belline/01-Bleu.css-- -- --1273
3/31/2026 1:07:21 PM | * Backup/Cartomancie/Belline/01-Bleu.dat-- -- --279779
3/31/2026 1:07:21 PM | * Cartomancie/Belline/01-Bleu.php-- -- --29173
3/31/2026 1:07:21 PM | * Cartomancie/Belline/02-Destinee(var).js-- -- --171
3/31/2026 1:07:21 PM | * Cartomancie/Belline/02-Destinee.css-- -- --1273
3/31/2026 1:07:21 PM | * Backup/Cartomancie/Belline/02-Destinee.dat-- -- --280103
3/31/2026 1:07:21 PM | * Cartomancie/Belline/02-Destinee.php-- -- --29509
3/31/2026 1:07:21 PM | * Cartomancie/Belline/03-Homme(var).js-- -- --171
3/31/2026 1:07:21 PM | * Cartomancie/Belline/03-Homme.css-- -- --1273
3/31/2026 1:07:21 PM | * Backup/Cartomancie/Belline/03-Homme.dat-- -- --280275
3/31/2026 1:07:21 PM | * Cartomancie/Belline/03-Homme.php-- -- --29658
3/31/2026 1:07:21 PM | * Cartomancie/Belline/04-Femme(var).js-- -- --171
3/31/2026 1:07:21 PM | * Cartomancie/Belline/04-Femme.css-- -- --1273
3/31/2026 1:07:21 PM | * Backup/Cartomancie/Belline/04-Femme.dat-- -- --279872
3/31/2026 1:07:21 PM | * Cartomancie/Belline/04-Femme.php-- -- --29251
3/31/2026 1:07:21 PM | * Cartomancie/Belline/05-Nativite(var).js-- -- --171
3/31/2026 1:07:21 PM | * Cartomancie/Belline/05-Nativite.css-- -- --1273
3/31/2026 1:07:21 PM | * Backup/Cartomancie/Belline/05-Nativite.dat-- -- --280107
3/31/2026 1:07:21 PM | * Cartomancie/Belline/05-Nativite.php-- -- --29520
3/31/2026 1:07:21 PM | * Cartomancie/Belline/06-Reussite(var).js-- -- --171
3/31/2026 1:07:21 PM | * Cartomancie/Belline/06-Reussite.css-- -- --1273
3/31/2026 1:07:21 PM | * Backup/Cartomancie/Belline/06-Reussite.dat-- -- --280301
3/31/2026 1:07:21 PM | * Cartomancie/Belline/06-Reussite.php-- -- --29714
3/31/2026 1:07:21 PM | * Cartomancie/Belline/07-Elevation(var).js-- -- --171
3/31/2026 1:07:21 PM | * Cartomancie/Belline/07-Elevation.css-- -- --1273
3/31/2026 1:07:21 PM | * Backup/Cartomancie/Belline/07-Elevation.dat-- -- --280259
3/31/2026 1:07:21 PM | * Cartomancie/Belline/07-Elevation.php-- -- --29653
3/31/2026 1:07:21 PM | * Cartomancie/Belline/08-Honneurs(var).js-- -- --171
3/31/2026 1:07:21 PM | * Cartomancie/Belline/08-Honneurs.css-- -- --1274
3/31/2026 1:07:21 PM | * Backup/Cartomancie/Belline/08-Honneurs.dat-- -- --280209
3/31/2026 1:07:21 PM | * Cartomancie/Belline/08-Honneurs.php-- -- --29647
3/31/2026 1:07:21 PM | * Cartomancie/Belline/09-Pensee(var).js-- -- --171
3/31/2026 1:07:21 PM | * Cartomancie/Belline/09-Pensee.css-- -- --1273
3/31/2026 1:07:21 PM | * Backup/Cartomancie/Belline/09-Pensee.dat-- -- --280334
3/31/2026 1:07:21 PM | * Cartomancie/Belline/09-Pensee.php-- -- --29731
3/31/2026 1:07:21 PM | * Cartomancie/Belline/10-Campagne(var).js-- -- --171
3/31/2026 1:07:21 PM | * Cartomancie/Belline/10-Campagne.css-- -- --1273
3/31/2026 1:07:21 PM | * Backup/Cartomancie/Belline/10-Campagne.dat-- -- --280173
3/31/2026 1:07:21 PM | * Cartomancie/Belline/10-Campagne.php-- -- --29621
3/31/2026 1:07:21 PM | * Cartomancie/Belline/11-Presents(var).js-- -- --171
3/31/2026 1:07:21 PM | * Cartomancie/Belline/11-Presents.css-- -- --1274
3/31/2026 1:07:21 PM | * Backup/Cartomancie/Belline/11-Presents.dat-- -- --280202
3/31/2026 1:07:21 PM | * Cartomancie/Belline/11-Presents.php-- -- --29643
3/31/2026 1:07:21 PM | * Cartomancie/Belline/12-Trahison(var).js-- -- --171
3/31/2026 1:07:21 PM | * Cartomancie/Belline/12-Trahison.css-- -- --1273
3/31/2026 1:07:21 PM | * Backup/Cartomancie/Belline/12-Trahison.dat-- -- --280314
3/31/2026 1:07:21 PM | * Cartomancie/Belline/12-Trahison.php-- -- --29649
3/31/2026 1:07:21 PM | * Cartomancie/Belline/13-Depart(var).js-- -- --171
3/31/2026 1:07:21 PM | * Cartomancie/Belline/13-Depart.css-- -- --1273
3/31/2026 1:07:21 PM | * Backup/Cartomancie/Belline/13-Depart.dat-- -- --280101
3/31/2026 1:07:21 PM | * Cartomancie/Belline/13-Depart.php-- -- --29518
3/31/2026 1:07:21 PM | * Cartomancie/Belline/14-Inconstance(var).js-- -- --171
3/31/2026 1:07:21 PM | * Cartomancie/Belline/14-Inconstance.css-- -- --1274
3/31/2026 1:07:21 PM | * Backup/Cartomancie/Belline/14-Inconstance.dat-- -- --280438
3/31/2026 1:07:21 PM | * Cartomancie/Belline/14-Inconstance.php-- -- --29881
3/31/2026 1:07:21 PM | * Cartomancie/Belline/15-Decouverte(var).js-- -- --171
3/31/2026 1:07:21 PM | * Cartomancie/Belline/15-Decouverte.css-- -- --1274
3/31/2026 1:07:21 PM | * Backup/Cartomancie/Belline/15-Decouverte.dat-- -- --280747
3/31/2026 1:07:21 PM | * Cartomancie/Belline/15-Decouverte.php-- -- --30197
3/31/2026 1:07:21 PM | * Cartomancie/Belline/16-Eau(var).js-- -- --171
3/31/2026 1:07:21 PM | * Cartomancie/Belline/16-Eau.css-- -- --1273
3/31/2026 1:07:21 PM | * Backup/Cartomancie/Belline/16-Eau.dat-- -- --280239
3/31/2026 1:07:21 PM | * Cartomancie/Belline/16-Eau.php-- -- --29650
3/31/2026 1:07:21 PM | * Cartomancie/Belline/17-Penates(var).js-- -- --171
3/31/2026 1:07:21 PM | * Cartomancie/Belline/17-Penates.css-- -- --1273
3/31/2026 1:07:21 PM | * Backup/Cartomancie/Belline/17-Penates.dat-- -- --280411
3/31/2026 1:07:21 PM | * Cartomancie/Belline/17-Penates.php-- -- --29830
3/31/2026 1:07:21 PM | * Cartomancie/Belline/18-Maladie(var).js-- -- --171
3/31/2026 1:07:21 PM | * Cartomancie/Belline/18-Maladie.css-- -- --1273
3/31/2026 1:07:21 PM | * Backup/Cartomancie/Belline/18-Maladie.dat-- -- --280082
3/31/2026 1:07:21 PM | * Cartomancie/Belline/18-Maladie.php-- -- --29501
3/31/2026 1:07:21 PM | * Cartomancie/Belline/19-Changement(var).js-- -- --171
3/31/2026 1:07:21 PM | * Cartomancie/Belline/19-Changement.css-- -- --1273
3/31/2026 1:07:21 PM | * Backup/Cartomancie/Belline/19-Changement.dat-- -- --280347
3/31/2026 1:07:21 PM | * Cartomancie/Belline/19-Changement.php-- -- --29789
3/31/2026 1:07:21 PM | * Cartomancie/Belline/20-Argent(var).js-- -- --171
3/31/2026 1:07:21 PM | * Cartomancie/Belline/20-Argent.css-- -- --1273
3/31/2026 1:07:21 PM | * Backup/Cartomancie/Belline/20-Argent.dat-- -- --280037
3/31/2026 1:07:21 PM | * Cartomancie/Belline/20-Argent.php-- -- --29376
3/31/2026 1:07:21 PM | * Cartomancie/Belline/21-Intelligence(var).js-- -- --171
3/31/2026 1:07:21 PM | * Cartomancie/Belline/21-Intelligence.css-- -- --1273
3/31/2026 1:07:21 PM | * Backup/Cartomancie/Belline/21-Intelligence.dat-- -- --280403
3/31/2026 1:07:21 PM | * Cartomancie/Belline/21-Intelligence.php-- -- --29849
3/31/2026 1:07:21 PM | * Cartomancie/Belline/22-Vol(var).js-- -- --171
3/31/2026 1:07:21 PM | * Cartomancie/Belline/22-Vol.css-- -- --1273
3/31/2026 1:07:21 PM | * Backup/Cartomancie/Belline/22-Vol.dat-- -- --279684
3/31/2026 1:07:21 PM | * Cartomancie/Belline/22-Vol.php-- -- --29536
3/31/2026 1:07:21 PM | * Cartomancie/Belline/23-Entreprises(var).js-- -- --171
3/31/2026 1:07:21 PM | * Cartomancie/Belline/23-Entreprises.css-- -- --1273
3/31/2026 1:07:21 PM | * Backup/Cartomancie/Belline/23-Entreprises.dat-- -- --280107
3/31/2026 1:07:21 PM | * Cartomancie/Belline/23-Entreprises.php-- -- --29560
3/31/2026 1:07:21 PM | * Cartomancie/Belline/24-Trafic(var).js-- -- --171
3/31/2026 1:07:21 PM | * Cartomancie/Belline/24-Trafic.css-- -- --1273
3/31/2026 1:07:21 PM | * Backup/Cartomancie/Belline/24-Trafic.dat-- -- --280070
3/31/2026 1:07:21 PM | * Cartomancie/Belline/24-Trafic.php-- -- --29504
3/31/2026 1:07:21 PM | * Cartomancie/Belline/25-Nouvelle(var).js-- -- --171
3/31/2026 1:07:21 PM | * Cartomancie/Belline/25-Nouvelle.css-- -- --1273
3/31/2026 1:07:21 PM | * Backup/Cartomancie/Belline/25-Nouvelle.dat-- -- --279772
3/31/2026 1:07:21 PM | * Cartomancie/Belline/25-Nouvelle.php-- -- --29219
3/31/2026 1:07:21 PM | * Cartomancie/Belline/26-Plaisirs(var).js-- -- --171
3/31/2026 1:07:21 PM | * Cartomancie/Belline/26-Plaisirs.css-- -- --1274
3/31/2026 1:07:21 PM | * WEFiles/Image/WEImage/Gauche-WE045c21b54f.png-- -- --3375
3/31/2026 1:07:21 PM | * Backup/Cartomancie/Belline/26-Plaisirs.dat-- -- --279975
3/31/2026 1:07:21 PM | * Cartomancie/Belline/26-Plaisirs.php-- -- --29421
3/31/2026 1:07:21 PM | * Cartomancie/Belline/27-Paix(var).js-- -- --171
3/31/2026 1:07:21 PM | * Cartomancie/Belline/27-Paix.css-- -- --1273
3/31/2026 1:07:21 PM | * Backup/Cartomancie/Belline/27-Paix.dat-- -- --280459
3/31/2026 1:07:21 PM | * Cartomancie/Belline/27-Paix.php-- -- --29898
3/31/2026 1:07:21 PM | * Cartomancie/Belline/28-Union(var).js-- -- --171
3/31/2026 1:07:21 PM | * Cartomancie/Belline/28-Union.css-- -- --1273
3/31/2026 1:07:21 PM | * Backup/Cartomancie/Belline/28-Union.dat-- -- --279952
3/31/2026 1:07:21 PM | * Cartomancie/Belline/28-Union.php-- -- --29363
3/31/2026 1:07:21 PM | * Cartomancie/Belline/29-Famille(var).js-- -- --171
3/31/2026 1:07:21 PM | * Cartomancie/Belline/29-Famille.css-- -- --1273
3/31/2026 1:07:21 PM | * Backup/Cartomancie/Belline/29-Famille.dat-- -- --280063
3/31/2026 1:07:21 PM | * Cartomancie/Belline/29-Famille.php-- -- --29508
3/31/2026 1:07:21 PM | * Cartomancie/Belline/30-Amor(var).js-- -- --171
3/31/2026 1:07:21 PM | * Cartomancie/Belline/30-Amor.css-- -- --1274
3/31/2026 1:07:21 PM | * Backup/Cartomancie/Belline/30-Amor.dat-- -- --280052
3/31/2026 1:07:21 PM | * Cartomancie/Belline/30-Amor.php-- -- --29489
3/31/2026 1:07:21 PM | * Cartomancie/Belline/31-Table(var).js-- -- --171
3/31/2026 1:07:21 PM | * Cartomancie/Belline/31-Table.css-- -- --1273
3/31/2026 1:07:21 PM | * Backup/Cartomancie/Belline/31-Table.dat-- -- --280036
3/31/2026 1:07:21 PM | * Cartomancie/Belline/31-Table.php-- -- --29477
3/31/2026 1:07:21 PM | * Cartomancie/Belline/32-Passions(var).js-- -- --171
3/31/2026 1:07:21 PM | * Cartomancie/Belline/32-Passions.css-- -- --1274
3/31/2026 1:07:21 PM | * Backup/Cartomancie/Belline/32-Passions.dat-- -- --280440
3/31/2026 1:07:21 PM | * Cartomancie/Belline/32-Passions.php-- -- --29886
3/31/2026 1:07:21 PM | * Cartomancie/Belline/33-Mechancete(var).js-- -- --239
3/31/2026 1:07:21 PM | * Cartomancie/Belline/33-Mechancete.css-- -- --1327
3/31/2026 1:07:21 PM | * Backup/Cartomancie/Belline/33-Mechancete.dat-- -- --300899
3/31/2026 1:07:21 PM | * Cartomancie/Belline/33-Mechancete.php-- -- --29427
3/31/2026 1:07:21 PM | * Cartomancie/Belline/34-Proces(var).js-- -- --171
3/31/2026 1:07:21 PM | * Cartomancie/Belline/34-Proces.css-- -- --1274
3/31/2026 1:07:21 PM | * Backup/Cartomancie/Belline/34-Proces.dat-- -- --280002
3/31/2026 1:07:21 PM | * Cartomancie/Belline/34-Proces.php-- -- --29444
3/31/2026 1:07:21 PM | * Cartomancie/Belline/35-Despotisme(var).js-- -- --171
3/31/2026 1:07:21 PM | * Cartomancie/Belline/35-Despotisme.css-- -- --1274
3/31/2026 1:07:21 PM | * Backup/Cartomancie/Belline/35-Despotisme.dat-- -- --280160
3/31/2026 1:07:21 PM | * Cartomancie/Belline/35-Despotisme.php-- -- --29601
3/31/2026 1:07:21 PM | * Cartomancie/Belline/36-Ennemis(var).js-- -- --171
3/31/2026 1:07:21 PM | * Cartomancie/Belline/36-Ennemis.css-- -- --1273
3/31/2026 1:07:21 PM | * Backup/Cartomancie/Belline/36-Ennemis.dat-- -- --280178
3/31/2026 1:07:21 PM | * Cartomancie/Belline/36-Ennemis.php-- -- --29536
3/31/2026 1:07:21 PM | * Cartomancie/Belline/37-Pourparlers(var).js-- -- --171
3/31/2026 1:07:21 PM | * Cartomancie/Belline/37-Pourparlers.css-- -- --1274
3/31/2026 1:07:21 PM | * Backup/Cartomancie/Belline/37-Pourparlers.dat-- -- --280164
3/31/2026 1:07:21 PM | * Cartomancie/Belline/37-Pourparlers.php-- -- --29616
3/31/2026 1:07:21 PM | * Cartomancie/Belline/38-Feu(var).js-- -- --171
3/31/2026 1:07:21 PM | * Cartomancie/Belline/38-Feu.css-- -- --1273
3/31/2026 1:07:21 PM | * Backup/Cartomancie/Belline/38-Feu.dat-- -- --280089
3/31/2026 1:07:21 PM | * Cartomancie/Belline/38-Feu.php-- -- --29526
3/31/2026 1:07:22 PM | * Cartomancie/Belline/39-Accident(var).js-- -- --171
3/31/2026 1:07:22 PM | * Cartomancie/Belline/39-Accident.css-- -- --1273
3/31/2026 1:07:22 PM | * Backup/Cartomancie/Belline/39-Accident.dat-- -- --280241
3/31/2026 1:07:22 PM | * Cartomancie/Belline/39-Accident.php-- -- --29671
3/31/2026 1:07:22 PM | * Cartomancie/Belline/40-Appui(var).js-- -- --171
3/31/2026 1:07:22 PM | * Cartomancie/Belline/40-Appui.css-- -- --1274
3/31/2026 1:07:22 PM | * Backup/Cartomancie/Belline/40-Appui.dat-- -- --280018
3/31/2026 1:07:22 PM | * Cartomancie/Belline/40-Appui.php-- -- --29458
3/31/2026 1:07:22 PM | * Cartomancie/Belline/41-Beaute(var).js-- -- --171
3/31/2026 1:07:22 PM | * Cartomancie/Belline/41-Beaute.css-- -- --1273
3/31/2026 1:07:22 PM | * Backup/Cartomancie/Belline/41-Beaute.dat-- -- --279756
3/31/2026 1:07:22 PM | * Cartomancie/Belline/41-Beaute.php-- -- --29614
3/31/2026 1:07:22 PM | * Cartomancie/Belline/42-Heritage(var).js-- -- --171
3/31/2026 1:07:22 PM | * Cartomancie/Belline/42-Heritage.css-- -- --1273
3/31/2026 1:07:22 PM | * Backup/Cartomancie/Belline/42-Heritage.dat-- -- --280118
3/31/2026 1:07:22 PM | * Cartomancie/Belline/42-Heritage.php-- -- --29556
3/31/2026 1:07:22 PM | * Cartomancie/Belline/43-Sagesse(var).js-- -- --171
3/31/2026 1:07:22 PM | * Cartomancie/Belline/43-Sagesse.css-- -- --1273
3/31/2026 1:07:22 PM | * Backup/Cartomancie/Belline/43-Sagesse.dat-- -- --280110
3/31/2026 1:07:22 PM | * Cartomancie/Belline/43-Sagesse.php-- -- --29546
3/31/2026 1:07:22 PM | * Cartomancie/Belline/44-Renommee(var).js-- -- --171
3/31/2026 1:07:22 PM | * Cartomancie/Belline/44-Renommee.css-- -- --1273
3/31/2026 1:07:22 PM | * Backup/Cartomancie/Belline/44-Renommee.dat-- -- --280121
3/31/2026 1:07:22 PM | * Cartomancie/Belline/44-Renommee.php-- -- --29559
3/31/2026 1:07:22 PM | * Cartomancie/Belline/45-Hasard(var).js-- -- --171
3/31/2026 1:07:22 PM | * Cartomancie/Belline/45-Hasard.css-- -- --1273
3/31/2026 1:07:22 PM | * Backup/Cartomancie/Belline/45-Hasard.dat-- -- --280105
3/31/2026 1:07:22 PM | * Cartomancie/Belline/45-Hasard.php-- -- --29539
3/31/2026 1:07:22 PM | * Cartomancie/Belline/46-Bonheur(var).js-- -- --171
3/31/2026 1:07:22 PM | * Cartomancie/Belline/46-Bonheur.css-- -- --1273
3/31/2026 1:07:22 PM | * Backup/Cartomancie/Belline/46-Bonheur.dat-- -- --279966
3/31/2026 1:07:22 PM | * Cartomancie/Belline/46-Bonheur.php-- -- --29402
3/31/2026 1:07:22 PM | * Cartomancie/Belline/47-Infortune(var).js-- -- --171
3/31/2026 1:07:22 PM | * Cartomancie/Belline/47-Infortune.css-- -- --1273
3/31/2026 1:07:22 PM | * WEFiles/Image/WEImage/Accueil-WEa77a5074e1.png-- -- --4763
3/31/2026 1:07:22 PM | * Backup/Cartomancie/Belline/47-Infortune.dat-- -- --280372
3/31/2026 1:07:22 PM | * Cartomancie/Belline/47-Infortune.php-- -- --29812
3/31/2026 1:07:22 PM | * Cartomancie/Belline/48-Sterilite(var).js-- -- --171
3/31/2026 1:07:22 PM | * Cartomancie/Belline/48-Sterilite.css-- -- --1274
3/31/2026 1:07:22 PM | * Backup/Cartomancie/Belline/48-Sterilite.dat-- -- --280082
3/31/2026 1:07:22 PM | * Cartomancie/Belline/48-Sterilite.php-- -- --29521
3/31/2026 1:07:22 PM | * Cartomancie/Belline/49-Fatalite(var).js-- -- --171
3/31/2026 1:07:22 PM | * Cartomancie/Belline/49-Fatalite.css-- -- --1274
3/31/2026 1:07:22 PM | * Backup/Cartomancie/Belline/49-Fatalite.dat-- -- --280277
3/31/2026 1:07:22 PM | * Cartomancie/Belline/49-Fatalite.php-- -- --29713
3/31/2026 1:07:22 PM | * Cartomancie/Belline/50-Grace(var).js-- -- --171
3/31/2026 1:07:22 PM | * Cartomancie/Belline/50-Grace.css-- -- --1273
3/31/2026 1:07:22 PM | * Backup/Cartomancie/Belline/50-Grace.dat-- -- --280306
3/31/2026 1:07:22 PM | * Cartomancie/Belline/50-Grace.php-- -- --29721
3/31/2026 1:07:22 PM | * Cartomancie/Belline/51-Ruine(var).js-- -- --171
3/31/2026 1:07:22 PM | * Cartomancie/Belline/51-Ruine.css-- -- --1273
3/31/2026 1:07:22 PM | * Backup/Cartomancie/Belline/51-Ruine.dat-- -- --280609
3/31/2026 1:07:22 PM | * Cartomancie/Belline/51-Ruine.php-- -- --30024
3/31/2026 1:07:22 PM | * Cartomancie/Belline/52-Retard(var).js-- -- --171
3/31/2026 1:07:22 PM | * Cartomancie/Belline/52-Retard.css-- -- --1273
3/31/2026 1:07:22 PM | * Backup/Cartomancie/Belline/52-Retard.dat-- -- --279734
3/31/2026 1:07:22 PM | * Cartomancie/Belline/52-Retard.php-- -- --29160
3/31/2026 1:07:22 PM | * Cartomancie/Belline/53-Cloitre(var).js-- -- --171
3/31/2026 1:07:22 PM | * Cartomancie/Belline/53-Cloitre.css-- -- --1273
3/31/2026 1:07:22 PM | * Backup/Cartomancie/Belline/53-Cloitre.dat-- -- --280241
3/31/2026 1:07:22 PM | * Cartomancie/Belline/53-Cloitre.php-- -- --29660
3/31/2026 1:07:22 PM | * Cartomancie/Belline/Accueil(var).js-- -- --171
3/31/2026 1:07:22 PM | * Cartomancie/Belline/Accueil.css-- -- --8991
3/31/2026 1:07:22 PM | * Files/Image/Accueil/Belline.png-- -- --100149
3/31/2026 1:07:22 PM | * WEFiles/Image/WEImage/Belline-WEf6194c7975.png-- -- --43735
3/31/2026 1:07:22 PM | * Backup/Cartomancie/Belline/Accueil.dat-- -- --2233262
3/31/2026 1:07:22 PM | * Cartomancie/Belline/Accueil.php-- -- --64148
3/31/2026 1:07:22 PM | * Cartomancie/Tarots/01-Fou(var).js-- -- --171
3/31/2026 1:07:22 PM | * Cartomancie/Tarots/01-Fou.css-- -- --1196
3/31/2026 1:07:22 PM | * Backup/Cartomancie/Tarots/01-Fou.dat-- -- --280416
3/31/2026 1:07:22 PM | * Cartomancie/Tarots/01-Fou.php-- -- --29908
3/31/2026 1:07:22 PM | * Cartomancie/Tarots/02-Bateleur(var).js-- -- --171
3/31/2026 1:07:22 PM | * Cartomancie/Tarots/02-Bateleur.css-- -- --1196
3/31/2026 1:07:22 PM | * Backup/Cartomancie/Tarots/02-Bateleur.dat-- -- --280096
3/31/2026 1:07:22 PM | * Cartomancie/Tarots/02-Bateleur.php-- -- --29496
3/31/2026 1:07:22 PM | * Cartomancie/Tarots/03-Papesse(var).js-- -- --171
3/31/2026 1:07:22 PM | * Cartomancie/Tarots/03-Papesse.css-- -- --1196
3/31/2026 1:07:22 PM | * Backup/Cartomancie/Tarots/03-Papesse.dat-- -- --280231
3/31/2026 1:07:22 PM | * Cartomancie/Tarots/03-Papesse.php-- -- --29722
3/31/2026 1:07:22 PM | * Cartomancie/Tarots/04-Imperatrice(var).js-- -- --171
3/31/2026 1:07:22 PM | * Cartomancie/Tarots/04-Imperatrice.css-- -- --1196
3/31/2026 1:07:22 PM | * Backup/Cartomancie/Tarots/04-Imperatrice.dat-- -- --280746
3/31/2026 1:07:22 PM | * Cartomancie/Tarots/04-Imperatrice.php-- -- --30254
3/31/2026 1:07:22 PM | * Cartomancie/Tarots/05-Empereur(var).js-- -- --171
3/31/2026 1:07:22 PM | * Cartomancie/Tarots/05-Empereur.css-- -- --1196
3/31/2026 1:07:22 PM | * Backup/Cartomancie/Tarots/05-Empereur.dat-- -- --280345
3/31/2026 1:07:22 PM | * Cartomancie/Tarots/05-Empereur.php-- -- --29847
3/31/2026 1:07:22 PM | * Cartomancie/Tarots/06-Pape(var).js-- -- --171
3/31/2026 1:07:22 PM | * Cartomancie/Tarots/06-Pape.css-- -- --1196
3/31/2026 1:07:22 PM | * Backup/Cartomancie/Tarots/06-Pape.dat-- -- --280541
3/31/2026 1:07:22 PM | * Cartomancie/Tarots/06-Pape.php-- -- --30018
3/31/2026 1:07:22 PM | * Cartomancie/Tarots/07-Amoureux(var).js-- -- --171
3/31/2026 1:07:22 PM | * Cartomancie/Tarots/07-Amoureux.css-- -- --1273
3/31/2026 1:07:22 PM | * Backup/Cartomancie/Tarots/07-Amoureux.dat-- -- --280533
3/31/2026 1:07:22 PM | * Cartomancie/Tarots/07-Amoureux.php-- -- --29843
3/31/2026 1:07:22 PM | * Cartomancie/Tarots/08-Chariot(var).js-- -- --171
3/31/2026 1:07:22 PM | * Cartomancie/Tarots/08-Chariot.css-- -- --1273
3/31/2026 1:07:22 PM | * Backup/Cartomancie/Tarots/08-Chariot.dat-- -- --280931
3/31/2026 1:07:22 PM | * Cartomancie/Tarots/08-Chariot.php-- -- --30264
3/31/2026 1:07:22 PM | * Cartomancie/Tarots/09-Justice(var).js-- -- --171
3/31/2026 1:07:22 PM | * Cartomancie/Tarots/09-Justice.css-- -- --1273
3/31/2026 1:07:22 PM | * Backup/Cartomancie/Tarots/09-Justice.dat-- -- --280829
3/31/2026 1:07:22 PM | * Cartomancie/Tarots/09-Justice.php-- -- --30240
3/31/2026 1:07:22 PM | * Cartomancie/Tarots/10-Hermite(var).js-- -- --171
3/31/2026 1:07:22 PM | * Cartomancie/Tarots/10-Hermite.css-- -- --1273
3/31/2026 1:07:22 PM | * Backup/Cartomancie/Tarots/10-Hermite.dat-- -- --280841
3/31/2026 1:07:22 PM | * Cartomancie/Tarots/10-Hermite.php-- -- --30235
3/31/2026 1:07:22 PM | * Cartomancie/Tarots/11-Roue(var).js-- -- --171
3/31/2026 1:07:22 PM | * Cartomancie/Tarots/11-Roue.css-- -- --1273
3/31/2026 1:07:22 PM | * Backup/Cartomancie/Tarots/11-Roue.dat-- -- --280417
3/31/2026 1:07:22 PM | * Cartomancie/Tarots/11-Roue.php-- -- --29806
3/31/2026 1:07:22 PM | * Cartomancie/Tarots/12-Force(var).js-- -- --171
3/31/2026 1:07:22 PM | * Cartomancie/Tarots/12-Force.css-- -- --1273
3/31/2026 1:07:22 PM | * Backup/Cartomancie/Tarots/12-Force.dat-- -- --280285
3/31/2026 1:07:22 PM | * Cartomancie/Tarots/12-Force.php-- -- --29675
3/31/2026 1:07:22 PM | * Cartomancie/Tarots/13-Pendu(var).js-- -- --171
3/31/2026 1:07:22 PM | * Cartomancie/Tarots/13-Pendu.css-- -- --1273
3/31/2026 1:07:22 PM | * Backup/Cartomancie/Tarots/13-Pendu.dat-- -- --280236
3/31/2026 1:07:22 PM | * Cartomancie/Tarots/13-Pendu.php-- -- --29927
3/31/2026 1:07:22 PM | * Cartomancie/Tarots/14-Mort(var).js-- -- --171
3/31/2026 1:07:22 PM | * Cartomancie/Tarots/14-Mort.css-- -- --1273
3/31/2026 1:07:22 PM | * Backup/Cartomancie/Tarots/14-Mort.dat-- -- --280423
3/31/2026 1:07:22 PM | * Cartomancie/Tarots/14-Mort.php-- -- --29725
3/31/2026 1:07:22 PM | * Cartomancie/Tarots/15-Temperance(var).js-- -- --171
3/31/2026 1:07:22 PM | * Cartomancie/Tarots/15-Temperance.css-- -- --1273
3/31/2026 1:07:22 PM | * Backup/Cartomancie/Tarots/15-Temperance.dat-- -- --280019
3/31/2026 1:07:22 PM | * Cartomancie/Tarots/15-Temperance.php-- -- --29860
3/31/2026 1:07:22 PM | * Cartomancie/Tarots/16-Diable(var).js-- -- --171
3/31/2026 1:07:22 PM | * Cartomancie/Tarots/16-Diable.css-- -- --1273
3/31/2026 1:07:22 PM | * Backup/Cartomancie/Tarots/16-Diable.dat-- -- --280474
3/31/2026 1:07:22 PM | * Cartomancie/Tarots/16-Diable.php-- -- --29866
3/31/2026 1:07:22 PM | * Cartomancie/Tarots/16-Maison-Dieu(var).js-- -- --171
3/31/2026 1:07:22 PM | * Cartomancie/Tarots/16-Maison-Dieu.css-- -- --1273
3/31/2026 1:07:22 PM | * Backup/Cartomancie/Tarots/16-Maison-Dieu.dat-- -- --280712
3/31/2026 1:07:22 PM | * Cartomancie/Tarots/16-Maison-Dieu.php-- -- --30019
3/31/2026 1:07:22 PM | * Cartomancie/Tarots/17-Etoile(var).js-- -- --171
3/31/2026 1:07:22 PM | * Cartomancie/Tarots/17-Etoile.css-- -- --1273
3/31/2026 1:07:22 PM | * Backup/Cartomancie/Tarots/17-Etoile.dat-- -- --280324
3/31/2026 1:07:22 PM | * Cartomancie/Tarots/17-Etoile.php-- -- --29724
3/31/2026 1:07:22 PM | * Cartomancie/Tarots/18-Lune(var).js-- -- --171
3/31/2026 1:07:22 PM | * Cartomancie/Tarots/18-Lune.css-- -- --1273
3/31/2026 1:07:22 PM | * Backup/Cartomancie/Tarots/18-Lune.dat-- -- --280751
3/31/2026 1:07:22 PM | * Cartomancie/Tarots/18-Lune.php-- -- --30139
3/31/2026 1:07:22 PM | * Cartomancie/Tarots/19-Soleil(var).js-- -- --171
3/31/2026 1:07:22 PM | * Cartomancie/Tarots/19-Soleil.css-- -- --1273
3/31/2026 1:07:22 PM | * Backup/Cartomancie/Tarots/19-Soleil.dat-- -- --280595
3/31/2026 1:07:22 PM | * Cartomancie/Tarots/19-Soleil.php-- -- --29987
3/31/2026 1:07:22 PM | * Cartomancie/Tarots/20-Jugement(var).js-- -- --171
3/31/2026 1:07:22 PM | * Cartomancie/Tarots/20-Jugement.css-- -- --1273
3/31/2026 1:07:22 PM | * Backup/Cartomancie/Tarots/20-Jugement.dat-- -- --280467
3/31/2026 1:07:22 PM | * Cartomancie/Tarots/20-Jugement.php-- -- --29863
3/31/2026 1:07:22 PM | * Cartomancie/Tarots/21-Monde(var).js-- -- --171
3/31/2026 1:07:22 PM | * Cartomancie/Tarots/21-Monde.css-- -- --1273
3/31/2026 1:07:22 PM | * Backup/Cartomancie/Tarots/21-Monde.dat-- -- --280414
3/31/2026 1:07:22 PM | * Cartomancie/Tarots/21-Monde.php-- -- --29804
3/31/2026 1:07:22 PM | * Cartomancie/Tarots/Accueil(var).js-- -- --171
3/31/2026 1:07:22 PM | * Cartomancie/Tarots/Accueil.css-- -- --3694
3/31/2026 1:07:22 PM | * Files/Image/Accueil/Tarot.png-- -- --87973
3/31/2026 1:07:22 PM | * WEFiles/Image/WEImage/Tarot-WE786aa22369.png-- -- --44860
3/31/2026 1:07:22 PM | * Backup/Cartomancie/Tarots/Accueil.dat-- -- --918777
3/31/2026 1:07:22 PM | * Cartomancie/Tarots/Accueil.php-- -- --41703
3/31/2026 1:07:22 PM | * CGU/CGU(var).js-- -- --171
3/31/2026 1:07:22 PM | * CGU/CGU.css-- -- --847
3/31/2026 1:07:22 PM | * WEFiles/Image/WEImage/Accueil-WEbe3ff0985f.png-- -- --4859
3/31/2026 1:07:22 PM | * Backup/CGU/CGU.dat-- -- --197741
3/31/2026 1:07:22 PM | * CGU/CGU.php-- -- --35439
3/31/2026 1:07:22 PM | * Chat/Echec(var).js-- -- --171
3/31/2026 1:07:22 PM | * Chat/Echec.css-- -- --940
3/31/2026 1:07:22 PM | * Backup/Chat/Echec.dat-- -- --219328
3/31/2026 1:07:22 PM | * Chat/Echec.php-- -- --27548
3/31/2026 1:07:22 PM | * Chat/Envoi(var).js-- -- --171
3/31/2026 1:07:22 PM | * Chat/Envoi.css-- -- --862
3/31/2026 1:07:22 PM | * Backup/Chat/Envoi.dat-- -- --191983
3/31/2026 1:07:22 PM | * Chat/Envoi.php-- -- --27315
3/31/2026 1:07:22 PM | * Chat/Formulaire(var).js-- -- --1103
3/31/2026 1:07:22 PM | * Chat/Formulaire(var).php-- -- --4015
3/31/2026 1:07:22 PM | * Chat/Formulaire.css-- -- --4727
3/31/2026 1:07:22 PM | * Files/Image/Accueil/tchat.png-- -- --76753
3/31/2026 1:07:22 PM | * WEFiles/Image/WEImage/tchat-WEbe52c3d2d0.png-- -- --5520
3/31/2026 1:07:22 PM | * Backup/Chat/Formulaire.dat-- -- --1028624
3/31/2026 1:07:22 PM | * Chat/Formulaire.php-- -- --57915
3/31/2026 1:07:22 PM | * Coaching/Echec(var).js-- -- --103
3/31/2026 1:07:22 PM | * Coaching/Echec.css-- -- --886
3/31/2026 1:07:22 PM | * Backup/Coaching/Echec.dat-- -- --194504
3/31/2026 1:07:22 PM | * Coaching/Echec.php-- -- --27552
3/31/2026 1:07:22 PM | * Coaching/Envoi(var).js-- -- --103
3/31/2026 1:07:22 PM | * Coaching/Envoi.css-- -- --809
3/31/2026 1:07:22 PM | * Backup/Coaching/Envoi.dat-- -- --167164
3/31/2026 1:07:22 PM | * Coaching/Envoi.php-- -- --27342
3/31/2026 1:07:22 PM | * Coaching/Formulaire(var).js-- -- --1111
3/31/2026 1:07:22 PM | * Coaching/Formulaire(var).php-- -- --2415
3/31/2026 1:07:22 PM | * Coaching/Formulaire.css-- -- --4726
3/31/2026 1:07:22 PM | * Backup/Coaching/Formulaire.dat-- -- --1009410
3/31/2026 1:07:22 PM | * Coaching/Formulaire.php-- -- --58333
3/31/2026 1:07:22 PM | * Domicile/Echec(var).js-- -- --171
3/31/2026 1:07:22 PM | * Domicile/Echec.css-- -- --939
3/31/2026 1:07:22 PM | * Backup/Domicile/Echec.dat-- -- --219264
3/31/2026 1:07:22 PM | * Domicile/Echec.php-- -- --27584
3/31/2026 1:07:22 PM | * Domicile/Envoi(var).js-- -- --171
3/31/2026 1:07:22 PM | * Domicile/Envoi.css-- -- --862
3/31/2026 1:07:22 PM | * Backup/Domicile/Envoi.dat-- -- --191875
3/31/2026 1:07:22 PM | * Domicile/Envoi.php-- -- --27332
3/31/2026 1:07:22 PM | * Domicile/Formulaire(var).js-- -- --1111
3/31/2026 1:07:22 PM | * Domicile/Formulaire(var).php-- -- --3500
3/31/2026 1:07:22 PM | * Domicile/Formulaire.css-- -- --4727
3/31/2026 1:07:22 PM | * Backup/Domicile/Formulaire.dat-- -- --1022068
3/31/2026 1:07:22 PM | * Domicile/Formulaire.php-- -- --58045
3/31/2026 1:07:22 PM | * Dons/Dons(var).js-- -- --171
3/31/2026 1:07:22 PM | * Dons/Dons.css-- -- --1594
3/31/2026 1:07:22 PM | * Backup/Dons/Dons.dat-- -- --359688
3/31/2026 1:07:22 PM | * Dons/Dons.php-- -- --32482
3/31/2026 1:07:22 PM | * Gratuite/Echec(var).js-- -- --171
3/31/2026 1:07:22 PM | * Gratuite/Echec.css-- -- --939
3/31/2026 1:07:22 PM | * Backup/Gratuite/Echec.dat-- -- --217179
3/31/2026 1:07:22 PM | * Gratuite/Echec.php-- -- --27558
3/31/2026 1:07:22 PM | * Gratuite/Envoi(var).js-- -- --171
3/31/2026 1:07:22 PM | * Gratuite/Envoi.css-- -- --862
3/31/2026 1:07:22 PM | * Backup/Gratuite/Envoi.dat-- -- --191872
3/31/2026 1:07:22 PM | * Gratuite/Envoi.php-- -- --26914
3/31/2026 1:07:22 PM | * Gratuite/Formulaire(var).js-- -- --1147
3/31/2026 1:07:22 PM | * Gratuite/Formulaire(var).php-- -- --3811
3/31/2026 1:07:22 PM | * Gratuite/Formulaire.css-- -- --5261
3/31/2026 1:07:22 PM | * WEFiles/Image/WEImage/tchat-WE6e5af4a4ef.png-- -- --5520
3/31/2026 1:07:22 PM | * Backup/Gratuite/Formulaire.dat-- -- --1082079
3/31/2026 1:07:22 PM | * Gratuite/Formulaire.php-- -- --59224
3/31/2026 1:07:22 PM | * Magie/Echec(var).js-- -- --171
3/31/2026 1:07:22 PM | * Magie/Echec.css-- -- --939
3/31/2026 1:07:22 PM | * Backup/Magie/Echec.dat-- -- --217239
3/31/2026 1:07:22 PM | * Magie/Echec.php-- -- --27602
3/31/2026 1:07:22 PM | * Magie/Envoi(var).js-- -- --171
3/31/2026 1:07:22 PM | * Magie/Envoi.css-- -- --862
3/31/2026 1:07:22 PM | * Backup/Magie/Envoi.dat-- -- --189954
3/31/2026 1:07:22 PM | * Magie/Envoi.php-- -- --27385
3/31/2026 1:07:22 PM | * Magie/Formulaire(var).js-- -- --1133
3/31/2026 1:07:22 PM | * Magie/Formulaire(var).php-- -- --5375
3/31/2026 1:07:22 PM | * Magie/Formulaire.css-- -- --4882
3/31/2026 1:07:22 PM | * Backup/Magie/Formulaire.dat-- -- --1097300
3/31/2026 1:07:22 PM | * Magie/Formulaire.php-- -- --62252
3/31/2026 1:07:22 PM | * Mail/Echec(var).js-- -- --103
3/31/2026 1:07:22 PM | * Mail/Echec.css-- -- --887
3/31/2026 1:07:22 PM | * Backup/Mail/Echec.dat-- -- --194461
3/31/2026 1:07:22 PM | * Mail/Echec.php-- -- --27537
3/31/2026 1:07:22 PM | * Mail/Envoi(var).js-- -- --103
3/31/2026 1:07:22 PM | * Mail/Envoi.css-- -- --809
3/31/2026 1:07:22 PM | * Backup/Mail/Envoi.dat-- -- --167207
3/31/2026 1:07:22 PM | * Mail/Envoi.php-- -- --27410
3/31/2026 1:07:22 PM | * Mail/Formulaire(var).js-- -- --1103
3/31/2026 1:07:22 PM | * Mail/Formulaire(var).php-- -- --2242
3/31/2026 1:07:22 PM | * Mail/Formulaire.css-- -- --4265
3/31/2026 1:07:22 PM | * WEFiles/Image/WEImage/tchat-WE3dab0a55eb.png-- -- --5520
3/31/2026 1:07:22 PM | * Backup/Mail/Formulaire.dat-- -- --808908
3/31/2026 1:07:22 PM | * Mail/Formulaire.php-- -- --49761
3/31/2026 1:07:22 PM | * Methodes/Accueil(var).js-- -- --171
3/31/2026 1:07:22 PM | * Methodes/Accueil.css-- -- --1721
3/31/2026 1:07:22 PM | * Backup/Methodes/Accueil.dat-- -- --450550
3/31/2026 1:07:22 PM | * Methodes/Accueil.php-- -- --42434
3/31/2026 1:07:22 PM | * Methodes/Croix(var).js-- -- --171
3/31/2026 1:07:22 PM | * Methodes/Croix.css-- -- --3694
3/31/2026 1:07:22 PM | * Backup/Methodes/Croix.dat-- -- --950300
3/31/2026 1:07:22 PM | * Methodes/Croix.php-- -- --51038
3/31/2026 1:07:22 PM | * Methodes/Ligne(var).js-- -- --171
3/31/2026 1:07:22 PM | * Methodes/Ligne.css-- -- --3890
3/31/2026 1:07:22 PM | * Backup/Methodes/Ligne.dat-- -- --995173
3/31/2026 1:07:22 PM | * Methodes/Ligne.php-- -- --58989
3/31/2026 1:07:22 PM | * Methodes/Pyramide(var).js-- -- --171
3/31/2026 1:07:22 PM | * Methodes/Pyramide.css-- -- --2041
3/31/2026 1:07:22 PM | * Backup/Methodes/Pyramide.dat-- -- --486241
3/31/2026 1:07:22 PM | * Methodes/Pyramide.php-- -- --44939
3/31/2026 1:07:22 PM | * Paiement/Paiement_accepte(var).js-- -- --171
3/31/2026 1:07:22 PM | * Paiement/Paiement_accepte.css-- -- --862
3/31/2026 1:07:22 PM | * Backup/Paiement/Paiement_accepte.dat-- -- --189904
3/31/2026 1:07:22 PM | * Paiement/Paiement_accepte.php-- -- --27473
3/31/2026 1:07:22 PM | * Paiement/Paiement_avorte(var).js-- -- --171
3/31/2026 1:07:22 PM | * Paiement/Paiement_avorte.css-- -- --862
3/31/2026 1:07:22 PM | * Backup/Paiement/Paiement_avorte.dat-- -- --189697
3/31/2026 1:07:22 PM | * Paiement/Paiement_avorte.php-- -- --27064
3/31/2026 1:07:22 PM | * Partenaires/Partenaires(var).js-- -- --103
3/31/2026 1:07:22 PM | * Partenaires/Partenaires.css-- -- --556
3/31/2026 1:07:22 PM | * Backup/Partenaires/Partenaires.dat-- -- --130494
3/31/2026 1:07:22 PM | * Partenaires/Partenaires.php-- -- --26508
3/31/2026 1:07:22 PM | * Planetes/Accueil(var).js-- -- --171
3/31/2026 1:07:22 PM | * Planetes/Accueil.css-- -- --3106
3/31/2026 1:07:22 PM | * WEFiles/Image/WEImage/Accueil-WEf827361a52.png-- -- --4859
3/31/2026 1:07:22 PM | * Backup/Planetes/Accueil.dat-- -- --814110
3/31/2026 1:07:22 PM | * Planetes/Accueil.php-- -- --40589
3/31/2026 1:07:22 PM | * Planetes/Jupiter(var).js-- -- --171
3/31/2026 1:07:22 PM | * Planetes/Jupiter.css-- -- --1182
3/31/2026 1:07:22 PM | * WEFiles/Image/WEImage/Accueil-WE7c4d4618e8.png-- -- --4859
3/31/2026 1:07:22 PM | * Files/Image/Planetes/jupiter.png-- -- --290470
3/31/2026 1:07:22 PM | * WEFiles/Image/WEImage/jupiter-WE22c70bbcb4.png-- -- --24138
3/31/2026 1:07:22 PM | * Backup/Planetes/Jupiter.dat-- -- --280082
3/31/2026 1:07:22 PM | * Planetes/Jupiter.php-- -- --30246
3/31/2026 1:07:22 PM | * Planetes/Lune(var).js-- -- --239
3/31/2026 1:07:22 PM | * Planetes/Lune.css-- -- --1236
3/31/2026 1:07:22 PM | * Files/Image/Planetes/lune.png-- -- --198790
3/31/2026 1:07:22 PM | * WEFiles/Image/WEImage/lune-WEa744dc0aa6.png-- -- --11726
3/31/2026 1:07:22 PM | * WEFiles/Image/WEImage/Accueil-WEdca6663948.png-- -- --4859
3/31/2026 1:07:22 PM | * Backup/Planetes/Lune.dat-- -- --301589
3/31/2026 1:07:22 PM | * Planetes/Lune.php-- -- --30725
3/31/2026 1:07:22 PM | * Planetes/Mars(var).js-- -- --239
3/31/2026 1:07:22 PM | * Planetes/Mars.css-- -- --1236
3/31/2026 1:07:22 PM | * Files/Image/Planetes/mars.png-- -- --174410
3/31/2026 1:07:22 PM | * WEFiles/Image/WEImage/mars-WE7824d02237.png-- -- --19861
3/31/2026 1:07:22 PM | * WEFiles/Image/WEImage/Accueil-WE3449aa1ae8.png-- -- --4859
3/31/2026 1:07:22 PM | * Backup/Planetes/Mars.dat-- -- --301335
3/31/2026 1:07:22 PM | * Planetes/Mars.php-- -- --30376
3/31/2026 1:07:22 PM | * Planetes/Mercure(var).js-- -- --239
3/31/2026 1:07:22 PM | * Planetes/Mercure.css-- -- --1236
3/31/2026 1:07:22 PM | * Files/Image/Planetes/mercure.png-- -- --311474
3/31/2026 1:07:22 PM | * WEFiles/Image/WEImage/mercure-WEeb1c7c3496.png-- -- --23831
3/31/2026 1:07:22 PM | * WEFiles/Image/WEImage/Accueil-WEe9bc9b688e.png-- -- --4859
3/31/2026 1:07:22 PM | * Backup/Planetes/Mercure.dat-- -- --302032
3/31/2026 1:07:22 PM | * Planetes/Mercure.php-- -- --31157
3/31/2026 1:07:22 PM | * Planetes/Neptune(var).js-- -- --239
3/31/2026 1:07:22 PM | * Planetes/Neptune.css-- -- --1236
3/31/2026 1:07:22 PM | * Files/Image/Planetes/neptune.png-- -- --199587
3/31/2026 1:07:22 PM | * WEFiles/Image/WEImage/neptune-WE92f6bc3ae0.png-- -- --18196
3/31/2026 1:07:22 PM | * WEFiles/Image/WEImage/Accueil-WE9589f0596d.png-- -- --4859
3/31/2026 1:07:22 PM | * Backup/Planetes/Neptune.dat-- -- --301312
3/31/2026 1:07:22 PM | * Planetes/Neptune.php-- -- --30450
3/31/2026 1:07:22 PM | * Planetes/Pluton(var).js-- -- --239
3/31/2026 1:07:22 PM | * Planetes/Pluton.css-- -- --1236
3/31/2026 1:07:22 PM | * Files/Image/Planetes/pluton.png-- -- --833076
3/31/2026 1:07:22 PM | * WEFiles/Image/WEImage/pluton-WE09f0021b47.png-- -- --23290
3/31/2026 1:07:22 PM | * WEFiles/Image/WEImage/Accueil-WE31225b45fb.png-- -- --4859
3/31/2026 1:07:22 PM | * Backup/Planetes/Pluton.dat-- -- --301242
3/31/2026 1:07:22 PM | * Planetes/Pluton.php-- -- --30382
3/31/2026 1:07:22 PM | * Planetes/Saturne(var).js-- -- --239
3/31/2026 1:07:22 PM | * Planetes/Saturne.css-- -- --1250
3/31/2026 1:07:22 PM | * Files/Image/Planetes/saturne.png-- -- --33923
3/31/2026 1:07:22 PM | * WEFiles/Image/WEImage/saturne-WEb42562a04a.png-- -- --20982
3/31/2026 1:07:22 PM | * WEFiles/Image/WEImage/Accueil-WE9e515d2e2a.png-- -- --4859
3/31/2026 1:07:22 PM | * Backup/Planetes/Saturne.dat-- -- --305046
3/31/2026 1:07:22 PM | * Planetes/Saturne.php-- -- --30421
3/31/2026 1:07:22 PM | * Planetes/Soleil(var).js-- -- --239
3/31/2026 1:07:22 PM | * Planetes/Soleil.css-- -- --1251
3/31/2026 1:07:22 PM | * Files/Image/Planetes/soleil.png-- -- --245235
3/31/2026 1:07:22 PM | * WEFiles/Image/WEImage/soleil-WEd7300510eb.png-- -- --30278
3/31/2026 1:07:22 PM | * WEFiles/Image/WEImage/Accueil-WEcdcdd5b0ac.png-- -- --4859
3/31/2026 1:07:22 PM | * Backup/Planetes/Soleil.dat-- -- --304693
3/31/2026 1:07:22 PM | * Planetes/Soleil.php-- -- --30094
3/31/2026 1:07:22 PM | * Planetes/Uranus(var).js-- -- --239
3/31/2026 1:07:22 PM | * Planetes/Uranus.css-- -- --1251
3/31/2026 1:07:22 PM | * Files/Image/Planetes/uranus.png-- -- --192928
3/31/2026 1:07:22 PM | * WEFiles/Image/WEImage/uranus-WE574f9e9060.png-- -- --25799
3/31/2026 1:07:22 PM | * WEFiles/Image/WEImage/Accueil-WE7420c6afde.png-- -- --4859
3/31/2026 1:07:22 PM | * Backup/Planetes/Uranus.dat-- -- --304449
3/31/2026 1:07:22 PM | * Planetes/Uranus.php-- -- --29808
3/31/2026 1:07:22 PM | * Planetes/Venus(var).js-- -- --239
3/31/2026 1:07:22 PM | * Planetes/Venus.css-- -- --1251
3/31/2026 1:07:22 PM | * Files/Image/Planetes/venus.png-- -- --210114
3/31/2026 1:07:22 PM | * WEFiles/Image/WEImage/venus-WE5a03a66b9b.png-- -- --22070
3/31/2026 1:07:22 PM | * WEFiles/Image/WEImage/Accueil-WE58955cf73b.png-- -- --4859
3/31/2026 1:07:22 PM | * Backup/Planetes/Venus.dat-- -- --305090
3/31/2026 1:07:22 PM | * Planetes/Venus.php-- -- --30455
3/31/2026 1:07:22 PM | * Tchat/errors.txt-- -- --0
3/31/2026 1:07:22 PM | * index(var).js-- -- --171
3/31/2026 1:07:22 PM | * index.css-- -- --1265
3/31/2026 1:07:22 PM | * Backup/index.dat-- -- --310343
3/31/2026 1:07:22 PM | * index.php-- -- --38066
3/31/2026 1:07:23 PM | * Templates/Base.css-- -- --4482
3/31/2026 1:07:23 PM | * Templates/Base.php-- -- --25640
3/31/2026 1:07:23 PM | * Backup/Templates/Base.tdat-- -- --1009337
3/31/2026 1:07:23 PM | * sitemap.xml-- -- --27422
3/31/2026 1:07:23 PM | * robots.txt-- -- --39
3/31/2026 1:07:23 PM | * Backup/Belline net.ope-- -- --3598
3/31/2026 1:07:25 PM | 
3/31/2026 1:07:25 PM | 
--------------------------------Phase 1 Terminé--------------------------------
3/31/2026 1:07:25 PM | 

3/31/2026 1:44:03 PM | Debut Mise en ligne différentielle (Site):
3/31/2026 1:44:20 PM | Listing terminé :
3/31/2026 1:44:20 PM | 

3/31/2026 1:44:20 PM | * Tchat-- -- --Folder create
3/31/2026 1:44:20 PM | * Tchat/widgets-- -- --Folder create
3/31/2026 1:44:20 PM | * Tchat/templates-- -- --Folder create
3/31/2026 1:44:20 PM | * Tchat/stickers-- -- --Folder create
3/31/2026 1:44:20 PM | * Tchat/stickers/Stickers-- -- --Folder create
3/31/2026 1:44:20 PM | * Tchat/stickers/Deutsch-- -- --Folder create
3/31/2026 1:44:20 PM | * Tchat/splash-- -- --Folder create
3/31/2026 1:44:20 PM | * Tchat/lang-- -- --Folder create
3/31/2026 1:44:20 PM | * Tchat/install-- -- --Folder create
3/31/2026 1:44:20 PM | * Tchat/incl-- -- --Folder create
3/31/2026 1:44:20 PM | * Tchat/img-- -- --Folder create
3/31/2026 1:44:20 PM | * Tchat/backgrounds-- -- --Folder create
3/31/2026 1:44:20 PM | * Tchat/avatars-- -- --Folder create
3/31/2026 1:44:20 PM | * Tchat/attachments-- -- --Folder create
3/31/2026 1:44:20 PM | * Tchat/app-- -- --Folder create
3/31/2026 1:44:20 PM | * Tchat/admin-- -- --Folder create
3/31/2026 1:44:20 PM | * Tchat/admin/font-- -- --Folder create
3/31/2026 1:44:20 PM | * Planetes-- -- --Folder create
3/31/2026 1:44:20 PM | * Partenaires-- -- --Folder create
3/31/2026 1:44:20 PM | * Paiement-- -- --Folder create
3/31/2026 1:44:20 PM | * Online-- -- --Folder create
3/31/2026 1:44:20 PM | * Online/Templates-- -- --Folder create
3/31/2026 1:44:20 PM | * Methodes-- -- --Folder create
3/31/2026 1:44:20 PM | * Mail-- -- --Folder create
3/31/2026 1:44:20 PM | * Magie-- -- --Folder create
3/31/2026 1:44:20 PM | * Gratuite-- -- --Folder create
3/31/2026 1:44:20 PM | * Dons-- -- --Folder create
3/31/2026 1:44:20 PM | * Domicile-- -- --Folder create
3/31/2026 1:44:20 PM | * Coaching-- -- --Folder create
3/31/2026 1:44:20 PM | * Chat-- -- --Folder create
3/31/2026 1:44:20 PM | * CGU-- -- --Folder create
3/31/2026 1:44:20 PM | * Cartomancie-- -- --Folder create
3/31/2026 1:44:20 PM | * Cartomancie/Tarots-- -- --Folder create
3/31/2026 1:44:20 PM | * Cartomancie/Belline-- -- --Folder create
3/31/2026 1:44:20 PM | * Cartomancie/32-cartes-- -- --Folder create
3/31/2026 1:44:20 PM | * Cartomancie/32-cartes/Trefle-- -- --Folder create
3/31/2026 1:44:20 PM | * Cartomancie/32-cartes/Pique-- -- --Folder create
3/31/2026 1:44:20 PM | * Cartomancie/32-cartes/Coeur-- -- --Folder create
3/31/2026 1:44:20 PM | * Cartomancie/32-cartes/Carreau-- -- --Folder create
3/31/2026 1:44:20 PM | * Admin-- -- --Folder create
3/31/2026 1:44:20 PM | * Admin/sounds-- -- --Folder create
3/31/2026 1:44:20 PM | * Backup-- -- --Folder create
3/31/2026 1:44:20 PM | * Templates-- -- --Folder create
3/31/2026 1:44:20 PM | * WEFiles-- -- --Folder create
3/31/2026 1:44:20 PM | * WEFiles/Image-- -- --Folder create
3/31/2026 1:44:20 PM | * WEFiles/Image/WEImage-- -- --Folder create
3/31/2026 1:44:20 PM | * Backup/.htaccess-- -- --33
3/31/2026 1:44:20 PM | * .htaccess-- -- --0
3/31/2026 1:44:20 PM | * Admin/status.css-- -- --0
3/31/2026 1:44:20 PM | * Cartomancie/32-cartes/Carreau/07(var).js-- -- --171
3/31/2026 1:44:20 PM | * Cartomancie/32-cartes/Carreau/07.css-- -- --1196
3/31/2026 1:44:20 PM | * Backup/Cartomancie/32-cartes/Carreau/07.dat-- -- --278281
3/31/2026 1:44:20 PM | * Cartomancie/32-cartes/Carreau/07.php-- -- --29568
3/31/2026 1:44:20 PM | * Cartomancie/32-cartes/Carreau/08(var).js-- -- --171
3/31/2026 1:44:20 PM | * Cartomancie/32-cartes/Carreau/08.css-- -- --1197
3/31/2026 1:44:20 PM | * Backup/Cartomancie/32-cartes/Carreau/08.dat-- -- --279141
3/31/2026 1:44:20 PM | * Cartomancie/32-cartes/Carreau/08.php-- -- --30436
3/31/2026 1:44:20 PM | * Cartomancie/32-cartes/Carreau/09(var).js-- -- --171
3/31/2026 1:44:20 PM | * Cartomancie/32-cartes/Carreau/09.css-- -- --1196
3/31/2026 1:44:20 PM | * Backup/Cartomancie/32-cartes/Carreau/09.dat-- -- --277924
3/31/2026 1:44:20 PM | * Cartomancie/32-cartes/Carreau/09.php-- -- --29222
3/31/2026 1:44:20 PM | * Cartomancie/32-cartes/Carreau/10(var).js-- -- --171
3/31/2026 1:44:20 PM | * Cartomancie/32-cartes/Carreau/10.css-- -- --1196
3/31/2026 1:44:20 PM | * Backup/Cartomancie/32-cartes/Carreau/10.dat-- -- --278597
3/31/2026 1:44:20 PM | * Cartomancie/32-cartes/Carreau/10.php-- -- --29837
3/31/2026 1:44:20 PM | * Cartomancie/32-cartes/Carreau/11-Valet(var).js-- -- --171
3/31/2026 1:44:20 PM | * Cartomancie/32-cartes/Carreau/11-Valet.css-- -- --1196
3/31/2026 1:44:20 PM | * Backup/Cartomancie/32-cartes/Carreau/11-Valet.dat-- -- --278789
3/31/2026 1:44:20 PM | * Cartomancie/32-cartes/Carreau/11-Valet.php-- -- --30094
3/31/2026 1:44:20 PM | * Cartomancie/32-cartes/Carreau/12-Dame(var).js-- -- --171
3/31/2026 1:44:20 PM | * Cartomancie/32-cartes/Carreau/12-Dame.css-- -- --1196
3/31/2026 1:44:20 PM | * Backup/Cartomancie/32-cartes/Carreau/12-Dame.dat-- -- --278131
3/31/2026 1:44:20 PM | * Cartomancie/32-cartes/Carreau/12-Dame.php-- -- --29748
3/31/2026 1:44:20 PM | * Cartomancie/32-cartes/Carreau/13-Roi(var).js-- -- --171
3/31/2026 1:44:20 PM | * Cartomancie/32-cartes/Carreau/13-Roi.css-- -- --1196
3/31/2026 1:44:20 PM | * Backup/Cartomancie/32-cartes/Carreau/13-Roi.dat-- -- --278529
3/31/2026 1:44:20 PM | * Cartomancie/32-cartes/Carreau/13-Roi.php-- -- --29828
3/31/2026 1:44:20 PM | * Cartomancie/32-cartes/Carreau/14-As(var).js-- -- --171
3/31/2026 1:44:20 PM | * Cartomancie/32-cartes/Carreau/14-As.css-- -- --1196
3/31/2026 1:44:20 PM | * Backup/Cartomancie/32-cartes/Carreau/14-As.dat-- -- --278053
3/31/2026 1:44:20 PM | * Cartomancie/32-cartes/Carreau/14-As.php-- -- --29664
3/31/2026 1:44:20 PM | * Cartomancie/32-cartes/Coeur/07(var).js-- -- --171
3/31/2026 1:44:20 PM | * Cartomancie/32-cartes/Coeur/07.css-- -- --1196
3/31/2026 1:44:20 PM | * Backup/Cartomancie/32-cartes/Coeur/07.dat-- -- --278016
3/31/2026 1:44:20 PM | * Cartomancie/32-cartes/Coeur/07.php-- -- --29597
3/31/2026 1:44:20 PM | * Cartomancie/32-cartes/Coeur/08(var).js-- -- --171
3/31/2026 1:44:20 PM | * Cartomancie/32-cartes/Coeur/08.css-- -- --1196
3/31/2026 1:44:20 PM | * Backup/Cartomancie/32-cartes/Coeur/08.dat-- -- --277888
3/31/2026 1:44:20 PM | * Cartomancie/32-cartes/Coeur/08.php-- -- --29450
3/31/2026 1:44:20 PM | * Cartomancie/32-cartes/Coeur/09(var).js-- -- --171
3/31/2026 1:44:20 PM | * Cartomancie/32-cartes/Coeur/09.css-- -- --1196
3/31/2026 1:44:20 PM | * Backup/Cartomancie/32-cartes/Coeur/09.dat-- -- --277934
3/31/2026 1:44:20 PM | * Cartomancie/32-cartes/Coeur/09.php-- -- --29496
3/31/2026 1:44:20 PM | * Cartomancie/32-cartes/Coeur/10(var).js-- -- --171
3/31/2026 1:44:20 PM | * Cartomancie/32-cartes/Coeur/10.css-- -- --1211
3/31/2026 1:44:20 PM | * Backup/Cartomancie/32-cartes/Coeur/10.dat-- -- --284190
3/31/2026 1:44:20 PM | * Cartomancie/32-cartes/Coeur/10.php-- -- --30167
3/31/2026 1:44:20 PM | * Cartomancie/32-cartes/Coeur/11-Valet(var).js-- -- --171
3/31/2026 1:44:20 PM | * Cartomancie/32-cartes/Coeur/11-Valet.css-- -- --1196
3/31/2026 1:44:20 PM | * Backup/Cartomancie/32-cartes/Coeur/11-Valet.dat-- -- --278426
3/31/2026 1:44:20 PM | * Cartomancie/32-cartes/Coeur/11-Valet.php-- -- --30006
3/31/2026 1:44:20 PM | * Cartomancie/32-cartes/Coeur/12-Dame(var).js-- -- --171
3/31/2026 1:44:20 PM | * Cartomancie/32-cartes/Coeur/12-Dame.css-- -- --1196
3/31/2026 1:44:20 PM | * Backup/Cartomancie/32-cartes/Coeur/12-Dame.dat-- -- --278040
3/31/2026 1:44:20 PM | * Cartomancie/32-cartes/Coeur/12-Dame.php-- -- --29617
3/31/2026 1:44:20 PM | * Cartomancie/32-cartes/Coeur/13-Roi(var).js-- -- --103
3/31/2026 1:44:20 PM | * Cartomancie/32-cartes/Coeur/13-Roi.css-- -- --1143
3/31/2026 1:44:20 PM | * Backup/Cartomancie/32-cartes/Coeur/13-Roi.dat-- -- --255761
3/31/2026 1:44:20 PM | * Cartomancie/32-cartes/Coeur/13-Roi.php-- -- --30009
3/31/2026 1:44:20 PM | * Cartomancie/32-cartes/Coeur/14-As(var).js-- -- --103
3/31/2026 1:44:20 PM | * Cartomancie/32-cartes/Coeur/14-As.css-- -- --1143
3/31/2026 1:44:20 PM | * Backup/Cartomancie/32-cartes/Coeur/14-As.dat-- -- --255143
3/31/2026 1:44:20 PM | * Cartomancie/32-cartes/Coeur/14-As.php-- -- --29405
3/31/2026 1:44:20 PM | * Cartomancie/32-cartes/Pique/07(var).js-- -- --239
3/31/2026 1:44:20 PM | * Cartomancie/32-cartes/Pique/07.css-- -- --1249
3/31/2026 1:44:20 PM | * Backup/Cartomancie/32-cartes/Pique/07.dat-- -- --299062
3/31/2026 1:44:20 PM | * Cartomancie/32-cartes/Pique/07.php-- -- --29649
3/31/2026 1:44:20 PM | * Cartomancie/32-cartes/Pique/08(var).js-- -- --171
3/31/2026 1:44:20 PM | * Cartomancie/32-cartes/Pique/08.css-- -- --1196
3/31/2026 1:44:20 PM | * Backup/Cartomancie/32-cartes/Pique/08.dat-- -- --280498
3/31/2026 1:44:20 PM | * Cartomancie/32-cartes/Pique/08.php-- -- --30240
3/31/2026 1:44:20 PM | * Cartomancie/32-cartes/Pique/09(var).js-- -- --171
3/31/2026 1:44:20 PM | * Cartomancie/32-cartes/Pique/09.css-- -- --1196
3/31/2026 1:44:20 PM | * Backup/Cartomancie/32-cartes/Pique/09.dat-- -- --278155
3/31/2026 1:44:20 PM | * Cartomancie/32-cartes/Pique/09.php-- -- --29794
3/31/2026 1:44:20 PM | * Cartomancie/32-cartes/Pique/10(var).js-- -- --171
3/31/2026 1:44:20 PM | * Cartomancie/32-cartes/Pique/10.css-- -- --1196
3/31/2026 1:44:20 PM | * Backup/Cartomancie/32-cartes/Pique/10.dat-- -- --277860
3/31/2026 1:44:20 PM | * Cartomancie/32-cartes/Pique/10.php-- -- --29469
3/31/2026 1:44:20 PM | * Cartomancie/32-cartes/Pique/11-Valet(var).js-- -- --171
3/31/2026 1:44:20 PM | * Cartomancie/32-cartes/Pique/11-Valet.css-- -- --1197
3/31/2026 1:44:20 PM | * Backup/Cartomancie/32-cartes/Pique/11-Valet.dat-- -- --277994
3/31/2026 1:44:20 PM | * Cartomancie/32-cartes/Pique/11-Valet.php-- -- --29620
3/31/2026 1:44:20 PM | * Cartomancie/32-cartes/Pique/12-Dame(var).js-- -- --171
3/31/2026 1:44:20 PM | * Cartomancie/32-cartes/Pique/12-Dame.css-- -- --1197
3/31/2026 1:44:20 PM | * Backup/Cartomancie/32-cartes/Pique/12-Dame.dat-- -- --278155
3/31/2026 1:44:20 PM | * Cartomancie/32-cartes/Pique/12-Dame.php-- -- --29778
3/31/2026 1:44:20 PM | * Cartomancie/32-cartes/Pique/13-Roi(var).js-- -- --171
3/31/2026 1:44:20 PM | * Cartomancie/32-cartes/Pique/13-Roi.css-- -- --1196
3/31/2026 1:44:20 PM | * Backup/Cartomancie/32-cartes/Pique/13-Roi.dat-- -- --278372
3/31/2026 1:44:20 PM | * Cartomancie/32-cartes/Pique/13-Roi.php-- -- --29989
3/31/2026 1:44:20 PM | * Cartomancie/32-cartes/Pique/14-As(var).js-- -- --103
3/31/2026 1:44:20 PM | * Cartomancie/32-cartes/Pique/14-As.css-- -- --1143
3/31/2026 1:44:20 PM | * Backup/Cartomancie/32-cartes/Pique/14-As.dat-- -- --255367
3/31/2026 1:44:20 PM | * Cartomancie/32-cartes/Pique/14-As.php-- -- --29613
3/31/2026 1:44:20 PM | * Cartomancie/32-cartes/Trefle/07(var).js-- -- --171
3/31/2026 1:44:20 PM | * Cartomancie/32-cartes/Trefle/07.css-- -- --1274
3/31/2026 1:44:20 PM | * Backup/Cartomancie/32-cartes/Trefle/07.dat-- -- --278735
3/31/2026 1:44:20 PM | * Cartomancie/32-cartes/Trefle/07.php-- -- --30273
3/31/2026 1:44:20 PM | * Cartomancie/32-cartes/Trefle/08(var).js-- -- --171
3/31/2026 1:44:20 PM | * Cartomancie/32-cartes/Trefle/08.css-- -- --1273
3/31/2026 1:44:20 PM | * Backup/Cartomancie/32-cartes/Trefle/08.dat-- -- --278756
3/31/2026 1:44:20 PM | * Cartomancie/32-cartes/Trefle/08.php-- -- --30286
3/31/2026 1:44:20 PM | * Cartomancie/32-cartes/Trefle/09(var).js-- -- --171
3/31/2026 1:44:20 PM | * Cartomancie/32-cartes/Trefle/09.css-- -- --1274
3/31/2026 1:44:20 PM | * Backup/Cartomancie/32-cartes/Trefle/09.dat-- -- --278133
3/31/2026 1:44:20 PM | * Cartomancie/32-cartes/Trefle/09.php-- -- --29662
3/31/2026 1:44:20 PM | * Cartomancie/32-cartes/Trefle/10(var).js-- -- --171
3/31/2026 1:44:20 PM | * Cartomancie/32-cartes/Trefle/10.css-- -- --1274
3/31/2026 1:44:20 PM | * Backup/Cartomancie/32-cartes/Trefle/10.dat-- -- --278206
3/31/2026 1:44:20 PM | * Cartomancie/32-cartes/Trefle/10.php-- -- --29735
3/31/2026 1:44:20 PM | * Cartomancie/32-cartes/Trefle/11-Valet(var).js-- -- --171
3/31/2026 1:44:20 PM | * Cartomancie/32-cartes/Trefle/11-Valet.css-- -- --1273
3/31/2026 1:44:20 PM | * Backup/Cartomancie/32-cartes/Trefle/11-Valet.dat-- -- --278271
3/31/2026 1:44:20 PM | * Cartomancie/32-cartes/Trefle/11-Valet.php-- -- --29818
3/31/2026 1:44:20 PM | * Cartomancie/32-cartes/Trefle/12-Dame(var).js-- -- --171
3/31/2026 1:44:20 PM | * Cartomancie/32-cartes/Trefle/12-Dame.css-- -- --1273
3/31/2026 1:44:20 PM | * Backup/Cartomancie/32-cartes/Trefle/12-Dame.dat-- -- --278100
3/31/2026 1:44:20 PM | * Cartomancie/32-cartes/Trefle/12-Dame.php-- -- --29645
3/31/2026 1:44:20 PM | * Cartomancie/32-cartes/Trefle/13-Roi(var).js-- -- --171
3/31/2026 1:44:20 PM | * Cartomancie/32-cartes/Trefle/13-Roi.css-- -- --1274
3/31/2026 1:44:20 PM | * Backup/Cartomancie/32-cartes/Trefle/13-Roi.dat-- -- --277820
3/31/2026 1:44:20 PM | * Cartomancie/32-cartes/Trefle/13-Roi.php-- -- --29361
3/31/2026 1:44:20 PM | * Cartomancie/32-cartes/Trefle/14-As(var).js-- -- --171
3/31/2026 1:44:20 PM | * Cartomancie/32-cartes/Trefle/14-As.css-- -- --1273
3/31/2026 1:44:20 PM | * Backup/Cartomancie/32-cartes/Trefle/14-As.dat-- -- --278041
3/31/2026 1:44:20 PM | * Cartomancie/32-cartes/Trefle/14-As.php-- -- --29580
3/31/2026 1:44:20 PM | * Cartomancie/32-cartes/Accueil(var).js-- -- --171
3/31/2026 1:44:20 PM | * Cartomancie/32-cartes/Accueil.css-- -- --5807
3/31/2026 1:44:20 PM | * Backup/Cartomancie/32-cartes/Accueil.dat-- -- --1365976
3/31/2026 1:44:20 PM | * Cartomancie/32-cartes/Accueil.php-- -- --50682
3/31/2026 1:44:20 PM | * Cartomancie/Belline/01-Bleu(var).js-- -- --171
3/31/2026 1:44:20 PM | * Cartomancie/Belline/01-Bleu.css-- -- --1273
3/31/2026 1:44:20 PM | * Backup/Cartomancie/Belline/01-Bleu.dat-- -- --279693
3/31/2026 1:44:20 PM | * Cartomancie/Belline/01-Bleu.php-- -- --29173
3/31/2026 1:44:20 PM | * Cartomancie/Belline/02-Destinee(var).js-- -- --171
3/31/2026 1:44:20 PM | * Cartomancie/Belline/02-Destinee.css-- -- --1273
3/31/2026 1:44:20 PM | * Backup/Cartomancie/Belline/02-Destinee.dat-- -- --280017
3/31/2026 1:44:20 PM | * Cartomancie/Belline/02-Destinee.php-- -- --29509
3/31/2026 1:44:20 PM | * Cartomancie/Belline/03-Homme(var).js-- -- --171
3/31/2026 1:44:20 PM | * Cartomancie/Belline/03-Homme.css-- -- --1273
3/31/2026 1:44:20 PM | * Backup/Cartomancie/Belline/03-Homme.dat-- -- --280189
3/31/2026 1:44:20 PM | * Cartomancie/Belline/03-Homme.php-- -- --29658
3/31/2026 1:44:20 PM | * Cartomancie/Belline/04-Femme(var).js-- -- --171
3/31/2026 1:44:20 PM | * Cartomancie/Belline/04-Femme.css-- -- --1273
3/31/2026 1:44:20 PM | * Backup/Cartomancie/Belline/04-Femme.dat-- -- --279786
3/31/2026 1:44:20 PM | * Cartomancie/Belline/04-Femme.php-- -- --29251
3/31/2026 1:44:20 PM | * Cartomancie/Belline/05-Nativite(var).js-- -- --171
3/31/2026 1:44:20 PM | * Cartomancie/Belline/05-Nativite.css-- -- --1273
3/31/2026 1:44:20 PM | * Backup/Cartomancie/Belline/05-Nativite.dat-- -- --280021
3/31/2026 1:44:20 PM | * Cartomancie/Belline/05-Nativite.php-- -- --29520
3/31/2026 1:44:20 PM | * Cartomancie/Belline/06-Reussite(var).js-- -- --171
3/31/2026 1:44:20 PM | * Cartomancie/Belline/06-Reussite.css-- -- --1273
3/31/2026 1:44:20 PM | * Backup/Cartomancie/Belline/06-Reussite.dat-- -- --280215
3/31/2026 1:44:20 PM | * Cartomancie/Belline/06-Reussite.php-- -- --29714
3/31/2026 1:44:20 PM | * Cartomancie/Belline/07-Elevation(var).js-- -- --171
3/31/2026 1:44:20 PM | * Cartomancie/Belline/07-Elevation.css-- -- --1273
3/31/2026 1:44:20 PM | * Backup/Cartomancie/Belline/07-Elevation.dat-- -- --280173
3/31/2026 1:44:20 PM | * Cartomancie/Belline/07-Elevation.php-- -- --29653
3/31/2026 1:44:20 PM | * Cartomancie/Belline/08-Honneurs(var).js-- -- --171
3/31/2026 1:44:20 PM | * Cartomancie/Belline/08-Honneurs.css-- -- --1274
3/31/2026 1:44:20 PM | * Backup/Cartomancie/Belline/08-Honneurs.dat-- -- --280123
3/31/2026 1:44:20 PM | * Cartomancie/Belline/08-Honneurs.php-- -- --29647
3/31/2026 1:44:20 PM | * Cartomancie/Belline/09-Pensee(var).js-- -- --171
3/31/2026 1:44:20 PM | * Cartomancie/Belline/09-Pensee.css-- -- --1273
3/31/2026 1:44:20 PM | * Backup/Cartomancie/Belline/09-Pensee.dat-- -- --280248
3/31/2026 1:44:20 PM | * Cartomancie/Belline/09-Pensee.php-- -- --29731
3/31/2026 1:44:20 PM | * Cartomancie/Belline/10-Campagne(var).js-- -- --171
3/31/2026 1:44:20 PM | * Cartomancie/Belline/10-Campagne.css-- -- --1273
3/31/2026 1:44:20 PM | * Backup/Cartomancie/Belline/10-Campagne.dat-- -- --280087
3/31/2026 1:44:20 PM | * Cartomancie/Belline/10-Campagne.php-- -- --29621
3/31/2026 1:44:20 PM | * Cartomancie/Belline/11-Presents(var).js-- -- --171
3/31/2026 1:44:20 PM | * Cartomancie/Belline/11-Presents.css-- -- --1274
3/31/2026 1:44:20 PM | * Backup/Cartomancie/Belline/11-Presents.dat-- -- --280116
3/31/2026 1:44:20 PM | * Cartomancie/Belline/11-Presents.php-- -- --29643
3/31/2026 1:44:20 PM | * Cartomancie/Belline/12-Trahison(var).js-- -- --171
3/31/2026 1:44:20 PM | * Cartomancie/Belline/12-Trahison.css-- -- --1273
3/31/2026 1:44:20 PM | * Backup/Cartomancie/Belline/12-Trahison.dat-- -- --280133
3/31/2026 1:44:20 PM | * Cartomancie/Belline/12-Trahison.php-- -- --29649
3/31/2026 1:44:20 PM | * Cartomancie/Belline/13-Depart(var).js-- -- --171
3/31/2026 1:44:20 PM | * Cartomancie/Belline/13-Depart.css-- -- --1273
3/31/2026 1:44:20 PM | * Backup/Cartomancie/Belline/13-Depart.dat-- -- --280015
3/31/2026 1:44:20 PM | * Cartomancie/Belline/13-Depart.php-- -- --29518
3/31/2026 1:44:20 PM | * Cartomancie/Belline/14-Inconstance(var).js-- -- --171
3/31/2026 1:44:20 PM | * Cartomancie/Belline/14-Inconstance.css-- -- --1274
3/31/2026 1:44:20 PM | * Backup/Cartomancie/Belline/14-Inconstance.dat-- -- --280352
3/31/2026 1:44:20 PM | * Cartomancie/Belline/14-Inconstance.php-- -- --29881
3/31/2026 1:44:20 PM | * Cartomancie/Belline/15-Decouverte(var).js-- -- --171
3/31/2026 1:44:20 PM | * Cartomancie/Belline/15-Decouverte.css-- -- --1274
3/31/2026 1:44:20 PM | * Backup/Cartomancie/Belline/15-Decouverte.dat-- -- --280661
3/31/2026 1:44:20 PM | * Cartomancie/Belline/15-Decouverte.php-- -- --30197
3/31/2026 1:44:20 PM | * Cartomancie/Belline/16-Eau(var).js-- -- --171
3/31/2026 1:44:20 PM | * Cartomancie/Belline/16-Eau.css-- -- --1273
3/31/2026 1:44:20 PM | * Backup/Cartomancie/Belline/16-Eau.dat-- -- --280153
3/31/2026 1:44:20 PM | * Cartomancie/Belline/16-Eau.php-- -- --29650
3/31/2026 1:44:20 PM | * Cartomancie/Belline/17-Penates(var).js-- -- --171
3/31/2026 1:44:20 PM | * Cartomancie/Belline/17-Penates.css-- -- --1273
3/31/2026 1:44:20 PM | * Backup/Cartomancie/Belline/17-Penates.dat-- -- --280325
3/31/2026 1:44:20 PM | * Cartomancie/Belline/17-Penates.php-- -- --29830
3/31/2026 1:44:20 PM | * Cartomancie/Belline/18-Maladie(var).js-- -- --171
3/31/2026 1:44:20 PM | * Cartomancie/Belline/18-Maladie.css-- -- --1273
3/31/2026 1:44:20 PM | * Backup/Cartomancie/Belline/18-Maladie.dat-- -- --279996
3/31/2026 1:44:20 PM | * Cartomancie/Belline/18-Maladie.php-- -- --29501
3/31/2026 1:44:21 PM | * Cartomancie/Belline/19-Changement(var).js-- -- --171
3/31/2026 1:44:21 PM | * Cartomancie/Belline/19-Changement.css-- -- --1273
3/31/2026 1:44:21 PM | * Backup/Cartomancie/Belline/19-Changement.dat-- -- --280261
3/31/2026 1:44:21 PM | * Cartomancie/Belline/19-Changement.php-- -- --29789
3/31/2026 1:44:21 PM | * Cartomancie/Belline/20-Argent(var).js-- -- --171
3/31/2026 1:44:21 PM | * Cartomancie/Belline/20-Argent.css-- -- --1273
3/31/2026 1:44:21 PM | * Backup/Cartomancie/Belline/20-Argent.dat-- -- --279856
3/31/2026 1:44:21 PM | * Cartomancie/Belline/20-Argent.php-- -- --29376
3/31/2026 1:44:21 PM | * Cartomancie/Belline/21-Intelligence(var).js-- -- --171
3/31/2026 1:44:21 PM | * Cartomancie/Belline/21-Intelligence.css-- -- --1273
3/31/2026 1:44:21 PM | * Backup/Cartomancie/Belline/21-Intelligence.dat-- -- --280317
3/31/2026 1:44:21 PM | * Cartomancie/Belline/21-Intelligence.php-- -- --29849
3/31/2026 1:44:21 PM | * Cartomancie/Belline/22-Vol(var).js-- -- --171
3/31/2026 1:44:21 PM | * Cartomancie/Belline/22-Vol.css-- -- --1273
3/31/2026 1:44:21 PM | * Backup/Cartomancie/Belline/22-Vol.dat-- -- --279598
3/31/2026 1:44:21 PM | * Cartomancie/Belline/22-Vol.php-- -- --29536
3/31/2026 1:44:21 PM | * Cartomancie/Belline/23-Entreprises(var).js-- -- --171
3/31/2026 1:44:21 PM | * Cartomancie/Belline/23-Entreprises.css-- -- --1273
3/31/2026 1:44:21 PM | * Backup/Cartomancie/Belline/23-Entreprises.dat-- -- --280021
3/31/2026 1:44:21 PM | * Cartomancie/Belline/23-Entreprises.php-- -- --29560
3/31/2026 1:44:21 PM | * Cartomancie/Belline/24-Trafic(var).js-- -- --171
3/31/2026 1:44:21 PM | * Cartomancie/Belline/24-Trafic.css-- -- --1273
3/31/2026 1:44:21 PM | * Backup/Cartomancie/Belline/24-Trafic.dat-- -- --279984
3/31/2026 1:44:21 PM | * Cartomancie/Belline/24-Trafic.php-- -- --29504
3/31/2026 1:44:21 PM | * Cartomancie/Belline/25-Nouvelle(var).js-- -- --171
3/31/2026 1:44:21 PM | * Cartomancie/Belline/25-Nouvelle.css-- -- --1273
3/31/2026 1:44:21 PM | * Backup/Cartomancie/Belline/25-Nouvelle.dat-- -- --279686
3/31/2026 1:44:21 PM | * Cartomancie/Belline/25-Nouvelle.php-- -- --29219
3/31/2026 1:44:21 PM | * Cartomancie/Belline/26-Plaisirs(var).js-- -- --171
3/31/2026 1:44:21 PM | * Cartomancie/Belline/26-Plaisirs.css-- -- --1274
3/31/2026 1:44:21 PM | * Backup/Cartomancie/Belline/26-Plaisirs.dat-- -- --279889
3/31/2026 1:44:21 PM | * Cartomancie/Belline/26-Plaisirs.php-- -- --29421
3/31/2026 1:44:21 PM | * Cartomancie/Belline/27-Paix(var).js-- -- --171
3/31/2026 1:44:21 PM | * Cartomancie/Belline/27-Paix.css-- -- --1273
3/31/2026 1:44:21 PM | * Backup/Cartomancie/Belline/27-Paix.dat-- -- --280373
3/31/2026 1:44:21 PM | * Cartomancie/Belline/27-Paix.php-- -- --29898
3/31/2026 1:44:21 PM | * Cartomancie/Belline/28-Union(var).js-- -- --171
3/31/2026 1:44:21 PM | * Cartomancie/Belline/28-Union.css-- -- --1273
3/31/2026 1:44:21 PM | * Backup/Cartomancie/Belline/28-Union.dat-- -- --279866
3/31/2026 1:44:21 PM | * Cartomancie/Belline/28-Union.php-- -- --29363
3/31/2026 1:44:21 PM | * Cartomancie/Belline/29-Famille(var).js-- -- --171
3/31/2026 1:44:21 PM | * Cartomancie/Belline/29-Famille.css-- -- --1273
3/31/2026 1:44:21 PM | * Backup/Cartomancie/Belline/29-Famille.dat-- -- --279977
3/31/2026 1:44:21 PM | * Cartomancie/Belline/29-Famille.php-- -- --29508
3/31/2026 1:44:21 PM | * Cartomancie/Belline/30-Amor(var).js-- -- --171
3/31/2026 1:44:21 PM | * Cartomancie/Belline/30-Amor.css-- -- --1274
3/31/2026 1:44:21 PM | * Backup/Cartomancie/Belline/30-Amor.dat-- -- --279966
3/31/2026 1:44:21 PM | * Cartomancie/Belline/30-Amor.php-- -- --29489
3/31/2026 1:44:21 PM | * Cartomancie/Belline/31-Table(var).js-- -- --171
3/31/2026 1:44:21 PM | * Cartomancie/Belline/31-Table.css-- -- --1273
3/31/2026 1:44:21 PM | * Backup/Cartomancie/Belline/31-Table.dat-- -- --279950
3/31/2026 1:44:21 PM | * Cartomancie/Belline/31-Table.php-- -- --29477
3/31/2026 1:44:21 PM | * Cartomancie/Belline/32-Passions(var).js-- -- --171
3/31/2026 1:44:21 PM | * Cartomancie/Belline/32-Passions.css-- -- --1274
3/31/2026 1:44:21 PM | * Backup/Cartomancie/Belline/32-Passions.dat-- -- --280354
3/31/2026 1:44:21 PM | * Cartomancie/Belline/32-Passions.php-- -- --29886
3/31/2026 1:44:21 PM | * Cartomancie/Belline/33-Mechancete(var).js-- -- --239
3/31/2026 1:44:21 PM | * Cartomancie/Belline/33-Mechancete.css-- -- --1327
3/31/2026 1:44:21 PM | * Backup/Cartomancie/Belline/33-Mechancete.dat-- -- --300813
3/31/2026 1:44:21 PM | * Cartomancie/Belline/33-Mechancete.php-- -- --29427
3/31/2026 1:44:21 PM | * Cartomancie/Belline/34-Proces(var).js-- -- --171
3/31/2026 1:44:21 PM | * Cartomancie/Belline/34-Proces.css-- -- --1274
3/31/2026 1:44:21 PM | * Backup/Cartomancie/Belline/34-Proces.dat-- -- --279916
3/31/2026 1:44:21 PM | * Cartomancie/Belline/34-Proces.php-- -- --29444
3/31/2026 1:44:21 PM | * Cartomancie/Belline/35-Despotisme(var).js-- -- --171
3/31/2026 1:44:21 PM | * Cartomancie/Belline/35-Despotisme.css-- -- --1274
3/31/2026 1:44:21 PM | * Backup/Cartomancie/Belline/35-Despotisme.dat-- -- --280074
3/31/2026 1:44:21 PM | * Cartomancie/Belline/35-Despotisme.php-- -- --29601
3/31/2026 1:44:21 PM | * Cartomancie/Belline/36-Ennemis(var).js-- -- --171
3/31/2026 1:44:21 PM | * Cartomancie/Belline/36-Ennemis.css-- -- --1273
3/31/2026 1:44:21 PM | * Backup/Cartomancie/Belline/36-Ennemis.dat-- -- --280092
3/31/2026 1:44:21 PM | * Cartomancie/Belline/36-Ennemis.php-- -- --29536
3/31/2026 1:44:21 PM | * Cartomancie/Belline/37-Pourparlers(var).js-- -- --171
3/31/2026 1:44:21 PM | * Cartomancie/Belline/37-Pourparlers.css-- -- --1274
3/31/2026 1:44:21 PM | * Backup/Cartomancie/Belline/37-Pourparlers.dat-- -- --280078
3/31/2026 1:44:21 PM | * Cartomancie/Belline/37-Pourparlers.php-- -- --29616
3/31/2026 1:44:21 PM | * Cartomancie/Belline/38-Feu(var).js-- -- --171
3/31/2026 1:44:21 PM | * Cartomancie/Belline/38-Feu.css-- -- --1273
3/31/2026 1:44:21 PM | * Backup/Cartomancie/Belline/38-Feu.dat-- -- --280003
3/31/2026 1:44:21 PM | * Cartomancie/Belline/38-Feu.php-- -- --29526
3/31/2026 1:44:21 PM | * Cartomancie/Belline/39-Accident(var).js-- -- --171
3/31/2026 1:44:21 PM | * Cartomancie/Belline/39-Accident.css-- -- --1273
3/31/2026 1:44:21 PM | * Backup/Cartomancie/Belline/39-Accident.dat-- -- --280155
3/31/2026 1:44:21 PM | * Cartomancie/Belline/39-Accident.php-- -- --29671
3/31/2026 1:44:21 PM | * Cartomancie/Belline/40-Appui(var).js-- -- --171
3/31/2026 1:44:21 PM | * Cartomancie/Belline/40-Appui.css-- -- --1274
3/31/2026 1:44:21 PM | * Backup/Cartomancie/Belline/40-Appui.dat-- -- --279932
3/31/2026 1:44:21 PM | * Cartomancie/Belline/40-Appui.php-- -- --29458
3/31/2026 1:44:21 PM | * Cartomancie/Belline/41-Beaute(var).js-- -- --171
3/31/2026 1:44:21 PM | * Cartomancie/Belline/41-Beaute.css-- -- --1273
3/31/2026 1:44:21 PM | * Backup/Cartomancie/Belline/41-Beaute.dat-- -- --279670
3/31/2026 1:44:21 PM | * Cartomancie/Belline/41-Beaute.php-- -- --29614
3/31/2026 1:44:21 PM | * Cartomancie/Belline/42-Heritage(var).js-- -- --171
3/31/2026 1:44:21 PM | * Cartomancie/Belline/42-Heritage.css-- -- --1273
3/31/2026 1:44:21 PM | * Backup/Cartomancie/Belline/42-Heritage.dat-- -- --280032
3/31/2026 1:44:21 PM | * Cartomancie/Belline/42-Heritage.php-- -- --29556
3/31/2026 1:44:21 PM | * Cartomancie/Belline/43-Sagesse(var).js-- -- --171
3/31/2026 1:44:21 PM | * Cartomancie/Belline/43-Sagesse.css-- -- --1273
3/31/2026 1:44:21 PM | * Backup/Cartomancie/Belline/43-Sagesse.dat-- -- --280024
3/31/2026 1:44:21 PM | * Cartomancie/Belline/43-Sagesse.php-- -- --29546
3/31/2026 1:44:21 PM | * Cartomancie/Belline/44-Renommee(var).js-- -- --171
3/31/2026 1:44:21 PM | * Cartomancie/Belline/44-Renommee.css-- -- --1273
3/31/2026 1:44:21 PM | * Backup/Cartomancie/Belline/44-Renommee.dat-- -- --280035
3/31/2026 1:44:21 PM | * Cartomancie/Belline/44-Renommee.php-- -- --29559
3/31/2026 1:44:21 PM | * Cartomancie/Belline/45-Hasard(var).js-- -- --171
3/31/2026 1:44:21 PM | * Cartomancie/Belline/45-Hasard.css-- -- --1273
3/31/2026 1:44:21 PM | * Backup/Cartomancie/Belline/45-Hasard.dat-- -- --280019
3/31/2026 1:44:21 PM | * Cartomancie/Belline/45-Hasard.php-- -- --29539
3/31/2026 1:44:21 PM | * Cartomancie/Belline/46-Bonheur(var).js-- -- --171
3/31/2026 1:44:21 PM | * Cartomancie/Belline/46-Bonheur.css-- -- --1273
3/31/2026 1:44:21 PM | * Backup/Cartomancie/Belline/46-Bonheur.dat-- -- --279880
3/31/2026 1:44:21 PM | * Cartomancie/Belline/46-Bonheur.php-- -- --29402
3/31/2026 1:44:21 PM | * Cartomancie/Belline/47-Infortune(var).js-- -- --171
3/31/2026 1:44:21 PM | * Cartomancie/Belline/47-Infortune.css-- -- --1273
3/31/2026 1:44:21 PM | * Backup/Cartomancie/Belline/47-Infortune.dat-- -- --280286
3/31/2026 1:44:21 PM | * Cartomancie/Belline/47-Infortune.php-- -- --29812
3/31/2026 1:44:21 PM | * Cartomancie/Belline/48-Sterilite(var).js-- -- --171
3/31/2026 1:44:21 PM | * Cartomancie/Belline/48-Sterilite.css-- -- --1274
3/31/2026 1:44:21 PM | * Backup/Cartomancie/Belline/48-Sterilite.dat-- -- --279996
3/31/2026 1:44:21 PM | * Cartomancie/Belline/48-Sterilite.php-- -- --29521
3/31/2026 1:44:21 PM | * Cartomancie/Belline/49-Fatalite(var).js-- -- --171
3/31/2026 1:44:21 PM | * Cartomancie/Belline/49-Fatalite.css-- -- --1274
3/31/2026 1:44:21 PM | * Backup/Cartomancie/Belline/49-Fatalite.dat-- -- --280191
3/31/2026 1:44:21 PM | * Cartomancie/Belline/49-Fatalite.php-- -- --29713
3/31/2026 1:44:21 PM | * Cartomancie/Belline/50-Grace(var).js-- -- --171
3/31/2026 1:44:21 PM | * Cartomancie/Belline/50-Grace.css-- -- --1273
3/31/2026 1:44:21 PM | * Backup/Cartomancie/Belline/50-Grace.dat-- -- --280220
3/31/2026 1:44:21 PM | * Cartomancie/Belline/50-Grace.php-- -- --29721
3/31/2026 1:44:21 PM | * Cartomancie/Belline/51-Ruine(var).js-- -- --171
3/31/2026 1:44:21 PM | * Cartomancie/Belline/51-Ruine.css-- -- --1273
3/31/2026 1:44:21 PM | * Backup/Cartomancie/Belline/51-Ruine.dat-- -- --280618
3/31/2026 1:44:21 PM | * Cartomancie/Belline/51-Ruine.php-- -- --30024
3/31/2026 1:44:21 PM | * Cartomancie/Belline/52-Retard(var).js-- -- --171
3/31/2026 1:44:21 PM | * Cartomancie/Belline/52-Retard.css-- -- --1273
3/31/2026 1:44:21 PM | * Backup/Cartomancie/Belline/52-Retard.dat-- -- --279648
3/31/2026 1:44:21 PM | * Cartomancie/Belline/52-Retard.php-- -- --29160
3/31/2026 1:44:21 PM | * Cartomancie/Belline/53-Cloitre(var).js-- -- --171
3/31/2026 1:44:21 PM | * Cartomancie/Belline/53-Cloitre.css-- -- --1273
3/31/2026 1:44:21 PM | * Backup/Cartomancie/Belline/53-Cloitre.dat-- -- --280155
3/31/2026 1:44:21 PM | * Cartomancie/Belline/53-Cloitre.php-- -- --29660
3/31/2026 1:44:21 PM | * Cartomancie/Belline/Accueil(var).js-- -- --171
3/31/2026 1:44:21 PM | * Cartomancie/Belline/Accueil.css-- -- --8991
3/31/2026 1:44:21 PM | * Backup/Cartomancie/Belline/Accueil.dat-- -- --2233201
3/31/2026 1:44:21 PM | * Cartomancie/Belline/Accueil.php-- -- --64148
3/31/2026 1:44:21 PM | * Cartomancie/Tarots/01-Fou(var).js-- -- --171
3/31/2026 1:44:21 PM | * Cartomancie/Tarots/01-Fou.css-- -- --1196
3/31/2026 1:44:21 PM | * Backup/Cartomancie/Tarots/01-Fou.dat-- -- --280330
3/31/2026 1:44:21 PM | * Cartomancie/Tarots/01-Fou.php-- -- --29908
3/31/2026 1:44:21 PM | * Cartomancie/Tarots/02-Bateleur(var).js-- -- --171
3/31/2026 1:44:21 PM | * Cartomancie/Tarots/02-Bateleur.css-- -- --1196
3/31/2026 1:44:21 PM | * Backup/Cartomancie/Tarots/02-Bateleur.dat-- -- --279915
3/31/2026 1:44:21 PM | * Cartomancie/Tarots/02-Bateleur.php-- -- --29496
3/31/2026 1:44:21 PM | * Cartomancie/Tarots/03-Papesse(var).js-- -- --171
3/31/2026 1:44:21 PM | * Cartomancie/Tarots/03-Papesse.css-- -- --1196
3/31/2026 1:44:21 PM | * Backup/Cartomancie/Tarots/03-Papesse.dat-- -- --280145
3/31/2026 1:44:21 PM | * Cartomancie/Tarots/03-Papesse.php-- -- --29722
3/31/2026 1:44:21 PM | * Cartomancie/Tarots/04-Imperatrice(var).js-- -- --171
3/31/2026 1:44:21 PM | * Cartomancie/Tarots/04-Imperatrice.css-- -- --1196
3/31/2026 1:44:21 PM | * Backup/Cartomancie/Tarots/04-Imperatrice.dat-- -- --280660
3/31/2026 1:44:21 PM | * Cartomancie/Tarots/04-Imperatrice.php-- -- --30254
3/31/2026 1:44:21 PM | * Cartomancie/Tarots/05-Empereur(var).js-- -- --171
3/31/2026 1:44:21 PM | * Cartomancie/Tarots/05-Empereur.css-- -- --1196
3/31/2026 1:44:21 PM | * Backup/Cartomancie/Tarots/05-Empereur.dat-- -- --280259
3/31/2026 1:44:21 PM | * Cartomancie/Tarots/05-Empereur.php-- -- --29847
3/31/2026 1:44:21 PM | * Cartomancie/Tarots/06-Pape(var).js-- -- --171
3/31/2026 1:44:21 PM | * Cartomancie/Tarots/06-Pape.css-- -- --1196
3/31/2026 1:44:21 PM | * Backup/Cartomancie/Tarots/06-Pape.dat-- -- --280455
3/31/2026 1:44:21 PM | * Cartomancie/Tarots/06-Pape.php-- -- --30018
3/31/2026 1:44:21 PM | * Cartomancie/Tarots/07-Amoureux(var).js-- -- --171
3/31/2026 1:44:21 PM | * Cartomancie/Tarots/07-Amoureux.css-- -- --1273
3/31/2026 1:44:21 PM | * Backup/Cartomancie/Tarots/07-Amoureux.dat-- -- --280352
3/31/2026 1:44:21 PM | * Cartomancie/Tarots/07-Amoureux.php-- -- --29843
3/31/2026 1:44:21 PM | * Cartomancie/Tarots/08-Chariot(var).js-- -- --171
3/31/2026 1:44:21 PM | * Cartomancie/Tarots/08-Chariot.css-- -- --1273
3/31/2026 1:44:21 PM | * Backup/Cartomancie/Tarots/08-Chariot.dat-- -- --280845
3/31/2026 1:44:21 PM | * Cartomancie/Tarots/08-Chariot.php-- -- --30264
3/31/2026 1:44:21 PM | * Cartomancie/Tarots/09-Justice(var).js-- -- --171
3/31/2026 1:44:21 PM | * Cartomancie/Tarots/09-Justice.css-- -- --1273
3/31/2026 1:44:21 PM | * Backup/Cartomancie/Tarots/09-Justice.dat-- -- --280743
3/31/2026 1:44:21 PM | * Cartomancie/Tarots/09-Justice.php-- -- --30240
3/31/2026 1:44:21 PM | * Cartomancie/Tarots/10-Hermite(var).js-- -- --171
3/31/2026 1:44:21 PM | * Cartomancie/Tarots/10-Hermite.css-- -- --1273
3/31/2026 1:44:21 PM | * Backup/Cartomancie/Tarots/10-Hermite.dat-- -- --280755
3/31/2026 1:44:21 PM | * Cartomancie/Tarots/10-Hermite.php-- -- --30235
3/31/2026 1:44:21 PM | * Cartomancie/Tarots/11-Roue(var).js-- -- --171
3/31/2026 1:44:21 PM | * Cartomancie/Tarots/11-Roue.css-- -- --1273
3/31/2026 1:44:21 PM | * Backup/Cartomancie/Tarots/11-Roue.dat-- -- --280331
3/31/2026 1:44:21 PM | * Cartomancie/Tarots/11-Roue.php-- -- --29806
3/31/2026 1:44:21 PM | * Cartomancie/Tarots/12-Force(var).js-- -- --171
3/31/2026 1:44:21 PM | * Cartomancie/Tarots/12-Force.css-- -- --1273
3/31/2026 1:44:21 PM | * Backup/Cartomancie/Tarots/12-Force.dat-- -- --280199
3/31/2026 1:44:21 PM | * Cartomancie/Tarots/12-Force.php-- -- --29675
3/31/2026 1:44:21 PM | * Cartomancie/Tarots/13-Pendu(var).js-- -- --171
3/31/2026 1:44:21 PM | * Cartomancie/Tarots/13-Pendu.css-- -- --1273
3/31/2026 1:44:21 PM | * Backup/Cartomancie/Tarots/13-Pendu.dat-- -- --280055
3/31/2026 1:44:21 PM | * Cartomancie/Tarots/13-Pendu.php-- -- --29927
3/31/2026 1:44:21 PM | * Cartomancie/Tarots/14-Mort(var).js-- -- --171
3/31/2026 1:44:21 PM | * Cartomancie/Tarots/14-Mort.css-- -- --1273
3/31/2026 1:44:21 PM | * Backup/Cartomancie/Tarots/14-Mort.dat-- -- --280242
3/31/2026 1:44:21 PM | * Cartomancie/Tarots/14-Mort.php-- -- --29725
3/31/2026 1:44:21 PM | * Cartomancie/Tarots/15-Temperance(var).js-- -- --171
3/31/2026 1:44:21 PM | * Cartomancie/Tarots/15-Temperance.css-- -- --1273
3/31/2026 1:44:21 PM | * Backup/Cartomancie/Tarots/15-Temperance.dat-- -- --279933
3/31/2026 1:44:21 PM | * Cartomancie/Tarots/15-Temperance.php-- -- --29860
3/31/2026 1:44:21 PM | * Cartomancie/Tarots/16-Diable(var).js-- -- --171
3/31/2026 1:44:21 PM | * Cartomancie/Tarots/16-Diable.css-- -- --1273
3/31/2026 1:44:21 PM | * Backup/Cartomancie/Tarots/16-Diable.dat-- -- --280388
3/31/2026 1:44:21 PM | * Cartomancie/Tarots/16-Diable.php-- -- --29866
3/31/2026 1:44:21 PM | * Cartomancie/Tarots/16-Maison-Dieu(var).js-- -- --171
3/31/2026 1:44:21 PM | * Cartomancie/Tarots/16-Maison-Dieu.css-- -- --1273
3/31/2026 1:44:21 PM | * Backup/Cartomancie/Tarots/16-Maison-Dieu.dat-- -- --280531
3/31/2026 1:44:21 PM | * Cartomancie/Tarots/16-Maison-Dieu.php-- -- --30019
3/31/2026 1:44:21 PM | * Cartomancie/Tarots/17-Etoile(var).js-- -- --171
3/31/2026 1:44:21 PM | * Cartomancie/Tarots/17-Etoile.css-- -- --1273
3/31/2026 1:44:21 PM | * Backup/Cartomancie/Tarots/17-Etoile.dat-- -- --280238
3/31/2026 1:44:21 PM | * Cartomancie/Tarots/17-Etoile.php-- -- --29724
3/31/2026 1:44:21 PM | * Cartomancie/Tarots/18-Lune(var).js-- -- --171
3/31/2026 1:44:21 PM | * Cartomancie/Tarots/18-Lune.css-- -- --1273
3/31/2026 1:44:21 PM | * Backup/Cartomancie/Tarots/18-Lune.dat-- -- --280665
3/31/2026 1:44:21 PM | * Cartomancie/Tarots/18-Lune.php-- -- --30139
3/31/2026 1:44:21 PM | * Cartomancie/Tarots/19-Soleil(var).js-- -- --171
3/31/2026 1:44:21 PM | * Cartomancie/Tarots/19-Soleil.css-- -- --1273
3/31/2026 1:44:21 PM | * Backup/Cartomancie/Tarots/19-Soleil.dat-- -- --280509
3/31/2026 1:44:21 PM | * Cartomancie/Tarots/19-Soleil.php-- -- --29987
3/31/2026 1:44:21 PM | * Cartomancie/Tarots/20-Jugement(var).js-- -- --171
3/31/2026 1:44:21 PM | * Cartomancie/Tarots/20-Jugement.css-- -- --1273
3/31/2026 1:44:21 PM | * Backup/Cartomancie/Tarots/20-Jugement.dat-- -- --280381
3/31/2026 1:44:21 PM | * Cartomancie/Tarots/20-Jugement.php-- -- --29863
3/31/2026 1:44:21 PM | * Cartomancie/Tarots/21-Monde(var).js-- -- --171
3/31/2026 1:44:21 PM | * Cartomancie/Tarots/21-Monde.css-- -- --1273
3/31/2026 1:44:21 PM | * Backup/Cartomancie/Tarots/21-Monde.dat-- -- --280328
3/31/2026 1:44:21 PM | * Cartomancie/Tarots/21-Monde.php-- -- --29804
3/31/2026 1:44:21 PM | * Cartomancie/Tarots/Accueil(var).js-- -- --171
3/31/2026 1:44:21 PM | * Cartomancie/Tarots/Accueil.css-- -- --3694
3/31/2026 1:44:21 PM | * Backup/Cartomancie/Tarots/Accueil.dat-- -- --918596
3/31/2026 1:44:21 PM | * Cartomancie/Tarots/Accueil.php-- -- --41703
3/31/2026 1:44:21 PM | * CGU/CGU(var).js-- -- --171
3/31/2026 1:44:21 PM | * CGU/CGU.css-- -- --847
3/31/2026 1:44:21 PM | * Backup/CGU/CGU.dat-- -- --197760
3/31/2026 1:44:21 PM | * CGU/CGU.php-- -- --35439
3/31/2026 1:44:21 PM | * Chat/Echec(var).js-- -- --171
3/31/2026 1:44:21 PM | * Chat/Echec.css-- -- --940
3/31/2026 1:44:21 PM | * Backup/Chat/Echec.dat-- -- --219252
3/31/2026 1:44:21 PM | * Chat/Echec.php-- -- --27548
3/31/2026 1:44:21 PM | * Chat/Envoi(var).js-- -- --171
3/31/2026 1:44:21 PM | * Chat/Envoi.css-- -- --862
3/31/2026 1:44:21 PM | * Backup/Chat/Envoi.dat-- -- --192002
3/31/2026 1:44:21 PM | * Chat/Envoi.php-- -- --27315
3/31/2026 1:44:21 PM | * Chat/Formulaire(var).js-- -- --1103
3/31/2026 1:44:21 PM | * Chat/Formulaire(var).php-- -- --4015
3/31/2026 1:44:21 PM | * Chat/Formulaire.css-- -- --4727
3/31/2026 1:44:21 PM | * Backup/Chat/Formulaire.dat-- -- --1028667
3/31/2026 1:44:21 PM | * Chat/Formulaire.php-- -- --57915
3/31/2026 1:44:21 PM | * Coaching/Echec(var).js-- -- --103
3/31/2026 1:44:21 PM | * Coaching/Echec.css-- -- --886
3/31/2026 1:44:21 PM | * WEFiles/Image/WEImage/Gauche-WE5f47605380.png-- -- --3021
3/31/2026 1:44:21 PM | * Backup/Coaching/Echec.dat-- -- --194590
3/31/2026 1:44:21 PM | * Coaching/Echec.php-- -- --27552
3/31/2026 1:44:21 PM | * Coaching/Envoi(var).js-- -- --103
3/31/2026 1:44:21 PM | * Coaching/Envoi.css-- -- --809
3/31/2026 1:44:21 PM | * WEFiles/Image/WEImage/Accueil-WE572d5d3d63.png-- -- --4859
3/31/2026 1:44:21 PM | * Backup/Coaching/Envoi.dat-- -- --167155
3/31/2026 1:44:21 PM | * Coaching/Envoi.php-- -- --27342
3/31/2026 1:44:21 PM | * Coaching/Formulaire(var).js-- -- --1111
3/31/2026 1:44:21 PM | * Coaching/Formulaire(var).php-- -- --2415
3/31/2026 1:44:21 PM | * Coaching/Formulaire.css-- -- --4726
3/31/2026 1:44:21 PM | * Backup/Coaching/Formulaire.dat-- -- --1009377
3/31/2026 1:44:21 PM | * Coaching/Formulaire.php-- -- --58333
3/31/2026 1:44:21 PM | * Domicile/Echec(var).js-- -- --171
3/31/2026 1:44:21 PM | * Domicile/Echec.css-- -- --939
3/31/2026 1:44:21 PM | * WEFiles/Image/WEImage/Gauche-WEeb04b63038.png-- -- --3021
3/31/2026 1:44:21 PM | * Backup/Domicile/Echec.dat-- -- --219255
3/31/2026 1:44:21 PM | * Domicile/Echec.php-- -- --27584
3/31/2026 1:44:21 PM | * Domicile/Envoi(var).js-- -- --171
3/31/2026 1:44:21 PM | * Domicile/Envoi.css-- -- --862
3/31/2026 1:44:21 PM | * WEFiles/Image/WEImage/Accueil-WE4e77bbc0f5.png-- -- --4859
3/31/2026 1:44:21 PM | * Backup/Domicile/Envoi.dat-- -- --191866
3/31/2026 1:44:21 PM | * Domicile/Envoi.php-- -- --27332
3/31/2026 1:44:21 PM | * Domicile/Formulaire(var).js-- -- --1111
3/31/2026 1:44:21 PM | * Domicile/Formulaire(var).php-- -- --3500
3/31/2026 1:44:21 PM | * Domicile/Formulaire.css-- -- --4727
3/31/2026 1:44:21 PM | * WEFiles/Image/WEImage/tchat-WEb64017b82e.png-- -- --5520
3/31/2026 1:44:21 PM | * Backup/Domicile/Formulaire.dat-- -- --1021999
3/31/2026 1:44:21 PM | * Domicile/Formulaire.php-- -- --58041
3/31/2026 1:44:21 PM | * Dons/Dons(var).js-- -- --171
3/31/2026 1:44:21 PM | * Dons/Dons.css-- -- --1594
3/31/2026 1:44:21 PM | * Backup/Dons/Dons.dat-- -- --359556
3/31/2026 1:44:21 PM | * Dons/Dons.php-- -- --32482
3/31/2026 1:44:21 PM | * Gratuite/Echec(var).js-- -- --171
3/31/2026 1:44:21 PM | * Gratuite/Echec.css-- -- --939
3/31/2026 1:44:21 PM | * WEFiles/Image/WEImage/Gauche-WE93f894d194.png-- -- --3021
3/31/2026 1:44:21 PM | * Backup/Gratuite/Echec.dat-- -- --217170
3/31/2026 1:44:21 PM | * Gratuite/Echec.php-- -- --27558
3/31/2026 1:44:21 PM | * Gratuite/Envoi(var).js-- -- --171
3/31/2026 1:44:21 PM | * Gratuite/Envoi.css-- -- --862
3/31/2026 1:44:21 PM | * WEFiles/Image/WEImage/Accueil-WEa371d1f2bc.png-- -- --4859
3/31/2026 1:44:21 PM | * Backup/Gratuite/Envoi.dat-- -- --191863
3/31/2026 1:44:21 PM | * Gratuite/Envoi.php-- -- --26914
3/31/2026 1:44:21 PM | * Gratuite/Formulaire(var).js-- -- --1147
3/31/2026 1:44:21 PM | * Gratuite/Formulaire(var).php-- -- --3811
3/31/2026 1:44:21 PM | * Gratuite/Formulaire.css-- -- --5261
3/31/2026 1:44:21 PM | * Backup/Gratuite/Formulaire.dat-- -- --1081990
3/31/2026 1:44:21 PM | * Gratuite/Formulaire.php-- -- --59224
3/31/2026 1:44:21 PM | * Magie/Echec(var).js-- -- --171
3/31/2026 1:44:21 PM | * Magie/Echec.css-- -- --939
3/31/2026 1:44:21 PM | * Backup/Magie/Echec.dat-- -- --217239
3/31/2026 1:44:21 PM | * Magie/Echec.php-- -- --27602
3/31/2026 1:44:21 PM | * Magie/Envoi(var).js-- -- --171
3/31/2026 1:44:21 PM | * Magie/Envoi.css-- -- --862
3/31/2026 1:44:21 PM | * Backup/Magie/Envoi.dat-- -- --189954
3/31/2026 1:44:21 PM | * Magie/Envoi.php-- -- --27385
3/31/2026 1:44:21 PM | * Magie/Formulaire(var).js-- -- --1133
3/31/2026 1:44:21 PM | * Magie/Formulaire(var).php-- -- --5375
3/31/2026 1:44:21 PM | * Magie/Formulaire.css-- -- --4882
3/31/2026 1:44:21 PM | * Backup/Magie/Formulaire.dat-- -- --1097309
3/31/2026 1:44:21 PM | * Magie/Formulaire.php-- -- --62252
3/31/2026 1:44:21 PM | * Mail/Echec(var).js-- -- --103
3/31/2026 1:44:21 PM | * Mail/Echec.css-- -- --887
3/31/2026 1:44:21 PM | * Backup/Mail/Echec.dat-- -- --194461
3/31/2026 1:44:21 PM | * Mail/Echec.php-- -- --27537
3/31/2026 1:44:21 PM | * Mail/Envoi(var).js-- -- --103
3/31/2026 1:44:21 PM | * Mail/Envoi.css-- -- --809
3/31/2026 1:44:21 PM | * Backup/Mail/Envoi.dat-- -- --167207
3/31/2026 1:44:21 PM | * Mail/Envoi.php-- -- --27410
3/31/2026 1:44:22 PM | * Mail/Formulaire(var).js-- -- --1103
3/31/2026 1:44:22 PM | * Mail/Formulaire(var).php-- -- --2242
3/31/2026 1:44:22 PM | * Mail/Formulaire.css-- -- --4265
3/31/2026 1:44:22 PM | * Backup/Mail/Formulaire.dat-- -- --808951
3/31/2026 1:44:22 PM | * Mail/Formulaire.php-- -- --49761
3/31/2026 1:44:22 PM | * Methodes/Accueil(var).js-- -- --171
3/31/2026 1:44:22 PM | * Methodes/Accueil.css-- -- --1721
3/31/2026 1:44:22 PM | * Backup/Methodes/Accueil.dat-- -- --450550
3/31/2026 1:44:22 PM | * Methodes/Accueil.php-- -- --42434
3/31/2026 1:44:22 PM | * Methodes/Croix(var).js-- -- --171
3/31/2026 1:44:22 PM | * Methodes/Croix.css-- -- --3694
3/31/2026 1:44:22 PM | * Backup/Methodes/Croix.dat-- -- --950300
3/31/2026 1:44:22 PM | * Methodes/Croix.php-- -- --51038
3/31/2026 1:44:22 PM | * Methodes/Ligne(var).js-- -- --171
3/31/2026 1:44:22 PM | * Methodes/Ligne.css-- -- --3890
3/31/2026 1:44:22 PM | * Backup/Methodes/Ligne.dat-- -- --995173
3/31/2026 1:44:22 PM | * Methodes/Ligne.php-- -- --58989
3/31/2026 1:44:22 PM | * Methodes/Pyramide(var).js-- -- --171
3/31/2026 1:44:22 PM | * Methodes/Pyramide.css-- -- --2041
3/31/2026 1:44:22 PM | * Backup/Methodes/Pyramide.dat-- -- --486241
3/31/2026 1:44:22 PM | * Methodes/Pyramide.php-- -- --44939
3/31/2026 1:44:22 PM | * Paiement/Paiement_accepte(var).js-- -- --171
3/31/2026 1:44:22 PM | * Paiement/Paiement_accepte.css-- -- --862
3/31/2026 1:44:22 PM | * Backup/Paiement/Paiement_accepte.dat-- -- --189904
3/31/2026 1:44:22 PM | * Paiement/Paiement_accepte.php-- -- --27473
3/31/2026 1:44:22 PM | * Paiement/Paiement_avorte(var).js-- -- --171
3/31/2026 1:44:22 PM | * Paiement/Paiement_avorte.css-- -- --862
3/31/2026 1:44:22 PM | * Backup/Paiement/Paiement_avorte.dat-- -- --189697
3/31/2026 1:44:22 PM | * Paiement/Paiement_avorte.php-- -- --27064
3/31/2026 1:44:22 PM | * Partenaires/Partenaires(var).js-- -- --103
3/31/2026 1:44:22 PM | * Partenaires/Partenaires.css-- -- --902
3/31/2026 1:44:22 PM | * Backup/Partenaires/Partenaires.dat-- -- --222619
3/31/2026 1:44:22 PM | * Partenaires/Partenaires.php-- -- --28029
3/31/2026 1:44:22 PM | * Planetes/Accueil(var).js-- -- --171
3/31/2026 1:44:22 PM | * Planetes/Accueil.css-- -- --3106
3/31/2026 1:44:22 PM | * Backup/Planetes/Accueil.dat-- -- --814110
3/31/2026 1:44:22 PM | * Planetes/Accueil.php-- -- --40589
3/31/2026 1:44:22 PM | * Planetes/Jupiter(var).js-- -- --171
3/31/2026 1:44:22 PM | * Planetes/Jupiter.css-- -- --1182
3/31/2026 1:44:22 PM | * Backup/Planetes/Jupiter.dat-- -- --280082
3/31/2026 1:44:22 PM | * Planetes/Jupiter.php-- -- --30246
3/31/2026 1:44:22 PM | * Planetes/Lune(var).js-- -- --239
3/31/2026 1:44:22 PM | * Planetes/Lune.css-- -- --1236
3/31/2026 1:44:22 PM | * Backup/Planetes/Lune.dat-- -- --301589
3/31/2026 1:44:22 PM | * Planetes/Lune.php-- -- --30725
3/31/2026 1:44:22 PM | * Planetes/Mars(var).js-- -- --239
3/31/2026 1:44:22 PM | * Planetes/Mars.css-- -- --1236
3/31/2026 1:44:22 PM | * Backup/Planetes/Mars.dat-- -- --301240
3/31/2026 1:44:22 PM | * Planetes/Mars.php-- -- --30376
3/31/2026 1:44:22 PM | * Planetes/Mercure(var).js-- -- --239
3/31/2026 1:44:22 PM | * Planetes/Mercure.css-- -- --1236
3/31/2026 1:44:22 PM | * Backup/Planetes/Mercure.dat-- -- --302032
3/31/2026 1:44:22 PM | * Planetes/Mercure.php-- -- --31157
3/31/2026 1:44:22 PM | * Planetes/Neptune(var).js-- -- --239
3/31/2026 1:44:22 PM | * Planetes/Neptune.css-- -- --1236
3/31/2026 1:44:22 PM | * Backup/Planetes/Neptune.dat-- -- --301407
3/31/2026 1:44:22 PM | * Planetes/Neptune.php-- -- --30450
3/31/2026 1:44:22 PM | * Planetes/Pluton(var).js-- -- --239
3/31/2026 1:44:22 PM | * Planetes/Pluton.css-- -- --1236
3/31/2026 1:44:22 PM | * Backup/Planetes/Pluton.dat-- -- --301242
3/31/2026 1:44:22 PM | * Planetes/Pluton.php-- -- --30382
3/31/2026 1:44:22 PM | * Planetes/Saturne(var).js-- -- --239
3/31/2026 1:44:22 PM | * Planetes/Saturne.css-- -- --1250
3/31/2026 1:44:22 PM | * Backup/Planetes/Saturne.dat-- -- --305046
3/31/2026 1:44:22 PM | * Planetes/Saturne.php-- -- --30421
3/31/2026 1:44:22 PM | * Planetes/Soleil(var).js-- -- --239
3/31/2026 1:44:22 PM | * Planetes/Soleil.css-- -- --1251
3/31/2026 1:44:22 PM | * Backup/Planetes/Soleil.dat-- -- --304693
3/31/2026 1:44:22 PM | * Planetes/Soleil.php-- -- --30094
3/31/2026 1:44:22 PM | * Planetes/Uranus(var).js-- -- --239
3/31/2026 1:44:22 PM | * Planetes/Uranus.css-- -- --1251
3/31/2026 1:44:22 PM | * Backup/Planetes/Uranus.dat-- -- --304449
3/31/2026 1:44:22 PM | * Planetes/Uranus.php-- -- --29808
3/31/2026 1:44:22 PM | * Planetes/Venus(var).js-- -- --239
3/31/2026 1:44:22 PM | * Planetes/Venus.css-- -- --1251
3/31/2026 1:44:22 PM | * Backup/Planetes/Venus.dat-- -- --305090
3/31/2026 1:44:22 PM | * Planetes/Venus.php-- -- --30455
3/31/2026 1:44:22 PM | * Tchat/errors.txt-- -- --0
3/31/2026 1:44:22 PM | * index(var).js-- -- --171
3/31/2026 1:44:22 PM | * index.css-- -- --1265
3/31/2026 1:44:22 PM | * Backup/index.dat-- -- --310343
3/31/2026 1:44:22 PM | * index.php-- -- --38066
3/31/2026 1:44:22 PM | * Templates/Base.css-- -- --4482
3/31/2026 1:44:22 PM | * Templates/Base.php-- -- --25640
3/31/2026 1:44:22 PM | * Backup/Templates/Base.tdat-- -- --1009337
3/31/2026 1:44:22 PM | * sitemap.xml-- -- --27422
3/31/2026 1:44:22 PM | * robots.txt-- -- --39
3/31/2026 1:44:22 PM | * Backup/Belline net.ope-- -- --3598
3/31/2026 2:02:31 PM | 
3/31/2026 2:02:31 PM | 
--------------------------------Phase 1 Terminé--------------------------------
3/31/2026 2:02:31 PM | 

3/31/2026 2:15:36 PM | Debut Mise en ligne différentielle (Site):
3/31/2026 2:15:38 PM | Listing terminé :
3/31/2026 2:15:38 PM | 

3/31/2026 2:15:38 PM | * Tchat-- -- --Folder create
3/31/2026 2:15:38 PM | * Tchat/widgets-- -- --Folder create
3/31/2026 2:15:38 PM | * Tchat/templates-- -- --Folder create
3/31/2026 2:15:38 PM | * Tchat/stickers-- -- --Folder create
3/31/2026 2:15:38 PM | * Tchat/stickers/Stickers-- -- --Folder create
3/31/2026 2:15:38 PM | * Tchat/stickers/Deutsch-- -- --Folder create
3/31/2026 2:15:38 PM | * Tchat/splash-- -- --Folder create
3/31/2026 2:15:38 PM | * Tchat/lang-- -- --Folder create
3/31/2026 2:15:38 PM | * Tchat/install-- -- --Folder create
3/31/2026 2:15:38 PM | * Tchat/incl-- -- --Folder create
3/31/2026 2:15:38 PM | * Tchat/img-- -- --Folder create
3/31/2026 2:15:38 PM | * Tchat/backgrounds-- -- --Folder create
3/31/2026 2:15:38 PM | * Tchat/avatars-- -- --Folder create
3/31/2026 2:15:38 PM | * Tchat/attachments-- -- --Folder create
3/31/2026 2:15:38 PM | * Tchat/app-- -- --Folder create
3/31/2026 2:15:38 PM | * Tchat/admin-- -- --Folder create
3/31/2026 2:15:38 PM | * Tchat/admin/font-- -- --Folder create
3/31/2026 2:15:38 PM | * Planetes-- -- --Folder create
3/31/2026 2:15:38 PM | * Partenaires-- -- --Folder create
3/31/2026 2:15:38 PM | * Paiement-- -- --Folder create
3/31/2026 2:15:38 PM | * Online-- -- --Folder create
3/31/2026 2:15:38 PM | * Online/Templates-- -- --Folder create
3/31/2026 2:15:38 PM | * Methodes-- -- --Folder create
3/31/2026 2:15:38 PM | * Mail-- -- --Folder create
3/31/2026 2:15:38 PM | * Magie-- -- --Folder create
3/31/2026 2:15:38 PM | * Gratuite-- -- --Folder create
3/31/2026 2:15:38 PM | * Dons-- -- --Folder create
3/31/2026 2:15:38 PM | * Domicile-- -- --Folder create
3/31/2026 2:15:38 PM | * Coaching-- -- --Folder create
3/31/2026 2:15:38 PM | * Chat-- -- --Folder create
3/31/2026 2:15:38 PM | * CGU-- -- --Folder create
3/31/2026 2:15:38 PM | * Cartomancie-- -- --Folder create
3/31/2026 2:15:38 PM | * Cartomancie/Tarots-- -- --Folder create
3/31/2026 2:15:38 PM | * Cartomancie/Belline-- -- --Folder create
3/31/2026 2:15:38 PM | * Cartomancie/32-cartes-- -- --Folder create
3/31/2026 2:15:38 PM | * Cartomancie/32-cartes/Trefle-- -- --Folder create
3/31/2026 2:15:38 PM | * Cartomancie/32-cartes/Pique-- -- --Folder create
3/31/2026 2:15:38 PM | * Cartomancie/32-cartes/Coeur-- -- --Folder create
3/31/2026 2:15:38 PM | * Cartomancie/32-cartes/Carreau-- -- --Folder create
3/31/2026 2:15:39 PM | * Admin-- -- --Folder create
3/31/2026 2:15:39 PM | * Admin/sounds-- -- --Folder create
3/31/2026 2:15:39 PM | * Backup-- -- --Folder create
3/31/2026 2:15:39 PM | * Templates-- -- --Folder create
3/31/2026 2:15:39 PM | * Backup/.htaccess-- -- --33
3/31/2026 2:15:39 PM | * .htaccess-- -- --0
3/31/2026 2:15:39 PM | * Admin/status.css-- -- --0
3/31/2026 2:15:39 PM | * Magie/Formulaire(var).js-- -- --1133
3/31/2026 2:15:39 PM | * Magie/Formulaire(var).php-- -- --5375
3/31/2026 2:15:39 PM | * Magie/Formulaire.css-- -- --4882
3/31/2026 2:15:39 PM | * Backup/Magie/Formulaire.dat-- -- --1097395
3/31/2026 2:15:39 PM | * Magie/Formulaire.php-- -- --62252
3/31/2026 2:15:39 PM | * Methodes/Accueil(var).js-- -- --171
3/31/2026 2:15:39 PM | * Methodes/Accueil.css-- -- --1721
3/31/2026 2:15:39 PM | * Backup/Methodes/Accueil.dat-- -- --450636
3/31/2026 2:15:39 PM | * Methodes/Accueil.php-- -- --42434
3/31/2026 2:15:39 PM | * Methodes/Croix(var).js-- -- --171
3/31/2026 2:15:39 PM | * Methodes/Croix.css-- -- --3694
3/31/2026 2:15:39 PM | * Backup/Methodes/Croix.dat-- -- --950386
3/31/2026 2:15:39 PM | * Methodes/Croix.php-- -- --51038
3/31/2026 2:15:39 PM | * Methodes/Ligne(var).js-- -- --171
3/31/2026 2:15:39 PM | * Methodes/Ligne.css-- -- --3890
3/31/2026 2:15:39 PM | * Backup/Methodes/Ligne.dat-- -- --995393
3/31/2026 2:15:39 PM | * Methodes/Ligne.php-- -- --58989
3/31/2026 2:15:39 PM | * Methodes/Pyramide(var).js-- -- --171
3/31/2026 2:15:39 PM | * Methodes/Pyramide.css-- -- --2041
3/31/2026 2:15:39 PM | * Backup/Methodes/Pyramide.dat-- -- --486425
3/31/2026 2:15:39 PM | * Methodes/Pyramide.php-- -- --44939
3/31/2026 2:15:39 PM | * Planetes/Jupiter(var).js-- -- --171
3/31/2026 2:15:39 PM | * Planetes/Jupiter.css-- -- --1182
3/31/2026 2:15:39 PM | * Backup/Planetes/Jupiter.dat-- -- --280198
3/31/2026 2:15:39 PM | * Planetes/Jupiter.php-- -- --30246
3/31/2026 2:15:39 PM | * Planetes/Lune(var).js-- -- --239
3/31/2026 2:15:39 PM | * Planetes/Lune.css-- -- --1236
3/31/2026 2:15:39 PM | * Backup/Planetes/Lune.dat-- -- --301796
3/31/2026 2:15:39 PM | * Planetes/Lune.php-- -- --30725
3/31/2026 2:15:39 PM | * Planetes/Mars(var).js-- -- --239
3/31/2026 2:15:39 PM | * Planetes/Mars.css-- -- --1236
3/31/2026 2:15:39 PM | * Backup/Planetes/Mars.dat-- -- --301352
3/31/2026 2:15:39 PM | * Planetes/Mars.php-- -- --30376
3/31/2026 2:15:39 PM | * Planetes/Mercure(var).js-- -- --239
3/31/2026 2:15:39 PM | * Planetes/Mercure.css-- -- --1236
3/31/2026 2:15:39 PM | * Backup/Planetes/Mercure.dat-- -- --302239
3/31/2026 2:15:39 PM | * Planetes/Mercure.php-- -- --31157
3/31/2026 2:15:39 PM | * Planetes/Neptune(var).js-- -- --239
3/31/2026 2:15:39 PM | * Planetes/Neptune.css-- -- --1236
3/31/2026 2:15:39 PM | * Backup/Planetes/Neptune.dat-- -- --301420
3/31/2026 2:15:39 PM | * Planetes/Neptune.php-- -- --30450
3/31/2026 2:15:39 PM | * Planetes/Pluton(var).js-- -- --239
3/31/2026 2:15:39 PM | * Planetes/Pluton.css-- -- --1236
3/31/2026 2:15:39 PM | * Backup/Planetes/Pluton.dat-- -- --301354
3/31/2026 2:15:39 PM | * Planetes/Pluton.php-- -- --30382
3/31/2026 2:15:39 PM | * Planetes/Saturne(var).js-- -- --239
3/31/2026 2:15:39 PM | * Planetes/Saturne.css-- -- --1250
3/31/2026 2:15:39 PM | * Backup/Planetes/Saturne.dat-- -- --305158
3/31/2026 2:15:39 PM | * Planetes/Saturne.php-- -- --30421
3/31/2026 2:15:39 PM | * Planetes/Soleil(var).js-- -- --239
3/31/2026 2:15:39 PM | * Planetes/Soleil.css-- -- --1251
3/31/2026 2:15:39 PM | * Backup/Planetes/Soleil.dat-- -- --304900
3/31/2026 2:15:39 PM | * Planetes/Soleil.php-- -- --30094
3/31/2026 2:15:39 PM | * Planetes/Uranus(var).js-- -- --239
3/31/2026 2:15:39 PM | * Planetes/Uranus.css-- -- --1251
3/31/2026 2:15:39 PM | * Backup/Planetes/Uranus.dat-- -- --304561
3/31/2026 2:15:39 PM | * Planetes/Uranus.php-- -- --29808
3/31/2026 2:15:39 PM | * Planetes/Venus(var).js-- -- --239
3/31/2026 2:15:39 PM | * Planetes/Venus.css-- -- --1251
3/31/2026 2:15:39 PM | * Backup/Planetes/Venus.dat-- -- --305202
3/31/2026 2:15:39 PM | * Planetes/Venus.php-- -- --30455
3/31/2026 2:15:39 PM | * Tchat/errors.txt-- -- --0
3/31/2026 2:15:39 PM | * sitemap.xml-- -- --27422
3/31/2026 2:15:39 PM | * robots.txt-- -- --39
3/31/2026 2:15:39 PM | * Backup/Belline net.ope-- -- --3598
3/31/2026 2:15:41 PM | 
3/31/2026 2:15:41 PM | 
--------------------------------Phase 1 Terminé--------------------------------
3/31/2026 2:15:41 PM | 

3/31/2026 2:17:00 PM | Debut Mise en ligne différentielle (Site):
3/31/2026 2:17:01 PM | Listing terminé :
3/31/2026 2:17:01 PM | 

3/31/2026 2:17:01 PM | * Tchat-- -- --Folder create
3/31/2026 2:17:01 PM | * Tchat/widgets-- -- --Folder create
3/31/2026 2:17:01 PM | * Tchat/templates-- -- --Folder create
3/31/2026 2:17:01 PM | * Tchat/stickers-- -- --Folder create
3/31/2026 2:17:01 PM | * Tchat/stickers/Stickers-- -- --Folder create
3/31/2026 2:17:01 PM | * Tchat/stickers/Deutsch-- -- --Folder create
3/31/2026 2:17:01 PM | * Tchat/splash-- -- --Folder create
3/31/2026 2:17:01 PM | * Tchat/lang-- -- --Folder create
3/31/2026 2:17:01 PM | * Tchat/install-- -- --Folder create
3/31/2026 2:17:01 PM | * Tchat/incl-- -- --Folder create
3/31/2026 2:17:01 PM | * Tchat/img-- -- --Folder create
3/31/2026 2:17:01 PM | * Tchat/backgrounds-- -- --Folder create
3/31/2026 2:17:01 PM | * Tchat/avatars-- -- --Folder create
3/31/2026 2:17:01 PM | * Tchat/attachments-- -- --Folder create
3/31/2026 2:17:01 PM | * Tchat/app-- -- --Folder create
3/31/2026 2:17:01 PM | * Tchat/admin-- -- --Folder create
3/31/2026 2:17:01 PM | * Tchat/admin/font-- -- --Folder create
3/31/2026 2:17:01 PM | * Planetes-- -- --Folder create
3/31/2026 2:17:01 PM | * Partenaires-- -- --Folder create
3/31/2026 2:17:01 PM | * Paiement-- -- --Folder create
3/31/2026 2:17:01 PM | * Online-- -- --Folder create
3/31/2026 2:17:01 PM | * Online/Templates-- -- --Folder create
3/31/2026 2:17:01 PM | * Methodes-- -- --Folder create
3/31/2026 2:17:01 PM | * Mail-- -- --Folder create
3/31/2026 2:17:01 PM | * Magie-- -- --Folder create
3/31/2026 2:17:01 PM | * Gratuite-- -- --Folder create
3/31/2026 2:17:01 PM | * Dons-- -- --Folder create
3/31/2026 2:17:01 PM | * Domicile-- -- --Folder create
3/31/2026 2:17:01 PM | * Coaching-- -- --Folder create
3/31/2026 2:17:01 PM | * Chat-- -- --Folder create
3/31/2026 2:17:01 PM | * CGU-- -- --Folder create
3/31/2026 2:17:01 PM | * Cartomancie-- -- --Folder create
3/31/2026 2:17:01 PM | * Cartomancie/Tarots-- -- --Folder create
3/31/2026 2:17:01 PM | * Cartomancie/Belline-- -- --Folder create
3/31/2026 2:17:01 PM | * Cartomancie/32-cartes-- -- --Folder create
3/31/2026 2:17:01 PM | * Cartomancie/32-cartes/Trefle-- -- --Folder create
3/31/2026 2:17:01 PM | * Cartomancie/32-cartes/Pique-- -- --Folder create
3/31/2026 2:17:01 PM | * Cartomancie/32-cartes/Coeur-- -- --Folder create
3/31/2026 2:17:01 PM | * Cartomancie/32-cartes/Carreau-- -- --Folder create
3/31/2026 2:17:01 PM | * Admin-- -- --Folder create
3/31/2026 2:17:01 PM | * Admin/sounds-- -- --Folder create
3/31/2026 2:17:01 PM | * Backup-- -- --Folder create
3/31/2026 2:17:01 PM | * Templates-- -- --Folder create
3/31/2026 2:17:01 PM | * Backup/.htaccess-- -- --33
3/31/2026 2:17:01 PM | * .htaccess-- -- --0
3/31/2026 2:17:01 PM | * Admin/status.css-- -- --0
3/31/2026 2:17:01 PM | * Planetes/Accueil(var).js-- -- --171
3/31/2026 2:17:01 PM | * Planetes/Accueil.css-- -- --3106
3/31/2026 2:17:01 PM | * Backup/Planetes/Accueil.dat-- -- --814226
3/31/2026 2:17:01 PM | * Planetes/Accueil.php-- -- --40588
3/31/2026 2:17:01 PM | * Tchat/errors.txt-- -- --0
3/31/2026 2:17:01 PM | * sitemap.xml-- -- --27422
3/31/2026 2:17:01 PM | * robots.txt-- -- --39
3/31/2026 2:17:01 PM | * Backup/Belline net.ope-- -- --3598
3/31/2026 2:17:02 PM | 
3/31/2026 2:17:02 PM | 
--------------------------------Phase 1 Terminé--------------------------------
3/31/2026 2:17:02 PM | 

3/31/2026 2:18:01 PM | Debut Mise en ligne différentielle (Site):
3/31/2026 2:18:02 PM | Listing terminé :
3/31/2026 2:18:02 PM | 

3/31/2026 2:18:02 PM | * Tchat-- -- --Folder create
3/31/2026 2:18:02 PM | * Tchat/widgets-- -- --Folder create
3/31/2026 2:18:02 PM | * Tchat/templates-- -- --Folder create
3/31/2026 2:18:02 PM | * Tchat/stickers-- -- --Folder create
3/31/2026 2:18:02 PM | * Tchat/stickers/Stickers-- -- --Folder create
3/31/2026 2:18:02 PM | * Tchat/stickers/Deutsch-- -- --Folder create
3/31/2026 2:18:02 PM | * Tchat/splash-- -- --Folder create
3/31/2026 2:18:02 PM | * Tchat/lang-- -- --Folder create
3/31/2026 2:18:02 PM | * Tchat/install-- -- --Folder create
3/31/2026 2:18:02 PM | * Tchat/incl-- -- --Folder create
3/31/2026 2:18:02 PM | * Tchat/img-- -- --Folder create
3/31/2026 2:18:02 PM | * Tchat/backgrounds-- -- --Folder create
3/31/2026 2:18:02 PM | * Tchat/avatars-- -- --Folder create
3/31/2026 2:18:02 PM | * Tchat/attachments-- -- --Folder create
3/31/2026 2:18:02 PM | * Tchat/app-- -- --Folder create
3/31/2026 2:18:02 PM | * Tchat/admin-- -- --Folder create
3/31/2026 2:18:02 PM | * Tchat/admin/font-- -- --Folder create
3/31/2026 2:18:02 PM | * Planetes-- -- --Folder create
3/31/2026 2:18:02 PM | * Partenaires-- -- --Folder create
3/31/2026 2:18:02 PM | * Paiement-- -- --Folder create
3/31/2026 2:18:02 PM | * Online-- -- --Folder create
3/31/2026 2:18:02 PM | * Online/Templates-- -- --Folder create
3/31/2026 2:18:02 PM | * Methodes-- -- --Folder create
3/31/2026 2:18:02 PM | * Mail-- -- --Folder create
3/31/2026 2:18:02 PM | * Magie-- -- --Folder create
3/31/2026 2:18:02 PM | * Gratuite-- -- --Folder create
3/31/2026 2:18:02 PM | * Dons-- -- --Folder create
3/31/2026 2:18:02 PM | * Domicile-- -- --Folder create
3/31/2026 2:18:02 PM | * Coaching-- -- --Folder create
3/31/2026 2:18:02 PM | * Chat-- -- --Folder create
3/31/2026 2:18:02 PM | * CGU-- -- --Folder create
3/31/2026 2:18:02 PM | * Cartomancie-- -- --Folder create
3/31/2026 2:18:02 PM | * Cartomancie/Tarots-- -- --Folder create
3/31/2026 2:18:02 PM | * Cartomancie/Belline-- -- --Folder create
3/31/2026 2:18:02 PM | * Cartomancie/32-cartes-- -- --Folder create
3/31/2026 2:18:02 PM | * Cartomancie/32-cartes/Trefle-- -- --Folder create
3/31/2026 2:18:02 PM | * Cartomancie/32-cartes/Pique-- -- --Folder create
3/31/2026 2:18:02 PM | * Cartomancie/32-cartes/Coeur-- -- --Folder create
3/31/2026 2:18:02 PM | * Cartomancie/32-cartes/Carreau-- -- --Folder create
3/31/2026 2:18:02 PM | * Admin-- -- --Folder create
3/31/2026 2:18:02 PM | * Admin/sounds-- -- --Folder create
3/31/2026 2:18:02 PM | * Backup-- -- --Folder create
3/31/2026 2:18:02 PM | * Templates-- -- --Folder create
3/31/2026 2:18:02 PM | * Backup/.htaccess-- -- --33
3/31/2026 2:18:02 PM | * .htaccess-- -- --0
3/31/2026 2:18:02 PM | * Admin/status.css-- -- --0
3/31/2026 2:18:02 PM | * Planetes/Accueil(var).js-- -- --171
3/31/2026 2:18:02 PM | * Planetes/Accueil.css-- -- --3106
3/31/2026 2:18:02 PM | * Backup/Planetes/Accueil.dat-- -- --814226
3/31/2026 2:18:02 PM | * Planetes/Accueil.php-- -- --40588
3/31/2026 2:18:02 PM | * Tchat/errors.txt-- -- --0
3/31/2026 2:18:02 PM | * sitemap.xml-- -- --27422
3/31/2026 2:18:02 PM | * robots.txt-- -- --39
3/31/2026 2:18:02 PM | * Backup/Belline net.ope-- -- --3598
3/31/2026 2:18:03 PM | 
3/31/2026 2:18:03 PM | 
--------------------------------Phase 1 Terminé--------------------------------
3/31/2026 2:18:03 PM | 

3/31/2026 4:02:43 PM | Debut Mise en ligne différentielle (Site):
3/31/2026 4:02:44 PM | Listing terminé :
3/31/2026 4:02:44 PM | 

3/31/2026 4:02:44 PM | * Tchat-- -- --Folder create
3/31/2026 4:02:44 PM | * Tchat/widgets-- -- --Folder create
3/31/2026 4:02:44 PM | * Tchat/templates-- -- --Folder create
3/31/2026 4:02:44 PM | * Tchat/stickers-- -- --Folder create
3/31/2026 4:02:44 PM | * Tchat/stickers/Stickers-- -- --Folder create
3/31/2026 4:02:44 PM | * Tchat/stickers/Deutsch-- -- --Folder create
3/31/2026 4:02:44 PM | * Tchat/splash-- -- --Folder create
3/31/2026 4:02:44 PM | * Tchat/lang-- -- --Folder create
3/31/2026 4:02:44 PM | * Tchat/install-- -- --Folder create
3/31/2026 4:02:44 PM | * Tchat/incl-- -- --Folder create
3/31/2026 4:02:44 PM | * Tchat/img-- -- --Folder create
3/31/2026 4:02:44 PM | * Tchat/backgrounds-- -- --Folder create
3/31/2026 4:02:44 PM | * Tchat/avatars-- -- --Folder create
3/31/2026 4:02:44 PM | * Tchat/attachments-- -- --Folder create
3/31/2026 4:02:44 PM | * Tchat/app-- -- --Folder create
3/31/2026 4:02:44 PM | * Tchat/admin-- -- --Folder create
3/31/2026 4:02:44 PM | * Tchat/admin/font-- -- --Folder create
3/31/2026 4:02:44 PM | * Planetes-- -- --Folder create
3/31/2026 4:02:44 PM | * Partenaires-- -- --Folder create
3/31/2026 4:02:44 PM | * Paiement-- -- --Folder create
3/31/2026 4:02:44 PM | * Online-- -- --Folder create
3/31/2026 4:02:44 PM | * Online/Templates-- -- --Folder create
3/31/2026 4:02:44 PM | * Methodes-- -- --Folder create
3/31/2026 4:02:44 PM | * Mail-- -- --Folder create
3/31/2026 4:02:44 PM | * Magie-- -- --Folder create
3/31/2026 4:02:44 PM | * Gratuite-- -- --Folder create
3/31/2026 4:02:44 PM | * Dons-- -- --Folder create
3/31/2026 4:02:44 PM | * Domicile-- -- --Folder create
3/31/2026 4:02:44 PM | * Coaching-- -- --Folder create
3/31/2026 4:02:44 PM | * Chat-- -- --Folder create
3/31/2026 4:02:44 PM | * CGU-- -- --Folder create
3/31/2026 4:02:44 PM | * Cartomancie-- -- --Folder create
3/31/2026 4:02:44 PM | * Cartomancie/Tarots-- -- --Folder create
3/31/2026 4:02:44 PM | * Cartomancie/Belline-- -- --Folder create
3/31/2026 4:02:44 PM | * Cartomancie/32-cartes-- -- --Folder create
3/31/2026 4:02:44 PM | * Cartomancie/32-cartes/Trefle-- -- --Folder create
3/31/2026 4:02:44 PM | * Cartomancie/32-cartes/Pique-- -- --Folder create
3/31/2026 4:02:44 PM | * Cartomancie/32-cartes/Coeur-- -- --Folder create
3/31/2026 4:02:44 PM | * Cartomancie/32-cartes/Carreau-- -- --Folder create
3/31/2026 4:02:44 PM | * Admin-- -- --Folder create
3/31/2026 4:02:44 PM | * Admin/sounds-- -- --Folder create
3/31/2026 4:02:44 PM | * Backup-- -- --Folder create
3/31/2026 4:02:44 PM | * Templates-- -- --Folder create
3/31/2026 4:02:44 PM | * Backup/.htaccess-- -- --33
3/31/2026 4:02:44 PM | * .htaccess-- -- --0
3/31/2026 4:02:44 PM | * Admin/status.css-- -- --0
3/31/2026 4:02:44 PM | * CGU/CGU(var).js-- -- --171
3/31/2026 4:02:44 PM | * CGU/CGU.css-- -- --847
3/31/2026 4:02:44 PM | * Backup/CGU/CGU.dat-- -- --197760
3/31/2026 4:02:44 PM | * CGU/CGU.php-- -- --35439
3/31/2026 4:02:44 PM | * Tchat/errors.txt-- -- --0
3/31/2026 4:02:44 PM | * sitemap.xml-- -- --27422
3/31/2026 4:02:44 PM | * robots.txt-- -- --39
3/31/2026 4:02:44 PM | * Backup/Belline net.ope-- -- --3598
3/31/2026 4:02:45 PM | 
3/31/2026 4:02:45 PM | 
--------------------------------Phase 1 Terminé--------------------------------
3/31/2026 4:02:45 PM | 

3/31/2026 4:03:22 PM | Debut Mise en ligne différentielle (Site):
3/31/2026 4:03:22 PM | Listing terminé :
3/31/2026 4:03:22 PM | 

3/31/2026 4:03:22 PM | * Tchat-- -- --Folder create
3/31/2026 4:03:22 PM | * Tchat/widgets-- -- --Folder create
3/31/2026 4:03:22 PM | * Tchat/templates-- -- --Folder create
3/31/2026 4:03:22 PM | * Tchat/stickers-- -- --Folder create
3/31/2026 4:03:22 PM | * Tchat/stickers/Stickers-- -- --Folder create
3/31/2026 4:03:22 PM | * Tchat/stickers/Deutsch-- -- --Folder create
3/31/2026 4:03:22 PM | * Tchat/splash-- -- --Folder create
3/31/2026 4:03:22 PM | * Tchat/lang-- -- --Folder create
3/31/2026 4:03:22 PM | * Tchat/install-- -- --Folder create
3/31/2026 4:03:22 PM | * Tchat/incl-- -- --Folder create
3/31/2026 4:03:22 PM | * Tchat/img-- -- --Folder create
3/31/2026 4:03:22 PM | * Tchat/backgrounds-- -- --Folder create
3/31/2026 4:03:22 PM | * Tchat/avatars-- -- --Folder create
3/31/2026 4:03:22 PM | * Tchat/attachments-- -- --Folder create
3/31/2026 4:03:22 PM | * Tchat/app-- -- --Folder create
3/31/2026 4:03:22 PM | * Tchat/admin-- -- --Folder create
3/31/2026 4:03:22 PM | * Tchat/admin/font-- -- --Folder create
3/31/2026 4:03:22 PM | * Planetes-- -- --Folder create
3/31/2026 4:03:22 PM | * Partenaires-- -- --Folder create
3/31/2026 4:03:22 PM | * Paiement-- -- --Folder create
3/31/2026 4:03:22 PM | * Online-- -- --Folder create
3/31/2026 4:03:22 PM | * Online/Templates-- -- --Folder create
3/31/2026 4:03:22 PM | * Methodes-- -- --Folder create
3/31/2026 4:03:22 PM | * Mail-- -- --Folder create
3/31/2026 4:03:22 PM | * Magie-- -- --Folder create
3/31/2026 4:03:22 PM | * Gratuite-- -- --Folder create
3/31/2026 4:03:22 PM | * Dons-- -- --Folder create
3/31/2026 4:03:22 PM | * Domicile-- -- --Folder create
3/31/2026 4:03:22 PM | * Coaching-- -- --Folder create
3/31/2026 4:03:22 PM | * Chat-- -- --Folder create
3/31/2026 4:03:22 PM | * CGU-- -- --Folder create
3/31/2026 4:03:22 PM | * Cartomancie-- -- --Folder create
3/31/2026 4:03:22 PM | * Cartomancie/Tarots-- -- --Folder create
3/31/2026 4:03:22 PM | * Cartomancie/Belline-- -- --Folder create
3/31/2026 4:03:22 PM | * Cartomancie/32-cartes-- -- --Folder create
3/31/2026 4:03:22 PM | * Cartomancie/32-cartes/Trefle-- -- --Folder create
3/31/2026 4:03:22 PM | * Cartomancie/32-cartes/Pique-- -- --Folder create
3/31/2026 4:03:22 PM | * Cartomancie/32-cartes/Coeur-- -- --Folder create
3/31/2026 4:03:22 PM | * Cartomancie/32-cartes/Carreau-- -- --Folder create
3/31/2026 4:03:22 PM | * Admin-- -- --Folder create
3/31/2026 4:03:22 PM | * Admin/sounds-- -- --Folder create
3/31/2026 4:03:22 PM | * Backup-- -- --Folder create
3/31/2026 4:03:22 PM | * Templates-- -- --Folder create
3/31/2026 4:03:22 PM | * Backup/.htaccess-- -- --33
3/31/2026 4:03:22 PM | * .htaccess-- -- --0
3/31/2026 4:03:22 PM | * Admin/status.css-- -- --0
3/31/2026 4:03:22 PM | * CGU/CGU(var).js-- -- --171
3/31/2026 4:03:22 PM | * CGU/CGU.css-- -- --847
3/31/2026 4:03:22 PM | * Backup/CGU/CGU.dat-- -- --197760
3/31/2026 4:03:22 PM | * CGU/CGU.php-- -- --35439
3/31/2026 4:03:22 PM | * Tchat/errors.txt-- -- --0
3/31/2026 4:03:22 PM | * sitemap.xml-- -- --27422
3/31/2026 4:03:22 PM | * robots.txt-- -- --39
3/31/2026 4:03:22 PM | * Backup/Belline net.ope-- -- --3598
3/31/2026 4:03:24 PM | 
3/31/2026 4:03:24 PM | 
--------------------------------Phase 1 Terminé--------------------------------
3/31/2026 4:03:24 PM | 

3/31/2026 5:32:28 PM | Debut Mise en ligne différentielle (Site):
3/31/2026 5:32:29 PM | Listing terminé :
3/31/2026 5:32:29 PM | 

3/31/2026 5:32:29 PM | * Tchat-- -- --Folder create
3/31/2026 5:32:29 PM | * Tchat/widgets-- -- --Folder create
3/31/2026 5:32:29 PM | * Tchat/templates-- -- --Folder create
3/31/2026 5:32:29 PM | * Tchat/stickers-- -- --Folder create
3/31/2026 5:32:29 PM | * Tchat/stickers/Stickers-- -- --Folder create
3/31/2026 5:32:29 PM | * Tchat/stickers/Deutsch-- -- --Folder create
3/31/2026 5:32:29 PM | * Tchat/splash-- -- --Folder create
3/31/2026 5:32:29 PM | * Tchat/lang-- -- --Folder create
3/31/2026 5:32:29 PM | * Tchat/install-- -- --Folder create
3/31/2026 5:32:29 PM | * Tchat/incl-- -- --Folder create
3/31/2026 5:32:29 PM | * Tchat/img-- -- --Folder create
3/31/2026 5:32:29 PM | * Tchat/backgrounds-- -- --Folder create
3/31/2026 5:32:29 PM | * Tchat/avatars-- -- --Folder create
3/31/2026 5:32:29 PM | * Tchat/attachments-- -- --Folder create
3/31/2026 5:32:29 PM | * Tchat/app-- -- --Folder create
3/31/2026 5:32:29 PM | * Tchat/admin-- -- --Folder create
3/31/2026 5:32:29 PM | * Tchat/admin/font-- -- --Folder create
3/31/2026 5:32:29 PM | * Planetes-- -- --Folder create
3/31/2026 5:32:29 PM | * Partenaires-- -- --Folder create
3/31/2026 5:32:29 PM | * Paiement-- -- --Folder create
3/31/2026 5:32:29 PM | * Online-- -- --Folder create
3/31/2026 5:32:29 PM | * Online/Templates-- -- --Folder create
3/31/2026 5:32:29 PM | * Methodes-- -- --Folder create
3/31/2026 5:32:29 PM | * Mail-- -- --Folder create
3/31/2026 5:32:29 PM | * Magie-- -- --Folder create
3/31/2026 5:32:29 PM | * Gratuite-- -- --Folder create
3/31/2026 5:32:29 PM | * Dons-- -- --Folder create
3/31/2026 5:32:29 PM | * Domicile-- -- --Folder create
3/31/2026 5:32:29 PM | * Coaching-- -- --Folder create
3/31/2026 5:32:29 PM | * Chat-- -- --Folder create
3/31/2026 5:32:29 PM | * CGU-- -- --Folder create
3/31/2026 5:32:29 PM | * Cartomancie-- -- --Folder create
3/31/2026 5:32:29 PM | * Cartomancie/Tarots-- -- --Folder create
3/31/2026 5:32:29 PM | * Cartomancie/Belline-- -- --Folder create
3/31/2026 5:32:29 PM | * Cartomancie/32-cartes-- -- --Folder create
3/31/2026 5:32:29 PM | * Cartomancie/32-cartes/Trefle-- -- --Folder create
3/31/2026 5:32:29 PM | * Cartomancie/32-cartes/Pique-- -- --Folder create
3/31/2026 5:32:29 PM | * Cartomancie/32-cartes/Coeur-- -- --Folder create
3/31/2026 5:32:29 PM | * Cartomancie/32-cartes/Carreau-- -- --Folder create
3/31/2026 5:32:29 PM | * Admin-- -- --Folder create
3/31/2026 5:32:29 PM | * Admin/sounds-- -- --Folder create
3/31/2026 5:32:29 PM | * Backup-- -- --Folder create
3/31/2026 5:32:29 PM | * Templates-- -- --Folder create
3/31/2026 5:32:29 PM | * Backup/.htaccess-- -- --33
3/31/2026 5:32:29 PM | * .htaccess-- -- --0
3/31/2026 5:32:29 PM | * Admin/status.css-- -- --0
3/31/2026 5:32:29 PM | * Planetes/Accueil(var).js-- -- --171
3/31/2026 5:32:29 PM | * Planetes/Accueil.css-- -- --3106
3/31/2026 5:32:29 PM | * Backup/Planetes/Accueil.dat-- -- --814120
3/31/2026 5:32:29 PM | * Planetes/Accueil.php-- -- --40589
3/31/2026 5:32:29 PM | * Tchat/errors.txt-- -- --0
3/31/2026 5:32:29 PM | * sitemap.xml-- -- --27422
3/31/2026 5:32:29 PM | * robots.txt-- -- --39
3/31/2026 5:32:29 PM | * Backup/Belline net.ope-- -- --3598
3/31/2026 5:32:31 PM | 
3/31/2026 5:32:31 PM | 
--------------------------------Phase 1 Terminé--------------------------------
3/31/2026 5:32:31 PM | 

3/31/2026 5:53:33 PM | Debut Mise en ligne différentielle (Site):
3/31/2026 5:53:34 PM | Listing terminé :
3/31/2026 5:53:34 PM | 

3/31/2026 5:53:34 PM | * Tchat-- -- --Folder create
3/31/2026 5:53:34 PM | * Tchat/widgets-- -- --Folder create
3/31/2026 5:53:34 PM | * Tchat/templates-- -- --Folder create
3/31/2026 5:53:34 PM | * Tchat/stickers-- -- --Folder create
3/31/2026 5:53:34 PM | * Tchat/stickers/Stickers-- -- --Folder create
3/31/2026 5:53:34 PM | * Tchat/stickers/Deutsch-- -- --Folder create
3/31/2026 5:53:34 PM | * Tchat/splash-- -- --Folder create
3/31/2026 5:53:34 PM | * Tchat/lang-- -- --Folder create
3/31/2026 5:53:34 PM | * Tchat/install-- -- --Folder create
3/31/2026 5:53:34 PM | * Tchat/incl-- -- --Folder create
3/31/2026 5:53:34 PM | * Tchat/img-- -- --Folder create
3/31/2026 5:53:34 PM | * Tchat/backgrounds-- -- --Folder create
3/31/2026 5:53:34 PM | * Tchat/avatars-- -- --Folder create
3/31/2026 5:53:34 PM | * Tchat/attachments-- -- --Folder create
3/31/2026 5:53:34 PM | * Tchat/app-- -- --Folder create
3/31/2026 5:53:34 PM | * Tchat/admin-- -- --Folder create
3/31/2026 5:53:34 PM | * Tchat/admin/font-- -- --Folder create
3/31/2026 5:53:34 PM | * Planetes-- -- --Folder create
3/31/2026 5:53:34 PM | * Partenaires-- -- --Folder create
3/31/2026 5:53:34 PM | * Paiement-- -- --Folder create
3/31/2026 5:53:34 PM | * Online-- -- --Folder create
3/31/2026 5:53:34 PM | * Online/Templates-- -- --Folder create
3/31/2026 5:53:34 PM | * Methodes-- -- --Folder create
3/31/2026 5:53:34 PM | * Mail-- -- --Folder create
3/31/2026 5:53:34 PM | * Magie-- -- --Folder create
3/31/2026 5:53:34 PM | * Gratuite-- -- --Folder create
3/31/2026 5:53:34 PM | * Dons-- -- --Folder create
3/31/2026 5:53:34 PM | * Domicile-- -- --Folder create
3/31/2026 5:53:34 PM | * Coaching-- -- --Folder create
3/31/2026 5:53:34 PM | * Chat-- -- --Folder create
3/31/2026 5:53:34 PM | * CGU-- -- --Folder create
3/31/2026 5:53:34 PM | * Cartomancie-- -- --Folder create
3/31/2026 5:53:34 PM | * Cartomancie/Tarots-- -- --Folder create
3/31/2026 5:53:34 PM | * Cartomancie/Belline-- -- --Folder create
3/31/2026 5:53:34 PM | * Cartomancie/32-cartes-- -- --Folder create
3/31/2026 5:53:34 PM | * Cartomancie/32-cartes/Trefle-- -- --Folder create
3/31/2026 5:53:34 PM | * Cartomancie/32-cartes/Pique-- -- --Folder create
3/31/2026 5:53:34 PM | * Cartomancie/32-cartes/Coeur-- -- --Folder create
3/31/2026 5:53:34 PM | * Cartomancie/32-cartes/Carreau-- -- --Folder create
3/31/2026 5:53:34 PM | * Admin-- -- --Folder create
3/31/2026 5:53:34 PM | * Admin/sounds-- -- --Folder create
3/31/2026 5:53:34 PM | * Backup-- -- --Folder create
3/31/2026 5:53:34 PM | * Templates-- -- --Folder create
3/31/2026 5:53:34 PM | * Backup/.htaccess-- -- --33
3/31/2026 5:53:34 PM | * .htaccess-- -- --0
3/31/2026 5:53:34 PM | * Admin/status.css-- -- --0
3/31/2026 5:53:34 PM | * Tchat/errors.txt-- -- --0
3/31/2026 5:53:34 PM | * index(var).js-- -- --171
3/31/2026 5:53:34 PM | * index.css-- -- --1265
3/31/2026 5:53:34 PM | * Backup/index.dat-- -- --310406
3/31/2026 5:53:34 PM | * index.php-- -- --38138
3/31/2026 5:53:34 PM | * sitemap.xml-- -- --27422
3/31/2026 5:53:34 PM | * robots.txt-- -- --39
3/31/2026 5:53:34 PM | * Backup/Belline net.ope-- -- --3598
3/31/2026 5:53:35 PM | 
3/31/2026 5:53:35 PM | 
--------------------------------Phase 1 Terminé--------------------------------
3/31/2026 5:53:35 PM | 

